number,values_0,values_1,params_delta_deg,params_gamma,params_lambda1,params_lambda2,params_lambda3,params_lambda4,state
0,0.0717,0.4566387887624206,4.865275576798517,2.068129262699274,0.013838605241580204,10.13342944592238,0.0247605531247782,1.4411310191528362e-14,COMPLETE
1,0.06875,0.302489790514708,6.9723083356448035,7.17211618019438,0.020393106282222583,0.002042036494987143,0.01040475471417699,2.577192200796009e-07,COMPLETE
2,0.04545,0.39714623128999055,5.686980021608849,2.5118580794078285,1.9562826277387932,3.858204027730059,59.2437895529571,2.1811143402963018e-10,COMPLETE
3,0.0507,0.06847137796105499,1.7387701998600082,1.5146155007856774,7.909260063592464,11.041415880742008,0.0102563780405892,4.1847497619207025e-05,COMPLETE
4,0.08355,0.31384586416055466,5.311584325799216,7.7810916339596,122.89461118334582,1.7010530376608834,0.011164497812863232,1.46355092508407e-09,COMPLETE
5,0.1044,0.6469620366352983,2.9625252062896905,7.089131202151849,5457.162941500747,0.3714179992992042,64.65197685190385,7.193768872281646e-06,COMPLETE
6,0.04465,0.29600492747498763,4.797597292147365,1.7519510271087413,1.8442663426239594,5.054984284069897,76.57127726580364,1.6894010759859846e-13,COMPLETE
7,0.07525,0.14406139829784173,6.943625321882633,1.278900300298122,0.27330711513507566,0.04789428503857981,0.8905073895997795,0.00011992136178214795,COMPLETE
8,0.077,0.1541528151459843,5.420095072840656,1.559890411544008,6.309621892159185,0.34183577171993124,1.3182212929843344,0.003979596728292387,COMPLETE
9,0.08755,0.4983485623816058,0.3755559762776226,9.321985708640046,199.3421825312387,0.020030895601175654,0.0865894314002392,2.4587778031103135e-13,COMPLETE
10,0.07805,0.1087613296255718,3.648784836030647,1.2040091754117725,3.485140712945967,0.026259923360087825,2.3867180847560436,0.004310144407388657,COMPLETE
11,0.0512,0.3442486863152575,6.485051657135356,1.466936536214113,0.33899932252483383,0.5218478141839406,0.03019843517815248,6.84161446778786e-11,COMPLETE
12,0.0705,0.26703561918434204,4.017358842836631,2.2954584706321235,29.972009288600017,0.48931201159270643,0.0946298025542308,3.3314287935856114e-05,COMPLETE
13,0.072,0.32394847314029757,3.7495801020287662,4.262624711237246,0.13781443311961294,2.707949194150179,39.021945707621946,0.00013070558581836393,COMPLETE
14,0.05745,0.24116838720364758,2.126414566817717,1.2514228997847865,39.237613443017324,8.680295911464182,11.19024988081793,1.959834981353754e-06,COMPLETE
15,0.05635,0.31783771155764245,5.07985354852306,1.5455685639813577,1.9377994539588752,53.06163757643024,0.07549604599441283,4.443488697213951e-11,COMPLETE
16,0.0541,0.32643186927934226,3.8100689522949174,1.6585808018704573,0.6692662370797108,0.012367602403591714,46.83459773148538,8.404943762538142e-14,COMPLETE
17,0.05095,0.34649018316927416,3.518596375525721,2.5033277105189193,0.5606287050152496,0.054361423084864746,7.146903739304916,1.2038654211851023e-08,COMPLETE
18,0.051,0.34483348743368436,3.685860265729417,2.3627009950877245,0.8252494595473547,107.59872434463156,99.91758933651535,4.992838720342651e-13,COMPLETE
19,0.05355,0.39643329923316617,3.999286460242423,2.8036597183497527,0.014163043718649002,0.17740617781052795,12.491315660805293,6.338054654029837e-09,COMPLETE
20,0.07625,0.32472254311282106,1.3912626618467459,4.858983659361449,151.8245163187236,508.77693357446805,6.615790753010882,0.0017701480876021088,COMPLETE
21,0.07445,0.5237163401883369,4.958426658725357,3.3801923275388828,72.91096237472114,186.9306125540257,3.6008094906658137,0.00014186250895628115,COMPLETE
22,0.0716,0.4452395099064289,4.747987875347927,8.377992360274892,0.5276488664600528,1.3678245686806079,3.5939645009982053,4.993711499050975e-05,COMPLETE
23,0.0735,0.12648608624556443,2.9426164753918824,1.09673513268978,687.6639452288613,0.9057350711055674,0.014984805515844538,0.00014553753353913117,COMPLETE
24,0.0498,0.34647783641736296,4.3548083271808515,2.0117238004086353,1.0946066447217027,0.12480776742786713,34.574222073764446,8.720647859508846e-11,COMPLETE
25,0.06485,0.4901053543720888,3.4651180931236705,1.6279687987777078,1017.2965276733869,0.3710234766141632,80.46577679760097,9.152354487403374e-07,COMPLETE
26,0.06275,0.6514212949398405,2.8467952672042545,8.359124144204223,0.4634053899763641,51.0531204742495,4.230818933588808,1.5335060532903536e-12,COMPLETE
27,0.06375,0.13149751353990796,0.1947944142378285,2.482394522313402,0.7079986141062067,65.91421242394496,0.9620461422018579,0.0012839766076016652,COMPLETE
28,0.08965,0.2960461034706027,0.9010074297085696,5.751620494688234,3090.9457533461396,0.6111346680536379,14.732118064935978,3.20468331270818e-05,COMPLETE
29,0.07315,0.45321611043673427,2.6687924132954657,2.2170817359027377,293.8273741494749,102.84439648215638,3.017106373964752,1.5085857231899863e-09,COMPLETE
30,0.0575,0.25608833623740473,1.5602159468946362,1.3824617195227717,41.361791404529214,311.1197935347732,0.1021730407230798,3.395110443495493e-10,COMPLETE
31,0.06475,0.1520157598138197,6.826372546946507,1.4126244950079354,4065.565351371151,621.7339960336561,0.9475657171717935,4.699357169054941e-09,COMPLETE
32,0.08695,0.42813325263198176,0.33942405479698123,5.92917196696572,12.739498094250044,0.021875706805845035,94.45626116932038,2.3002810148120466e-10,COMPLETE
33,0.08365,0.11943469323304622,6.470423046951359,7.443205312710846,0.24785703746151594,2.702427187446727,1.4287370935414545,0.0016225833366210391,COMPLETE
34,0.0665,0.5172390534190315,2.1366758659893685,2.839979984936102,6.544484254749669,243.12586844183596,2.500142582090174,1.1682701663189634e-13,COMPLETE
35,0.04955,0.32071410516197685,6.103623020551158,1.783805364054492,0.21068030120772424,0.08777741099799043,0.06896807247569771,2.2704812826588045e-12,COMPLETE
36,0.087,0.187819942896662,1.252327801794568,3.478968782514188,0.016405065894179532,11.548652402147162,0.7237368128964476,0.00082199151277677,COMPLETE
37,0.07915,0.31774466961834036,0.7680239820541722,1.5675940034569393,0.1650525774177293,806.53165357863,27.61314104606813,7.010817268715666e-05,COMPLETE
38,0.0562,0.3795101393222473,6.913660803340553,2.3695902809361096,0.19956023567932574,0.012773457447228288,38.67045509181313,3.2408239014163186e-13,COMPLETE
39,0.05105,0.20572410836531052,3.0455122299916,1.0726049388472807,9.434796325054796,0.12334057452230227,5.192615578479196,7.328180654629187e-13,COMPLETE
40,0.0837,0.6062538978139551,4.335111916469993,3.1788912454430323,2661.553121751245,1.2594502646806938,17.543999742650467,7.242135537625552e-11,COMPLETE
41,0.0899,0.12058173239208245,3.3492365059991345,1.8868221633018412,0.25628953885349776,0.0037016656790458263,0.017786989585291305,5.065992845683159e-06,COMPLETE
42,0.0714,0.20164837481874656,1.3750094264264225,1.0740453559242513,0.11101388522541986,0.007421005752551859,0.03741415666917797,8.003609205668878e-09,COMPLETE
43,0.08715,0.4518569248611073,0.9583681805164558,7.6843271894426985,0.0882950782693149,0.92233944713565,59.260126040952414,3.6057515992246936e-12,COMPLETE
44,0.0727,0.28180775877108427,0.17268918965161995,2.959630528167789,0.04711742061471544,0.0032397774581608943,0.11885490299491105,1.2586782391077344e-08,COMPLETE
45,0.0614,0.3804368573638213,5.308576019746599,2.248576862692557,18.131739826917116,0.4989850848564539,41.972091817911355,1.479043698711184e-11,COMPLETE
46,0.0624,0.09469582919905839,6.794892149655003,1.2378658365484385,0.857149117237418,3.390401731039495,0.1624781950905401,0.000410556742491746,COMPLETE
47,0.06875,0.47330276863252346,5.772100366242379,3.2243370920705345,62.43778013936985,11.739481102126906,3.616911213787438,1.1993391736258183e-07,COMPLETE
48,0.0667,0.27365198942634394,5.720174263997889,3.124044679655519,430.1723517706057,38.169107570273646,1.1918137946358598,0.0005591468606024808,COMPLETE
49,0.0917,0.55046120029273,0.4481830202136664,3.704293036164666,234.1759843067098,0.7088896216016938,0.028478668882310734,7.286044737608009e-14,COMPLETE
50,0.07525,0.675598392487916,3.046425174476959,8.528259812725711,0.06483803734091015,4.703038707832875,0.027371668774221813,2.450464818207948e-13,COMPLETE
51,0.041,0.22838870921625704,2.056316300425298,1.4234508712843703,0.019607071158490193,0.08461218904615202,1.4298640803911997,1.9043961097477443e-12,COMPLETE
52,0.0489,0.44662625507022347,3.7523591558107,2.2991799521485987,0.016767417635497637,110.16646134717259,2.606433764399818,1.7411112824373338e-14,COMPLETE
53,0.06,0.45151961126102924,5.826108180232255,3.812714163562798,0.18468504546596953,18.78996109757449,67.49308648755478,1.621364679176634e-08,COMPLETE
54,0.08235,0.1557890317821607,6.265193910099987,2.9739095903883492,3.2182245813333146,0.002129534924493161,0.8723677219983216,5.061876736904231e-05,COMPLETE
55,0.0831,0.13888129379584088,5.602304976898302,1.9152614113385427,34.84668501217958,0.0032415559561679587,0.1882745248925944,0.00025257083623944653,COMPLETE
56,0.0745,0.6539398239961509,4.0288453445846075,8.478177965520532,1135.382901382982,42.70120256972856,3.169321911008551,6.65310312829754e-10,COMPLETE
57,0.0612,0.05753649497661445,0.5063399433579743,1.2695753192851997,52.36831247427109,1.7697856600899273,0.012026165201382855,0.0001622305252454136,COMPLETE
58,0.0801,0.7216672345781882,5.719667260978259,6.875144787901625,208.22607295194175,0.1013397086496358,0.01777158201797886,3.787929895519139e-07,COMPLETE
59,0.06645,0.10126896704951305,4.518466275032232,2.49884558911187,4.132489577574883,0.38615709564740774,0.06783831483310307,0.0021075211719479765,COMPLETE
60,0.0955,0.4496988602120825,3.633353179534705,7.96562187012117,98.52806040508558,0.01563257749900532,18.26446872949811,1.1552104531007875e-06,COMPLETE
61,0.0803,0.5724183297526516,5.153252078210358,1.9357655248265,47.980660893128146,0.03917245689918758,0.05443353909037391,1.2095801176789854e-08,COMPLETE
62,0.089,0.40181485218041274,1.838696465707468,1.9948459181260763,1.7354775389945025,0.0013651437628319377,0.6379139708716574,2.0985840686198957e-10,COMPLETE
63,0.0962,0.5817418143951801,5.517510356123355,8.499879978230554,3.425315750097962,427.6569169998095,3.3277545391548413,1.3193301169056947e-09,COMPLETE
64,0.06965,0.3766763750123842,6.607480695539774,2.1162570949421986,2089.9479281685244,70.29787676452851,19.255128356552483,1.8634184378207385e-12,COMPLETE
65,0.07495,0.20600663599818791,6.565598861860442,6.466003773039777,99.87210090317613,6.560437321593513,0.04640000916234496,4.60436577856132e-05,COMPLETE
66,0.0932,0.11929440782180045,5.668778433186425,2.5655554837238235,2.4644160844515395,2.2114275739345297,6.897706836053831,0.0016463878135594917,COMPLETE
67,0.06565,0.13106628351684144,0.5739350022269911,1.2561404555212872,0.020242445118125636,0.009397597333600731,97.90317816252079,1.5291368922935013e-07,COMPLETE
68,0.06005,0.5695269510584788,5.795700438441241,3.5815746147809353,0.5876211069794411,0.0018443879579857288,20.354337917403317,2.9701233594309776e-13,COMPLETE
69,0.07675,0.45963624938250985,2.26326540740811,2.3060403333942627,0.011978017688293503,519.663252979791,7.942806994361968,1.972908233938584e-06,COMPLETE
70,0.07635,0.26281914947452,4.789416836315397,6.902113493998177,0.09898959994666723,314.3086903066831,1.3421801423904562,0.0006673330999898967,COMPLETE
71,0.03485,0.052368821138875775,1.944491500929412,1.4158855092326221,38.62374046049556,60.9799412807221,0.03132633725766926,0.00012276926073447538,COMPLETE
72,0.08945,0.09101851664599016,4.000283887299467,4.3251702540042425,0.01944470694604131,5.215406916198433,0.217543815862813,0.003067632717154559,COMPLETE
73,0.1034,0.6550763925284777,6.201748848941063,4.379338834235712,7520.25114781372,0.00564697493728511,0.1199582174697197,5.048529700932676e-13,COMPLETE
74,0.0858,0.11795637858476275,2.54822336445131,4.223808057954392,3643.8179232517887,0.3299509137902487,19.270973861650734,0.0007274958770863528,COMPLETE
75,0.0804,0.6288994088163112,4.380097766484368,4.263352009040283,5.2456162701390046,0.0025567050491763763,0.022410480632068453,5.492820616754559e-08,COMPLETE
76,0.07265,0.15814649136100678,7.129904066808173,7.634274696868772,0.12946332257823562,0.005668703277219061,3.0434266479702474,0.005410756747567954,COMPLETE
77,0.04995,0.20247639615877003,2.566070026723285,1.000038594092932,0.2719067041472141,1.445544328193187,0.21742538337508435,1.8720967620512166e-13,COMPLETE
78,0.087,0.11648215142693616,3.5421866654375322,4.699209039895299,81.4421830558505,0.19624193100642798,97.30913065650628,0.0006171279037800276,COMPLETE
79,0.0664,0.5026145714732034,3.7523591558107,2.5667299278096025,0.016767417635497637,110.16646134717259,2.606433764399818,9.152354487403374e-07,COMPLETE
80,0.0948,0.7825654327248736,6.943625321882633,5.751620494688234,3090.9457533461396,0.004569612957571183,14.732118064935978,3.0092675819548274e-09,COMPLETE
81,0.06045,0.08988514185850478,6.943625321882633,1.278900300298122,0.27330711513507566,326.86510637744203,0.8905073895997795,0.0018760557069445595,COMPLETE
82,0.0818,0.5529217025119837,5.720174263997889,9.803171767146052,3.5791928574770338,0.12480776742786713,1.1918137946358598,8.720647859508846e-11,COMPLETE
83,0.05875,0.3986404985937536,4.335111916469993,2.5033277105189193,0.5606287050152496,0.054361423084864746,7.146903739304916,7.242135537625552e-11,COMPLETE
84,0.06,0.4264162628618724,0.33942405479698123,5.92917196696572,0.016767417635497637,0.021875706805845035,2.606433764399818,1.7411112824373338e-14,COMPLETE
85,0.04955,0.34693614327179045,5.07985354852306,1.5455685639813577,62.43778013936985,53.06163757643024,0.07549604599441283,4.443488697213951e-11,COMPLETE
86,0.0822,0.6519896415736574,2.9625252062896905,7.089131202151849,0.019607071158490193,0.08461218904615202,0.012982440548270658,1.9043961097477443e-12,COMPLETE
87,0.0656,0.45547877972124395,4.335111916469993,3.1788912454430323,2.824815337292512,0.026029536794764555,16.269208720623464,1.6894010759859846e-13,COMPLETE
88,0.09115,0.4239414462378987,2.9625252062896905,1.0726049388472807,5457.162941500747,0.12334057452230227,15.678149406276319,7.328180654629187e-13,COMPLETE
89,0.04365,0.17452372632203458,3.0455122299916,1.0726049388472807,0.07261268023359602,0.021875706805845035,5.192615578479196,7.328180654629187e-13,COMPLETE
90,0.06065,0.3969783095401827,3.685860265729417,1.466936536214113,0.8252494595473547,5.871965962372736,0.03019843517815248,4.992838720342651e-13,COMPLETE
91,0.0555,0.3459618630733166,5.308576019746599,2.248576862692557,18.131739826917116,18.78996109757449,41.972091817911355,1.621364679176634e-08,COMPLETE
92,0.08875,0.4741745425230957,0.3755559762776226,9.321985708640046,0.15199010935250473,0.020030895601175654,1.4287370935414545,2.4587778031103135e-13,COMPLETE
93,0.07175,0.27885130735716723,0.17268918965161995,2.4653829205652547,0.04711742061471544,0.1974548021813248,0.2132678640353649,1.2586782391077344e-08,COMPLETE
94,0.06865,0.30061904472192813,4.3548083271808515,2.0117238004086353,1.0946066447217027,0.12480776742786713,34.574222073764446,3.387170901281899e-08,COMPLETE
95,0.09905,0.5905097230518871,3.7523591558107,9.47835620413639,5.079487279112919,0.021875706805845035,94.45626116932038,2.3002810148120466e-10,COMPLETE
96,0.08205,0.6082428141059487,2.7981132955920227,6.875144787901625,29.972009288600017,0.48931201159270643,0.01777158201797886,3.787929895519139e-07,COMPLETE
97,0.0856,0.3078656653704929,0.7680239820541722,1.5675940034569393,0.015151099660768339,806.53165357863,27.61314104606813,8.003609205668878e-09,COMPLETE
98,0.0974,0.5584408492509653,1.9982934096746654,8.359124144204223,199.3421825312387,51.0531204742495,0.0865894314002392,1.4322944010821963e-08,COMPLETE
99,0.04285,0.2092169936704233,5.772100366242379,1.0740453559242513,62.43778013936985,11.739481102126906,3.616911213787438,1.1993391736258183e-07,COMPLETE
100,0.0684,0.4591972362380113,5.826108180232255,3.812714163562798,0.18468504546596953,52.53348631792806,67.49308648755478,2.5990352100160697e-05,COMPLETE
101,0.0746,0.5100410230654635,3.518596375525721,2.5033277105189193,0.5606287050152496,110.16646134717259,2.606433764399818,1.8431204815790718e-06,COMPLETE
102,0.0762,0.42823059801361524,3.046425174476959,3.2243370920705345,62.43778013936985,4.703038707832875,3.616911213787438,1.1993391736258183e-07,COMPLETE
103,0.0619,0.33782233938011486,3.7523591558107,2.0117238004086353,1.0946066447217027,110.16646134717259,34.574222073764446,1.7411112824373338e-14,COMPLETE
104,0.05145,0.43199622019773115,6.103623020551158,2.839979984936102,0.21068030120772424,0.08777741099799043,0.06896807247569771,1.1682701663189634e-13,COMPLETE
105,0.05955,0.25374884823974175,1.7387701998600082,1.5146155007856774,0.6692662370797108,0.23753412400993776,46.83459773148538,8.404943762538142e-14,COMPLETE
106,0.099,0.6921465380897335,5.719667260978259,6.875144787901625,208.22607295194175,0.1013397086496358,0.01777158201797886,3.787929895519139e-07,COMPLETE
107,0.0463,0.28261446345116853,5.826108180232255,1.7519510271087413,1.8442663426239594,5.054984284069897,76.57127726580364,1.621364679176634e-08,COMPLETE
108,0.0675,0.6072487928736354,4.958426658725357,3.3801923275388828,104.61067826393281,0.3710234766141632,80.46577679760097,3.649569116806477e-06,COMPLETE
109,0.07685,0.2323773895780882,2.9625252062896905,4.77140422604705,199.3421825312387,0.020030895601175654,65.29593691398921,7.193768872281646e-06,COMPLETE
110,0.08145,0.5047912239464967,5.420095072840656,1.5118264221365771,6.309621892159185,0.0030057614541025594,1.3182212929843344,1.2038654211851023e-08,COMPLETE
111,0.0636,0.2300673296485189,0.3755559762776226,1.09673513268978,199.3421825312387,0.020030895601175654,0.0865894314002392,2.4587778031103135e-13,COMPLETE
112,0.08705,0.15806184104745977,5.720174263997889,3.124044679655519,430.1723517706057,0.00826708800494452,1.1918137946358598,0.0005591468606024808,COMPLETE
113,0.03855,0.277536548116632,6.485051657135356,1.4234508712843703,0.33899932252483383,0.5218478141839406,1.4298640803911997,6.84161446778786e-11,COMPLETE
114,0.0668,0.3803053842135686,3.8100689522949174,1.8827496343632901,1.8442663426239594,0.012367602403591714,46.83459773148538,8.404943762538142e-14,COMPLETE
115,0.08115,0.6338967397756885,5.171503332724998,7.17211618019438,48.82299940456844,110.16646134717259,2.606433764399818,6.285133845011153e-08,COMPLETE
116,0.074,0.13804813042172956,0.42362663409879886,3.124044679655519,430.1723517706057,38.169107570273646,1.1918137946358598,0.0028759240278739104,COMPLETE
117,0.0464,0.20066678335130986,3.0455122299916,1.0726049388472807,0.1650525774177293,0.9623849890232574,5.192615578479196,7.859644999737183e-10,COMPLETE
118,0.0762,0.5019414172140674,5.772100366242379,3.2243370920705345,228.33319982424072,11.739481102126906,3.616911213787438,1.5335060532903536e-12,COMPLETE
119,0.0697,0.39732584722909864,2.6687924132954657,2.2170817359027377,293.8273741494749,26.74882813359584,3.017106373964752,1.5085857231899863e-09,COMPLETE
120,0.0582,0.5169704111907995,3.999286460242423,2.8036597183497527,0.019607071158490193,55.29124057933768,1.4298640803911997,6.338054654029837e-09,COMPLETE
121,0.05945,0.3942408728065805,6.485051657135356,2.3695902809361096,0.018773525753257667,0.012773457447228288,0.03019843517815248,3.2408239014163186e-13,COMPLETE
122,0.0819,0.1419880107368791,6.943625321882633,1.278900300298122,3.2182245813333146,0.04789428503857981,0.8905073895997795,5.061876736904231e-05,COMPLETE
123,0.0513,0.4019368247772894,7.051402036894628,2.8036597183497527,0.014163043718649002,0.17740617781052795,12.491315660805293,6.338054654029837e-09,COMPLETE
124,0.05925,0.32716183230093354,4.3548083271808515,2.0117238004086353,0.04837604790572567,0.12480776742786713,34.574222073764446,8.720647859508846e-11,COMPLETE
125,0.069,0.39006910542046586,6.913660803340553,2.3695902809361096,0.19956023567932574,0.5218478141839406,0.03019843517815248,5.154185106469425e-06,COMPLETE
126,0.0725,0.5034428890804518,1.3912626618467459,2.5033277105189193,0.5606287050152496,508.77693357446805,6.615790753010882,1.2038654211851023e-08,COMPLETE
127,0.05855,0.3842444853153069,5.686980021608849,2.5118580794078285,1.0946066447217027,0.12480776742786713,59.2437895529571,8.720647859508846e-11,COMPLETE
128,0.05625,0.36950280933677687,5.686980021608849,2.5118580794078285,0.5606287050152496,0.5785583616865927,59.2437895529571,1.2038654211851023e-08,COMPLETE
129,0.05845,0.5303379793595479,5.07985354852306,5.412074081249687,1.9377994539588752,107.59872434463156,0.07549604599441283,4.443488697213951e-11,COMPLETE
130,0.1215,0.7558447846601201,2.9818440259424124,7.7810916339596,122.89461118334582,0.0031908865058218267,0.011164497812863232,1.46355092508407e-09,COMPLETE
131,0.09925,0.5890091451048106,1.7387701998600082,8.528259812725711,0.06483803734091015,4.703038707832875,0.0102563780405892,2.450464818207948e-13,COMPLETE
132,0.10745,0.28762103631618535,0.9010074297085696,5.751620494688234,3090.9457533461396,0.6111346680536379,14.732118064935978,3.20468331270818e-05,COMPLETE
133,0.0791,0.5472116026824397,4.335111916469993,7.17211618019438,0.020393106282222583,1.2594502646806938,17.543999742650467,2.577192200796009e-07,COMPLETE
134,0.07985,0.5518782569272334,3.685860265729417,8.359124144204223,0.4634053899763641,51.0531204742495,99.91758933651535,1.5335060532903536e-12,COMPLETE
135,0.064,0.43101668284359096,2.6687924132954657,2.2170817359027377,0.013180357347451611,2.06186869324418,0.0946298025542308,1.5085857231899863e-09,COMPLETE
136,0.06785,0.23524091287657276,3.7495801020287662,1.7519510271087413,0.13781443311961294,5.054984284069897,76.57127726580364,0.00013070558581836393,COMPLETE
137,0.06895,0.1402473717838387,4.797597292147365,1.6279687987777078,1017.2965276733869,5.054984284069897,0.09669535384395445,9.152354487403374e-07,COMPLETE
138,0.0793,0.1088907296255714,3.648784836030647,1.2040091754117725,3.485140712945967,0.026259923360087825,2.3867180847560436,0.004310144407388657,COMPLETE
139,0.09155,0.541893116457374,1.944228898049904,8.045383839335162,0.9778676866151991,51.0531204742495,0.027371668774221813,1.5335060532903536e-12,COMPLETE
140,0.0483,0.22985721249617236,5.393620482915155,1.0726049388472807,9.434796325054796,0.12334057452230227,2.500142582090174,7.328180654629187e-13,COMPLETE
141,0.0714,0.6751914882032071,2.912215431811724,8.359124144204223,0.020393106282222583,74.2333603186583,4.230818933588808,5.859062195891965e-11,COMPLETE
142,0.08145,0.4703648846923551,2.056316300425298,2.482394522313402,0.019607071158490193,65.91421242394496,0.9620461422018579,2.2439192870621904e-12,COMPLETE
143,0.08175,0.15399092446765256,2.9426164753918824,1.09673513268978,687.6639452288613,0.9057350711055674,58.07424735578379,0.00014553753353913117,COMPLETE
144,0.06145,0.19506180962336175,4.017358842836631,4.858983659361449,29.972009288600017,508.77693357446805,0.0946298025542308,3.3314287935856114e-05,COMPLETE
145,0.05185,0.2702961375696389,3.4651180931236705,1.6279687987777078,1.9562826277387932,3.858204027730059,80.46577679760097,3.5927407686743757e-10,COMPLETE
146,0.06475,0.3558813586247972,3.999286460242423,2.8036597183497527,0.014163043718649002,0.17740617781052795,17.543999742650467,7.242135537625552e-11,COMPLETE
147,0.0393,0.22517932940692006,4.3548083271808515,1.2514228997847865,1.0946066447217027,8.680295911464182,11.19024988081793,8.720647859508846e-11,COMPLETE
148,0.0866,0.7579254522262502,2.6687924132954657,6.875144787901625,208.22607295194175,0.1013397086496358,0.01777158201797886,1.5085857231899863e-09,COMPLETE
149,0.07965,0.5512429988340058,5.720174263997889,2.839979984936102,6.544484254749669,38.169107570273646,0.34020977960576515,1.1682701663189634e-13,COMPLETE
150,0.07235,0.42792263502574407,3.7495801020287662,4.262624711237246,0.13781443311961294,2.707949194150179,4.230818933588808,1.5335060532903536e-12,COMPLETE
151,0.0777,0.4764889968516428,4.447335255293876,3.573121465898823,7.909260063592464,11.041415880742008,0.0247605531247782,1.4411310191528362e-14,COMPLETE
152,0.08125,0.1680131907991846,4.747987875347927,6.875144787901625,0.5276488664600528,0.1013397086496358,3.5939645009982053,2.7015873546765303e-05,COMPLETE
153,0.0733,0.4004821259959404,3.0455122299916,1.6585808018704573,9.434796325054796,0.012367602403591714,46.83459773148538,8.404943762538142e-14,COMPLETE
154,0.1075,0.6302351866808712,6.9723083356448035,7.17211618019438,0.020393106282222583,51.0531204742495,4.230818933588808,1.411974617726117e-08,COMPLETE
155,0.08995,0.5293884852454483,2.8467952672042545,8.359124144204223,687.6639452288613,0.9057350711055674,0.014984805515844538,1.5335060532903536e-12,COMPLETE
156,0.0787,0.6375851160025356,3.7523591558107,9.128216802233714,3674.145967059104,110.16646134717259,41.972091817911355,9.179712089062891e-11,COMPLETE
157,0.0835,0.6000464140492655,4.335111916469993,2.993675852995717,2661.553121751245,1.2594502646806938,17.543999742650467,7.242135537625552e-11,COMPLETE
158,0.05695,0.343953660634229,6.103623020551158,2.2170817359027377,0.21068030120772424,0.08777741099799043,3.017106373964752,2.2704812826588045e-12,COMPLETE
159,0.06985,0.5343044465290014,6.103623020551158,2.839979984936102,0.21068030120772424,0.48931201159270643,0.01777158201797886,3.787929895519139e-07,COMPLETE
160,0.0872,0.15587006317697444,5.686980021608849,9.47835620413639,5.079487279112919,3.858204027730059,94.45626116932038,0.00436389155476098,COMPLETE
161,0.0874,0.47719181157025786,4.958426658725357,3.3801923275388828,104.61067826393281,0.3710234766141632,80.46577679760097,3.649569116806477e-06,COMPLETE
162,0.0813,0.42660407882879137,5.07985354852306,1.5455685639813577,62.43778013936985,0.08461218904615202,0.9347206111084184,1.9043961097477443e-12,COMPLETE
163,0.08055,0.5829341152939109,3.046425174476959,6.875144787901625,0.06483803734091015,4.703038707832875,0.01777158201797886,2.450464818207948e-13,COMPLETE
164,0.06735,0.5846047463723097,5.826108180232255,3.812714163562798,0.18468504546596953,1.5630282565660134,0.0247605531247782,1.4411310191528362e-14,COMPLETE
165,0.05975,0.3492555851699442,2.8467952672042545,1.4234508712843703,0.4634053899763641,51.0531204742495,1.4298640803911997,1.5335060532903536e-12,COMPLETE
166,0.07015,0.48979777955235504,3.7523591558107,2.2991799521485987,0.1408475566058648,110.16646134717259,2.606433764399818,2.657526446602934e-12,COMPLETE
167,0.05465,0.4259256113195057,3.999286460242423,3.3801923275388828,0.014163043718649002,0.17740617781052795,80.46577679760097,6.338054654029837e-09,COMPLETE
168,0.07085,0.5813147486883419,7.296565715563787,3.3801923275388828,0.6975592224319972,0.44649345881738217,0.01777158201797886,4.586639184907917e-09,COMPLETE
169,0.08945,0.48437647154893937,3.046425174476959,8.528259812725711,0.1654892103279253,4.703038707832875,80.46577679760097,2.450464818207948e-13,COMPLETE
170,0.07905,0.426878104089556,4.335111916469993,2.2991799521485987,2661.553121751245,1.2594502646806938,0.01997811648510369,1.7411112824373338e-14,COMPLETE
171,0.07465,0.5046642577478698,3.0455122299916,5.92917196696572,0.016767417635497637,0.22046767715170015,5.192615578479196,1.7411112824373338e-14,COMPLETE
172,0.08815,0.6016073545212411,5.670129929379272,9.47835620413639,2.027477946583343,0.021875706805845035,94.45626116932038,1.5335060532903536e-12,COMPLETE
173,0.0634,0.4595516073706028,3.999286460242423,2.8036597183497527,18.28211977792053,55.29124057933768,12.491315660805293,5.500558613611513e-12,COMPLETE
174,0.0666,0.52273335581095,6.103623020551158,2.839979984936102,106.9046891744982,0.3710234766141632,80.46577679760097,3.649569116806477e-06,COMPLETE
175,0.05635,0.2526165973999939,0.5320329100623764,1.7519510271087413,1.9562826277387932,5.054984284069897,76.57127726580364,1.621364679176634e-08,COMPLETE
176,0.059,0.4064384944732683,2.6687924132954657,2.2170817359027377,293.8273741494749,26.74882813359584,3.017106373964752,1.5085857231899863e-09,COMPLETE
177,0.05655,0.46535107249838537,3.7523591558107,2.5667299278096025,0.016767417635497637,110.16646134717259,2.606433764399818,9.152354487403374e-07,COMPLETE
178,0.0504,0.42369435632804153,7.051402036894628,2.8036597183497527,0.1784805460542277,0.17740617781052795,12.491315660805293,6.338054654029837e-09,COMPLETE
179,0.0887,0.6699629865638629,2.8467952672042545,8.359124144204223,0.4634053899763641,51.0531204742495,4.230818933588808,1.5085857231899863e-09,COMPLETE
180,0.08115,0.5770126440309236,3.685860265729417,8.359124144204223,0.8938568862221437,51.0531204742495,4.230818933588808,1.5335060532903536e-12,COMPLETE
181,0.0556,0.42964413341098817,7.051402036894628,3.1788912454430323,2.824815337292512,0.17740617781052795,12.491315660805293,6.338054654029837e-09,COMPLETE
182,0.10215,0.3905269319519301,0.6457278725599325,8.528259812725711,0.019607071158490193,21.155108702154106,0.027371668774221813,2.450464818207948e-13,COMPLETE
183,0.0779,0.3632525079089153,4.335111916469993,2.5033277105189193,72.91096237472114,186.9306125540257,0.8062588044936019,0.00014186250895628115,COMPLETE
184,0.0938,0.20718228944545894,4.958426658725357,3.3801923275388828,72.91096237472114,0.15936985885760482,3.6008094906658137,2.5990352100160697e-05,COMPLETE
185,0.06195,0.3490899605694055,4.3548083271808515,2.0117238004086353,0.06483803734091015,0.12480776742786713,0.027371668774221813,8.720647859508846e-11,COMPLETE
186,0.05545,0.441335033219411,7.256367224677574,3.3801923275388828,72.91096237472114,186.9306125540257,0.07549604599441283,8.424673547315899e-06,COMPLETE
187,0.0606,0.36156084957059165,3.999286460242423,2.8036597183497527,0.014163043718649002,0.17740617781052795,7.146903739304916,7.242135537625552e-11,COMPLETE
188,0.10125,0.4034295195849927,3.0455122299916,1.0726049388472807,208.22607295194175,0.0045079763163102015,0.01777158201797886,1.9280749166702782e-14,COMPLETE
189,0.05845,0.3790483547902401,6.913660803340553,2.3695902809361096,0.19956023567932574,0.012773457447228288,1.2938797824374084,6.149869538839331e-12,COMPLETE
190,0.09355,0.6953593516694717,3.7523591558107,9.47835620413639,23.082448543212173,0.021875706805845035,94.45626116932038,9.568348606324787e-10,COMPLETE
191,0.08325,0.5587039612374725,0.33942405479698123,5.92917196696572,44.945107670716055,0.48931201159270643,0.01777158201797886,1.7411112824373338e-14,COMPLETE
192,0.0989,0.5009649247617926,2.7981132955920227,6.875144787901625,29.972009288600017,0.48931201159270643,1.1996433362059566,3.787929895519139e-07,COMPLETE
193,0.06855,0.37671080015055847,4.865275576798517,2.068129262699274,2.824815337292512,0.026029536794764555,33.32605760517614,1.4411310191528362e-14,COMPLETE
194,0.0717,0.6713425147519898,4.958426658725357,8.359124144204223,0.4634053899763641,186.9306125540257,3.6008094906658137,3.0541645143911065e-11,COMPLETE
195,0.08335,0.5655825568815379,2.7981132955920227,6.875144787901625,0.013838605241580204,10.13342944592238,0.01777158201797886,1.4411310191528362e-14,COMPLETE
196,0.049,0.22990783885266106,3.685860265729417,1.3526137167003873,12.412723646412944,107.59872434463156,99.91758933651535,8.720647859508846e-11,COMPLETE
197,0.07485,0.48852616906978136,5.772100366242379,2.839979984936102,6.544484254749669,11.739481102126906,3.616911213787438,1.1993391736258183e-07,COMPLETE
198,0.07765,0.5595158013244722,7.2364563592383355,2.8036597183497527,0.016767417635497637,110.16646134717259,12.491315660805293,7.427831276526514e-11,COMPLETE
199,0.06045,0.596039130214638,4.335111916469993,3.1788912454430323,2661.553121751245,1.2594502646806938,17.543999742650467,7.242135537625552e-11,COMPLETE
200,0.03915,0.22570708198687117,3.0455122299916,1.0726049388472807,0.07261268023359602,51.0531204742495,5.192615578479196,3.940696606650611e-07,COMPLETE
201,0.0684,0.2028774641194601,3.0455122299916,1.0726049388472807,0.5606287050152496,0.021875706805845035,5.192615578479196,7.242135537625552e-11,COMPLETE
202,0.05955,0.4451765581273814,4.335111916469993,3.1788912454430323,0.018773525753257667,0.026029536794764555,0.03019843517815248,3.2408239014163186e-13,COMPLETE
203,0.069,0.47588127434161853,3.518596375525721,6.875144787901625,0.5606287050152496,0.054361423084864746,74.73662457050027,3.787929895519139e-07,COMPLETE
204,0.0576,0.38820992120654874,3.4651180931236705,2.839979984936102,6.544484254749669,0.3710234766141632,2.500142582090174,9.152354487403374e-07,COMPLETE
205,0.0834,0.6726161490962678,3.7523591558107,8.377992360274892,246.64943784978303,110.16646134717259,2.606433764399818,3.3647718492660773e-09,COMPLETE
206,0.062,0.47755986602585326,6.485051657135356,3.1788912454430323,2.824815337292512,0.026029536794764555,0.2903763919503425,3.2408239014163186e-13,COMPLETE
207,0.0865,0.6304848457987278,6.103623020551158,9.785048986113,0.21068030120772424,243.12586844183596,2.500142582090174,1.1682701663189634e-13,COMPLETE
208,0.04335,0.14964271885145242,0.33942405479698123,1.0726049388472807,0.07261268023359602,0.021875706805845035,2.606433764399818,1.7411112824373338e-14,COMPLETE
209,0.0926,0.6252532004262139,1.3319878966767853,3.3529580714029703,3090.9457533461396,0.17740617781052795,0.05322262452617632,3.0092675819548274e-09,COMPLETE
210,0.0597,0.3141524225357748,5.07985354852306,1.5455685639813577,0.5606287050152496,53.06163757643024,4.518258418186861,0.00012160366663236656,COMPLETE
211,0.0498,0.2561764705003215,6.4011931590226325,1.4234508712843703,0.019607071158490193,0.08461218904615202,0.08091161157592686,1.9043961097477443e-12,COMPLETE
212,0.10695,0.11752290269446473,5.826108180232255,7.089131202151849,5457.162941500747,52.53348631792806,0.4005182981564724,2.5990352100160697e-05,COMPLETE
213,0.05475,0.33577998313415375,5.308576019746599,2.248576862692557,0.019607071158490193,0.08461218904615202,1.4298640803911997,1.621364679176634e-08,COMPLETE
214,0.0752,0.5836099434469837,5.54242034102251,7.17211618019438,6.544484254749669,110.16646134717259,2.606433764399818,9.13345194423036e-14,COMPLETE
215,0.07025,0.34606215023009007,3.518596375525721,2.5118580794078285,0.5606287050152496,3.858204027730059,59.2437895529571,1.2038654211851023e-08,COMPLETE
216,0.12515,0.7357781851876789,6.943625321882633,5.751620494688234,3090.9457533461396,0.004569612957571183,14.732118064935978,3.0092675819548274e-09,COMPLETE
217,0.0943,0.1299221513982727,3.0455122299916,1.0726049388472807,0.07261268023359602,4.561083456143762,5.192615578479196,0.0004966438523726167,COMPLETE
218,0.08665,0.6102962079050117,3.999286460242423,3.2969857800735425,3090.9457533461396,0.004569612957571183,1.4298640803911997,3.0092675819548274e-09,COMPLETE
219,0.12355,0.6749318833274028,3.7523591558107,9.47835620413639,281.64128657418433,0.03739615519040103,16.269208720623464,1.6894010759859846e-13,COMPLETE
220,0.06945,0.42901044481568334,5.719667260978259,2.839979984936102,0.21068030120772424,0.08777741099799043,0.01777158201797886,3.787929895519139e-07,COMPLETE
221,0.06375,0.5251072913969816,3.685860265729417,2.3695902809361096,0.8252494595473547,1.4620182886427373,0.03019843517815248,3.2408239014163186e-13,COMPLETE
222,0.07525,0.6480870395389983,7.085147491474292,8.528259812725711,1.430600484378741,11.739481102126906,0.027371668774221813,1.1993391736258183e-07,COMPLETE
223,0.05725,0.3219462164109137,5.308576019746599,2.248576862692557,0.18468504546596953,18.78996109757449,41.972091817911355,1.621364679176634e-08,COMPLETE
224,0.07045,0.5931138269203435,3.685860265729417,7.089131202151849,0.2452495284457015,107.59872434463156,99.91758933651535,4.992838720342651e-13,COMPLETE
225,0.07445,0.49407290613520743,3.7523591558107,6.875144787901625,0.016767417635497637,0.48931201159270643,2.606433764399818,1.7411112824373338e-14,COMPLETE
226,0.06435,0.525224230821182,7.414477054144647,2.5033277105189193,0.8252494595473547,110.16646134717259,2.606433764399818,4.992838720342651e-13,COMPLETE
227,0.0688,0.2292969758667025,3.4651180931236705,1.6279687987777078,0.07261268023359602,0.021875706805845035,80.46577679760097,9.152354487403374e-07,COMPLETE
228,0.06695,0.3351450017163729,5.409326525021547,2.3695902809361096,0.018055026776223417,0.012773457447228288,67.49308648755478,4.8210357049122165e-08,COMPLETE
229,0.063,0.033882237669069226,6.485051657135356,7.317930284109103,0.018773525753257667,189.62648185772437,0.03019843517815248,0.0003344260170783723,COMPLETE
230,0.0752,0.11123936296553952,3.685860265729417,2.8036597183497527,0.8252494595473547,0.027386655932926097,99.91758933651535,8.2902735661416e-05,COMPLETE
231,0.051,0.47484136251528464,6.485051657135356,3.812714163562798,0.33899932252483383,18.78996109757449,67.49308648755478,1.621364679176634e-08,COMPLETE
232,0.06405,0.2027308568033531,5.308576019746599,2.248576862692557,0.33899932252483383,18.78996109757449,1.4298640803911997,0.00130330474858114,COMPLETE
233,0.0753,0.662273886873655,5.719667260978259,6.875144787901625,1.8442663426239594,0.1013397086496358,0.01777158201797886,1.6894010759859846e-13,COMPLETE
234,0.0732,0.6967031446850944,1.623431650957295,7.089131202151849,5457.162941500747,11.739481102126906,3.616911213787438,7.193768872281646e-06,COMPLETE
235,0.07025,0.48272964663881146,2.1366758659893685,2.839979984936102,72.91096237472114,186.9306125540257,2.500142582090174,0.00014186250895628115,COMPLETE
236,0.0908,0.5187536687968239,3.046425174476959,8.528259812725711,0.06483803734091015,4.703038707832875,91.41176769307565,2.450464818207948e-13,COMPLETE
237,0.07375,0.49087663583973773,5.772100366242379,3.2243370920705345,62.43778013936985,11.739481102126906,3.616911213787438,1.1993391736258183e-07,COMPLETE
238,0.0778,0.11549054972936819,4.335111916469993,8.359124144204223,0.018773525753257667,0.026029536794764555,0.03019843517815248,7.665459036861013e-05,COMPLETE
239,0.05745,0.3007181469421248,2.8467952672042545,1.7519510271087413,1.5882528891586152,5.054984284069897,76.57127726580364,1.621364679176634e-08,COMPLETE
240,0.07065,0.4480354738088452,2.1366758659893685,2.839979984936102,25.29577000977865,0.08777741099799043,0.06896807247569771,1.1682701663189634e-13,COMPLETE
241,0.0888,0.6519323646936029,6.103623020551158,7.089131202151849,0.019607071158490193,2.2887514855997866,0.01777158201797886,1.9043961097477443e-12,COMPLETE
242,0.05765,0.41027713702139507,5.826108180232255,2.839979984936102,6.544484254749669,5.054984284069897,2.500142582090174,5.059567440176759e-13,COMPLETE
243,0.09845,0.5037554926713438,3.518596375525721,6.875144787901625,0.5606287050152496,0.054361423084864746,74.73662457050027,3.0541645143911065e-11,COMPLETE
244,0.1051,0.32150144248972345,3.4651180931236705,1.4153320478697007,62.43778013936985,0.0036559390468526294,5.786339866481196,9.152354487403374e-07,COMPLETE
245,0.0877,0.45421495243922894,6.103623020551158,4.296417342668142,106.9046891744982,0.08461218904615202,0.012982440548270658,3.649569116806477e-06,COMPLETE
246,0.0793,0.5988205320433025,4.958426658725357,8.359124144204223,1.8442663426239594,5.054984284069897,3.6008094906658137,3.0541645143911065e-11,COMPLETE
247,0.07745,0.5238375908210098,7.296565715563787,4.171730866165767,34.47563119238723,0.44649345881738217,1.411501559263431,4.586639184907917e-09,COMPLETE
248,0.0584,0.43379834757096025,5.65001351511787,3.3801923275388828,0.6975592224319972,0.44649345881738217,1.4298640803911997,1.9043961097477443e-12,COMPLETE
249,0.05135,0.2981623425542272,5.772100366242379,1.0740453559242513,0.6975592224319972,0.44649345881738217,0.01777158201797886,7.513667103557625e-07,COMPLETE
250,0.05175,0.42420160974001164,4.335111916469993,3.1788912454430323,0.21068030120772424,0.026029536794764555,0.01777158201797886,3.2408239014163186e-13,COMPLETE
251,0.1047,0.154872204107173,3.7523591558107,3.3801923275388828,72.91096237472114,0.006586846529941996,0.07549604599441283,8.424673547315899e-06,COMPLETE
252,0.0683,0.33611847951000995,3.7523591558107,2.5667299278096025,2.824815337292512,0.17740617781052795,2.606433764399818,9.152354487403374e-07,COMPLETE
253,0.07725,0.641024211725341,4.474436554857003,6.875144787901625,0.029061853558708283,0.48931201159270643,0.01777158201797886,7.9674160157445e-10,COMPLETE
254,0.076,0.507090425579496,4.778835925726265,3.1788912454430323,104.61067826393281,0.3710234766141632,6.4416078247371935,3.649569116806477e-06,COMPLETE
255,0.06225,0.46827045530628714,2.8467952672042545,3.3452181017121294,0.4634053899763641,51.0531204742495,12.491315660805293,1.5335060532903536e-12,COMPLETE
256,0.0564,0.3093351227448767,6.0671250480208565,2.0117238004086353,1.0946066447217027,0.12480776742786713,34.574222073764446,8.720647859508846e-11,COMPLETE
257,0.0689,0.3494143332429028,5.386116529006287,1.7519510271087413,1.8442663426239594,0.021875706805845035,0.6880524666256416,9.568348606324787e-10,COMPLETE
258,0.0944,0.6905909191692109,4.958426658725357,8.359124144204223,0.4634053899763641,186.9306125540257,3.6008094906658137,3.0541645143911065e-11,COMPLETE
259,0.0684,0.5682430156574703,3.3285479357354877,6.0196653982081365,1.7669126752088802,0.17740617781052795,80.46577679760097,6.338054654029837e-09,COMPLETE
260,0.057,0.45364995042191986,3.7523591558107,2.5667299278096025,0.016767417635497637,110.16646134717259,12.491315660805293,9.152354487403374e-07,COMPLETE
261,0.0792,0.497939233495161,3.999286460242423,2.8036597183497527,106.9046891744982,0.3710234766141632,80.46577679760097,6.338054654029837e-09,COMPLETE
262,0.0548,0.42777288999001656,6.485051657135356,2.8036597183497527,0.1784805460542277,0.5218478141839406,1.4298640803911997,6.338054654029837e-09,COMPLETE
263,0.05445,0.43252251935886527,6.103623020551158,2.5033277105189193,0.5606287050152496,0.08777741099799043,3.301927932486402,2.2704812826588045e-12,COMPLETE
264,0.07215,0.6637128000253435,3.046425174476959,6.875144787901625,1119.1871047645736,4.703038707832875,2.606433764399818,9.152354487403374e-07,COMPLETE
265,0.09085,0.4395075096785823,0.2989330997301391,2.839979984936102,1071.4090559130627,243.12586844183596,2.500142582090174,1.1682701663189634e-13,COMPLETE
266,0.0775,0.6645032323208742,6.103623020551158,6.875144787901625,0.06483803734091015,4.703038707832875,0.030132911462572354,1.8862199994147838e-14,COMPLETE
267,0.0765,0.12235042618419444,3.999286460242423,3.3801923275388828,208.22607295194175,0.17740617781052795,80.46577679760097,0.008516254597050103,COMPLETE
268,0.0688,0.7208453768918127,7.296565715563787,6.641926976422129,0.6975592224319972,0.12480776742786713,0.01777158201797886,8.720647859508846e-11,COMPLETE
269,0.0462,0.19431258652740507,5.772100366242379,1.0740453559242513,0.018773525753257667,0.026029536794764555,7.132692856133669,1.5163537225735758e-13,COMPLETE
270,0.07365,0.34029895117172365,3.6420664561138496,2.839979984936102,0.33899932252483383,0.5218478141839406,80.46577679760097,1.8630619205051903e-06,COMPLETE
271,0.05235,0.3561681193997632,7.051402036894628,2.0117238004086353,1.0946066447217027,11.139524380973633,12.491315660805293,8.720647859508846e-11,COMPLETE
272,0.0711,0.5478981797695864,4.958426658725357,6.875144787901625,0.4634053899763641,0.1013397086496358,0.01777158201797886,3.787929895519139e-07,COMPLETE
273,0.08,0.49214025083780216,2.1366758659893685,2.839979984936102,0.016767417635497637,110.16646134717259,2.500142582090174,1.7411112824373338e-14,COMPLETE
274,0.09145,0.48218211798689625,3.999286460242423,4.9612674148258975,0.019607071158490193,0.08777741099799043,0.06896807247569771,6.338054654029837e-09,COMPLETE
275,0.0419,0.27693189187220546,4.3548083271808515,1.3526137167003873,12.412723646412944,107.59872434463156,34.574222073764446,3.286486186600864e-09,COMPLETE
276,0.07135,0.5924874843095562,4.958426658725357,3.3801923275388828,104.61067826393281,0.17740617781052795,80.46577679760097,6.338054654029837e-09,COMPLETE
277,0.0611,0.4007743643604812,4.335111916469993,3.1788912454430323,0.5247740691671683,1.2594502646806938,17.543999742650467,7.242135537625552e-11,COMPLETE
278,0.0539,0.399272892796004,3.046425174476959,3.3801923275388828,18.355968776640832,5.983095466205124,66.79349490553192,3.649569116806477e-06,COMPLETE
279,0.06015,0.4713093114690925,6.103623020551158,1.783805364054492,0.039795245467244764,5.054984284069897,0.06896807247569771,3.407169759582504e-13,COMPLETE
280,0.0629,0.15695629823537394,0.6369866499378445,1.0740453559242513,0.024002509249427918,0.026029536794764555,0.2903763919503425,1.1993391736258183e-07,COMPLETE
281,0.0638,0.5483404477577534,6.943625321882633,5.113119572952756,1.0946066447217027,0.12480776742786713,14.732118064935978,8.720647859508846e-11,COMPLETE
282,0.04625,0.31174243367308296,6.103623020551158,1.7519510271087413,0.21068030120772424,0.08777741099799043,0.06896807247569771,1.6894010759859846e-13,COMPLETE
283,0.0923,0.588374024392988,3.6458832232502703,8.359124144204223,5.403629304722727,3.858204027730059,4.230818933588808,1.5085857231899863e-09,COMPLETE
284,0.06905,0.5020651596305679,6.447811570556941,6.875144787901625,0.5606287050152496,0.054361423084864746,8.478604732169215,3.787929895519139e-07,COMPLETE
285,0.0557,0.2826541447972356,6.485051657135356,1.2293865125275927,6.544484254749669,243.12586844183596,0.2903763919503425,1.1682701663189634e-13,COMPLETE
286,0.0715,0.3166591097231593,4.2603663154594775,6.875144787901625,0.019607071158490193,545.1677653003622,0.01777158201797886,3.787929895519139e-07,COMPLETE
287,0.06485,0.41497627259912406,4.387863964059436,3.3801923275388828,48.82299940456844,2.012068492092538,2.606433764399818,8.424673547315899e-06,COMPLETE
288,0.08685,0.49264136216350024,3.999286460242423,3.3801923275388828,72.91096237472114,186.9306125540257,80.46577679760097,8.424673547315899e-06,COMPLETE
289,0.0396,0.26150269884537247,7.296565715563787,1.0726049388472807,0.6975592224319972,51.0531204742495,5.192615578479196,3.940696606650611e-07,COMPLETE
290,0.0946,0.44580336124864195,3.7523591558107,1.228734714353838,246.64943784978303,0.054361423084864746,7.146903739304916,1.2038654211851023e-08,COMPLETE
291,0.08395,0.5496021558113174,5.537909246919412,9.465761141368246,0.014163043718649002,0.0017001303126525393,2.606433764399818,6.338054654029837e-09,COMPLETE
292,0.0644,0.5986835744037644,5.686980021608849,2.5118580794078285,38.10594732437026,0.08674168362298547,0.01777158201797886,2.450464818207948e-13,COMPLETE
293,0.07825,0.47020994703360136,2.1366758659893685,2.839979984936102,6.544484254749669,0.008579521878881117,2.500142582090174,1.6894010759859846e-13,COMPLETE
294,0.0628,0.5401284079907808,5.772100366242379,3.2243370920705345,379.3173261661696,2.1687267560446846,2.606433764399818,1.1993391736258183e-07,COMPLETE
295,0.05005,0.3448483201439218,3.046425174476959,1.4234508712843703,0.06483803734091015,0.5218478141839406,0.027371668774221813,2.450464818207948e-13,COMPLETE
296,0.06405,0.4706853880617338,6.103623020551158,2.5118580794078285,0.21068030120772424,1.6488841567567056,0.06896807247569771,2.1811143402963018e-10,COMPLETE
297,0.08635,0.5019310450928621,4.429599901283036,2.8036597183497527,0.21068030120772424,38.72992698470038,1.4298640803911997,5.257273938195842e-09,COMPLETE
298,0.11025,0.6465308191601715,3.046425174476959,8.528259812725711,5502.709049790211,0.17740617781052795,12.491315660805293,2.450464818207948e-13,COMPLETE
299,0.0841,0.5473875250540582,5.826108180232255,4.826713485401669,1.8442663426239594,181.15138448930398,76.57127726580364,3.0541645143911065e-11,COMPLETE
300,0.0594,0.4014972509221701,4.5161700470934925,2.839979984936102,0.21068030120772424,0.08777741099799043,0.06896807247569771,1.1682701663189634e-13,COMPLETE
301,0.0729,0.6041895623849477,7.340945924280415,3.3801923275388828,104.61067826393281,0.3710234766141632,80.46577679760097,3.649569116806477e-06,COMPLETE
302,0.1161,0.6728247870529154,7.256367224677574,3.3801923275388828,1099.0996473129526,0.05722988957601947,0.01777158201797886,3.787929895519139e-07,COMPLETE
303,0.07855,0.6022940950787397,7.256367224677574,8.661993098468232,0.07261268023359602,186.9306125540257,5.192615578479196,1.4383874752260185e-13,COMPLETE
304,0.0672,0.3743808146564728,5.07985354852306,1.9462192645671181,0.6975592224319972,0.44649345881738217,0.029174303571910313,4.443488697213951e-11,COMPLETE
305,0.04665,0.32018464087034204,7.296565715563787,1.2487236682963678,0.6975592224319972,0.44649345881738217,0.01777158201797886,1.1682701663189634e-13,COMPLETE
306,0.0613,0.2669018147024139,4.797597292147365,1.5455685639813577,62.43778013936985,53.06163757643024,76.57127726580364,2.669710731963384e-08,COMPLETE
307,0.0674,0.3475566456490646,2.1366758659893685,2.839979984936102,0.014163043718649002,0.17740617781052795,0.09326296625414227,1.1682701663189634e-13,COMPLETE
308,0.07715,0.4928959369287781,4.335111916469993,5.808868829748669,62.43778013936985,53.06163757643024,0.03019843517815248,6.751302591176863e-11,COMPLETE
309,0.07555,0.3429456472527423,3.7523591558107,6.875144787901625,208.22607295194175,110.16646134717259,0.01777158201797886,3.787929895519139e-07,COMPLETE
310,0.0642,0.39783235130754285,4.335111916469993,3.1788912454430323,0.18055694270512732,0.054361423084864746,17.543999742650467,1.1371650130205796e-14,COMPLETE
311,0.07955,0.5107021245159257,3.7523591558107,2.8036597183497527,0.014163043718649002,110.16646134717259,2.606433764399818,1.7411112824373338e-14,COMPLETE
312,0.0636,0.22036085027825925,3.999286460242423,1.3526137167003873,0.014163043718649002,107.59872434463156,80.46577679760097,6.338054654029837e-09,COMPLETE
313,0.0897,0.6623293802808629,3.7523591558107,8.377992360274892,246.64943784978303,110.16646134717259,80.46577679760097,3.649569116806477e-06,COMPLETE
314,0.0573,0.5567512924427026,4.958426658725357,3.3801923275388828,0.04834415223632933,51.0531204742495,5.192615578479196,3.649569116806477e-06,COMPLETE
315,0.06415,0.45305126074523533,4.797597292147365,2.8036597183497527,1.8442663426239594,5.054984284069897,1.4298640803911997,6.338054654029837e-09,COMPLETE
316,0.0796,0.5944597011852699,3.7523591558107,8.377992360274892,2.824815337292512,110.16646134717259,2.606433764399818,3.3647718492660773e-09,COMPLETE
317,0.05195,0.2821064736388556,6.103623020551158,1.6279687987777078,0.21068030120772424,0.3710234766141632,80.46577679760097,1.6894010759859846e-13,COMPLETE
318,0.0883,0.5468297996937577,2.0610446381574583,3.3801923275388828,72.91096237472114,0.06538206208660806,80.46577679760097,6.338054654029837e-09,COMPLETE
319,0.0434,0.31989455673571215,5.989976616159035,1.7519510271087413,1.8442663426239594,5.054984284069897,76.57127726580364,1.621364679176634e-08,COMPLETE
320,0.05975,0.35731654220787057,3.0984669846514787,2.8036597183497527,0.1784805460542277,0.17740617781052795,5.937549622770696,6.338054654029837e-09,COMPLETE
321,0.0819,0.6386159631779592,2.8467952672042545,8.359124144204223,1766.3154686651803,51.0531204742495,12.491315660805293,1.5335060532903536e-12,COMPLETE
322,0.04975,0.2448465590140686,5.528965119864356,1.2463068926718883,0.4634053899763641,51.0531204742495,12.491315660805293,1.5335060532903536e-12,COMPLETE
323,0.09625,0.5767308557480116,3.3673525455725244,3.1788912454430323,62.43778013936985,11.739481102126906,0.19263894761394765,7.242135537625552e-11,COMPLETE
324,0.04905,0.46757702822829744,3.7523591558107,2.2991799521485987,0.016767417635497637,110.16646134717259,2.606433764399818,1.7411112824373338e-14,COMPLETE
325,0.0547,0.42428416537340163,4.335111916469993,3.1788912454430323,1.0946066447217027,0.12480776742786713,34.574222073764446,7.242135537625552e-11,COMPLETE
326,0.0986,0.6502339705573337,7.296565715563787,2.839979984936102,575.4906226530351,0.08777741099799043,0.01777158201797886,1.1682701663189634e-13,COMPLETE
327,0.08065,0.483279753053443,3.7523591558107,2.506135820262354,0.5606287050152496,110.16646134717259,7.146903739304916,9.152354487403374e-07,COMPLETE
328,0.09865,0.7002467011986022,5.719667260978259,6.875144787901625,208.22607295194175,0.1013397086496358,0.01777158201797886,3.787929895519139e-07,COMPLETE
329,0.05595,0.37761330794220305,6.103623020551158,2.5667299278096025,0.016767417635497637,0.08777741099799043,2.606433764399818,1.6894010759859846e-13,COMPLETE
330,0.0431,0.27752700621173215,4.3548083271808515,1.3526137167003873,0.4634053899763641,186.9306125540257,34.574222073764446,3.286486186600864e-09,COMPLETE
331,0.09205,0.48317706330912225,2.056316300425298,2.8036597183497527,0.26617409366755124,460.248832826313,10.702769404709919,6.338054654029837e-09,COMPLETE
332,0.05325,0.30541789822282717,6.103623020551158,1.7519510271087413,0.5493719993593001,0.08777741099799043,64.16334040406225,1.6894010759859846e-13,COMPLETE
333,0.06225,0.40343435383485443,7.296565715563787,3.1788912454430323,0.21068030120772424,0.026029536794764555,76.70279194576531,3.2408239014163186e-13,COMPLETE
334,0.0776,0.3725479081191701,3.7523591558107,2.5667299278096025,0.016767417635497637,6.746569155809414,2.606433764399818,9.152354487403374e-07,COMPLETE
335,0.07895,0.40519093958345404,5.686980021608849,2.5118580794078285,1.9562826277387932,0.021875706805845035,59.2437895529571,9.568348606324787e-10,COMPLETE
336,0.07945,0.1592589560768078,6.085936124753439,6.0196653982081365,1.7669126752088802,0.17740617781052795,80.46577679760097,8.897611140431153e-05,COMPLETE
337,0.0778,0.4826068060403266,4.335111916469993,3.1788912454430323,0.21068030120772424,0.026029536794764555,0.01777158201797886,3.2408239014163186e-13,COMPLETE
338,0.04205,0.21564069832185878,2.8467952672042545,1.0726049388472807,0.4634053899763641,51.0531204742495,5.192615578479196,1.5335060532903536e-12,COMPLETE
339,0.07605,0.6424150184483585,2.840205742530506,8.815771858274038,0.4634053899763641,51.0531204742495,4.230818933588808,1.5335060532903536e-12,COMPLETE
340,0.07215,0.6155508097277147,5.772100366242379,2.839979984936102,62.43778013936985,0.08777741099799043,3.616911213787438,1.1682701663189634e-13,COMPLETE
341,0.0824,0.6308668230098402,5.816239118870492,5.032053856498939,104.61067826393281,0.17740617781052795,14.732118064935978,6.338054654029837e-09,COMPLETE
342,0.06585,0.4454851415659153,3.7523591558107,2.5033277105189193,0.5606287050152496,110.16646134717259,7.146903739304916,3.3647718492660773e-09,COMPLETE
343,0.0659,0.6242995384683143,6.655421352222268,4.6814258240363635,0.07261268023359602,51.0531204742495,12.491315660805293,6.338054654029837e-09,COMPLETE
344,0.07845,0.45190082783396085,6.103623020551158,1.783805364054492,0.039795245467244764,3.96286338309059,0.06896807247569771,3.407169759582504e-13,COMPLETE
345,0.0964,0.5753990030630252,5.719667260978259,6.875144787901625,0.4634053899763641,51.0531204742495,0.01777158201797886,1.5335060532903536e-12,COMPLETE
346,0.0566,0.35450079763233744,6.103623020551158,2.5667299278096025,0.016767417635497637,0.08777741099799043,2.606433764399818,9.152354487403374e-07,COMPLETE
347,0.07845,0.6241036357225281,3.518596375525721,3.3801923275388828,187.8489768150728,0.054361423084864746,7.146903739304916,1.2038654211851023e-08,COMPLETE
348,0.06475,0.519127409754006,3.3235578793299063,2.5667299278096025,0.1784805460542277,110.16646134717259,2.606433764399818,9.152354487403374e-07,COMPLETE
349,0.06235,0.41936414565361674,3.046425174476959,1.783805364054492,0.039795245467244764,5.054984284069897,0.06896807247569771,2.450464818207948e-13,COMPLETE
350,0.06455,0.669145936265932,4.958426658725357,8.359124144204223,0.4634053899763641,186.9306125540257,3.6008094906658137,3.0541645143911065e-11,COMPLETE
351,0.0618,0.4274701298926566,1.8848202356671995,3.3801923275388828,0.6975592224319972,107.59872434463156,57.372021626881,3.286486186600864e-09,COMPLETE
352,0.04995,0.15553937029061957,3.0455122299916,1.0726049388472807,0.07261268023359602,0.12480776742786713,96.32523567279951,3.940696606650611e-07,COMPLETE
353,0.04705,0.23336574477725402,4.3548083271808515,1.3526137167003873,12.412723646412944,107.59872434463156,80.46577679760097,3.286486186600864e-09,COMPLETE
354,0.05685,0.46542215433704975,6.103623020551158,1.783805364054492,0.039795245467244764,6.297650324316545,0.0647822925310974,4.3883375142816094e-14,COMPLETE
355,0.0628,0.5746577194968117,6.103623020551158,3.3801923275388828,104.61067826393281,0.3710234766141632,80.46577679760097,3.649569116806477e-06,COMPLETE
356,0.06355,0.25187985880582053,5.826108180232255,2.839979984936102,0.18468504546596953,3.3736658784802294,80.46577679760097,0.0001894326790292109,COMPLETE
357,0.04505,0.35393027788308046,4.797597292147365,1.7519510271087413,1.8442663426239594,4.006173959705789,0.764092524644605,3.407169759582504e-13,COMPLETE
358,0.06915,0.5427594722490113,2.8467952672042545,8.359124144204223,1.9562826277387932,3.858204027730059,4.230818933588808,1.5335060532903536e-12,COMPLETE
359,0.07955,0.5829466415229411,5.826108180232255,3.812714163562798,0.18468504546596953,1.5630282565660134,0.0247605531247782,1.4411310191528362e-14,COMPLETE
360,0.1095,0.6363628733326573,7.051402036894628,2.8036597183497527,2533.9430426478866,0.043038717079399595,12.491315660805293,1.6894010759859846e-13,COMPLETE
361,0.0742,0.636688184282657,5.17169377297071,8.528259812725711,0.06483803734091015,0.14573544011572329,0.027371668774221813,2.450464818207948e-13,COMPLETE
362,0.06,0.3286529907046745,3.7523591558107,2.2991799521485987,0.016767417635497637,0.07361684874915614,2.606433764399818,2.2704812826588045e-12,COMPLETE
363,0.08155,0.5059456199335646,4.3548083271808515,2.0117238004086353,104.61067826393281,0.12480776742786713,34.574222073764446,8.720647859508846e-11,COMPLETE
364,0.05345,0.22402078310436221,5.686980021608849,1.1032437430590238,0.1784805460542277,0.0038242296205185174,12.491315660805293,2.1811143402963018e-10,COMPLETE
365,0.0725,0.5312226571568143,5.686980021608849,2.5033277105189193,2118.59475034272,3.858204027730059,59.2437895529571,1.2038654211851023e-08,COMPLETE
366,0.095,0.5365892089383281,6.103623020551158,9.628503509756111,0.08483406601269286,51.0531204742495,0.01746342497905136,2.2704812826588045e-12,COMPLETE
367,0.0542,0.33268678791079326,5.719667260978259,1.7519510271087413,0.21068030120772424,0.1013397086496358,0.01777158201797886,1.6894010759859846e-13,COMPLETE
368,0.081,0.3230699445366846,4.3548083271808515,1.1092290760008179,104.61067826393281,0.16551768327250904,80.46577679760097,6.338054654029837e-09,COMPLETE
369,0.0408,0.2231378391083334,4.3548083271808515,1.0902599996446103,0.21068030120772424,0.12480776742786713,0.06896807247569771,1.1682701663189634e-13,COMPLETE
370,0.0914,0.6249921657865247,2.8467952672042545,8.359124144204223,0.036692569286623046,51.0531204742495,0.07549604599441283,1.5335060532903536e-12,COMPLETE
371,0.0729,0.5489587215966666,6.842756712894734,3.3801923275388828,104.61067826393281,0.3710234766141632,80.46577679760097,3.649569116806477e-06,COMPLETE
372,0.05645,0.36805943391017437,3.7523591558107,2.5667299278096025,0.016767417635497637,110.16646134717259,87.6443350446743,9.152354487403374e-07,COMPLETE
373,0.08455,0.5269878055392866,2.628647446760433,8.12437502924717,0.022016922731769563,0.3710234766141632,80.46577679760097,9.482621027458303e-09,COMPLETE
374,0.0544,0.2870539437999389,5.719667260978259,1.1036106272554498,246.64943784978303,110.16646134717259,2.606433764399818,3.3647718492660773e-09,COMPLETE
375,0.06815,0.49884208786621814,4.452739577150898,5.57273495022442,23.082448543212173,0.3710234766141632,94.45626116932038,3.649569116806477e-06,COMPLETE
376,0.0868,0.4598166014146809,4.958426658725357,8.359124144204223,0.4634053899763641,186.9306125540257,0.012991095659660834,9.152354487403374e-07,COMPLETE
377,0.0605,0.25653809774726066,3.7523591558107,1.7519510271087413,23.082448543212173,49.095279214861435,94.45626116932038,8.355831474607183e-14,COMPLETE
378,0.1011,0.6553381851115412,7.051402036894628,2.8036597183497527,1775.9604054605222,0.17740617781052795,12.491315660805293,8.720647859508846e-11,COMPLETE
379,0.0615,0.3481596090984381,5.65001351511787,2.5667299278096025,0.016767417635497637,0.44649345881738217,1.4298640803911997,9.152354487403374e-07,COMPLETE
380,0.04075,0.3079272677926013,2.4363066922394347,1.5455685639813577,1.9562826277387932,3.858204027730059,3.0759866888437664,2.1811143402963018e-10,COMPLETE
381,0.0831,0.5990136199839838,3.7523591558107,6.7179458022232055,0.4634053899763641,110.16646134717259,2.606433764399818,3.3647718492660773e-09,COMPLETE
382,0.04365,0.27461976256146897,4.958426658725357,1.4234508712843703,0.33899932252483383,0.5218478141839406,80.46577679760097,6.84161446778786e-11,COMPLETE
383,0.06445,0.4467441461552136,3.518596375525721,2.5033277105189193,12.412723646412944,107.59872434463156,7.146903739304916,3.286486186600864e-09,COMPLETE
384,0.111,0.6441082574006884,3.7523591558107,8.377992360274892,0.18468504546596953,110.16646134717259,8.569940261066668,3.3647718492660773e-09,COMPLETE
385,0.046,0.2041046937659004,6.485051657135356,1.0254811708920843,1.9562826277387932,0.5218478141839406,59.2437895529571,6.84161446778786e-11,COMPLETE
386,0.07415,0.6506392934471471,6.103623020551158,5.751620494688234,106.9046891744982,0.3710234766141632,80.46577679760097,3.649569116806477e-06,COMPLETE
387,0.05845,0.4191190323850804,7.296565715563787,2.8780430777819794,0.6975592224319972,0.12480776742786713,55.92237929992714,8.720647859508846e-11,COMPLETE
388,0.0881,0.5174942161528359,0.49267004240459356,3.812714163562798,0.18468504546596953,1.5630282565660134,0.0247605531247782,1.4411310191528362e-14,COMPLETE
389,0.07695,0.586051210560747,6.103623020551158,3.3801923275388828,17.89473187396098,0.08777741099799043,0.06896807247569771,1.1682701663189634e-13,COMPLETE
390,0.0446,0.27925837896950295,2.8467952672042545,1.4234508712843703,0.09881808894621637,0.08461218904615202,1.4298640803911997,1.5335060532903536e-12,COMPLETE
391,0.0712,0.5884803372030295,5.826108180232255,1.783805364054492,758.0821206044428,0.08777741099799043,0.0247605531247782,1.4411310191528362e-14,COMPLETE
392,0.05485,0.24021022977486983,5.772100366242379,1.0740453559242513,62.43778013936985,51.0531204742495,3.616911213787438,3.940696606650611e-07,COMPLETE
393,0.08185,0.5737292269517418,4.797597292147365,3.812714163562798,0.18468504546596953,5.054984284069897,0.0247605531247782,1.4411310191528362e-14,COMPLETE
394,0.0639,0.4242093974178397,6.103623020551158,2.839979984936102,0.21068030120772424,0.17740617781052795,0.06896807247569771,1.1682701663189634e-13,COMPLETE
395,0.05165,0.22604681366582213,4.85449260006362,1.0726049388472807,0.07261268023359602,53.06163757643024,5.192615578479196,3.940696606650611e-07,COMPLETE
396,0.05075,0.2688783602936065,5.719667260978259,1.3526137167003873,0.4634053899763641,186.9306125540257,0.01777158201797886,3.787929895519139e-07,COMPLETE
397,0.0755,0.11990254452201093,7.051402036894628,7.811264848983889,0.014163043718649002,1.5630282565660134,0.0247605531247782,6.545598437244497e-05,COMPLETE
398,0.07325,0.6123025629076596,5.07985354852306,8.377992360274892,62.43778013936985,110.16646134717259,2.606433764399818,3.3647718492660773e-09,COMPLETE
399,0.0752,0.5436042660394601,2.8467952672042545,8.359124144204223,0.4634053899763641,51.0531204742495,0.3433535540911756,7.845919323069124e-14,COMPLETE
400,0.06255,0.38724249586940684,4.335111916469993,2.5667299278096025,1.0946066447217027,0.022544534316442343,34.574222073764446,1.1826481602972628e-12,COMPLETE
401,0.0539,0.43841050605747506,4.958426658725357,3.812714163562798,0.18468504546596953,1.5630282565660134,3.6008094906658137,1.4411310191528362e-14,COMPLETE
402,0.1048,0.45565055449268305,4.3548083271808515,1.0318454088584204,1576.537521534778,0.07313692059863067,12.491315660805293,9.152354487403374e-07,COMPLETE
403,0.10085,0.7468545203385359,5.719667260978259,6.875144787901625,208.22607295194175,0.1013397086496358,0.11060646004395691,1.6894010759859846e-13,COMPLETE
404,0.0627,0.3831123834351289,5.686980021608849,2.5118580794078285,0.06483803734091015,4.703038707832875,59.2437895529571,2.1874311883554917e-13,COMPLETE
405,0.07595,0.5482084337650134,6.103623020551158,3.5442191887004864,0.21068030120772424,0.28973340859891816,0.06896807247569771,1.6894010759859846e-13,COMPLETE
406,0.0454,0.3064656254068003,4.958426658725357,1.2997368745646833,0.18468504546596953,186.9306125540257,0.0247605531247782,3.811801850956625e-07,COMPLETE
407,0.0619,0.398315288775743,4.3548083271808515,1.783805364054492,12.412723646412944,0.995373567845339,0.0647822925310974,4.3883375142816094e-14,COMPLETE
408,0.06105,0.4352805793864325,3.7523591558107,1.7519510271087413,1.8442663426239594,110.16646134717259,2.606433764399818,3.407169759582504e-13,COMPLETE
409,0.06895,0.4481261027542364,6.103623020551158,1.783805364054492,0.039795245467244764,5.054984284069897,0.0647822925310974,3.407169759582504e-13,COMPLETE
410,0.07915,0.6386314005704585,4.8865348071926284,6.875144787901625,208.22607295194175,51.0531204742495,12.491315660805293,3.787929895519139e-07,COMPLETE
411,0.07455,0.3935585206517183,5.07985354852306,2.2991799521485987,62.43778013936985,5.368991340046684,2.606433764399818,1.7411112824373338e-14,COMPLETE
412,0.07745,0.43227797325673517,6.103623020551158,1.783805364054492,0.039795245467244764,186.9306125540257,3.6008094906658137,4.3883375142816094e-14,COMPLETE
413,0.0911,0.6003489550646738,4.335111916469993,3.1788912454430323,2661.553121751245,0.026029536794764555,17.543999742650467,7.242135537625552e-11,COMPLETE
414,0.06715,0.09248027758518301,4.958426658725357,8.359124144204223,0.4634053899763641,186.9306125540257,0.2798478547293826,0.0007917363769975126,COMPLETE
415,0.05975,0.4030281908506785,4.3548083271808515,1.783805364054492,0.4634053899763641,6.297650324316545,0.0647822925310974,3.286486186600864e-09,COMPLETE
416,0.05635,0.3250631971457158,6.755395469425466,1.7519510271087413,1.8442663426239594,186.9306125540257,76.57127726580364,5.576919961813523e-14,COMPLETE
417,0.11075,0.6806744576366319,3.7523591558107,8.377992360274892,246.64943784978303,0.08777741099799043,2.606433764399818,1.1682701663189634e-13,COMPLETE
418,0.0908,0.6546733087772012,6.103623020551158,6.875144787901625,0.06483803734091015,4.703038707832875,0.030132911462572354,1.8862199994147838e-14,COMPLETE
419,0.0966,0.6850098415806622,3.046425174476959,6.875144787901625,1119.1871047645736,0.49666391642908636,2.606433764399818,2.9847317084458213e-10,COMPLETE
420,0.0846,0.37943494133457945,3.241503948773255,1.783805364054492,0.039795245467244764,4.006173959705789,0.06896807247569771,3.407169759582504e-13,COMPLETE
421,0.05005,0.1813770553777788,3.0455122299916,1.0726049388472807,0.014163043718649002,51.0531204742495,13.438625568746264,6.338054654029837e-09,COMPLETE
422,0.063,0.1505206001079028,3.0455122299916,1.0726049388472807,223.60937845653277,51.0531204742495,0.03703304680562078,3.940696606650611e-07,COMPLETE
423,0.09565,0.6532143233331577,4.335111916469993,5.751620494688234,784.0450093341921,0.12480776742786713,34.574222073764446,7.242135537625552e-11,COMPLETE
424,0.0819,0.4273130897174201,4.958426658725357,3.3801923275388828,104.61067826393281,1.5630282565660134,0.0247605531247782,3.649569116806477e-06,COMPLETE
425,0.07905,0.49998135464574933,3.434905781436176,9.433258181611224,0.034015687914476476,0.021875706805845035,94.45626116932038,9.568348606324787e-10,COMPLETE
426,0.0562,0.27523458533111816,2.8467952672042545,1.7519510271087413,1.8442663426239594,51.0531204742495,76.57127726580364,1.5335060532903536e-12,COMPLETE
427,0.08445,0.4282766138033352,1.4060120339707318,3.1788912454430323,607.3112502132063,1.2594502646806938,17.543999742650467,7.242135537625552e-11,COMPLETE
428,0.0823,0.47629287627600825,6.103623020551158,8.359124144204223,0.14927413356719677,0.08777741099799043,3.301927932486402,4.853634450310521e-12,COMPLETE
429,0.1032,0.7018592102019076,4.335111916469993,7.142876530356057,5726.279120021357,0.12480776742786713,34.574222073764446,1.6241149231530878e-14,COMPLETE
430,0.06815,0.5019856932553625,5.826108180232255,3.812714163562798,136.18255056173896,1.5630282565660134,5.490227253662881,1.4411310191528362e-14,COMPLETE
431,0.06165,0.41644807520331106,5.686980021608849,2.5118580794078285,1.9562826277387932,186.9306125540257,59.2437895529571,3.0541645143911065e-11,COMPLETE
432,0.0541,0.3938241286460772,6.103623020551158,1.783805364054492,0.4634053899763641,100.82260785823856,3.6008094906658137,0.00013615803864341181,COMPLETE
433,0.06095,0.4044011399906647,6.24718463837018,3.0553013200040744,0.21068030120772424,186.9306125540257,0.06896807247569771,9.600283918392291e-08,COMPLETE
434,0.05915,0.3133987403783632,4.335111916469993,1.7519510271087413,1.0946066447217027,5.054984284069897,1.5004436478522634,7.242135537625552e-11,COMPLETE
435,0.04485,0.28619967320195167,5.6489276518882345,1.3526137167003873,12.412723646412944,107.59872434463156,34.574222073764446,3.286486186600864e-09,COMPLETE
436,0.05315,0.28517684741526045,5.989976616159035,1.6595774459053563,1.0946066447217027,5.054984284069897,14.732118064935978,1.621364679176634e-08,COMPLETE
437,0.06155,0.34847813448312115,2.056316300425298,3.1788912454430323,0.019607071158490193,0.08461218904615202,37.41912210514693,1.9043961097477443e-12,COMPLETE
438,0.05525,0.33017139077860186,3.623760916979203,1.3526137167003873,0.4634053899763641,186.9306125540257,0.06431331345257985,3.0541645143911065e-11,COMPLETE
439,0.111,0.7955079087071341,5.719667260978259,8.741900816624833,208.22607295194175,0.1013397086496358,0.06896807247569771,3.787929895519139e-07,COMPLETE
440,0.0521,0.2530310665750041,4.3548083271808515,1.3526137167003873,0.019607071158490193,55.29124057933768,34.574222073764446,3.286486186600864e-09,COMPLETE
441,0.06165,0.4239994315889696,6.103623020551158,1.783805364054492,0.4634053899763641,186.9306125540257,3.6008094906658137,3.0541645143911065e-11,COMPLETE
442,0.09995,0.5380990537099125,5.719667260978259,6.875144787901625,208.22607295194175,0.1013397086496358,0.01777158201797886,3.649569116806477e-06,COMPLETE
443,0.05835,0.4782851478439381,7.051402036894628,2.2991799521485987,0.016767417635497637,546.754814234046,12.491315660805293,1.7411112824373338e-14,COMPLETE
444,0.0878,0.6238697096969655,2.8880633950160424,8.359124144204223,0.4634053899763641,4.006173959705789,0.764092524644605,1.5335060532903536e-12,COMPLETE
445,0.0784,0.3035919515359272,5.719667260978259,1.783805364054492,2209.323272868225,5.054984284069897,0.06896807247569771,3.787929895519139e-07,COMPLETE
446,0.0686,0.3016273032397696,3.046425174476959,2.5033277105189193,0.06483803734091015,0.054361423084864746,7.146903739304916,1.2038654211851023e-08,COMPLETE
447,0.07995,0.6514407848852756,5.719667260978259,8.503922895827985,0.015172036425597144,0.1013397086496358,0.01777158201797886,2.450464818207948e-13,COMPLETE
448,0.04485,0.3367193438757526,7.256367224677574,1.7519510271087413,0.21068030120772424,0.08777741099799043,0.06896807247569771,1.6894010759859846e-13,COMPLETE
449,0.03155,0.006598997452968705,6.370684417234151,1.3526137167003873,0.016767417635497637,110.16646134717259,0.016750694161585637,0.0015158412727090018,COMPLETE
450,0.09835,0.558481974216621,4.958426658725357,9.47835620413639,104.61067826393281,0.3710234766141632,0.014294878731768167,9.568348606324787e-10,COMPLETE
451,0.06215,0.37128670238502637,5.826108180232255,1.7519510271087413,0.4634053899763641,186.9306125540257,15.097788004282576,3.5954412495265244e-11,COMPLETE
452,0.0949,0.6263186223920747,6.103623020551158,8.359124144204223,0.4634053899763641,13.583790131987152,3.6008094906658137,3.0541645143911065e-11,COMPLETE
453,0.05955,0.4220884192042272,7.394995821790364,3.1788912454430323,0.0954473503411138,0.09477881885230956,14.732118064935978,3.2408239014163186e-13,COMPLETE
454,0.0744,0.47126920392971416,2.475397100624938,2.8036597183497527,0.019607071158490193,55.29124057933768,0.07409638257481183,6.338054654029837e-09,COMPLETE
455,0.0614,0.37491090660115856,5.686980021608849,2.5033277105189193,1.9562826277387932,3.858204027730059,59.2437895529571,2.2704812826588045e-12,COMPLETE
456,0.05565,0.3445015199863175,5.826108180232255,1.7519510271087413,0.33899932252483383,0.5218478141839406,8.097428743654165,1.621364679176634e-08,COMPLETE
457,0.07305,0.4491120074566737,4.958426658725357,3.3801923275388828,0.33899932252483383,0.5218478141839406,80.46577679760097,1.0099084513073767e-10,COMPLETE
458,0.07065,0.27163074885361277,3.7523591558107,1.7519510271087413,1.8442663426239594,110.16646134717259,81.25563195467515,1.621364679176634e-08,COMPLETE
459,0.13185,0.6534172592145616,7.296565715563787,6.641926976422129,689.4645159655186,0.12480776742786713,0.01777158201797886,1.5335060532903536e-12,COMPLETE
460,0.06795,0.31616984473150644,4.335111916469993,2.2991799521485987,0.016767417635497637,1.2594502646806938,17.543999742650467,2.1297100619606214e-06,COMPLETE
461,0.0607,0.44473319394952276,4.797597292147365,1.7519510271087413,1.8442663426239594,255.45258645533752,2.606433764399818,3.407169759582504e-13,COMPLETE
462,0.06605,0.38893350161000173,4.797597292147365,3.1788912454430323,0.6297846312203296,70.06920548111005,76.57127726580364,3.2408239014163186e-13,COMPLETE
463,0.08255,0.546331071903245,4.797597292147365,8.377992360274892,246.64943784978303,5.054984284069897,76.57127726580364,4.0580200840308876e-08,COMPLETE
464,0.11155,0.7660542163022408,5.719667260978259,6.875144787901625,917.5582704217775,0.1013397086496358,0.07549604599441283,3.787929895519139e-07,COMPLETE
465,0.06855,0.46015338783372844,0.88579750644183,3.3452181017121294,0.4634053899763641,51.0531204742495,12.491315660805293,8.720647859508846e-11,COMPLETE
466,0.07995,0.5678240763636969,3.046425174476959,8.359124144204223,16.153006831671934,4.703038707832875,3.6008094906658137,4.4543558291890786e-08,COMPLETE
467,0.05735,0.3366584817407107,3.946785706861564,1.7519510271087413,0.21068030120772424,0.08777741099799043,0.01777158201797886,1.159517269542477e-09,COMPLETE
468,0.0626,0.542905255021434,6.485051657135356,3.1788912454430323,2.824815337292512,0.026029536794764555,0.0236362501837292,3.2408239014163186e-13,COMPLETE
469,0.06905,0.6126643780030198,3.0455122299916,4.486373764766704,0.07261268023359602,51.0531204742495,5.192615578479196,3.940696606650611e-07,COMPLETE
470,0.07355,0.5181464921350756,6.103623020551158,5.113119572952756,0.21068030120772424,0.12480776742786713,14.732118064935978,2.2704812826588045e-12,COMPLETE
471,0.05515,0.32312044175787624,4.3548083271808515,1.4234508712843703,0.21750823208741932,186.9306125540257,1.4298640803911997,1.9043961097477443e-12,COMPLETE
472,0.0826,0.5229056969155382,6.485051657135356,6.641926976422129,3.122570295750721,0.12480776742786713,1.4298640803911997,8.720647859508846e-11,COMPLETE
473,0.0619,0.42221561419395565,3.7523591558107,2.5667299278096025,72.91096237472114,3.4421151810679844,2.606433764399818,9.152354487403374e-07,COMPLETE
474,0.0497,0.27851851769947056,3.046425174476959,1.4234508712843703,0.33899932252483383,0.5218478141839406,1.4298640803911997,2.450464818207948e-13,COMPLETE
475,0.05725,0.35518218388794776,4.797597292147365,1.7519510271087413,1.8442663426239594,4.006173959705789,0.764092524644605,3.407169759582504e-13,COMPLETE
476,0.0826,0.594103312287222,5.632229706900677,9.648027689794725,0.06483803734091015,4.703038707832875,34.574222073764446,3.286486186600864e-09,COMPLETE
477,0.06475,0.4285784868676753,7.051402036894628,2.8036597183497527,0.014163043718649002,0.12480776742786713,14.732118064935978,6.338054654029837e-09,COMPLETE
478,0.0812,0.5496105626232914,3.7523591558107,9.47835620413639,0.5606287050152496,0.08777741099799043,3.301927932486402,2.2704812826588045e-12,COMPLETE
479,0.0876,0.6090224537431602,4.958426658725357,3.3801923275388828,2661.553121751245,195.11038360653635,17.543999742650467,7.242135537625552e-11,COMPLETE
480,0.0624,0.4165856117292114,7.051402036894628,2.8036597183497527,0.014163043718649002,0.17740617781052795,12.491315660805293,6.338054654029837e-09,COMPLETE
481,0.0778,0.6174289855516897,3.7523591558107,7.177502781572815,246.64943784978303,110.16646134717259,7.146903739304916,3.3647718492660773e-09,COMPLETE
482,0.0651,0.38335876582925066,5.719667260978259,2.8036597183497527,0.1784805460542277,0.17740617781052795,12.491315660805293,6.338054654029837e-09,COMPLETE
483,0.06955,0.47292587697481614,3.7523591558107,2.2991799521485987,0.016767417635497637,110.16646134717259,1.4298640803911997,1.7411112824373338e-14,COMPLETE
484,0.0687,0.6375491206939268,6.655421352222268,5.113119572952756,1.0946066447217027,51.0531204742495,0.04989504186148276,2.013186121683812e-08,COMPLETE
485,0.06125,0.3140423499401568,3.0455122299916,1.7803004098206965,0.06483803734091015,795.8307175480662,0.027371668774221813,2.450464818207948e-13,COMPLETE
486,0.04645,0.2969733966342721,6.2211367714367025,1.0726049388472807,0.4634053899763641,110.16646134717259,2.606433764399818,3.3647718492660773e-09,COMPLETE
487,0.064,0.41278965774537435,7.256367224677574,3.3801923275388828,0.016767417635497637,186.9306125540257,0.07549604599441283,8.424673547315899e-06,COMPLETE
488,0.0707,0.5754511564416953,4.99554544684892,2.8036597183497527,3090.9457533461396,0.004569612957571183,1.4298640803911997,6.338054654029837e-09,COMPLETE
489,0.05855,0.1848053685656523,4.958426658725357,1.2997368745646833,0.18468504546596953,186.9306125540257,0.0247605531247782,8.424673547315899e-06,COMPLETE
490,0.05385,0.2777638754566166,4.797597292147365,1.7519510271087413,1.8442663426239594,4.006173959705789,12.491315660805293,3.407169759582504e-13,COMPLETE
491,0.10145,0.6522031314725942,5.719667260978259,6.875144787901625,208.22607295194175,0.1013397086496358,0.01777158201797886,3.787929895519139e-07,COMPLETE
492,0.0417,0.26704436192625963,4.3548083271808515,1.3526137167003873,12.412723646412944,107.59872434463156,34.574222073764446,3.286486186600864e-09,COMPLETE
493,0.08865,0.49792285977451045,3.7523591558107,9.47835620413639,0.016767417635497637,0.001248457575119921,94.45626116932038,9.568348606324787e-10,COMPLETE
494,0.06895,0.5232129827369786,3.999286460242423,2.8036597183497527,0.4629881790675014,55.29124057933768,1.4298640803911997,1.6894010759859846e-13,COMPLETE
495,0.0488,0.3020297889050234,7.256367224677574,1.0726049388472807,72.91096237472114,186.9306125540257,5.192615578479196,8.424673547315899e-06,COMPLETE
496,0.03625,0.20905120885181522,3.0455122299916,1.0726049388472807,0.07261268023359602,51.0531204742495,5.192615578479196,5.521087576123659e-10,COMPLETE
497,0.0486,0.32542866230799056,4.958426658725357,1.3526137167003873,0.4634053899763641,107.59872434463156,3.6008094906658137,3.286486186600864e-09,COMPLETE
498,0.0776,0.5446212501482646,0.16011064491940905,6.875144787901625,246.64943784978303,110.16646134717259,2.606433764399818,1.781186673324169e-08,COMPLETE
499,0.04455,0.2566125386434336,2.056316300425298,1.4234508712843703,0.0510033085733899,0.08461218904615202,0.11060646004395691,1.6894010759859846e-13,COMPLETE
500,0.06435,0.46404954680050675,6.103623020551158,2.8036597183497527,0.039795245467244764,55.29124057933768,0.0647822925310974,6.338054654029837e-09,COMPLETE
501,0.0547,0.4650254741192664,7.296565715563787,6.641926976422129,0.6975592224319972,546.754814234046,0.01777158201797886,9.274226703370502e-12,COMPLETE
502,0.04335,0.26464389644580505,2.056316300425298,1.4234508712843703,0.019607071158490193,0.08461218904615202,1.4298640803911997,1.9043961097477443e-12,COMPLETE
503,0.05845,0.25205625113038843,4.958426658725357,1.2955767233355926,804.5524039040062,107.59872434463156,34.574222073764446,3.286486186600864e-09,COMPLETE
504,0.07495,0.5347225167879146,6.485051657135356,3.1788912454430323,2.824815337292512,0.026029536794764555,34.574222073764446,3.2408239014163186e-13,COMPLETE
505,0.06575,0.27546323466577044,4.797597292147365,1.7519510271087413,12.412723646412944,5.654535138951749,76.57127726580364,1.6894010759859846e-13,COMPLETE
506,0.05195,0.32842162205069947,7.051402036894628,1.783805364054492,0.1784805460542277,6.297650324316545,1.7248871688568814,5.500777731152566e-09,COMPLETE
507,0.0908,0.29538814656222745,0.2891415937677051,8.741900816624833,208.22607295194175,0.1013397086496358,0.06896807247569771,3.649569116806477e-06,COMPLETE
508,0.068,0.45108893432538355,3.7523591558107,2.2991799521485987,104.61067826393281,110.16646134717259,0.8647738265040493,3.649569116806477e-06,COMPLETE
509,0.0894,0.650524203606065,4.797597292147365,8.359124144204223,0.4634053899763641,186.9306125540257,3.6008094906658137,3.0541645143911065e-11,COMPLETE
510,0.0545,0.1817570061296346,2.8467952672042545,1.0726049388472807,13.603629420536016,0.12480776742786713,5.192615578479196,1.5335060532903536e-12,COMPLETE
511,0.12605,0.761347194324981,6.943625321882633,5.751620494688234,3090.9457533461396,0.004569612957571183,34.574222073764446,3.0092675819548274e-09,COMPLETE
512,0.0908,0.6239496179029086,5.686980021608849,5.911842775105003,1.9562826277387932,0.08777741099799043,0.06896807247569771,2.1811143402963018e-10,COMPLETE
513,0.10435,0.5932252963481381,2.262011722142615,6.875144787901625,0.4634053899763641,186.9306125540257,2.5012675932364794,9.152354487403374e-07,COMPLETE
514,0.07855,0.4030666755095641,3.046425174476959,3.3801923275388828,72.91096237472114,4.703038707832875,77.57013731970821,8.424673547315899e-06,COMPLETE
515,0.0914,0.5225305906954472,3.046425174476959,2.852258256554361,89.16832709293121,110.16646134717259,2.606433764399818,9.152354487403374e-07,COMPLETE
516,0.0864,0.5147653584001332,4.958426658725357,2.948628088864308,0.18468504546596953,186.9306125540257,3.6008094906658137,3.811801850956625e-07,COMPLETE
517,0.06815,0.523866129907033,5.719667260978259,3.127668744268174,0.053238521295899496,1.2594502646806938,0.24155913539071464,7.242135537625552e-11,COMPLETE
518,0.06365,0.4922559894248532,4.3548083271808515,6.875144787901625,0.4634053899763641,75.90647874503256,0.01777158201797886,3.787929895519139e-07,COMPLETE
519,0.05085,0.26609534036351473,4.3548083271808515,1.3526137167003873,0.07261268023359602,51.0531204742495,5.192615578479196,5.357325629465944e-13,COMPLETE
520,0.0817,0.5290199044662525,7.051402036894628,2.8036597183497527,1119.1871047645736,4.703038707832875,12.491315660805293,6.338054654029837e-09,COMPLETE
521,0.0774,0.48540251564087367,4.958426658725357,5.751620494688234,0.18468504546596953,0.014622264251409915,14.732118064935978,1.4411310191528362e-14,COMPLETE
522,0.0428,0.27808029745715046,7.051402036894628,1.0726049388472807,0.016767417635497637,546.754814234046,12.491315660805293,1.7411112824373338e-14,COMPLETE
523,0.07145,0.5178282878465847,7.051402036894628,5.04710466629758,0.07261268023359602,0.17740617781052795,0.2583875698098098,3.940696606650611e-07,COMPLETE
524,0.0664,0.3798743995861844,2.9474517659746455,3.178805823283643,0.019607071158490193,0.08461218904615202,14.465050265972248,1.9043961097477443e-12,COMPLETE
525,0.05305,0.4152059768227026,7.051402036894628,2.8036597183497527,0.1784805460542277,0.17740617781052795,12.491315660805293,6.687149682307837e-08,COMPLETE
526,0.10675,0.685630847007,4.335111916469993,7.142876530356057,5726.279120021357,0.013351261607840033,34.574222073764446,1.6241149231530878e-14,COMPLETE
527,0.0845,0.5934162848692508,4.958426658725357,8.359124144204223,105.40150318056787,186.9306125540257,3.6008094906658137,9.152354487403374e-07,COMPLETE
528,0.0726,0.6243169322146872,4.958426658725357,3.3801923275388828,104.61067826393281,181.72799851870184,0.2903763919503425,3.2408239014163186e-13,COMPLETE
529,0.09675,0.8047051966643747,5.719667260978259,6.875144787901625,208.22607295194175,0.1013397086496358,0.20163087412307998,3.787929895519139e-07,COMPLETE
530,0.064,0.4389192726210684,6.103623020551158,3.6302768330884922,104.61067826393281,5.216503598601664,5.192615578479196,3.940696606650611e-07,COMPLETE
531,0.0567,0.499032986733092,6.103623020551158,2.2991799521485987,0.5606287050152496,110.16646134717259,3.301927932486402,1.7411112824373338e-14,COMPLETE
532,0.062,0.353587735425684,5.686980021608849,2.5118580794078285,0.10972075280961127,0.12480776742786713,59.2437895529571,2.1811143402963018e-10,COMPLETE
533,0.0668,0.36294387350889157,7.051402036894628,1.7519510271087413,1.8442663426239594,546.754814234046,0.764092524644605,3.407169759582504e-13,COMPLETE
534,0.0674,0.37942570183441393,3.7523591558107,1.901745369721814,0.4634053899763641,51.0531204742495,2.606433764399818,1.7411112824373338e-14,COMPLETE
535,0.05985,0.3846732529984052,5.686980021608849,2.5118580794078285,0.4634053899763641,3.858204027730059,3.6008094906658137,3.0541645143911065e-11,COMPLETE
536,0.074,0.6358516890623755,5.719667260978259,2.8036597183497527,208.22607295194175,0.1013397086496358,0.4549611859555061,3.787929895519139e-07,COMPLETE
537,0.072,0.5255205160922093,4.335111916469993,7.142876530356057,12.412723646412944,0.12480776742786713,34.574222073764446,3.286486186600864e-09,COMPLETE
538,0.06635,0.3573471247137695,5.07985354852306,1.5455685639813577,62.43778013936985,53.06163757643024,0.07549604599441283,4.443488697213951e-11,COMPLETE
539,0.0778,0.4272462241202897,5.07985354852306,1.5455685639813577,62.43778013936985,0.20982000308441479,0.030132911462572354,4.443488697213951e-11,COMPLETE
540,0.0712,0.3452965364366642,1.2907230098367473,2.643865060789056,0.051473158824463565,0.002062820183208727,12.491315660805293,1.7411112824373338e-14,COMPLETE
541,0.06745,0.5260315779787902,4.958426658725357,3.1788912454430323,0.4634053899763641,186.9306125540257,17.543999742650467,7.242135537625552e-11,COMPLETE
542,0.05875,0.43471301874523943,6.103623020551158,2.8036597183497527,0.21068030120772424,0.17740617781052795,0.06896807247569771,6.338054654029837e-09,COMPLETE
543,0.0604,0.3800440874808935,6.019238154517574,2.8036597183497527,0.4634053899763641,0.17740617781052795,12.491315660805293,1.5335060532903536e-12,COMPLETE
544,0.07775,0.33012183494388214,5.07985354852306,1.5455685639813577,104.61067826393281,0.3710234766141632,80.46577679760097,3.649569116806477e-06,COMPLETE
545,0.0671,0.32834386085352246,4.797597292147365,1.7519510271087413,1.8442663426239594,4.006173959705789,0.764092524644605,3.407169759582504e-13,COMPLETE
546,0.0452,0.42641584535518495,6.334779122979504,1.746936358107441,0.5606287050152496,546.754814234046,7.146903739304916,1.7411112824373338e-14,COMPLETE
547,0.11665,0.7816670490224654,6.103623020551158,6.875144787901625,8685.10258857105,0.1013397086496358,0.06896807247569771,4.209747445310144e-07,COMPLETE
548,0.0884,0.4208722588290703,1.2339710460792703,2.2991799521485987,0.016767417635497637,110.16646134717259,2.606433764399818,8.963817073948628e-09,COMPLETE
549,0.07905,0.573849481193384,6.1543484824956085,4.6814258240363635,12.412723646412944,51.0531204742495,34.574222073764446,6.338054654029837e-09,COMPLETE
550,0.07875,0.5765904636455313,3.7523591558107,4.069419495799292,0.016767417635497637,51.0531204742495,4.230818933588808,1.5335060532903536e-12,COMPLETE
551,0.07665,0.5270138343807503,4.958426658725357,1.3916776725583782,5726.279120021357,0.12480776742786713,0.03868050116194732,1.6241149231530878e-14,COMPLETE
552,0.0649,0.5507176503979239,4.5452674183829345,3.812714163562798,210.67544207349712,1.5630282565660134,0.9998294437756102,6.338054654029837e-09,COMPLETE
553,0.0561,0.47857944987312523,7.051402036894628,2.8034123264003057,0.6975592224319972,546.754814234046,0.01777158201797886,8.720647859508846e-11,COMPLETE
554,0.06935,0.5987075657066678,5.719667260978259,8.359124144204223,0.4634053899763641,186.9306125540257,0.11060646004395691,1.6894010759859846e-13,COMPLETE
555,0.05705,0.28626977909267437,5.719667260978259,1.3526137167003873,208.22607295194175,186.9306125540257,34.574222073764446,3.787929895519139e-07,COMPLETE
556,0.0506,0.28848863228077093,4.3548083271808515,1.3526137167003873,0.4634053899763641,186.9306125540257,34.574222073764446,3.286486186600864e-09,COMPLETE
557,0.0541,0.4529317119432865,5.633083399427747,1.9370537087438828,20.14254886307457,51.0531204742495,0.06896807247569771,3.787929895519139e-07,COMPLETE
558,0.07115,0.5503409134121611,6.103623020551158,8.741900816624833,0.039795245467244764,0.1013397086496358,26.116124003189736,4.3883375142816094e-14,COMPLETE
559,0.0483,0.24951028972402897,4.958426658725357,1.183769989045293,1.8442663426239594,0.0322659837006791,0.0247605531247782,8.540594105186454e-12,COMPLETE
560,0.07205,0.4522165858753775,4.688532226261592,3.1788912454430323,2.824815337292512,0.08777741099799043,0.06896807247569771,1.6894010759859846e-13,COMPLETE
561,0.0717,0.4335073882235335,7.296565715563787,2.5667299278096025,0.6975592224319972,110.16646134717259,0.06840329964968005,8.720647859508846e-11,COMPLETE
562,0.07115,0.5803230958631943,6.655421352222268,4.592510257027455,1.0946066447217027,51.0531204742495,55.49952850166665,2.013186121683812e-08,COMPLETE
563,0.0477,0.19759584416520123,7.051402036894628,1.0726049388472807,0.016767417635497637,0.08461218904615202,12.491315660805293,1.9043961097477443e-12,COMPLETE
564,0.05525,0.40830877716899605,4.335111916469993,3.1788912454430323,0.1784805460542277,0.17740617781052795,0.16406113544890952,8.903568035944857e-12,COMPLETE
565,0.06165,0.35471773894044784,6.103623020551158,1.7519510271087413,0.21068030120772424,0.08777741099799043,0.01777158201797886,1.6894010759859846e-13,COMPLETE
566,0.08945,0.42758099177208403,0.870128008398144,5.113119572952756,1.0946066447217027,0.12480776742786713,14.732118064935978,8.720647859508846e-11,COMPLETE
567,0.06245,0.295453334606872,0.37248115877038523,2.2991799521485987,3.620224893964037,186.9306125540257,0.0247605531247782,1.7411112824373338e-14,COMPLETE
568,0.0758,0.6175860167070172,6.103623020551158,4.312891730444539,0.21068030120772424,4.006173959705789,0.764092524644605,1.6894010759859846e-13,COMPLETE
569,0.0966,0.5586639168066422,6.103623020551158,5.751620494688234,578.8146263833934,11.250990432873587,34.574222073764446,3.0092675819548274e-09,COMPLETE
570,0.08965,0.54446851593816,0.9091677253254099,4.2215943803206,0.4634053899763641,186.9306125540257,4.230818933588808,3.286486186600864e-09,COMPLETE
571,0.07545,0.39172475781357075,4.797597292147365,1.7519510271087413,1.0946066447217027,0.0028381312165446466,76.57127726580364,2.013186121683812e-08,COMPLETE
572,0.08145,0.6853351443037821,7.051402036894628,8.359124144204223,0.016767417635497637,186.9306125540257,3.6008094906658137,1.7411112824373338e-14,COMPLETE
573,0.07325,0.6246588238517805,4.335111916469993,7.142876530356057,23.191740833040853,0.12480776742786713,34.574222073764446,1.6241149231530878e-14,COMPLETE
574,0.08355,0.5923565383396022,4.958426658725357,8.359124144204223,0.4634053899763641,186.9306125540257,3.6008094906658137,3.0541645143911065e-11,COMPLETE
575,0.0474,0.3500435856527016,4.029088236738399,1.7519510271087413,0.05477176214861042,0.08777741099799043,0.020340586733676527,7.242135537625552e-11,COMPLETE
576,0.07755,0.32857932548175406,2.378665727654179,3.1788912454430323,12.412723646412944,1.2594502646806938,17.543999742650467,7.242135537625552e-11,COMPLETE
577,0.0706,0.48307959766577685,4.335111916469993,2.8036597183497527,0.01708163029178605,33.761517607605114,1.4298640803911997,7.646389411586959e-07,COMPLETE
578,0.0802,0.572104305871903,7.051402036894628,8.377992360274892,0.1784805460542277,0.17740617781052795,2.606433764399818,6.338054654029837e-09,COMPLETE
579,0.05735,0.494756515706646,7.051402036894628,2.2991799521485987,0.016767417635497637,107.59872434463156,0.16561793216939094,3.286486186600864e-09,COMPLETE
580,0.0915,0.503444820701114,3.046425174476959,8.528259812725711,0.4634053899763641,0.0803260681489965,4.230818933588808,1.5335060532903536e-12,COMPLETE
581,0.0906,0.6221372746190952,4.958426658725357,8.359124144204223,0.4634053899763641,186.9306125540257,3.6008094906658137,4.097104121996854e-06,COMPLETE
582,0.09225,0.6231233343477104,4.335111916469993,8.359124144204223,0.4634053899763641,51.0531204742495,17.543999742650467,6.570043118951872e-11,COMPLETE
583,0.05195,0.37359502191142685,4.797597292147365,1.7519510271087413,0.016767417635497637,546.754814234046,76.57127726580364,1.7411112824373338e-14,COMPLETE
584,0.06885,0.4352552174446586,6.103623020551158,2.839979984936102,0.07261268023359602,0.08777741099799043,0.06896807247569771,5.521087576123659e-10,COMPLETE
585,0.0631,0.3882056731087528,7.340175352381795,3.1788912454430323,0.019607071158490193,287.49778781354337,0.010799127598115339,1.9043961097477443e-12,COMPLETE
586,0.0889,0.17817344083283046,6.485051657135356,3.1788912454430323,0.016767417635497637,0.026029536794764555,0.23891316582338487,7.17938816224853e-06,COMPLETE
587,0.0447,0.30015003743693563,3.046425174476959,1.7519510271087413,1.8442663426239594,4.703038707832875,76.57127726580364,1.621364679176634e-08,COMPLETE
588,0.062,0.5562815545694976,4.958426658725357,3.3801923275388828,104.61067826393281,0.5362196401258538,3.6008094906658137,4.737310773437738e-10,COMPLETE
589,0.03775,0.27681815996533327,4.3548083271808515,1.3526137167003873,12.412723646412944,107.59872434463156,34.574222073764446,3.649569116806477e-06,COMPLETE
590,0.1305,0.7244560579200243,6.943625321882633,5.751620494688234,45.68895108668229,0.004569612957571183,34.574222073764446,3.0092675819548274e-09,COMPLETE
591,0.05235,0.33593305799117323,6.103623020551158,1.7519510271087413,0.11760768461502312,0.08777741099799043,80.46577679760097,1.6894010759859846e-13,COMPLETE
592,0.08735,0.5104639279810793,3.046425174476959,8.528259812725711,0.06483803734091015,4.703038707832875,11.76080189045798,5.67209734497284e-08,COMPLETE
593,0.06385,0.5234035452558208,5.719667260978259,8.741900816624833,0.10879580249230378,0.1013397086496358,4.230818933588808,1.5335060532903536e-12,COMPLETE
594,0.0905,0.5779099881454245,2.8467952672042545,6.875144787901625,208.22607295194175,51.0531204742495,4.230818933588808,1.5335060532903536e-12,COMPLETE
595,0.08945,0.5321805028793996,6.485051657135356,6.875144787901625,2.824815337292512,0.1013397086496358,0.5666177167023386,3.787929895519139e-07,COMPLETE
596,0.10015,0.5785831898810794,3.7523591558107,5.751620494688234,3090.9457533461396,0.004569612957571183,34.574222073764446,8.577908916478871e-06,COMPLETE
597,0.04755,0.3517846171765538,6.943625321882633,1.7519510271087413,1.8442663426239594,4.006173959705789,0.764092524644605,3.407169759582504e-13,COMPLETE
598,0.0621,0.3556423204339392,5.719667260978259,1.3526137167003873,419.5696606898643,107.59872434463156,3.6008094906658137,3.787929895519139e-07,COMPLETE
599,0.0742,0.6295824946807049,7.051402036894628,4.6814258240363635,0.016767417635497637,51.0531204742495,12.491315660805293,1.7411112824373338e-14,COMPLETE
600,0.04615,0.20496238283459292,6.103623020551158,1.2048234802746451,0.016767417635497637,0.3710234766141632,2.606433764399818,1.7411112824373338e-14,COMPLETE
601,0.09935,0.6004843511662804,3.7523591558107,2.8036597183497527,94.10504315294456,0.0013737021147072358,12.491315660805293,6.338054654029837e-09,COMPLETE
602,0.09385,0.5587945695642503,3.67176944163461,8.359124144204223,0.4634053899763641,0.021875706805845035,94.45626116932038,3.0541645143911065e-11,COMPLETE
603,0.04915,0.27706900715443394,4.958426658725357,1.3526137167003873,2211.2207906090566,107.59872434463156,34.574222073764446,1.4411310191528362e-14,COMPLETE
604,0.1159,0.6763529804097698,6.103623020551158,4.6814258240363635,3039.076554962066,0.5365809521018142,12.491315660805293,6.338054654029837e-09,COMPLETE
605,0.10795,0.7253390546225386,6.861451919391816,5.751620494688234,3090.9457533461396,0.004569612957571183,34.574222073764446,3.0092675819548274e-09,COMPLETE
606,0.08985,0.6113931983731322,6.655421352222268,8.359124144204223,0.013286740840083279,186.9306125540257,12.491315660805293,3.0541645143911065e-11,COMPLETE
607,0.07435,0.3125651063488103,4.958426658725357,8.359124144204223,0.4634053899763641,6.297650324316545,0.0647822925310974,2.733333536777109e-05,COMPLETE
608,0.0871,0.45103124248509613,3.0455122299916,1.0726049388472807,2452.972963018515,0.1013397086496358,0.06896807247569771,3.787929895519139e-07,COMPLETE
609,0.074,0.5211065600945827,3.7523591558107,2.5667299278096025,0.016767417635497637,546.754814234046,2.606433764399818,9.152354487403374e-07,COMPLETE
610,0.0779,0.5782655913378713,2.8467952672042545,3.812714163562798,105.57693462027731,51.0531204742495,4.230818933588808,1.053925312428172e-08,COMPLETE
611,0.09435,0.7431792818343153,4.335111916469993,7.142876530356057,5726.279120021357,0.12480776742786713,34.574222073764446,1.6241149231530878e-14,COMPLETE
612,0.0741,0.6392673491176424,5.719667260978259,7.23751212072464,208.22607295194175,51.0531204742495,6.0449600176232545,6.338054654029837e-09,COMPLETE
613,0.07955,0.6208874198587739,4.958426658725357,8.359124144204223,0.4634053899763641,107.59872434463156,3.6008094906658137,1.5335060532903536e-12,COMPLETE
614,0.08495,0.5547933628702851,3.0455122299916,4.055135610815406,0.6975592224319972,35.1417834486019,5.192615578479196,7.709867937559934e-07,COMPLETE
615,0.09345,0.5403368874919507,4.958426658725357,8.359124144204223,563.5314552701656,3.9581291151579663,0.11060646004395691,3.0541645143911065e-11,COMPLETE
616,0.0681,0.6421822490920248,4.958426658725357,3.812714163562798,0.6269642303390561,107.59872434463156,3.6008094906658137,3.286486186600864e-09,COMPLETE
617,0.0798,0.4720423476583188,7.051402036894628,2.8036597183497527,0.6085162388529793,37.570260306962,12.491315660805293,1.9043961097477443e-12,COMPLETE
618,0.10375,0.7219605678334553,5.719667260978259,6.875144787901625,12.412723646412944,0.1013397086496358,0.01777158201797886,3.286486186600864e-09,COMPLETE
619,0.0645,0.3826943521011103,5.719667260978259,2.2991799521485987,0.0916462096503538,0.1013397086496358,0.06896807247569771,1.7411112824373338e-14,COMPLETE
620,0.0886,0.4547366254735738,4.3548083271808515,1.3526137167003873,12.412723646412944,0.003267721636785366,10.426426528436146,3.286486186600864e-09,COMPLETE
621,0.0545,0.17642991823968202,1.1109635361853305,1.0726049388472807,0.06483803734091015,51.0531204742495,5.192615578479196,2.450464818207948e-13,COMPLETE
622,0.0506,0.2294298084356344,2.056316300425298,1.3526137167003873,0.4634053899763641,0.08461218904615202,2.4955997160759504,1.9043961097477443e-12,COMPLETE
623,0.0869,0.6420842926239271,3.7523591558107,8.377992360274892,246.64943784978303,110.16646134717259,2.606433764399818,3.3647718492660773e-09,COMPLETE
624,0.05035,0.1756745064802558,1.4345780135879134,1.0726049388472807,0.3990502417512514,51.0531204742495,34.574222073764446,1.5130048538117634e-14,COMPLETE
625,0.1082,0.7010092081237836,6.943625321882633,5.113119572952756,208.22607295194175,0.12480776742786713,14.732118064935978,8.720647859508846e-11,COMPLETE
626,0.09415,0.38719874227343576,1.413693663160373,6.875144787901625,208.22607295194175,0.00627370348421408,0.11060646004395691,9.152354487403374e-07,COMPLETE
627,0.07585,0.5200236538319538,3.7523591558107,2.2991799521485987,0.016767417635497637,110.16646134717259,2.606433764399818,5.9544842581298235e-09,COMPLETE
628,0.0579,0.1767173449629736,3.046425174476959,1.0562297587944467,105.59352363082436,2.7798626726138442,2.606433764399818,9.152354487403374e-07,COMPLETE
629,0.0924,0.7109145548405915,5.719667260978259,6.875144787901625,208.22607295194175,0.1013397086496358,0.01777158201797886,3.787929895519139e-07,COMPLETE
630,0.08475,0.6816522747967545,3.834629505530783,6.641926976422129,1119.1871047645736,0.014211683543685951,2.606433764399818,8.720647859508846e-11,COMPLETE
631,0.07425,0.5264292819231003,3.7523591558107,2.779612671292022,0.016767417635497637,110.16646134717259,2.606433764399818,1.7411112824373338e-14,COMPLETE
632,0.07755,0.6000528717489124,7.051402036894628,6.528510964571739,0.6975592224319972,546.754814234046,0.01777158201797886,4.3883375142816094e-14,COMPLETE
633,0.1008,0.6991776318278352,5.719667260978259,6.875144787901625,208.22607295194175,0.1013397086496358,0.01777158201797886,2.976218861517503e-07,COMPLETE
634,0.0601,0.5713918356810713,7.051402036894628,2.8036597183497527,0.1784805460542277,808.8074973688359,12.491315660805293,1.9043961097477443e-12,COMPLETE
635,0.07915,0.5799079547183997,7.296565715563787,6.641926976422129,0.6975592224319972,7.033079314756156,4.523270965431292,3.787929895519139e-07,COMPLETE
636,0.0525,0.3134128855026118,7.051402036894628,1.3526137167003873,0.6975592224319972,186.9306125540257,34.574222073764446,3.286486186600864e-09,COMPLETE
637,0.07605,0.5795988375022071,5.686980021608849,3.881914530583756,1.9562826277387932,26.751685782222673,0.15626996532514137,1.8327528412066053e-14,COMPLETE
638,0.0461,0.33847675152814477,6.943625321882633,1.7519510271087413,1.8442663426239594,4.006173959705789,0.764092524644605,5.432263014140687e-13,COMPLETE
639,0.09445,0.4957731780575128,3.7040623803409676,6.875144787901625,0.6975592224319972,546.754814234046,0.01777158201797886,8.720647859508846e-11,COMPLETE
640,0.07725,0.5025788909350446,3.0455122299916,2.8177948903603096,13.734593853169946,51.0531204742495,5.192615578479196,5.521087576123659e-10,COMPLETE
641,0.05895,0.25088120887599075,4.3548083271808515,1.3526137167003873,12.412723646412944,107.59872434463156,34.574222073764446,3.649569116806477e-06,COMPLETE
642,0.06915,0.3947459206657427,2.704376182029033,6.641926976422129,0.6975592224319972,546.754814234046,0.01777158201797886,9.274226703370502e-12,COMPLETE
643,0.0892,0.3810553027298136,0.3176846282581012,7.097335089418731,451.3347321468237,107.59872434463156,0.06896807247569771,3.286486186600864e-09,COMPLETE
644,0.05355,0.2437619618724203,3.467336639567886,1.3526137167003873,0.07261268023359602,11.976880804971989,89.13053896934701,3.286486186600864e-09,COMPLETE
645,0.07845,0.5234758684436907,4.3548083271808515,1.3526137167003873,208.22607295194175,0.1013397086496358,0.01777158201797886,5.8267508429944575e-09,COMPLETE
646,0.0452,0.275698374146955,7.051402036894628,1.0726049388472807,0.016767417635497637,546.754814234046,12.491315660805293,1.7411112824373338e-14,COMPLETE
647,0.06045,0.32022835475388123,5.633083399427747,1.9370537087438828,20.14254886307457,51.0531204742495,34.574222073764446,3.787929895519139e-07,COMPLETE
648,0.0785,0.4583768783759597,3.7523591558107,2.5118580794078285,0.016767417635497637,110.16646134717259,2.606433764399818,2.1811143402963018e-10,COMPLETE
649,0.05545,0.32374855929125873,4.958426658725357,1.2997368745646833,0.07261268023359602,186.9306125540257,5.192615578479196,5.521087576123659e-10,COMPLETE
650,0.05845,0.06957716205102049,5.719667260978259,8.741900816624833,532.9499517460927,22.134871246624005,0.03341852753488577,3.787929895519139e-07,COMPLETE
651,0.05305,0.32914330865972896,6.103623020551158,1.7519510271087413,104.61067826393281,141.85956894050156,80.46577679760097,3.407169759582504e-13,COMPLETE
652,0.0822,0.5791608486994452,5.686980021608849,6.6301391249076245,1.9562826277387932,51.0531204742495,59.2437895529571,2.1811143402963018e-10,COMPLETE
653,0.07245,0.4879069943820491,3.999286460242423,2.8036597183497527,0.016767417635497637,55.29124057933768,1.4298640803911997,6.338054654029837e-09,COMPLETE
654,0.08525,0.5236612088099468,4.797597292147365,1.7519510271087413,208.22607295194175,0.1013397086496358,76.57127726580364,1.6894010759859846e-13,COMPLETE
655,0.0494,0.329741321957015,4.958426658725357,1.2997368745646833,89.05916162817387,110.16646134717259,2.606433764399818,3.811801850956625e-07,COMPLETE
656,0.0731,0.14983866663572137,4.3548083271808515,1.140925651740699,0.05477176214861042,0.08777741099799043,0.020340586733676527,3.649569116806477e-06,COMPLETE
657,0.09445,0.6447128509554104,5.719667260978259,8.741900816624833,20.14254886307457,0.1013397086496358,11.049664117648106,3.787929895519139e-07,COMPLETE
658,0.04735,0.20727985254645628,3.046425174476959,1.2997368745646833,1.8442663426239594,4.703038707832875,76.57127726580364,1.621364679176634e-08,COMPLETE
659,0.08875,0.44557140782727317,2.056316300425298,1.7962439820531528,208.22607295194175,0.1013397086496358,1.4298640803911997,1.9043961097477443e-12,COMPLETE
660,0.0411,0.15556036770934312,2.056316300425298,1.0726049388472807,0.07261268023359602,0.08461218904615202,1.4298640803911997,3.780320197850447e-12,COMPLETE
661,0.0767,0.6354793795885596,6.943625321882633,8.359124144204223,0.016767417635497637,186.9306125540257,3.6008094906658137,3.699734421444782e-13,COMPLETE
662,0.1059,0.4739886861553973,0.958853541229355,2.8036597183497527,0.016767417635497637,110.16646134717259,1.4298640803911997,1.7411112824373338e-14,COMPLETE
663,0.05145,0.2920741275134067,7.051402036894628,1.0726049388472807,0.016767417635497637,546.754814234046,12.491315660805293,6.338054654029837e-09,COMPLETE
664,0.0819,0.5347302955498945,4.117173029327727,1.7519510271087413,32.82079906808155,0.002849597202663829,2.606433764399818,1.7411112824373338e-14,COMPLETE
665,0.07935,0.49483661174582455,7.296565715563787,6.641926976422129,0.07261268023359602,51.0531204742495,0.01777158201797886,6.338054654029837e-09,COMPLETE
666,0.08795,0.5443833940640083,3.7523591558107,9.47835620413639,45.68895108668229,0.7493426497120571,34.574222073764446,3.0092675819548274e-09,COMPLETE
667,0.05395,0.2786020121196141,3.0455122299916,1.0726049388472807,3.363739469264746,51.0531204742495,1.4298640803911997,5.521087576123659e-10,COMPLETE
668,0.06205,0.42414698406548734,4.958426658725357,3.812714163562798,0.18468504546596953,1.5630282565660134,3.6008094906658137,1.4411310191528362e-14,COMPLETE
669,0.10175,0.6590922604711975,4.958426658725357,8.359124144204223,104.61067826393281,186.9306125540257,80.46577679760097,4.916568680562033e-14,COMPLETE
670,0.08085,0.5735355993746959,7.051402036894628,8.359124144204223,0.016767417635497637,1.5630282565660134,3.6008094906658137,1.7411112824373338e-14,COMPLETE
671,0.06865,0.40209936067134766,3.046425174476959,2.8036597183497527,0.06483803734091015,4.703038707832875,1.4298640803911997,6.338054654029837e-09,COMPLETE
672,0.0561,0.31099432908400354,4.3548083271808515,1.4108800602766707,12.412723646412944,546.754814234046,34.574222073764446,3.286486186600864e-09,COMPLETE
673,0.0746,0.4044382669009564,4.3548083271808515,2.949566766253685,12.412723646412944,107.59872434463156,76.57127726580364,1.6894010759859846e-13,COMPLETE
674,0.07895,0.505774473879221,2.8467952672042545,8.015040149179265,0.13550379357837006,0.1013397086496358,4.230818933588808,1.5335060532903536e-12,COMPLETE
675,0.0664,0.31728355396616853,7.051402036894628,1.0726049388472807,0.016767417635497637,546.754814234046,1.8601408472402696,1.7411112824373338e-14,COMPLETE
676,0.0546,0.20122916878781963,5.719667260978259,1.2997368745646833,208.22607295194175,38.03419034735525,0.04093855201494698,1.6894010759859846e-13,COMPLETE
677,0.07615,0.06478330030353502,4.335111916469993,2.8034123264003057,2661.553121751245,546.754814234046,0.01777158201797886,7.242135537625552e-11,COMPLETE
678,0.0626,0.4710889821318122,7.051402036894628,1.9370537087438828,20.14254886307457,51.0531204742495,0.16561793216939094,3.286486186600864e-09,COMPLETE
679,0.1389,0.8055291914013969,5.719667260978259,6.875144787901625,208.22607295194175,0.009707433566872849,0.023189147228347615,3.787929895519139e-07,COMPLETE
680,0.0545,0.44304929921071906,7.051402036894628,2.8034123264003057,1.9562826277387932,0.35945980949148393,59.2437895529571,8.720647859508846e-11,COMPLETE
681,0.05945,0.3830995544031727,4.335111916469993,2.927029710455804,0.18468504546596953,1.2594502646806938,17.543999742650467,2.3390112259813166e-12,COMPLETE
682,0.086,0.5156834306097753,7.296565715563787,6.641926976422129,35.82867827989851,16.40697210833953,0.01777158201797886,8.720647859508846e-11,COMPLETE
683,0.08015,0.42981219868926085,1.0498485744198889,1.9807499410701275,0.06483803734091015,4.703038707832875,0.027371668774221813,2.450464818207948e-13,COMPLETE
684,0.06495,0.3305593569852585,5.719667260978259,1.4234508712843703,22.87155444453178,0.1013397086496358,0.06896807247569771,1.9043961097477443e-12,COMPLETE
685,0.1167,0.6932245934429904,6.943625321882633,5.751620494688234,3090.9457533461396,0.1013397086496358,0.01777158201797886,3.0092675819548274e-09,COMPLETE
686,0.0876,0.5916688764108047,1.922632928597434,5.751620494688234,46.59001073789801,0.004569612957571183,0.10049684710427342,9.918155660809394e-13,COMPLETE
687,0.0541,0.33064863183789234,5.989976616159035,1.9370537087438828,155.69556756122483,51.0531204742495,76.57127726580364,4.206778326929683e-08,COMPLETE
688,0.0888,0.5877103267774512,3.7523591558107,6.484627243916667,1.8442663426239594,0.00704691926725159,94.45626116932038,1.621364679176634e-08,COMPLETE
689,0.08465,0.6830236262366719,6.103623020551158,3.3801923275388828,104.61067826393281,0.3710234766141632,0.06896807247569771,1.6894010759859846e-13,COMPLETE
690,0.06225,0.34334386238519654,7.051402036894628,2.2991799521485987,0.016767417635497637,546.754814234046,0.11280007857686468,1.7411112824373338e-14,COMPLETE
691,0.0654,0.3400326850285546,4.3548083271808515,1.3526137167003873,792.472866842458,186.9306125540257,5.192615578479196,3.940696606650611e-07,COMPLETE
692,0.075,0.02258199156506698,5.719667260978259,1.3526137167003873,3974.8257559677027,90.68992509892446,0.01777158201797886,3.787929895519139e-07,COMPLETE
693,0.08235,0.5108893055349611,5.756863084278388,2.4061112722596403,1.8442663426239594,110.16646134717259,0.764092524644605,1.7411112824373338e-14,COMPLETE
694,0.077,0.6633586920807892,6.943625321882633,5.210495945692756,0.1784805460542277,234.12832323626407,0.764092524644605,6.338054654029837e-09,COMPLETE
695,0.072,0.49034268835242184,4.3548083271808515,6.641926976422129,0.028430996723784085,0.12480776742786713,34.574222073764446,5.869534345501129e-13,COMPLETE
696,0.07665,0.5767616888045821,4.797597292147365,1.7519510271087413,2731.134397576125,0.5362196401258538,3.6008094906658137,2.9726508150986003e-08,COMPLETE
697,0.07285,0.4943080712326493,1.4002193902891924,2.2991799521485987,0.016767417635497637,110.16646134717259,2.9312021127415537,1.7411112824373338e-14,COMPLETE
698,0.07315,0.5498329486838553,7.051402036894628,2.8036597183497527,1.8442663426239594,4.006173959705789,0.764092524644605,6.338054654029837e-09,COMPLETE
699,0.0635,0.4025424305286937,4.797597292147365,1.7519510271087413,0.017122029484916753,5.054984284069897,0.06896807247569771,1.3154724138113624e-06,COMPLETE
700,0.0897,0.3785306606732033,1.678335460412354,2.2991799521485987,0.016767417635497637,110.16646134717259,12.491315660805293,1.7411112824373338e-14,COMPLETE
701,0.0469,0.2943095405469112,3.9382149117267224,1.7519510271087413,0.016767417635497637,107.59872434463156,0.020340586733676527,3.286486186600864e-09,COMPLETE
702,0.0446,0.02411702968245563,7.428833569420627,9.47835620413639,3226.182741211103,186.9306125540257,0.029894407935772343,9.568348606324787e-10,COMPLETE
703,0.06475,0.3475574495032673,5.222006085429418,1.4340837999230842,3107.1103012488666,546.754814234046,12.491315660805293,3.787929895519139e-07,COMPLETE
704,0.08465,0.4794135604206575,3.7523591558107,2.2991799521485987,0.016767417635497637,186.9306125540257,3.6008094906658137,1.7411112824373338e-14,COMPLETE
705,0.08575,0.4769067385145144,4.958426658725357,6.875144787901625,0.18468504546596953,0.1013397086496358,3.6008094906658137,9.315383284712006e-13,COMPLETE
706,0.0743,0.48357808352858256,5.454740959534136,2.2991799521485987,24.004391834680227,110.16646134717259,0.16790396698196025,9.152354487403374e-07,COMPLETE
707,0.0577,0.47549177942089665,6.655421352222268,1.7519510271087413,1845.644422733216,51.0531204742495,0.764092524644605,3.407169759582504e-13,COMPLETE
708,0.0443,0.22732061786282684,5.719667260978259,1.0659878282717528,208.22607295194175,130.35892220229573,80.74370165856052,1.6894010759859846e-13,COMPLETE
709,0.07345,0.515051168970202,2.705037410432543,8.359124144204223,0.4634053899763641,186.9306125540257,0.0247605531247782,3.0541645143911065e-11,COMPLETE
710,0.05165,0.3859373582343868,4.958426658725357,1.4234508712843703,0.33899932252483383,0.5218478141839406,0.0247605531247782,7.780978646363174e-14,COMPLETE
711,0.08345,0.49942175910379727,3.7523591558107,2.2991799521485987,0.016767417635497637,110.16646134717259,3.6008094906658137,3.0541645143911065e-11,COMPLETE
712,0.0856,0.6141600133038735,4.958426658725357,8.359124144204223,0.4634053899763641,5.054984284069897,3.6008094906658137,1.6894010759859846e-13,COMPLETE
713,0.0991,0.6001053912506733,3.046425174476959,8.359124144204223,1.3374981934556878,4.703038707832875,0.6108657231284711,2.450464818207948e-13,COMPLETE
714,0.0711,0.4248037504456529,6.943625321882633,1.783805364054492,0.039795245467244764,6.297650324316545,0.0647822925310974,5.034711660071739e-13,COMPLETE
715,0.0628,0.4013931138949568,4.958426658725357,3.3801923275388828,104.61067826393281,7.702493440371241,37.73689435060112,4.737310773437738e-10,COMPLETE
716,0.06325,0.27715391638713005,4.3548083271808515,1.3526137167003873,12.412723646412944,107.59872434463156,34.574222073764446,3.649569116806477e-06,COMPLETE
717,0.0686,0.39934824825910775,3.7523591558107,1.3526137167003873,23.082448543212173,0.021875706805845035,34.574222073764446,9.568348606324787e-10,COMPLETE
718,0.07105,0.44621534513951056,7.051402036894628,5.027011330668697,0.6975592224319972,51.0531204742495,0.01984553134518119,8.720647859508846e-11,COMPLETE
719,0.09215,0.6477997225461622,5.633083399427747,8.617728126802856,0.016767417635497637,546.754814234046,12.491315660805293,1.7411112824373338e-14,COMPLETE
720,0.10445,0.7624868343948621,5.719667260978259,6.875144787901625,208.22607295194175,0.009707433566872849,0.023189147228347615,3.787929895519139e-07,COMPLETE
721,0.0588,0.3083509388122296,4.3548083271808515,1.7519510271087413,0.4634053899763641,0.010168618128053657,0.764092524644605,3.286486186600864e-09,COMPLETE
722,0.10035,0.4469665526658289,0.9923661559186289,5.751620494688234,0.6975592224319972,0.004569612957571183,0.01777158201797886,8.720647859508846e-11,COMPLETE
723,0.08205,0.5219888183007919,5.719667260978259,6.875144787901625,208.22607295194175,16.977499148669867,34.574222073764446,3.649569116806477e-06,COMPLETE
724,0.0714,0.05955735413152039,7.296565715563787,6.641926976422129,0.18468504546596953,1.5630282565660134,0.01777158201797886,0.0002543493353976778,COMPLETE
725,0.0679,0.2839445834011891,3.046425174476959,1.7519510271087413,1.8442663426239594,0.12356704687940531,0.03274004405219608,1.621364679176634e-08,COMPLETE
726,0.05815,0.3181611812753266,5.633083399427747,1.0726049388472807,20.14254886307457,51.0531204742495,0.06896807247569771,3.787929895519139e-07,COMPLETE
727,0.0719,0.46437815866644405,7.051402036894628,2.8036597183497527,0.1784805460542277,808.8074973688359,0.01777158201797886,1.9043961097477443e-12,COMPLETE
728,0.07765,0.5034884830415828,4.958426658725357,3.082249516174237,0.05477176214861042,186.9306125540257,0.0247605531247782,7.242135537625552e-11,COMPLETE
729,0.04455,0.2901343866047813,3.0455122299916,1.0726049388472807,0.07261268023359602,51.0531204742495,0.037145330599528494,5.521087576123659e-10,COMPLETE
730,0.07995,0.5771008994284693,7.296565715563787,6.641926976422129,691.8666606952439,107.59872434463156,34.574222073764446,3.286486186600864e-09,COMPLETE
731,0.0532,0.33715167145485225,7.051402036894628,1.2997368745646833,0.0806724837212131,186.9306125540257,12.491315660805293,1.9043961097477443e-12,COMPLETE
732,0.0478,0.2508668022418218,4.3548083271808515,1.3526137167003873,0.014451086031266984,107.59872434463156,34.574222073764446,3.649569116806477e-06,COMPLETE
733,0.0759,0.4501685505831523,6.885298092346967,2.2991799521485987,0.016767417635497637,546.754814234046,67.3480431143814,1.7411112824373338e-14,COMPLETE
734,0.07645,0.43815934159971986,6.485051657135356,1.9397751571919686,0.06483803734091015,4.703038707832875,0.027371668774221813,9.429527923787952e-09,COMPLETE
735,0.0548,0.39825614123282255,7.002442424298846,1.3526137167003873,0.019607071158490193,107.59872434463156,1.4298640803911997,3.286486186600864e-09,COMPLETE
736,0.0731,0.5357726615502348,4.924393805783297,3.3801923275388828,79.56289996407236,0.5362196401258538,3.6008094906658137,4.737310773437738e-10,COMPLETE
737,0.0738,0.6299112751269595,2.174762538002772,5.751620494688234,4109.907502881502,4.711560334982923,14.732118064935978,3.407169759582504e-13,COMPLETE
738,0.06445,0.5712131151599781,4.335111916469993,2.5118580794078285,2661.553121751245,1.2594502646806938,17.543999742650467,7.242135537625552e-11,COMPLETE
739,0.0479,0.30111979187771126,5.989976616159035,1.7519510271087413,0.016767417635497637,5.054984284069897,76.57127726580364,1.7411112824373338e-14,COMPLETE
740,0.0915,0.5741980746912327,4.3548083271808515,8.660710108077945,5.477526091354363,73.96335004778312,34.574222073764446,3.286486186600864e-09,COMPLETE
741,0.0805,0.4294910128559518,4.17291485968679,4.6814258240363635,0.07261268023359602,0.3710234766141632,80.46577679760097,3.649569116806477e-06,COMPLETE
742,0.0478,0.252578511434805,7.051402036894628,1.0726049388472807,0.016767417635497637,110.16646134717259,12.491315660805293,1.7411112824373338e-14,COMPLETE
743,0.067,0.5632164394938419,3.7523591558107,3.3801923275388828,104.61067826393281,657.7688180604079,80.46577679760097,3.649569116806477e-06,COMPLETE
744,0.0884,0.5668630581889489,2.056316300425298,5.5167680669010615,1.8442663426239594,4.006173959705789,0.015894394601643602,5.432263014140687e-13,COMPLETE
745,0.06605,0.48843886257092956,7.296565715563787,1.7519510271087413,58.120973670222,0.12480776742786713,0.01777158201797886,1.621364679176634e-08,COMPLETE
746,0.08285,0.7052310201639298,6.943625321882633,5.751620494688234,0.016767417635497637,546.754814234046,14.732118064935978,3.0092675819548274e-09,COMPLETE
747,0.1172,0.6737406803455186,5.719667260978259,6.875144787901625,208.22607295194175,0.1013397086496358,0.01777158201797886,3.787929895519139e-07,COMPLETE
748,0.07115,0.4786537929166049,4.958426658725357,4.6814258240363635,0.18468504546596953,5.421542884810628,12.491315660805293,3.811801850956625e-07,COMPLETE
749,0.0935,0.569164020620547,3.7523591558107,3.3801923275388828,626.9628355422188,0.021875706805845035,94.45626116932038,3.649569116806477e-06,COMPLETE
750,0.0459,0.23073652288950347,3.0455122299916,1.3526137167003873,0.4634053899763641,159.18416046857251,34.574222073764446,3.940696606650611e-07,COMPLETE
751,0.08835,0.37641114559055466,5.719667260978259,6.875144787901625,0.016767417635497637,0.009707433566872849,0.023189147228347615,3.787929895519139e-07,COMPLETE
752,0.08675,0.4998195664323561,4.958426658725357,8.359124144204223,0.4634053899763641,0.5362196401258538,3.6008094906658137,4.737310773437738e-10,COMPLETE
753,0.08645,0.6026961915051892,3.7523591558107,9.47835620413639,0.6975592224319972,17.665422641370547,0.01777158201797886,8.720647859508846e-11,COMPLETE
754,0.0662,0.40597017376709543,4.4018861607917925,1.9188606278664637,20.14254886307457,51.0531204742495,4.199554630202121,3.590715688740197e-11,COMPLETE
755,0.09795,0.5457223550039093,4.958426658725357,8.359124144204223,0.4634053899763641,6.183050066840282,8.454540399849332,4.3883375142816094e-14,COMPLETE
756,0.05395,0.32690117135269803,4.958426658725357,1.4234508712843703,104.61067826393281,0.3243301944137198,1.4298640803911997,4.737310773437738e-10,COMPLETE
757,0.08095,0.6224189391657986,4.335111916469993,8.359124144204223,5.160068849740023,186.9306125540257,17.543999742650467,1.7411112824373338e-14,COMPLETE
758,0.07525,0.4026951496147904,6.943625321882633,1.9700256009424664,1.8442663426239594,4.006173959705789,0.764092524644605,3.402471518813307e-13,COMPLETE
759,0.0501,0.2540617151001286,4.3548083271808515,1.3526137167003873,0.019607071158490193,107.59872434463156,34.574222073764446,1.9043961097477443e-12,COMPLETE
760,0.0939,0.594591009639341,4.3548083271808515,8.528259812725711,0.06483803734091015,107.59872434463156,34.574222073764446,3.286486186600864e-09,COMPLETE
761,0.0669,0.3898409136826535,7.296565715563787,1.783805364054492,0.024079476033887815,6.297650324316545,0.01777158201797886,8.720647859508846e-11,COMPLETE
762,0.0524,0.284741556268151,4.3548083271808515,1.3526137167003873,12.412723646412944,107.59872434463156,17.543999742650467,7.242135537625552e-11,COMPLETE
763,0.0508,0.31770010322779874,4.958426658725357,1.2997368745646833,0.18468504546596953,186.9306125540257,0.0247605531247782,3.286486186600864e-09,COMPLETE
764,0.0645,0.5479414131307833,6.655421352222268,5.113119572952756,1.0946066447217027,0.027342365558740894,12.491315660805293,2.013186121683812e-08,COMPLETE
765,0.067,0.35075727756597236,3.999286460242423,1.3526137167003873,0.8742307522813463,55.29124057933768,1.4298640803911997,4.2492945351362414e-11,COMPLETE
766,0.1056,0.5984158079250922,6.103623020551158,8.528259812725711,0.06483803734091015,0.18963702738854007,0.027371668774221813,2.450464818207948e-13,COMPLETE
767,0.078,0.6639609258733814,4.958426658725357,8.359124144204223,0.4634053899763641,22.523517054680845,3.6008094906658137,3.0541645143911065e-11,COMPLETE
768,0.10065,0.6246305856018134,6.103623020551158,3.3801923275388828,1925.2380929054996,0.3710234766141632,19.585216550898043,3.649569116806477e-06,COMPLETE
769,0.0944,0.7342317221084158,5.719667260978259,6.875144787901625,208.22607295194175,0.3948992832762138,0.04989504186148276,2.013186121683812e-08,COMPLETE
770,0.0671,0.38545524525062463,4.958426658725357,1.3526137167003873,0.18468504546596953,186.9306125540257,3.6008094906658137,3.286486186600864e-09,COMPLETE
771,0.05845,0.37877503043373617,5.686980021608849,2.5118580794078285,0.019607071158490193,0.08461218904615202,1.4298640803911997,2.1811143402963018e-10,COMPLETE
772,0.0662,0.4650850261618787,6.103623020551158,1.783805364054492,0.039795245467244764,6.297650324316545,0.0647822925310974,4.3883375142816094e-14,COMPLETE
773,0.09615,0.5084214196240981,2.4570783739325743,5.113119572952756,0.07261268023359602,51.0531204742495,12.491315660805293,6.349226914310599e-07,COMPLETE
774,0.10275,0.796206040817056,6.485051657135356,7.034025631242198,936.9885478266519,0.5218478141839406,1.4298640803911997,1.7411112824373338e-14,COMPLETE
775,0.0549,0.39260700092249606,7.296565715563787,2.2991799521485987,0.016767417635497637,546.754814234046,0.16561793216939094,3.286486186600864e-09,COMPLETE
776,0.0729,0.41740801403143096,7.051402036894628,2.8034123264003057,0.6975592224319972,546.754814234046,0.16052296825627121,8.720647859508846e-11,COMPLETE
777,0.07175,0.5678033112122349,4.3548083271808515,2.138236922105847,2661.553121751245,1.2594502646806938,34.574222073764446,7.242135537625552e-11,COMPLETE
778,0.09045,0.7239531832278353,4.552813390321045,9.47835620413639,23.082448543212173,0.021875706805845035,94.45626116932038,9.568348606324787e-10,COMPLETE
779,0.0621,0.34098286181269916,3.211828524941016,2.169886995805713,0.016767417635497637,5.054984284069897,3.6008094906658137,1.6894010759859846e-13,COMPLETE
780,0.079,0.5534129279791176,4.958426658725357,3.3801923275388828,104.61067826393281,0.5362196401258538,3.6008094906658137,4.737310773437738e-10,COMPLETE
781,0.07845,0.5079796298576691,7.051402036894628,2.8034123264003057,0.6975592224319972,546.754814234046,3.6008094906658137,1.7411112824373338e-14,COMPLETE
782,0.05725,0.22937530669523798,4.3548083271808515,1.3526137167003873,0.4634053899763641,0.1013397086496358,34.574222073764446,3.787929895519139e-07,COMPLETE
783,0.0645,0.17646367751569225,3.046425174476959,1.0475656782585803,1.8442663426239594,4.703038707832875,76.57127726580364,1.621364679176634e-08,COMPLETE
784,0.06255,0.6253243357726443,6.655421352222268,6.875144787901625,1.0946066447217027,0.1013397086496358,0.04989504186148276,3.787929895519139e-07,COMPLETE
785,0.0753,0.4638191568725575,7.051402036894628,2.2991799521485987,19.812379936255955,0.09033414882545628,86.17347937951276,1.0322038421482684e-13,COMPLETE
786,0.05105,0.39911554897726415,5.633083399427747,1.9370537087438828,1.4298076118067742,51.0531204742495,5.192615578479196,5.521087576123659e-10,COMPLETE
787,0.0924,0.6216749316374595,3.0455122299916,6.861265937047631,2.038559016811463,51.0531204742495,5.192615578479196,3.940696606650611e-07,COMPLETE
788,0.0904,0.4506935108904837,0.6468082254249904,3.1788912454430323,2661.553121751245,1.2594502646806938,0.5583788395632069,7.242135537625552e-11,COMPLETE
789,0.0659,0.3228454447478205,7.051402036894628,2.2991799521485987,0.016767417635497637,0.3710234766141632,80.46577679760097,3.649569116806477e-06,COMPLETE
790,0.05875,0.3763015698306766,3.7523591558107,1.8679223884519711,48.79615570788893,159.76711419446772,2.606433764399818,3.940696606650611e-07,COMPLETE
791,0.0353,0.3151468918876615,5.719667260978259,2.2991799521485987,0.016767417635497637,110.16646134717259,0.01777158201797886,9.787752692175531e-12,COMPLETE
792,0.05195,0.32509981854890546,4.797597292147365,1.9370537087438828,1.8442663426239594,5.054984284069897,76.57127726580364,1.6894010759859846e-13,COMPLETE
793,0.06035,0.4208031953640587,5.633083399427747,1.9370537087438828,20.14254886307457,51.0531204742495,0.06896807247569771,3.787929895519139e-07,COMPLETE
794,0.06075,0.3978271849688608,4.7693847738739406,1.4234508712843703,0.016767417635497637,110.16646134717259,1.4298640803911997,1.7411112824373338e-14,COMPLETE
795,0.06305,0.5737740628378565,6.655421352222268,2.7198247517129923,0.016767417635497637,51.0531204742495,2.606433764399818,6.338054654029837e-09,COMPLETE
796,0.05315,0.2483536841696774,4.958426658725357,1.0726049388472807,0.4634053899763641,51.0531204742495,5.192615578479196,5.521087576123659e-10,COMPLETE
797,0.0545,0.2237721264608006,3.0455122299916,1.0726049388472807,0.07261268023359602,51.0531204742495,5.192615578479196,5.521087576123659e-10,COMPLETE
798,0.0658,0.42494078669566215,7.051402036894628,1.7519510271087413,0.6975592224319972,4.006173959705789,0.01777158201797886,1.1865762403164725e-13,COMPLETE
799,0.08735,0.5963030505063627,5.019945982552374,8.528259812725711,20.14254886307457,4.703038707832875,0.06896807247569771,3.787929895519139e-07,COMPLETE
800,0.0571,0.33265270669386254,3.046425174476959,1.7519510271087413,2.2337001561148564,0.05685802257194423,0.764092524644605,2.450464818207948e-13,COMPLETE
801,0.0364,0.22955703217703036,4.653916869245234,1.0726049388472807,12.412723646412944,51.0531204742495,5.192615578479196,5.521087576123659e-10,COMPLETE
802,0.0778,0.5706685117786898,1.1759058879199127,6.696081753409979,0.6975592224319972,546.754814234046,12.491315660805293,5.55775070096848e-10,COMPLETE
803,0.07155,0.15789112468951097,6.485051657135356,1.7519510271087413,1.8442663426239594,4.703038707832875,1.4298640803911997,0.0004587713711033813,COMPLETE
804,0.0588,0.3404096150354815,4.3548083271808515,1.8252594866665723,0.19816747672742144,107.59872434463156,14.732118064935978,3.286486186600864e-09,COMPLETE
805,0.05085,0.2964855810702883,4.958426658725357,1.0726049388472807,0.18468504546596953,546.754814234046,3.6008094906658137,1.7411112824373338e-14,COMPLETE
806,0.08625,0.2815694757007276,6.7627207505695575,8.359124144204223,0.4634053899763641,0.17740617781052795,12.491315660805293,2.2255557834536047e-05,COMPLETE
807,0.07835,0.5023355388324686,3.0455122299916,6.641926976422129,0.6975592224319972,0.12480776742786713,5.192615578479196,8.720647859508846e-11,COMPLETE
808,0.10605,0.7067489482582006,5.719667260978259,6.875144787901625,208.22607295194175,0.06271631336554626,0.01100114671654725,3.787929895519139e-07,COMPLETE
809,0.08075,0.5908268696359582,6.655421352222268,4.6814258240363635,0.07261268023359602,51.0531204742495,17.543999742650467,7.242135537625552e-11,COMPLETE
810,0.05625,0.3732380013927846,7.051402036894628,1.3526137167003873,12.412723646412944,107.59872434463156,0.16561793216939094,3.286486186600864e-09,COMPLETE
811,0.06005,0.3487741691918979,4.3548083271808515,1.7519510271087413,0.4634053899763641,0.08777741099799043,0.020340586733676527,3.286486186600864e-09,COMPLETE
812,0.0804,0.3097623027704154,6.943625321882633,1.5440639780321583,2281.604868528627,41.5736609283715,0.764092524644605,1.628664357167257e-07,COMPLETE
813,0.08625,0.5240755624166128,4.3548083271808515,4.56705320608154,0.07261268023359602,51.0531204742495,34.574222073764446,3.649569116806477e-06,COMPLETE
814,0.10305,0.6207011350667349,4.958426658725357,8.359124144204223,0.05477176214861042,0.08777741099799043,0.016208672232239565,3.0541645143911065e-11,COMPLETE
815,0.0767,0.5340872986733873,6.103623020551158,5.751620494688234,0.016767417635497637,6.297650324316545,14.732118064935978,1.9918408020652964e-14,COMPLETE
816,0.0497,0.4292106814336753,7.371731789186595,3.3801923275388828,1.8278642465471888,2.0518583729409148,80.46577679760097,5.521087576123659e-10,COMPLETE
817,0.0732,0.17978528801273325,5.719667260978259,1.7519510271087413,1.8442663426239594,0.1013397086496358,0.06896807247569771,7.291044617218847e-06,COMPLETE
818,0.04765,0.3170728586705793,6.103623020551158,1.783805364054492,0.039795245467244764,51.0531204742495,55.920996573471015,4.3883375142816094e-14,COMPLETE
819,0.06185,0.42569376247659313,5.633083399427747,1.9370537087438828,20.14254886307457,51.0531204742495,0.06896807247569771,1.120474999009459e-13,COMPLETE
820,0.0481,0.2741061656738555,7.299744542030595,1.492608267698936,0.07261268023359602,0.07657027093292927,5.192615578479196,1.9043961097477443e-12,COMPLETE
821,0.0826,0.5585182849815759,4.029088236738399,6.314443290632456,0.05477176214861042,0.08777741099799043,0.020340586733676527,3.787929895519139e-07,COMPLETE
822,0.07515,0.4720580763228938,4.797597292147365,4.6814258240363635,1.8442663426239594,2.7055930877735976,12.491315660805293,1.6894010759859846e-13,COMPLETE
823,0.06495,0.4505972859950569,4.3548083271808515,2.4424962701434825,0.7906314489555125,107.59872434463156,5.612803760053722,1.7411112824373338e-14,COMPLETE
824,0.0832,0.6248518062430063,4.958426658725357,8.359124144204223,0.4634053899763641,186.9306125540257,3.6008094906658137,3.0541645143911065e-11,COMPLETE
825,0.0588,0.3463704007440133,6.441782847931022,1.7519510271087413,1.8442663426239594,4.006173959705789,0.764092524644605,3.407169759582504e-13,COMPLETE
826,0.06775,0.3304498575615245,3.7523591558107,1.3526137167003873,12.412723646412944,490.51787937333165,2.606433764399818,3.649569116806477e-06,COMPLETE
827,0.0502,0.27821606371485086,3.570790721323194,1.0726049388472807,0.07261268023359602,51.0531204742495,0.037145330599528494,3.940696606650611e-07,COMPLETE
828,0.1021,0.545095605171554,1.0259334229668196,8.741900816624833,208.22607295194175,0.009707433566872849,0.03600742006897419,3.787929895519139e-07,COMPLETE
829,0.08835,0.10863583702116998,3.046425174476959,3.469234980735601,1.8442663426239594,0.17740617781052795,2.5484053364548584,0.0016604800433285792,COMPLETE
830,0.0811,0.30155631750859113,3.046425174476959,1.7519510271087413,1.8442663426239594,51.0531204742495,12.491315660805293,1.621364679176634e-08,COMPLETE
831,0.06345,0.3372419198336391,6.943625321882633,1.2421331378098548,0.016767417635497637,499.17852383685954,3.6008094906658137,3.407169759582504e-13,COMPLETE
832,0.11245,0.6869600634611476,4.335111916469993,9.369958274526958,208.22607295194175,0.1013397086496358,0.01777158201797886,7.242135537625552e-11,COMPLETE
833,0.11205,0.289310970016481,6.103623020551158,3.3801923275388828,104.61067826393281,0.004569612957571183,14.732118064935978,3.649569116806477e-06,COMPLETE
834,0.0683,0.49931729838191385,3.7523591558107,2.8036597183497527,0.016767417635497637,808.8074973688359,12.491315660805293,1.9043961097477443e-12,COMPLETE
835,0.07895,0.5159193479735994,4.707694731652751,6.875144787901625,0.21068030120772424,0.1013397086496358,0.11060646004395691,1.6894010759859846e-13,COMPLETE
836,0.05885,0.42669683350115456,4.958426658725357,3.812714163562798,0.07261268023359602,1.5630282565660134,94.9812382601241,1.4411310191528362e-14,COMPLETE
837,0.0995,0.787201582226416,7.051402036894628,6.875144787901625,123.52077947060401,0.06857317261521613,0.11060646004395691,1.6894010759859846e-13,COMPLETE
838,0.07225,0.4225527415059745,3.999286460242423,2.8036597183497527,0.019607071158490193,107.59872434463156,34.574222073764446,6.338054654029837e-09,COMPLETE
839,0.07155,0.6036969389927507,6.103623020551158,8.528259812725711,0.06483803734091015,0.08777741099799043,0.06896807247569771,2.450464818207948e-13,COMPLETE
840,0.05075,0.44558687563361166,7.051402036894628,2.2991799521485987,0.016767417635497637,186.9306125540257,34.574222073764446,3.286486186600864e-09,COMPLETE
841,0.11095,0.6177145232737098,3.0455122299916,7.394762847299449,0.07261268023359602,51.0531204742495,2.606433764399818,1.7411112824373338e-14,COMPLETE
842,0.072,0.20479665013690485,6.485051657135356,1.4234508712843703,0.33899932252483383,0.5218478141839406,1.4298640803911997,2.4830143540233527e-05,COMPLETE
843,0.0731,0.4783385262529725,4.797597292147365,2.8036597183497527,1.8442663426239594,672.3209709531104,76.57127726580364,1.6894010759859846e-13,COMPLETE
844,0.0766,0.5356158252132036,6.103623020551158,8.359124144204223,0.21068030120772424,0.08777741099799043,0.06896807247569771,3.0541645143911065e-11,COMPLETE
845,0.05595,0.22848450618129146,4.3548083271808515,1.3526137167003873,12.412723646412944,107.59872434463156,34.574222073764446,3.286486186600864e-09,COMPLETE
846,0.076,0.20109886048554876,6.943625321882633,5.751620494688234,0.4634053899763641,546.754814234046,3.6008094906658137,0.004019261915615234,COMPLETE
847,0.08115,0.6505182749019094,7.296565715563787,6.641926976422129,0.6975592224319972,51.59097383683859,1.4298640803911997,8.720647859508846e-11,COMPLETE
848,0.0729,0.49537987846476206,3.8944541270580193,2.2991799521485987,0.016767417635497637,110.16646134717259,2.606433764399818,1.7411112824373338e-14,COMPLETE
849,0.04825,0.34918879630108796,5.686980021608849,2.495247682234002,0.07327290330031712,3.858204027730059,59.2437895529571,4.737310773437738e-10,COMPLETE
850,0.07125,0.38104396998178847,5.719667260978259,2.8034123264003057,0.0704722088588804,0.009707433566872849,0.023189147228347615,8.720647859508846e-11,COMPLETE
851,0.0748,0.6280317060180702,2.8467952672042545,5.751620494688234,3090.9457533461396,173.71097957275188,14.732118064935978,3.0092675819548274e-09,COMPLETE
852,0.0745,0.549179491177097,4.958426658725357,3.812714163562798,0.18468504546596953,1.5630282565660134,0.22858843048746938,6.338054654029837e-09,COMPLETE
853,0.05635,0.2800900915387696,3.046425174476959,1.7519510271087413,0.016767417635497637,4.703038707832875,2.606433764399818,1.7411112824373338e-14,COMPLETE
854,0.06705,0.24753133020594842,3.046425174476959,1.3526137167003873,1.8442663426239594,186.9306125540257,34.574222073764446,3.286486186600864e-09,COMPLETE
855,0.04165,0.26907082134604765,7.051402036894628,1.3526137167003873,0.016767417635497637,2.1614493495127194,34.574222073764446,3.286486186600864e-09,COMPLETE
856,0.0689,0.5291421749958931,3.9256443106793255,2.8034123264003057,0.6975592224319972,0.5843906360485802,0.01777158201797886,2.0666794081164113e-08,COMPLETE
857,0.11355,0.6460177823788653,4.3548083271808515,8.041863572316117,0.07261268023359602,51.0531204742495,5.192615578479196,4.947611511752117e-06,COMPLETE
858,0.0417,0.19783674955187128,5.686980021608849,1.0205721987102223,0.10459622132976562,3.858204027730059,59.2437895529571,5.521087576123659e-10,COMPLETE
859,0.0732,0.04263387209812338,4.212799887486293,1.0202357232706227,1590.6065044067136,107.59872434463156,0.04021768980270018,3.286486186600864e-09,COMPLETE
860,0.07395,0.4517135429237045,2.6984946926717783,5.751620494688234,0.6975592224319972,0.35373828982121547,14.732118064935978,3.0092675819548274e-09,COMPLETE
861,0.08385,0.6550405220261603,6.103623020551158,8.741900816624833,59.72743679250432,0.9719900630695434,80.46577679760097,3.787929895519139e-07,COMPLETE
862,0.06005,0.4345710658848515,6.103623020551158,2.839979984936102,0.07261268023359602,0.08777741099799043,0.06896807247569771,5.521087576123659e-10,COMPLETE
863,0.0648,0.3710662294727054,6.485051657135356,1.4234508712843703,0.33899932252483383,107.59872434463156,0.16561793216939094,6.84161446778786e-11,COMPLETE
864,0.05265,0.32770474988786746,5.633083399427747,2.1053918430073795,1.8442663426239594,51.0531204742495,35.27365766825807,3.407169759582504e-13,COMPLETE
865,0.055,0.3785162100884894,7.051402036894628,2.8034123264003057,0.6975592224319972,546.754814234046,0.01777158201797886,8.720647859508846e-11,COMPLETE
866,0.06165,0.3711934889418358,6.943625321882633,1.9547591074568447,0.016767417635497637,546.754814234046,0.06896807247569771,3.0092675819548274e-09,COMPLETE
867,0.0541,0.24236876157587095,3.0455122299916,1.4234508712843703,0.33899932252483383,0.5218478141839406,1.4298640803911997,6.84161446778786e-11,COMPLETE
868,0.0698,0.5174195193026935,3.0455122299916,3.9365007887496466,0.4634053899763641,186.9306125540257,31.25473010391245,5.521087576123659e-10,COMPLETE
869,0.0521,0.22879108071292245,1.8265405681962819,1.0726049388472807,0.07261268023359602,51.0531204742495,5.192615578479196,8.056337936351784e-07,COMPLETE
870,0.0593,0.29725830261360087,0.8515071482956504,1.7519510271087413,1.8442663426239594,5.054984284069897,0.6274101136038682,1.621364679176634e-08,COMPLETE
871,0.0859,0.5168797224243025,4.029088236738399,3.322228802079697,0.07261268023359602,51.0531204742495,0.020340586733676527,7.242135537625552e-11,COMPLETE
872,0.07705,0.42361640613856827,4.958426658725357,3.812714163562798,0.18468504546596953,1.5630282565660134,3.6008094906658137,1.7490613815133438e-08,COMPLETE
873,0.0855,0.4985252351765536,7.051402036894628,2.60665629516803,0.1784805460542277,808.8074973688359,12.491315660805293,3.7789133588325826e-05,COMPLETE
874,0.10465,0.7531122665863961,5.719667260978259,8.741900816624833,208.22607295194175,0.1013397086496358,12.491315660805293,1.9043961097477443e-12,COMPLETE
875,0.08635,0.5042724526453585,3.0455122299916,4.145016270482376,0.07261268023359602,51.0531204742495,11.33177950023707,6.338054654029837e-09,COMPLETE
876,0.05535,0.36747607190580456,3.0455122299916,1.3526137167003873,12.412723646412944,477.9231958096872,5.192615578479196,3.649569116806477e-06,COMPLETE
877,0.04225,0.2787287030147029,4.958426658725357,1.0726049388472807,0.4634053899763641,546.754814234046,12.491315660805293,3.0541645143911065e-11,COMPLETE
878,0.04925,0.3702085897641867,6.943625321882633,1.7519510271087413,1.8442663426239594,4.006173959705789,0.764092524644605,3.407169759582504e-13,COMPLETE
879,0.0761,0.6234244618916653,4.797597292147365,8.359124144204223,1.8442663426239594,186.9306125540257,3.6008094906658137,1.0038384968131482e-10,COMPLETE
880,0.08785,0.6283493267287424,6.943625321882633,8.528259812725711,0.06483803734091015,4.703038707832875,0.027371668774221813,2.450464818207948e-13,COMPLETE
881,0.08,0.19382736946322024,4.3548083271808515,7.173856722721814,0.6975592224319972,107.59872434463156,0.01777158201797886,3.649569116806477e-06,COMPLETE
882,0.10385,0.8075556779439742,5.719667260978259,6.875144787901625,208.22607295194175,0.009707433566872849,0.023189147228347615,3.787929895519139e-07,COMPLETE
883,0.04205,0.27087896871772515,6.485051657135356,1.4234508712843703,0.33899932252483383,2.0518583729409148,80.46577679760097,5.521087576123659e-10,COMPLETE
884,0.04975,0.349068010885775,6.943625321882633,1.7519510271087413,0.016767417635497637,4.006173959705789,2.606433764399818,5.432263014140687e-13,COMPLETE
885,0.0606,0.2262019928013288,6.103623020551158,1.1763140582956046,0.039795245467244764,6.297650324316545,32.402705079574815,4.3883375142816094e-14,COMPLETE
886,0.0535,0.3000037227660108,3.0455122299916,1.0726049388472807,0.4634053899763641,186.9306125540257,3.6008094906658137,3.0541645143911065e-11,COMPLETE
887,0.0778,0.4907839543077714,4.958426658725357,8.87246922476152,0.2530783403376263,186.9306125540257,0.0247605531247782,3.811801850956625e-07,COMPLETE
888,0.06305,0.48871598448237946,7.051402036894628,2.8036597183497527,104.61067826393281,808.8074973688359,80.46577679760097,1.9043961097477443e-12,COMPLETE
889,0.08585,0.49759281049693344,3.046425174476959,2.6129697348435275,2.1403414857128893,4.703038707832875,0.027371668774221813,2.450464818207948e-13,COMPLETE
890,0.07855,0.6233664714062743,7.051402036894628,6.875144787901625,208.22607295194175,20.408863273668384,0.16561793216939094,3.286486186600864e-09,COMPLETE
891,0.07125,0.4384990366149245,7.051402036894628,2.8034123264003057,19.246714236649574,546.754814234046,0.01777158201797886,8.720647859508846e-11,COMPLETE
892,0.0699,0.3863165499949052,7.474350365928019,1.9370537087438828,20.14254886307457,546.754814234046,0.01777158201797886,3.787929895519139e-07,COMPLETE
893,0.07495,0.5973033983979367,4.335111916469993,5.647400104911777,0.016767417635497637,546.754814234046,2.5138048555731625,2.416437871917374e-13,COMPLETE
894,0.10775,0.6328170352193702,2.859707945007596,8.359124144204223,2661.553121751245,1.2594502646806938,4.230818933588808,1.5335060532903536e-12,COMPLETE
895,0.04855,0.30190944715876483,4.335111916469993,1.8275873588675844,0.01945159524641329,1.2594502646806938,17.543999742650467,1.6894010759859846e-13,COMPLETE
896,0.0756,0.6289174149343333,6.943625321882633,5.751620494688234,0.016767417635497637,19.443104586500976,4.489528332717799,3.0092675819548274e-09,COMPLETE
897,0.0697,0.468346907754088,5.719667260978259,2.2049656591593862,1.8442663426239594,0.009707433566872849,76.57127726580364,1.6894010759859846e-13,COMPLETE
898,0.05915,0.48685427295566597,6.943625321882633,2.2991799521485987,1.8442663426239594,4.006173959705789,0.10721811741197224,1.7411112824373338e-14,COMPLETE
899,0.07555,0.4558196049246944,7.051402036894628,2.8034123264003057,0.6975592224319972,186.9306125540257,59.81976922815267,3.811801850956625e-07,COMPLETE
900,0.0546,0.4285462736979559,5.633083399427747,2.8036597183497527,0.1784805460542277,0.7523831400290985,10.552691401088838,1.9043961097477443e-12,COMPLETE
901,0.07685,0.4007920457897145,7.051402036894628,2.53187422687127,0.6975592224319972,45.27582947856955,0.01777158201797886,4.854411414459457e-09,COMPLETE
902,0.0693,0.39832345664616475,4.335111916469993,1.7519510271087413,0.05477176214861042,1.2594502646806938,0.020340586733676527,7.242135537625552e-11,COMPLETE
903,0.06965,0.36135102511582373,6.103623020551158,1.783805364054492,1.8442663426239594,6.297650324316545,0.764092524644605,3.407169759582504e-13,COMPLETE
904,0.0702,0.27984948357655,2.8814808820443787,1.7519510271087413,0.7611005784512511,5.054984284069897,76.57127726580364,3.2162903520677726e-06,COMPLETE
905,0.07495,0.5256859718834375,6.655421352222268,4.6814258240363635,104.61067826393281,2.494396295686651,80.46577679760097,3.649569116806477e-06,COMPLETE
906,0.07155,0.42130122064724007,4.653916869245234,1.705826121544476,0.014099363455310808,546.754814234046,5.192615578479196,5.521087576123659e-10,COMPLETE
907,0.0705,0.44652080450929915,6.485051657135356,3.3801923275388828,0.33899932252483383,0.5218478141839406,1.4298640803911997,6.84161446778786e-11,COMPLETE
908,0.0617,0.4250405300066594,3.046425174476959,2.839979984936102,250.23452922987852,4.703038707832875,76.57127726580364,1.621364679176634e-08,COMPLETE
909,0.07335,0.4871334173674525,4.797597292147365,1.5148788024669808,4524.901575491659,4.006173959705789,0.764092524644605,3.407169759582504e-13,COMPLETE
910,0.08705,0.5760479377185186,4.335111916469993,3.1788912454430323,2661.553121751245,1.2594502646806938,17.543999742650467,7.242135537625552e-11,COMPLETE
911,0.0675,0.5463857858785597,7.051402036894628,2.2991799521485987,0.016767417635497637,546.754814234046,12.491315660805293,1.7411112824373338e-14,COMPLETE
912,0.04725,0.19464996820251618,2.849739176896708,1.0726049388472807,1.8442663426239594,51.0531204742495,76.57127726580364,5.521087576123659e-10,COMPLETE
913,0.07,0.6509010354375483,5.719667260978259,4.6814258240363635,0.07261268023359602,110.16646134717259,12.491315660805293,9.787752692175531e-12,COMPLETE
914,0.10695,0.3108363338797707,6.103623020551158,3.3801923275388828,104.61067826393281,0.00651048363269493,0.04230158567304581,3.649569116806477e-06,COMPLETE
915,0.07855,0.49153768345638554,3.0455122299916,2.2991799521485987,0.016767417635497637,110.16646134717259,2.606433764399818,5.521087576123659e-10,COMPLETE
916,0.0867,0.5799381222710859,5.719667260978259,6.875144787901625,104.61067826393281,0.3710234766141632,80.46577679760097,3.649569116806477e-06,COMPLETE
917,0.072,0.7046303323477171,4.3548083271808515,8.359124144204223,0.4634053899763641,186.9306125540257,34.574222073764446,3.649569116806477e-06,COMPLETE
918,0.08605,0.6156703800847404,4.958426658725357,6.641926976422129,0.4634053899763641,546.754814234046,3.6008094906658137,3.0541645143911065e-11,COMPLETE
919,0.0368,0.2011183845825918,7.051402036894628,1.0726049388472807,0.21068030120772424,0.027162083458583237,87.52890443929284,1.7411112824373338e-14,COMPLETE
920,0.08455,0.24645590669314102,2.8467952672042545,6.641926976422129,0.4634053899763641,546.754814234046,0.01777158201797886,1.5335060532903536e-12,COMPLETE
921,0.08495,0.6682007630174579,6.655421352222268,7.069082166164733,2.229111860196374,51.0531204742495,0.06896807247569771,3.787929895519139e-07,COMPLETE
922,0.06555,0.6334784244009173,5.719667260978259,5.205759601722676,16.83020652864549,186.9306125540257,3.6008094906658137,3.787929895519139e-07,COMPLETE
923,0.0954,0.6655795873416464,4.12703424226939,8.715913526897827,208.22607295194175,0.5218478141839406,1.4298640803911997,6.84161446778786e-11,COMPLETE
924,0.0493,0.26170957099496045,5.633083399427747,1.1173002719401177,20.14254886307457,51.0531204742495,0.023189147228347615,3.787929895519139e-07,COMPLETE
925,0.07845,0.44012714169496414,4.797597292147365,1.7519510271087413,1.0946066447217027,51.0531204742495,0.764092524644605,3.407169759582504e-13,COMPLETE
926,0.05085,0.27976090339949167,6.103623020551158,1.3526137167003873,104.61067826393281,107.59872434463156,34.574222073764446,3.649569116806477e-06,COMPLETE
927,0.05945,0.44154245828376504,4.653916869245234,3.3801923275388828,12.412723646412944,0.3710234766141632,80.46577679760097,3.649569116806477e-06,COMPLETE
928,0.06755,0.5415300847690184,3.046425174476959,8.359124144204223,0.4634053899763641,4.703038707832875,76.57127726580364,1.621364679176634e-08,COMPLETE
929,0.0752,0.4292625034884327,7.051402036894628,2.2991799521485987,12.68311262042614,107.59872434463156,0.16561793216939094,3.286486186600864e-09,COMPLETE
930,0.0402,0.3247450555324359,7.193751841756157,1.3526137167003873,12.412723646412944,107.59872434463156,34.574222073764446,5.521087576123659e-10,COMPLETE
931,0.0746,0.4231154349068694,4.029088236738399,1.7519510271087413,0.05477176214861042,4.006173959705789,0.020340586733676527,7.242135537625552e-11,COMPLETE
932,0.07365,0.5262991696678112,3.2730618995998086,9.721920600287941,0.4634053899763641,107.59872434463156,0.16561793216939094,3.0541645143911065e-11,COMPLETE
933,0.09705,0.6494769399175533,5.989976616159035,6.875144787901625,208.22607295194175,5.054984284069897,0.2202672480317458,1.621364679176634e-08,COMPLETE
934,0.06025,0.42144508263173247,6.943625321882633,1.7519510271087413,1.8442663426239594,22.407637910022196,0.764092524644605,5.432263014140687e-13,COMPLETE
935,0.05115,0.3528335299079806,6.485637796592137,2.2991799521485987,0.016767417635497637,2.912842432389511,12.491315660805293,2.1811143402963018e-10,COMPLETE
936,0.08845,0.5631536415891565,3.549865287038489,6.641926976422129,0.6975592224319972,0.004569612957571183,14.732118064935978,9.274226703370502e-12,COMPLETE
937,0.07065,0.48231716817790277,7.051402036894628,6.875144787901625,0.016767417635497637,0.06271631336554626,8.760724673290776,3.787929895519139e-07,COMPLETE
938,0.0547,0.2750764014181823,4.245433136721181,1.3526137167003873,12.412723646412944,107.59872434463156,9.335917224483186,3.787929895519139e-07,COMPLETE
939,0.0823,0.5806209381090053,4.029088236738399,6.875144787901625,0.05477176214861042,0.08777741099799043,0.029422466287264457,7.242135537625552e-11,COMPLETE
940,0.055,0.30051462464909234,4.3548083271808515,1.3449310934174328,12.412723646412944,4.006173959705789,0.764092524644605,5.098108565432827e-13,COMPLETE
941,0.0584,0.4487780408728102,6.103623020551158,2.839979984936102,0.21068030120772424,0.08777741099799043,0.06896807247569771,1.1682701663189634e-13,COMPLETE
942,0.08765,0.6249469751859353,4.335111916469993,3.888635608846746,2661.553121751245,1.2594502646806938,17.543999742650467,4.1757066819775827e-08,COMPLETE
943,0.04795,0.3392074497851144,7.051402036894628,1.7519510271087413,0.016767417635497637,0.0035241854716810458,0.764092524644605,3.407169759582504e-13,COMPLETE
944,0.07745,0.5446807500697574,4.958426658725357,3.465604023728266,0.4634053899763641,4.703038707832875,0.027371668774221813,3.0541645143911065e-11,COMPLETE
945,0.09915,0.6034946807313513,7.051402036894628,8.359124144204223,123.52077947060401,186.9306125540257,3.6008094906658137,1.7411112824373338e-14,COMPLETE
946,0.0839,0.6914436832898274,5.686980021608849,8.359124144204223,0.016767417635497637,186.9306125540257,3.6008094906658137,1.7411112824373338e-14,COMPLETE
947,0.0615,0.39696337186348446,3.999286460242423,3.3801923275388828,0.019607071158490193,1.1318497735392556,80.46577679760097,5.521087576123659e-10,COMPLETE
948,0.05335,0.48491821764440585,4.958426658725357,2.6338329439397503,208.22607295194175,1.5630282565660134,3.6008094906658137,3.787929895519139e-07,COMPLETE
949,0.0477,0.29983113829230384,5.633083399427747,1.0726049388472807,0.4634053899763641,51.0531204742495,0.06896807247569771,3.787929895519139e-07,COMPLETE
950,0.066,0.5111463912595876,5.686980021608849,2.2991799521485987,550.480594840587,110.16646134717259,2.606433764399818,1.7411112824373338e-14,COMPLETE
951,0.06425,0.32523951866840145,3.0455122299916,2.2991799521485987,0.07261268023359602,4.006173959705789,5.192615578479196,5.521087576123659e-10,COMPLETE
952,0.0651,0.5244380677494184,5.989976616159035,6.875144787901625,208.22607295194175,5.054984284069897,14.647641201609455,2.5575616101514215e-05,COMPLETE
953,0.0885,0.47175082688368974,5.686980021608849,9.670185754470639,32.703305185961696,3.858204027730059,59.2437895529571,2.1811143402963018e-10,COMPLETE
954,0.0779,0.6367847345631223,3.7504999685855958,6.641926976422129,0.6975592224319972,0.08777741099799043,0.01777158201797886,8.720647859508846e-11,COMPLETE
955,0.1251,0.7651374057625245,4.958426658725357,8.359124144204223,3090.9457533461396,0.004569612957571183,66.24478620881496,3.0541645143911065e-11,COMPLETE
956,0.06285,0.3851172574873795,2.8467952672042545,1.4234508712843703,0.4634053899763641,51.0531204742495,1.4298640803911997,6.84161446778786e-11,COMPLETE
957,0.0784,0.45285457893654585,5.719667260978259,2.2991799521485987,0.016767417635497637,110.16646134717259,2.606433764399818,1.7411112824373338e-14,COMPLETE
958,0.08335,0.4569967711698241,3.999286460242423,2.5118580794078285,1.9562826277387932,55.29124057933768,1.4298640803911997,2.1811143402963018e-10,COMPLETE
959,0.06025,0.3377002122974607,6.943625321882633,1.7519510271087413,1.8442663426239594,4.006173959705789,0.764092524644605,3.407169759582504e-13,COMPLETE
960,0.0748,0.428273160056774,3.999286460242423,3.812714163562798,0.019607071158490193,1.5630282565660134,1.4298640803911997,6.338054654029837e-09,COMPLETE
961,0.07235,0.4181840575553962,2.1743034982094738,6.875144787901625,3.3033067263806895,0.009707433566872849,0.0247605531247782,3.787929895519139e-07,COMPLETE
962,0.06245,0.04561010573789614,5.719667260978259,1.9370537087438828,208.22607295194175,51.0531204742495,0.01777158201797886,3.787929895519139e-07,COMPLETE
963,0.1313,0.6392280407602804,5.719667260978259,3.960084460746892,208.22607295194175,0.007259461628717498,0.0834921075858861,3.787929895519139e-07,COMPLETE
964,0.0716,0.45015415942716436,3.0455122299916,2.2991799521485987,0.016767417635497637,546.754814234046,12.491315660805293,5.521087576123659e-10,COMPLETE
965,0.0615,0.35568220418939145,5.719667260978259,2.2991799521485987,0.016767417635497637,0.016483345622572778,0.01777158201797886,9.787752692175531e-12,COMPLETE
966,0.07275,0.5939101984640127,6.103623020551158,7.9005543828991485,1.9562826277387932,0.031585837856223396,59.2437895529571,2.1811143402963018e-10,COMPLETE
967,0.07555,0.6504368327020489,7.296565715563787,9.890916012877245,0.016767417635497637,0.047570004104159534,0.01777158201797886,3.0092675819548274e-09,COMPLETE
968,0.07015,0.3860691979664784,4.958426658725357,3.3801923275388828,0.33899932252483383,0.5362196401258538,1.4298640803911997,4.737310773437738e-10,COMPLETE
969,0.0546,0.3685632922832173,5.719667260978259,1.7666637440294541,0.016767417635497637,110.16646134717259,10.886328142457389,7.242135537625552e-11,COMPLETE
970,0.07235,0.35000931509265093,0.5023112597628044,1.9276560174962802,0.039795245467244764,1.3748927651384817,0.023189147228347615,3.787929895519139e-07,COMPLETE
971,0.0542,0.22064569513777765,3.0455122299916,1.0726049388472807,0.6975592224319972,51.0531204742495,0.01777158201797886,9.274226703370502e-12,COMPLETE
972,0.08225,0.14404016371917047,6.103623020551158,3.3801923275388828,104.61067826393281,0.3710234766141632,80.46577679760097,0.0036328160581937,COMPLETE
973,0.0524,0.2742906236522932,3.046425174476959,1.7519510271087413,35.34714864293988,4.703038707832875,76.57127726580364,1.621364679176634e-08,COMPLETE
974,0.0498,0.3537041996879499,1.2584443573014665,2.8036597183497527,4.560243754931195,3.858204027730059,59.2437895529571,1.9043961097477443e-12,COMPLETE
975,0.04645,0.3078203445534626,6.943625321882633,1.7519510271087413,3.284683727650584,110.16646134717259,0.01777158201797886,5.432263014140687e-13,COMPLETE
976,0.0821,0.5661373008462373,6.655421352222268,5.113119572952756,0.07261268023359602,51.0531204742495,0.06466442421632523,6.338054654029837e-09,COMPLETE
977,0.06915,0.41510711616959123,7.296565715563787,6.641926976422129,0.6975592224319972,10.344637065820391,0.01777158201797886,3.649569116806477e-06,COMPLETE
978,0.04725,0.3004146649432761,6.655421352222268,1.4234508712843703,0.33899932252483383,51.0531204742495,12.491315660805293,6.338054654029837e-09,COMPLETE
979,0.04785,0.26423715134330045,5.719667260978259,1.2997368745646833,0.18468504546596953,186.9306125540257,0.0247605531247782,3.811801850956625e-07,COMPLETE
980,0.0708,0.6196959218907815,7.051402036894628,4.6814258240363635,0.07261268023359602,107.59872434463156,12.491315660805293,6.338054654029837e-09,COMPLETE
981,0.057,0.5670946725784636,6.103623020551158,3.3801923275388828,104.61067826393281,0.3710234766141632,80.46577679760097,3.649569116806477e-06,COMPLETE
982,0.09335,0.6360171387977448,4.958426658725357,3.3801923275388828,1359.5918715789169,0.5362196401258538,24.955757031227908,4.737310773437738e-10,COMPLETE
983,0.05525,0.27730053783031944,3.0455122299916,1.5755897189048509,0.07261268023359602,12.292812033684328,5.192615578479196,3.0541645143911065e-11,COMPLETE
984,0.07605,0.549021598756968,6.943625321882633,2.2991799521485987,7375.585218051933,110.16646134717259,14.732118064935978,9.787752692175531e-12,COMPLETE
985,0.0856,0.17221571281342268,6.802286994195404,2.809259653462604,0.6975592224319972,0.001312944883317581,34.574222073764446,3.649569116806477e-06,COMPLETE
986,0.078,0.6327212620613973,2.8467952672042545,6.039735467670868,0.4634053899763641,51.0531204742495,4.230818933588808,1.5335060532903536e-12,COMPLETE
987,0.0894,0.5627062779312638,6.655421352222268,4.6814258240363635,964.8272692275405,432.4833629017861,2.606433764399818,1.735392761179923e-05,COMPLETE
988,0.05895,0.4000781901251003,7.051402036894628,1.5663334940068876,1947.628834735408,808.8074973688359,12.491315660805293,9.787752692175531e-12,COMPLETE
989,0.0855,0.1396732088996593,5.719667260978259,6.641926976422129,2533.6916897999126,546.754814234046,0.01777158201797886,9.274226703370502e-12,COMPLETE
990,0.0722,0.6040001993789603,6.943625321882633,5.751620494688234,0.01844558000984798,186.9306125540257,12.63448282565223,3.0092675819548274e-09,COMPLETE
991,0.06285,0.33123650624356665,4.029088236738399,1.7519510271087413,0.05477176214861042,0.08777741099799043,0.020340586733676527,8.777727458976328e-13,COMPLETE
992,0.0564,0.5733279039119538,6.019990742215804,7.8078637347278095,0.1784805460542277,0.5362196401258538,3.6008094906658137,1.9043961097477443e-12,COMPLETE
993,0.0594,0.44146782934435985,7.371731789186595,3.3801923275388828,12.412723646412944,4.890455014841115,5.192615578479196,6.973866590806984e-07,COMPLETE
994,0.05895,0.34967866389514657,6.655421352222268,2.2991799521485987,0.010601510628514445,0.0040191359975764755,0.04989504186148276,9.787752692175531e-12,COMPLETE
995,0.07355,0.04666465274176851,5.719667260978259,2.2991799521485987,7549.538487778857,110.16646134717259,0.01777158201797886,9.787752692175531e-12,COMPLETE
996,0.08175,0.5433323685030071,4.958426658725357,3.3801923275388828,104.61067826393281,186.9306125540257,3.6008094906658137,3.0541645143911065e-11,COMPLETE
997,0.05665,0.40243547379675954,6.679118635492903,2.839979984936102,0.21068030120772424,0.08777741099799043,0.9585130827879776,6.667839783886985e-09,COMPLETE
998,0.0973,0.48994411310670877,1.0777340000614557,5.751620494688234,0.4634053899763641,51.0531204742495,14.732118064935978,1.5335060532903536e-12,COMPLETE
999,0.07675,0.5489335890156324,6.655421352222268,2.8036597183497527,0.1784805460542277,808.8074973688359,12.491315660805293,1.9043961097477443e-12,COMPLETE
1000,0.07375,0.52514249442085,7.296565715563787,6.641926976422129,0.6975592224319972,12.586883344261294,0.01777158201797886,9.274226703370502e-12,COMPLETE
1001,0.08835,0.6018093287102001,4.140705084611316,5.942797629340911,1.8442663426239594,4.006173959705789,0.764092524644605,3.407169759582504e-13,COMPLETE
1002,0.06085,0.3289923493819069,5.837324551189813,2.825035926636345,0.4634053899763641,0.1013397086496358,0.01777158201797886,3.649569116806477e-06,COMPLETE
1003,0.0768,0.5427667758663425,7.051402036894628,8.359124144204223,0.4634053899763641,0.011940747250039194,34.574222073764446,3.286486186600864e-09,COMPLETE
1004,0.07595,0.502090050917691,4.958426658725357,3.3801923275388828,104.61067826393281,0.5362196401258538,3.6008094906658137,4.737310773437738e-10,COMPLETE
1005,0.038,0.31193998006728846,7.296565715563787,1.145542780904664,0.6975592224319972,546.754814234046,0.01777158201797886,9.274226703370502e-12,COMPLETE
1006,0.04265,0.25136281975394553,4.653916869245234,1.0726049388472807,12.412723646412944,51.0531204742495,5.192615578479196,5.521087576123659e-10,COMPLETE
1007,0.0936,0.816337530836598,7.051402036894628,6.875144787901625,123.52077947060401,0.08777741099799043,0.11060646004395691,1.6894010759859846e-13,COMPLETE
1008,0.05715,0.178622069542874,3.0455122299916,1.0726049388472807,1.8442663426239594,4.703038707832875,76.57127726580364,1.621364679176634e-08,COMPLETE
1009,0.05945,0.4011011607404152,4.335111916469993,3.1788912454430323,1.9562826277387932,1.2594502646806938,17.543999742650467,2.1811143402963018e-10,COMPLETE
1010,0.0707,0.5733170148796747,7.051402036894628,2.8034123264003057,0.018905779766962255,546.754814234046,3.216242699506585,1.7411112824373338e-14,COMPLETE
1011,0.05645,0.4584659532067487,6.943625321882633,2.4277658505765976,0.07261268023359602,546.754814234046,95.76328334443369,3.0092675819548274e-09,COMPLETE
1012,0.05975,0.5008662517647843,7.051402036894628,2.2991799521485987,0.016767417635497637,546.754814234046,12.491315660805293,3.787929895519139e-07,COMPLETE
1013,0.1311,0.7389099382318375,4.041350986588769,6.875144787901625,123.52077947060401,0.06857317261521613,0.11060646004395691,1.6894010759859846e-13,COMPLETE
1014,0.04465,0.2845955069142529,4.335111916469993,1.7519510271087413,0.050307560982052926,4.006173959705789,17.543999742650467,7.242135537625552e-11,COMPLETE
1015,0.0795,0.3915432875230139,3.0455122299916,2.2991799521485987,0.23267174728402856,61.35853723638501,0.01777158201797886,5.521087576123659e-10,COMPLETE
1016,0.04865,0.2798043875202302,4.3548083271808515,1.3526137167003873,12.412723646412944,107.59872434463156,34.574222073764446,3.649569116806477e-06,COMPLETE
1017,0.10075,0.6339257793281516,5.719667260978259,3.179670090469718,208.22607295194175,0.009707433566872849,0.02771473961266056,3.787929895519139e-07,COMPLETE
1018,0.06145,0.4310682256323948,5.517532296506668,1.7519510271087413,1.8442663426239594,4.006173959705789,0.020340586733676527,3.407169759582504e-13,COMPLETE
1019,0.05785,0.3771325845631279,5.989976616159035,2.5118580794078285,1.8442663426239594,3.858204027730059,76.57127726580364,1.621364679176634e-08,COMPLETE
1020,0.08475,0.6013661632309228,6.943625321882633,4.6814258240363635,0.016767417635497637,1.5906661709601175,0.012333623722699088,6.338054654029837e-09,COMPLETE
1021,0.08355,0.4039941164386917,5.199699013291426,2.2991799521485987,0.016767417635497637,110.16646134717259,0.16561793216939094,3.286486186600864e-09,COMPLETE
1022,0.0721,0.6573438883031034,4.958426658725357,8.359124144204223,0.4634053899763641,186.9306125540257,3.6008094906658137,5.521087576123659e-10,COMPLETE
1023,0.07915,0.42471391753178167,2.8467952672042545,3.08516892704702,0.4634053899763641,8.64938516840101,4.230818933588808,3.407169759582504e-13,COMPLETE
1024,0.0587,0.33070666981668995,6.655421352222268,1.7519510271087413,0.07261268023359602,0.08777741099799043,0.020340586733676527,7.242135537625552e-11,COMPLETE
1025,0.0563,0.40009417562605853,3.7523591558107,2.2991799521485987,0.016767417635497637,186.9306125540257,34.574222073764446,6.40525020254831e-10,COMPLETE
1026,0.0887,0.6805639815261764,6.655421352222268,8.741900816624833,208.22607295194175,1.0900923924383954,12.491315660805293,8.1032159991369e-12,COMPLETE
1027,0.05685,0.27565175983582246,3.046425174476959,1.7519510271087413,1.8442663426239594,4.703038707832875,1.4298640803911997,1.621364679176634e-08,COMPLETE
1028,0.0703,0.2522840571897118,0.4384301365593437,1.7519510271087413,0.6975592224319972,242.637915598247,76.57127726580364,8.720647859508846e-11,COMPLETE
1029,0.04715,0.20051901322775198,1.830340287933784,1.4234508712843703,0.01669830320232758,0.5362196401258538,1.4298640803911997,1.9043961097477443e-12,COMPLETE
1030,0.07855,0.6224586340170339,6.103623020551158,6.970939129071404,0.016767417635497637,0.047570004104159534,0.01777158201797886,1.1682701663189634e-13,COMPLETE
1031,0.1191,0.7780125067863483,5.719667260978259,6.875144787901625,208.22607295194175,0.009707433566872849,6.113361930786812,3.787929895519139e-07,COMPLETE
1032,0.0813,0.6361133966335373,4.958426658725357,6.688587334716389,0.18468504546596953,1.5630282565660134,0.04989504186148276,2.013186121683812e-08,COMPLETE
1033,0.09345,0.6043526054504585,3.0455122299916,6.875144787901625,208.22607295194175,0.0017919265380227443,0.037145330599528494,3.787929895519139e-07,COMPLETE
1034,0.06165,0.4591077161534486,4.958426658725357,2.2991799521485987,208.22607295194175,1.5630282565660134,3.6008094906658137,3.787929895519139e-07,COMPLETE
1035,0.09795,0.7903547139383257,5.719667260978259,6.875144787901625,208.22607295194175,0.1013397086496358,0.06896807247569771,1.6894010759859846e-13,COMPLETE
1036,0.0749,0.19927603858752335,1.1625522561898967,1.0726049388472807,208.22607295194175,51.0531204742495,3.6008094906658137,1.5260603586671783e-06,COMPLETE
1037,0.0906,0.34351246284393616,5.686980021608849,2.5118580794078285,2433.7784142550545,3.858204027730059,0.07524110751582844,5.4549222033692975e-14,COMPLETE
1038,0.0543,0.17753558768239092,5.719667260978259,1.0726049388472807,0.07261268023359602,0.1013397086496358,0.11060646004395691,5.521087576123659e-10,COMPLETE
1039,0.05725,0.2831350785755817,7.051402036894628,2.2991799521485987,0.016767417635497637,110.16646134717259,0.01777158201797886,8.720647859508846e-11,COMPLETE
1040,0.07275,0.3557086575813009,3.7877258920765238,2.839979984936102,1.0948273534540924,0.08777741099799043,2.7301983278807467,5.521087576123659e-10,COMPLETE
1041,0.06815,0.1942223115024549,4.3548083271808515,1.3992681928979687,123.52077947060401,107.59872434463156,0.02584381888671511,1.6894010759859846e-13,COMPLETE
1042,0.07715,0.6480864377468353,5.719667260978259,6.875144787901625,0.4634053899763641,186.9306125540257,3.6008094906658137,6.97316218235209e-11,COMPLETE
1043,0.07985,0.6307777284018055,7.296565715563787,6.641926976422129,0.6975592224319972,0.12480776742786713,0.01777158201797886,8.720647859508846e-11,COMPLETE
1044,0.10295,0.8134847614044766,6.943625321882633,9.890916012877245,3090.9457533461396,0.047570004104159534,0.04082369646290137,1.9897264125379086e-06,COMPLETE
1045,0.10865,0.6210511739739231,7.051402036894628,8.359124144204223,60.29141636497916,0.06857317261521613,0.11060646004395691,3.649569116806477e-06,COMPLETE
1046,0.0782,0.7040385729893099,7.296565715563787,9.890916012877245,0.016767417635497637,0.047570004104159534,0.01777158201797886,3.0092675819548274e-09,COMPLETE
1047,0.07495,0.414790172955654,4.335111916469993,3.1788912454430323,121.69847457277554,1.2594502646806938,17.543999742650467,7.242135537625552e-11,COMPLETE
1048,0.0797,0.3476461464238719,0.17428856190567082,6.875144787901625,208.22607295194175,0.009707433566872849,0.023189147228347615,3.787929895519139e-07,COMPLETE
1049,0.06465,0.41693561211787,5.701405112971815,2.2991799521485987,0.016767417635497637,110.16646134717259,0.01777158201797886,1.8240281457617794e-12,COMPLETE
1050,0.0749,0.425898389757702,6.485051657135356,3.3801923275388828,0.33899932252483383,0.5218478141839406,1.4298640803911997,9.491583369340267e-09,COMPLETE
1051,0.0572,0.3055684103618995,4.958426658725357,1.7519510271087413,0.18468504546596953,1.5630282565660134,3.6008094906658137,7.242135537625552e-11,COMPLETE
1052,0.06055,0.2813996147769898,4.029088236738399,1.7519510271087413,1.9562826277387932,3.858204027730059,59.2437895529571,2.1811143402963018e-10,COMPLETE
1053,0.0462,0.20395479561564284,3.0455122299916,1.0726049388472807,0.07261268023359602,51.0531204742495,5.192615578479196,7.242135537625552e-11,COMPLETE
1054,0.0761,0.4810665940004661,6.943625321882633,2.556041911079979,13.15454158398503,110.16646134717259,0.764092524644605,5.432263014140687e-13,COMPLETE
1055,0.0851,0.6497726895953668,7.051402036894628,6.875144787901625,0.1784805460542277,5.162026902638173,0.4789141661116983,2.4454857476599097e-07,COMPLETE
1056,0.08025,0.15126866315577725,3.0455122299916,1.3605884401776378,0.07261268023359602,0.009707433566872849,5.192615578479196,3.787929895519139e-07,COMPLETE
1057,0.0729,0.5272070710390807,6.103623020551158,3.3801923275388828,0.016767417635497637,2.699764989119431,0.01777158201797886,2.6929959253364194e-10,COMPLETE
1058,0.0724,0.6261103461102095,6.555801837170016,4.6814258240363635,0.07261268023359602,2.28514007462796,0.01777158201797886,6.338054654029837e-09,COMPLETE
1059,0.0551,0.42456184148722376,4.797597292147365,1.7519510271087413,20.14254886307457,51.0531204742495,0.764092524644605,3.787929895519139e-07,COMPLETE
1060,0.05695,0.3734928304073756,7.296565715563787,1.7519510271087413,0.6975592224319972,0.12480776742786713,0.01777158201797886,1.5016108089799738e-09,COMPLETE
1061,0.04725,0.3200218564189981,6.485051657135356,1.0726049388472807,0.33899932252483383,51.0531204742495,1.4298640803911997,6.84161446778786e-11,COMPLETE
1062,0.0968,0.6857710310476844,6.655421352222268,8.359124144204223,1.0946066447217027,0.004569612957571183,66.24478620881496,3.0541645143911065e-11,COMPLETE
1063,0.05,0.37016267538206105,3.046425174476959,1.7519510271087413,0.4634053899763641,546.754814234046,76.57127726580364,3.1478206886731276e-08,COMPLETE
1064,0.0689,0.4786452002977968,4.958426658725357,2.6338329439397503,208.22607295194175,1.5630282565660134,3.6008094906658137,3.787929895519139e-07,COMPLETE
1065,0.0726,0.7159771394021471,4.958426658725357,7.242098619980624,0.4634053899763641,186.9306125540257,34.574222073764446,3.649569116806477e-06,COMPLETE
1066,0.0791,0.3774325361180297,7.371731789186595,3.3801923275388828,1.8278642465471888,2.0518583729409148,80.46577679760097,3.649569116806477e-06,COMPLETE
1067,0.07655,0.49897126962885097,3.046425174476959,6.641926976422129,1.8442663426239594,0.12480776742786713,4.863957911330009,2.0199589887474596e-14,COMPLETE
1068,0.0634,0.3236888412654777,6.655421352222268,1.0726049388472807,95.73936007050767,51.0531204742495,0.04989504186148276,2.013186121683812e-08,COMPLETE
1069,0.0685,0.37730561820303854,0.7982238985628478,3.79227694063338,0.1784805460542277,0.5362196401258538,3.6008094906658137,2.1777842788488118e-06,COMPLETE
1070,0.10055,0.5995528288218901,0.8707261536225619,8.359124144204223,0.016767417635497637,110.16646134717259,2.606433764399818,7.057547308392387e-09,COMPLETE
1071,0.0687,0.48813156844972516,5.974686340958091,2.2991799521485987,1.8442663426239594,110.16646134717259,0.764092524644605,1.7411112824373338e-14,COMPLETE
1072,0.06425,0.019428556470740266,7.296565715563787,6.641926976422129,0.4634053899763641,51.0531204742495,0.010889969027670416,0.007834583109766256,COMPLETE
1073,0.0772,0.6513692400390305,7.296565715563787,6.641926976422129,0.6975592224319972,0.003452160787086631,5.192615578479196,4.3648284573015266e-11,COMPLETE
1074,0.0513,0.20190612641848588,4.3548083271808515,1.0726049388472807,0.4634053899763641,51.0531204742495,34.574222073764446,5.521087576123659e-10,COMPLETE
1075,0.07785,0.552318550806479,5.989976616159035,1.7519510271087413,208.22607295194175,0.1013397086496358,0.11060646004395691,1.621364679176634e-08,COMPLETE
1076,0.0787,0.5307081461178895,7.051402036894628,2.8036597183497527,1.7381349353312827,139.61981983587773,12.491315660805293,1.9043961097477443e-12,COMPLETE
1077,0.07145,0.41546615698710176,3.7523591558107,1.7519510271087413,3.284683727650584,110.16646134717259,2.680994369519196,5.432263014140687e-13,COMPLETE
1078,0.07745,0.49939920385008846,7.051402036894628,2.8036597183497527,0.07261268023359602,808.8074973688359,12.491315660805293,5.521087576123659e-10,COMPLETE
1079,0.07435,0.3992564803555277,1.6027673741435646,1.7519510271087413,1.8442663426239594,391.7044072417366,0.764092524644605,3.407169759582504e-13,COMPLETE
1080,0.0659,0.49846736554029164,4.958426658725357,2.2991799521485987,0.016767417635497637,110.16646134717259,2.606433764399818,1.7411112824373338e-14,COMPLETE
1081,0.07045,0.5765969669032984,4.57534050027164,6.875144787901625,0.016767417635497637,0.047570004104159534,0.01777158201797886,3.0092675819548274e-09,COMPLETE
1082,0.14055,0.7704951187437051,4.958426658725357,8.359124144204223,3090.9457533461396,0.004569612957571183,0.01777158201797886,3.0541645143911065e-11,COMPLETE
1083,0.0732,0.40363898210737004,3.046425174476959,1.7519510271087413,4920.762370815237,4.703038707832875,76.57127726580364,1.7411112824373338e-14,COMPLETE
1084,0.063,0.2999137096723927,6.103623020551158,1.7519510271087413,0.21068030120772424,0.08777741099799043,0.020340586733676527,1.1635363013374307e-14,COMPLETE
1085,0.1052,0.6517576961148683,4.958426658725357,4.6814258240363635,3090.9457533461396,0.10278728951217363,12.491315660805293,3.0541645143911065e-11,COMPLETE
1086,0.0507,0.2664674041470328,4.653916869245234,1.0726049388472807,12.412723646412944,51.0531204742495,0.01777158201797886,3.0092675819548274e-09,COMPLETE
1087,0.0815,0.5441676954466464,0.8488948147205232,6.875144787901625,4.337104387215193,0.003414358497008155,7.9619829957935435,1.6894010759859846e-13,COMPLETE
1088,0.09635,0.5388982668044336,4.029088236738399,5.743419928636016,0.05477176214861042,8.478400853291632,0.020340586733676527,7.242135537625552e-11,COMPLETE
1089,0.0821,0.524108343294572,4.3548083271808515,7.8078637347278095,0.37240378326002116,0.5362196401258538,3.6008094906658137,1.9043961097477443e-12,COMPLETE
1090,0.0742,0.4930988420480488,6.485051657135356,4.6814258240363635,0.07261268023359602,0.5218478141839406,12.491315660805293,6.338054654029837e-09,COMPLETE
1091,0.09255,0.624241868984432,7.345248839946649,2.6338329439397503,340.5467931589891,0.004569612957571183,3.6008094906658137,3.787929895519139e-07,COMPLETE
1092,0.102,0.5480991943027252,2.8467952672042545,9.205674212878165,0.4634053899763641,51.0531204742495,4.230818933588808,4.4154407907055135e-14,COMPLETE
1093,0.09435,0.609440900587038,4.3548083271808515,8.359124144204223,20.14254886307457,51.0531204742495,0.7479602477652876,3.787929895519139e-07,COMPLETE
1094,0.0899,0.7032592239506548,6.655421352222268,5.113119572952756,1.0946066447217027,0.0014916312876942998,0.04989504186148276,1.1682701663189634e-13,COMPLETE
1095,0.0643,0.39135551352933007,3.046425174476959,1.7519510271087413,1.8442663426239594,4.703038707832875,0.06896807247569771,1.621364679176634e-08,COMPLETE
1096,0.04935,0.22683952382997155,7.296565715563787,1.1277921167404463,0.6975592224319972,0.12480776742786713,0.764092524644605,8.720647859508846e-11,COMPLETE
1097,0.06195,0.5598627247846633,7.051402036894628,2.686335699777961,0.1784805460542277,808.8074973688359,12.491315660805293,1.9043961097477443e-12,COMPLETE
1098,0.07635,0.38171657144185417,0.7886140997507057,2.839979984936102,0.21068030120772424,0.08777741099799043,0.024909722141418872,1.1682701663189634e-13,COMPLETE
1099,0.096,0.5713480350275657,4.958426658725357,8.359124144204223,0.4634053899763641,4.819354710115999,0.023189147228347615,3.0541645143911065e-11,COMPLETE
1100,0.045,0.17909647979889193,3.0455122299916,1.0726049388472807,0.033455449609671756,0.047570004104159534,0.01777158201797886,3.0092675819548274e-09,COMPLETE
1101,0.0462,0.3044391819869508,6.943625321882633,1.7519510271087413,0.057952965585384576,4.006173959705789,76.57127726580364,3.407169759582504e-13,COMPLETE
1102,0.1076,0.555141785529023,4.3548083271808515,8.359124144204223,0.18468504546596953,186.9306125540257,3.6008094906658137,3.649569116806477e-06,COMPLETE
1103,0.05675,0.3075963083209426,6.103623020551158,1.7519510271087413,104.61067826393281,4.703038707832875,80.46577679760097,1.621364679176634e-08,COMPLETE
1104,0.11915,0.7207006155986896,6.943625321882633,5.751620494688234,3090.9457533461396,0.004569612957571183,14.732118064935978,3.0092675819548274e-09,COMPLETE
1105,0.0772,0.5212718946420792,6.655421352222268,5.113119572952756,1.0946066447217027,51.0531204742495,0.04989504186148276,2.013186121683812e-08,COMPLETE
1106,0.0935,0.5868030490878546,6.555801837170016,4.6814258240363635,0.016767417635497637,110.16646134717259,2.606433764399818,6.338054654029837e-09,COMPLETE
1107,0.0502,0.2207437839473956,3.0455122299916,1.3183760033019234,0.07261268023359602,0.1013397086496358,0.06896807247569771,3.748646922272629e-14,COMPLETE
1108,0.07565,0.49953193776622745,6.103623020551158,3.3801923275388828,40.056211019093816,0.08777741099799043,80.46577679760097,3.649569116806477e-06,COMPLETE
1109,0.0926,0.4112824179647503,5.982066876080524,4.6814258240363635,0.07261268023359602,2.28514007462796,0.01777158201797886,1.9897264125379086e-06,COMPLETE
1110,0.05245,0.2913548191172462,3.6125232994467185,1.0726049388472807,0.07261268023359602,6.431176315051276,0.037145330599528494,1.1690703573160312e-11,COMPLETE
1111,0.0536,0.3349714965518784,6.555801837170016,1.7519510271087413,53.0564835384463,2.28514007462796,0.764092524644605,6.338054654029837e-09,COMPLETE
1112,0.0588,0.20532060084655654,5.719667260978259,1.2997368745646833,0.18468504546596953,0.009707433566872849,0.0247605531247782,3.787929895519139e-07,COMPLETE
1113,0.0888,0.49725337988361024,5.974686340958091,5.588572277928419,1.8442663426239594,0.04153146748566293,0.764092524644605,1.962132118333243e-08,COMPLETE
1114,0.0632,0.42403067371277714,4.3548083271808515,3.90988141292412,12.412723646412944,3.858204027730059,34.287494839932144,6.775223367149507e-05,COMPLETE
1115,0.0927,0.26814911694262994,5.152885615691349,8.741900816624833,208.22607295194175,0.1013397086496358,2.606433764399818,2.491908114343091e-05,COMPLETE
1116,0.04885,0.3035713118292768,4.958426658725357,1.0726049388472807,3985.483445373554,546.754814234046,3.6008094906658137,3.0541645143911065e-11,COMPLETE
1117,0.07655,0.700644266685185,2.5763246119278818,6.875144787901625,208.22607295194175,0.009707433566872849,0.023189147228347615,3.787929895519139e-07,COMPLETE
1118,0.04385,0.22807027305898,4.797597292147365,1.0726049388472807,0.07261268023359602,4.006173959705789,0.764092524644605,5.521087576123659e-10,COMPLETE
1119,0.0502,0.2533880158362629,6.103623020551158,1.3526137167003873,12.412723646412944,107.59872434463156,80.46577679760097,3.649569116806477e-06,COMPLETE
1120,0.056,0.22875528271432455,4.797597292147365,1.4234508712843703,1.8442663426239594,0.5218478141839406,0.764092524644605,6.84161446778786e-11,COMPLETE
1121,0.05835,0.1958381334040706,3.337894557168487,1.0726049388472807,0.18468504546596953,186.9306125540257,0.037145330599528494,3.811801850956625e-07,COMPLETE
1122,0.06745,0.4821395174501163,5.719667260978259,2.2991799521485987,0.016767417635497637,72.34854326126346,2.606433764399818,1.7411112824373338e-14,COMPLETE
1123,0.07625,0.6345390157926769,3.7523591558107,8.359124144204223,0.016767417635497637,110.16646134717259,4.230818933588808,1.5335060532903536e-12,COMPLETE
1124,0.0702,0.5341718876249448,4.653916869245234,3.3801923275388828,104.61067826393281,0.3710234766141632,5.192615578479196,3.649569116806477e-06,COMPLETE
1125,0.0752,0.3547411067429934,6.943625321882633,2.2991799521485987,1.8442663426239594,4.006173959705789,1.1121165603137946,1.7411112824373338e-14,COMPLETE
1126,0.06025,0.2282023693163751,3.046425174476959,1.7519510271087413,1.8442663426239594,0.3710234766141632,76.57127726580364,3.649569116806477e-06,COMPLETE
1127,0.0729,0.44046811456953544,4.958426658725357,7.242098619980624,1.9190982083610688,0.1013397086496358,34.574222073764446,3.649569116806477e-06,COMPLETE
1128,0.06065,0.4500284848420633,3.7523591558107,2.2991799521485987,0.016767417635497637,110.16646134717259,0.11060646004395691,1.7411112824373338e-14,COMPLETE
1129,0.0803,0.559891897703859,5.974686340958091,4.830329598292491,3.774872290755579,795.9536565913329,1.4186283538347184,1.7411112824373338e-14,COMPLETE
1130,0.07615,0.5597981749369841,5.300684552700785,3.245596936964539,0.4634053899763641,51.0531204742495,7.737605172333476,1.6894010759859846e-13,COMPLETE
1131,0.07695,0.46290921451755673,3.7523591558107,2.2991799521485987,2661.553121751245,1.2594502646806938,0.03510882688956507,1.7411112824373338e-14,COMPLETE
1132,0.08845,0.6935968917063048,7.296565715563787,6.641926976422129,0.6975592224319972,0.2504340183425954,0.01777158201797886,3.407169759582504e-13,COMPLETE
1133,0.13655,0.7962219601912519,5.719667260978259,6.875144787901625,208.22607295194175,0.009707433566872849,0.023189147228347615,1.089877579794414e-06,COMPLETE
1134,0.06605,0.3395173374663983,3.0455122299916,2.2991799521485987,0.07261268023359602,110.16646134717259,0.01777158201797886,7.242135537625552e-11,COMPLETE
1135,0.06315,0.32423038233622103,4.958426658725357,1.7906810360633434,0.4634053899763641,186.9306125540257,16.335176186774753,3.0541645143911065e-11,COMPLETE
1136,0.0855,0.6336550219918431,6.765849812490482,4.6814258240363635,0.016767417635497637,110.16646134717259,12.491315660805293,1.7411112824373338e-14,COMPLETE
1137,0.06565,0.4440136798029675,3.7523591558107,2.2991799521485987,0.016767417635497637,110.16646134717259,2.606433764399818,9.787752692175531e-12,COMPLETE
1138,0.0679,0.47012066627157795,6.655421352222268,3.3801923275388828,1.8278642465471888,51.0531204742495,80.46577679760097,1.9639577795694706e-14,COMPLETE
1139,0.113,0.8332676565676905,6.943625321882633,8.741900816624833,3090.9457533461396,0.1013397086496358,0.04082369646290137,3.787929895519139e-07,COMPLETE
1140,0.07085,0.395602461629927,2.8467952672042545,1.7519510271087413,0.4634053899763641,51.0531204742495,0.764092524644605,1.5335060532903536e-12,COMPLETE
1141,0.08845,0.13660909485942596,4.958426658725357,2.6338329439397503,208.22607295194175,0.3060196342216639,3.6008094906658137,0.0006769360393854532,COMPLETE
1142,0.10595,0.5595163174196035,5.719667260978259,6.875144787901625,208.22607295194175,0.1013397086496358,0.02014956421148336,3.649569116806477e-06,COMPLETE
1143,0.0768,0.6485883576656876,7.296565715563787,6.641926976422129,0.6975592224319972,0.22851003525019048,0.01777158201797886,8.720647859508846e-11,COMPLETE
1144,0.0691,0.4225027932379566,4.3543452504277695,1.9370537087438828,0.4634053899763641,51.0531204742495,0.06896807247569771,3.649569116806477e-06,COMPLETE
1145,0.0871,0.5441989824263986,5.719667260978259,1.4361123373683973,208.22607295194175,0.1013397086496358,0.06896807247569771,3.787929895519139e-07,COMPLETE
1146,0.08435,0.6922060006745357,4.958426658725357,8.359124144204223,0.4634053899763641,0.0017218653666619722,3.6008094906658137,1.5335060532903536e-12,COMPLETE
1147,0.07765,0.5846578398279855,2.8467952672042545,8.359124144204223,0.4634053899763641,51.0531204742495,0.764092524644605,1.5335060532903536e-12,COMPLETE
1148,0.05285,0.40341003838073686,5.633083399427747,1.9370537087438828,20.14254886307457,51.0531204742495,0.06896807247569771,3.787929895519139e-07,COMPLETE
1149,0.0864,0.3559570616705417,4.3548083271808515,6.641926976422129,0.6975592224319972,0.12480776742786713,0.015395168574367419,3.649569116806477e-06,COMPLETE
1150,0.07725,0.18985528526488518,6.103623020551158,3.3801923275388828,0.016767417635497637,0.6576924825033955,80.46577679760097,0.0002647542920356977,COMPLETE
1151,0.0358,0.14869307110289817,7.051402036894628,1.7519510271087413,1.8442663426239594,168.65252268697844,0.01777158201797886,3.9694167750317793e-10,COMPLETE
1152,0.1081,0.6009631473795047,2.5234181334551886,6.875144787901625,208.22607295194175,0.009707433566872849,0.023189147228347615,3.787929895519139e-07,COMPLETE
1153,0.0758,0.4755758057507258,7.051402036894628,2.8034123264003057,0.6975592224319972,4.006173959705789,0.764092524644605,8.720647859508846e-11,COMPLETE
1154,0.07825,0.14129639707852626,4.958426658725357,7.242098619980624,635.0827095548633,0.7679788087037476,5.192615578479196,0.00615001176733907,COMPLETE
1155,0.08925,0.6398869952783441,4.581505542837919,6.641926976422129,0.6975592224319972,0.12480776742786713,0.01777158201797886,8.720647859508846e-11,COMPLETE
1156,0.0896,0.405681333316487,5.989976616159035,6.875144787901625,208.22607295194175,5.054984284069897,76.57127726580364,0.0002124950608880435,COMPLETE
1157,0.10615,0.5886054649719091,1.430367257170627,6.641926976422129,0.6975592224319972,546.754814234046,3.6008094906658137,5.3627602673886106e-12,COMPLETE
1158,0.03195,0.14525147205075584,4.958426658725357,1.0726049388472807,0.18468504546596953,579.524426135088,0.0247605531247782,3.811801850956625e-07,COMPLETE
1159,0.07055,0.5351616965814534,5.719667260978259,8.101472613269985,0.0393360680746495,0.1013397086496358,13.233508762438394,1.9043961097477443e-12,COMPLETE
1160,0.0995,0.10130536139756534,2.1426431033009066,6.875144787901625,1071.8250673337363,0.004569612957571183,0.06896807247569771,0.008772660808914713,COMPLETE
1161,0.0726,0.3256997754345995,0.25961082699635507,3.1788912454430323,0.07261268023359602,110.16646134717259,12.491315660805293,0.0003118588936197604,COMPLETE
1162,0.0593,0.34730773108179275,5.719667260978259,1.3526137167003873,208.22607295194175,92.36287955653118,0.06896807247569771,3.787929895519139e-07,COMPLETE
1163,0.05965,0.3010087520400366,4.3548083271808515,1.3526137167003873,0.4634053899763641,107.59872434463156,3.6008094906658137,3.0541645143911065e-11,COMPLETE
1164,0.06,0.24046156965599097,1.0934962185723496,1.2997368745646833,0.18468504546596953,186.9306125540257,12.491315660805293,2.834257917255206e-05,COMPLETE
1165,0.06555,0.34509655640423254,4.958426658725357,1.2997368745646833,0.18468504546596953,186.9306125540257,0.9097353013233607,3.0541645143911065e-11,COMPLETE
1166,0.0771,0.5506659774602161,7.051402036894628,6.875144787901625,0.3171251686646822,0.06857317261521613,17.543999742650467,1.6894010759859846e-13,COMPLETE
1167,0.10425,0.7914971047454759,6.943625321882633,9.890916012877245,3090.9457533461396,0.1013397086496358,0.04082369646290137,7.519496121714586e-07,COMPLETE
1168,0.08115,0.42664076160258463,3.7523591558107,2.2991799521485987,123.52077947060401,110.16646134717259,0.11060646004395691,1.6894010759859846e-13,COMPLETE
1169,0.05695,0.32495649333666676,3.446664506410058,1.4234508712843703,0.07261268023359602,51.0531204742495,1.4298640803911997,6.84161446778786e-11,COMPLETE
1170,0.1003,0.6758974267482802,4.958426658725357,6.875144787901625,71.44047466217224,0.009707433566872849,52.456115417196806,3.0541645143911065e-11,COMPLETE
1171,0.09255,0.5725356472439987,3.7523591558107,2.2991799521485987,208.22607295194175,0.009707433566872849,2.606433764399818,1.7411112824373338e-14,COMPLETE
1172,0.07195,0.13676125534528835,3.0455122299916,1.0726049388472807,1.6857610604443494,51.0531204742495,5.192615578479196,0.0032940125598523045,COMPLETE
1173,0.06415,0.30493156818413597,3.7523591558107,1.1068847187098396,0.016767417635497637,110.16646134717259,2.606433764399818,1.7411112824373338e-14,COMPLETE
1174,0.0685,0.38344453512507437,2.8467952672042545,1.7519510271087413,1.8442663426239594,51.0531204742495,4.230818933588808,2.2340238955833826e-09,COMPLETE
1175,0.0663,0.480606504442554,6.485051657135356,4.340702320327844,0.33899932252483383,0.5218478141839406,1.4298640803911997,1.621364679176634e-08,COMPLETE
1176,0.06785,0.5094719298797806,7.051402036894628,2.8036597183497527,0.1784805460542277,0.002001646214325643,0.17141718394444772,1.9327914029668217e-12,COMPLETE
1177,0.06555,0.5918230635337923,6.943625321882633,4.6814258240363635,1.8442663426239594,51.0531204742495,12.491315660805293,6.338054654029837e-09,COMPLETE
1178,0.09395,0.510041217543485,3.7082375423298304,4.6814258240363635,0.4634053899763641,186.9306125540257,0.015626222844422822,6.338054654029837e-09,COMPLETE
1179,0.0848,0.15820007550837242,5.719667260978259,2.2918999114039726,0.4634053899763641,0.009707433566872849,0.7423377064033778,3.649569116806477e-06,COMPLETE
1180,0.0626,0.42661016688768794,4.62744953084699,3.812714163562798,0.18468504546596953,0.06857317261521613,0.11060646004395691,1.6894010759859846e-13,COMPLETE
1181,0.07055,0.3789328935706729,2.8467952672042545,1.7519510271087413,0.4634053899763641,840.382629687161,50.05767004040656,1.5335060532903536e-12,COMPLETE
1182,0.06795,0.7110548110333348,4.958426658725357,6.641926976422129,0.4634053899763641,546.754814234046,12.491315660805293,3.0541645143911065e-11,COMPLETE
1183,0.04875,0.4567477807973387,6.943625321882633,1.7519510271087413,1.8442663426239594,133.11272106492007,0.764092524644605,2.8097727990239004e-07,COMPLETE
1184,0.11435,0.608306088031341,3.7523591558107,5.113119572952756,6388.295406624134,51.0531204742495,2.606433764399818,2.013186121683812e-08,COMPLETE
1185,0.04735,0.26197093000640553,5.719667260978259,1.0726049388472807,208.22607295194175,4.006173959705789,0.764092524644605,5.521087576123659e-10,COMPLETE
1186,0.09725,0.5810947276417846,6.655421352222268,6.641926976422129,0.6975592224319972,0.12480776742786713,0.01777158201797886,2.013186121683812e-08,COMPLETE
1187,0.05235,0.4225776941413376,7.371731789186595,3.3801923275388828,1.8278642465471888,2.0518583729409148,80.46577679760097,5.521087576123659e-10,COMPLETE
1188,0.0746,0.6101384150431534,5.771761867577055,3.1788912454430323,2661.553121751245,1.2594502646806938,17.543999742650467,8.751517767713937e-06,COMPLETE
1189,0.0943,0.6506613469067828,4.958426658725357,7.065708331596735,0.18468504546596953,110.16646134717259,3.6008094906658137,9.787752692175531e-12,COMPLETE
1190,0.1435,0.7739140154786535,5.719667260978259,6.875144787901625,208.22607295194175,0.009707433566872849,0.023189147228347615,3.787929895519139e-07,COMPLETE
1191,0.0679,0.23203763972843344,7.051402036894628,1.7519510271087413,1.8442663426239594,168.65252268697844,0.023189147228347615,3.9694167750317793e-10,COMPLETE
1192,0.0648,0.3525261041531352,5.989976616159035,2.5118580794078285,1.8442663426239594,3.858204027730059,76.57127726580364,1.1752848541525622e-06,COMPLETE
1193,0.0621,0.3533919097858351,4.029088236738399,2.839477993942072,0.05477176214861042,1.5630282565660134,3.6008094906658137,7.242135537625552e-11,COMPLETE
1194,0.05815,0.3019941437472926,4.958426658725357,1.9370537087438828,0.010817263535208602,186.9306125540257,37.99721234956415,0.0020786002085018407,COMPLETE
1195,0.0762,0.3522420981602554,3.0455122299916,1.7519510271087413,6.018812537669866,51.0531204742495,1.0418176543687896,5.521087576123659e-10,COMPLETE
1196,0.08945,0.5509641055978022,2.7640652804638273,7.242098619980624,208.22607295194175,186.9306125540257,34.574222073764446,3.649569116806477e-06,COMPLETE
1197,0.09945,0.6491734601443988,7.051402036894628,2.8036597183497527,12.412723646412944,0.002378193439583192,12.491315660805293,1.9043961097477443e-12,COMPLETE
1198,0.102,0.8415925124388097,6.943625321882633,9.890916012877245,3090.9457533461396,0.047570004104159534,0.764092524644605,3.407169759582504e-13,COMPLETE
1199,0.0872,0.5195068200702543,4.958426658725357,3.333774601612804,0.9414781489364835,546.754814234046,0.037145330599528494,5.521087576123659e-10,COMPLETE
1200,0.06785,0.3987330363183799,4.029088236738399,3.1788912454430323,0.05477176214861042,1.2594502646806938,17.543999742650467,7.242135537625552e-11,COMPLETE
1201,0.063,0.4718717810304348,5.719667260978259,2.2991799521485987,0.016767417635497637,110.16646134717259,2.606433764399818,1.7411112824373338e-14,COMPLETE
1202,0.0832,0.5919596097076227,7.051402036894628,2.8036597183497527,0.1784805460542277,808.8074973688359,12.491315660805293,1.9043961097477443e-12,COMPLETE
1203,0.1268,0.7378784341706086,5.719667260978259,6.9037748344659535,208.22607295194175,0.009707433566872849,0.9101247373196588,1.4411310191528362e-14,COMPLETE
1204,0.0945,0.3239854376377851,0.31522398437891325,3.3801923275388828,104.61067826393281,0.3710234766141632,34.574222073764446,3.649569116806477e-06,COMPLETE
1205,0.0924,0.4301903978924459,6.103623020551158,6.875144787901625,33.87209709735393,0.1013397086496358,0.01777158201797886,3.649569116806477e-06,COMPLETE
1206,0.0828,0.49994426882146026,4.653916869245234,7.816247227865375,12.412723646412944,1.2654566576853943,4.230818933588808,5.179340425210513e-08,COMPLETE
1207,0.09155,0.13169660484705673,4.3548083271808515,3.5039536631226835,0.22253181632295144,0.0016451257279201767,4.230818933588808,3.649569116806477e-06,COMPLETE
1208,0.05575,0.327816814625115,5.686980021608849,1.1545424766565597,1.9562826277387932,3.858204027730059,0.010452202159047363,2.1811143402963018e-10,COMPLETE
1209,0.0902,0.44046109866204436,3.7523591558107,2.2991799521485987,0.07261268023359602,110.16646134717259,0.5705115205995891,1.7411112824373338e-14,COMPLETE
1210,0.09585,0.7851571484213558,6.943625321882633,8.741900816624833,123.52077947060401,0.06857317261521613,0.04082369646290137,3.787929895519139e-07,COMPLETE
1211,0.0655,0.40137197484478676,4.029088236738399,2.6826455664901006,0.05477176214861042,0.08777741099799043,0.020340586733676527,7.242135537625552e-11,COMPLETE
1212,0.0956,0.1424016420385492,6.103623020551158,2.527835423037664,0.18468504546596953,0.08777741099799043,0.6649924504758782,0.0006424963218543874,COMPLETE
1213,0.0598,0.22551919541036186,6.655421352222268,1.0726049388472807,0.07261268023359602,51.0531204742495,12.491315660805293,5.521087576123659e-10,COMPLETE
1214,0.04965,0.32209151452498863,4.335111916469993,1.1807669167115635,1.8442663426239594,48.204695172040395,0.01777158201797886,3.9694167750317793e-10,COMPLETE
1215,0.05065,0.2036375434031067,5.686980021608849,1.1098519337679686,1.9562826277387932,3.858204027730059,59.2437895529571,2.1811143402963018e-10,COMPLETE
1216,0.0955,0.5374088138167701,4.958426658725357,8.359124144204223,0.4634053899763641,4.703038707832875,76.57127726580364,3.0541645143911065e-11,COMPLETE
1217,0.06235,0.39791778026005664,5.719667260978259,2.8998029172001427,0.019152678469914714,0.0023282958934458067,16.23713480597578,9.787752692175531e-12,COMPLETE
1218,0.0561,0.49679582493307145,4.050574348074197,5.751620494688234,0.07261268023359602,0.004569612957571183,1.1961286443235215,3.0092675819548274e-09,COMPLETE
1219,0.0869,0.4551364527563224,3.7523591558107,2.2991799521485987,0.016767417635497637,110.16646134717259,2.606433764399818,1.7411112824373338e-14,COMPLETE
1220,0.09835,0.6350822518098009,4.958426658725357,8.359124144204223,0.07261268023359602,186.9306125540257,12.491315660805293,3.0541645143911065e-11,COMPLETE
1221,0.1092,0.6733636085092226,5.719667260978259,6.875144787901625,208.22607295194175,0.1013397086496358,0.01777158201797886,3.787929895519139e-07,COMPLETE
1222,0.0826,0.42334985024809996,6.103623020551158,2.839979984936102,0.21068030120772424,0.08777741099799043,0.06896807247569771,5.792844992823693e-10,COMPLETE
1223,0.06875,0.4982683366640659,4.958426658725357,2.6338329439397503,8259.75131853054,233.3932931710411,3.6008094906658137,2.671346545381444e-09,COMPLETE
1224,0.05315,0.445299161007979,4.958426658725357,3.812714163562798,0.18468504546596953,1.5630282565660134,3.6008094906658137,1.298609616582355e-06,COMPLETE
1225,0.0693,0.42608488120880095,7.051402036894628,3.812714163562798,19.078023355083864,1.5630282565660134,12.491315660805293,1.4411310191528362e-14,COMPLETE
1226,0.10885,0.8469921588117797,5.439590829177734,9.890916012877245,3090.9457533461396,0.047570004104159534,0.04082369646290137,1.9897264125379086e-06,COMPLETE
1227,0.07345,0.422726659461255,4.958426658725357,3.812714163562798,0.18468504546596953,0.008008029834136178,3.6008094906658137,3.0092675819548274e-09,COMPLETE
1228,0.05305,0.3266669229256857,6.943625321882633,1.7519510271087413,0.02144370725565754,0.5362196401258538,0.764092524644605,1.9043961097477443e-12,COMPLETE
1229,0.0467,0.37656631146657077,4.335111916469993,2.5118580794078285,1.9562826277387932,3.858204027730059,17.543999742650467,2.1811143402963018e-10,COMPLETE
1230,0.07245,0.6628255758310049,6.655421352222268,9.10903787670684,0.07261268023359602,51.0531204742495,80.46577679760097,3.649569116806477e-06,COMPLETE
1231,0.08215,0.40342694437657994,0.22196684994008783,2.8036597183497527,0.1784805460542277,808.8074973688359,12.491315660805293,3.649569116806477e-06,COMPLETE
1232,0.0909,0.5213099022804799,4.958426658725357,7.242098619980624,0.4634053899763641,4.703038707832875,34.574222073764446,3.649569116806477e-06,COMPLETE
1233,0.08825,0.5634618471892867,7.051402036894628,8.741900816624833,1.8442663426239594,0.1013397086496358,0.06896807247569771,3.787929895519139e-07,COMPLETE
1234,0.0848,0.5632683795301284,7.051402036894628,2.8036597183497527,2.5414962642236607,808.8074973688359,12.491315660805293,5.283335158665892e-07,COMPLETE
1235,0.0498,0.26472604456398363,0.23633295058724269,1.3526137167003873,12.412723646412944,107.59872434463156,5.192615578479196,3.649569116806477e-06,COMPLETE
1236,0.10225,0.7691536281205403,5.719667260978259,8.741900816624833,208.22607295194175,0.1013397086496358,0.06896807247569771,2.760738121283757e-09,COMPLETE
1237,0.06595,0.3505019814096224,5.633083399427747,6.211220460891489,739.2190380614419,186.9306125540257,0.06896807247569771,3.787929895519139e-07,COMPLETE
1238,0.05855,0.2543613625185805,3.046425174476959,1.7519510271087413,1.8442663426239594,0.6761987916188964,0.764092524644605,3.407169759582504e-13,COMPLETE
1239,0.05545,0.2496345236665025,4.958426658725357,1.2997368745646833,1.9562826277387932,3.858204027730059,59.2437895529571,2.1811143402963018e-10,COMPLETE
1240,0.10925,0.660807064766493,6.943625321882633,8.741900816624833,3090.9457533461396,0.8533477265548717,0.04082369646290137,3.787929895519139e-07,COMPLETE
1241,0.0849,0.6052764433570826,4.797597292147365,8.359124144204223,0.4634053899763641,186.9306125540257,0.12971052915871445,5.521087576123659e-10,COMPLETE
1242,0.0637,0.4306769997375592,5.719667260978259,6.875144787901625,0.15889749898861213,0.1013397086496358,34.574222073764446,3.649569116806477e-06,COMPLETE
1243,0.0687,0.42338545196320226,4.958426658725357,3.812714163562798,0.18468504546596953,2.151398478441076,17.543999742650467,3.544668431433014e-11,COMPLETE
1244,0.0594,0.4112851387680399,7.051402036894628,2.8034123264003057,32.34372737176424,546.754814234046,0.01777158201797886,7.470394488175353e-08,COMPLETE
1245,0.08425,0.15152137066666285,4.958426658725357,7.242098619980624,0.4634053899763641,0.004597776728737345,34.574222073764446,3.649569116806477e-06,COMPLETE
1246,0.0665,0.3728510380879281,5.989976616159035,1.3952039451723066,1.8442663426239594,0.004569612957571183,1.6262985152540996,1.621364679176634e-08,COMPLETE
1247,0.0851,0.3664346405270113,3.7523591558107,2.2991799521485987,0.016767417635497637,110.16646134717259,0.017351072254511053,1.7411112824373338e-14,COMPLETE
1248,0.0577,0.2518574238856565,1.265010533820733,1.4234508712843703,9.98919416709078,4.006173959705789,0.764092524644605,6.84161446778786e-11,COMPLETE
1249,0.0671,0.39874804581000234,7.051402036894628,1.7519510271087413,1.8442663426239594,51.0531204742495,5.192615578479196,3.9694167750317793e-10,COMPLETE
1250,0.07695,0.2020050746809462,4.797597292147365,9.506992678391146,208.22607295194175,1.5630282565660134,0.764092524644605,0.00032068492140384505,COMPLETE
1251,0.10315,0.5723630550515856,4.958426658725357,8.359124144204223,0.4634053899763641,186.9306125540257,3.6008094906658137,1.0934565655155794e-09,COMPLETE
1252,0.05755,0.05664888770829707,7.051402036894628,5.113119572952756,0.6975592224319972,546.754814234046,0.04989504186148276,0.00022902257467987184,COMPLETE
1253,0.0875,0.4458505750248741,3.0455122299916,2.2991799521485987,0.07261268023359602,110.16646134717259,2.606433764399818,5.521087576123659e-10,COMPLETE
1254,0.10105,0.6070949639731755,7.051402036894628,6.875144787901625,123.52077947060401,20.06184077889144,0.11060646004395691,1.946221115533338e-12,COMPLETE
1255,0.04735,0.32030412753047655,4.236404463773383,1.7519510271087413,1.8442663426239594,4.006173959705789,76.57127726580364,4.7260571885402753e-08,COMPLETE
1256,0.06105,0.3727147170405197,4.797597292147365,1.7519510271087413,1.8442663426239594,677.627773244924,0.764092524644605,3.407169759582504e-13,COMPLETE
1257,0.0618,0.23191422255093613,4.958426658725357,1.0726049388472807,0.4634053899763641,0.1013397086496358,0.01156606569895463,3.0541645143911065e-11,COMPLETE
1258,0.0945,0.49954503157397767,4.797597292147365,2.8034123264003057,0.07261268023359602,4.006173959705789,0.764092524644605,5.521087576123659e-10,COMPLETE
1259,0.0815,0.6592836640947514,4.335111916469993,8.359124144204223,0.4634053899763641,186.9306125540257,17.543999742650467,3.0541645143911065e-11,COMPLETE
1260,0.05815,0.3281233604262194,3.046425174476959,1.7519510271087413,0.6975592224319972,546.754814234046,76.57127726580364,8.720647859508846e-11,COMPLETE
1261,0.075,0.4222330603198845,2.4245545587169754,3.3801923275388828,1.8278642465471888,3.858204027730059,80.46577679760097,9.08105193187992e-10,COMPLETE
1262,0.06145,0.32467441102352246,4.3548083271808515,1.7519510271087413,0.4634053899763641,186.9306125540257,34.574222073764446,3.649569116806477e-06,COMPLETE
1263,0.0875,0.6184069099076006,6.943625321882633,5.712836609458804,3090.9457533461396,546.754814234046,12.491315660805293,3.0541645143911065e-11,COMPLETE
1264,0.0631,0.31274803290864917,5.989976616159035,2.6338329439397503,1.8442663426239594,5.054984284069897,76.57127726580364,1.621364679176634e-08,COMPLETE
1265,0.0642,0.45214761352845334,6.103623020551158,4.001643040966611,0.25457319772869635,1.2594502646806938,80.46577679760097,3.649569116806477e-06,COMPLETE
1266,0.0926,0.5683396541491553,3.046425174476959,8.741900816624833,1.8442663426239594,4.703038707832875,0.04082369646290137,3.787929895519139e-07,COMPLETE
1267,0.09545,0.68481745930414,4.3548083271808515,8.359124144204223,12.412723646412944,186.9306125540257,34.574222073764446,1.4181725927436993e-12,COMPLETE
1268,0.05045,0.39810338914019294,7.051402036894628,1.7519510271087413,1.8442663426239594,0.013005285609873055,0.01777158201797886,3.9694167750317793e-10,COMPLETE
1269,0.08155,0.4818375820690133,5.948642412156692,1.4234508712843703,123.52077947060401,0.06857317261521613,1.4298640803911997,3.787929895519139e-07,COMPLETE
1270,0.1002,0.5814959445428675,2.4140453486635183,8.359124144204223,1.0946066447217027,51.0531204742495,3.6008094906658137,2.013186121683812e-08,COMPLETE
1271,0.11675,0.5771113330483004,3.0455122299916,3.518628750320109,3090.9457533461396,0.08127855699171263,12.248217776700352,1.9897264125379086e-06,COMPLETE
1272,0.0735,0.5063814360220885,4.958426658725357,8.359124144204223,0.016767417635497637,0.015374381282661118,3.6008094906658137,1.7411112824373338e-14,COMPLETE
1273,0.1054,0.7228220214032872,6.943625321882633,3.993357337348769,123.52077947060401,0.06857317261521613,0.1585248694363896,3.787929895519139e-07,COMPLETE
1274,0.0771,0.4623625582880023,5.719667260978259,2.2991799521485987,0.07261268023359602,285.2153277599235,0.764092524644605,1.070701329242786e-06,COMPLETE
1275,0.09135,0.6468241528789219,7.296565715563787,6.641926976422129,0.6975592224319972,0.12480776742786713,0.01777158201797886,6.734075485579663e-08,COMPLETE
1276,0.0484,0.22901536717957843,7.051402036894628,1.1075308654390963,0.07261268023359602,0.02414183045783488,0.11060646004395691,9.787752692175531e-12,COMPLETE
1277,0.0844,0.6566391056129932,4.797597292147365,8.359124144204223,0.4634053899763641,4.006173959705789,0.764092524644605,1.5335060532903536e-12,COMPLETE
1278,0.0624,0.35520860464817794,4.958426658725357,2.6338329439397503,3.1640167021475465,0.3710234766141632,3.6008094906658137,3.649569116806477e-06,COMPLETE
1279,0.067,0.6678086722392378,4.958426658725357,8.359124144204223,2.2526238626393873,186.9306125540257,3.6008094906658137,5.432263014140687e-13,COMPLETE
1280,0.08285,0.5350445444657681,3.0455122299916,3.1519125533512766,0.4634053899763641,51.0531204742495,5.192615578479196,5.521087576123659e-10,COMPLETE
1281,0.0989,0.5497623821899066,5.719667260978259,9.105321878014273,0.010026897074648563,646.955702105101,1.8492403474131858,3.787929895519139e-07,COMPLETE
1282,0.09675,0.6750743829015505,4.958426658725357,8.359124144204223,804.47491128686,186.9306125540257,34.574222073764446,2.326191209470243e-10,COMPLETE
1283,0.0468,0.18361409816822583,5.633083399427747,1.0559094016504837,104.61067826393281,51.0531204742495,80.46577679760097,3.649569116806477e-06,COMPLETE
1284,0.0425,0.20919149166366083,3.7523591558107,1.0726049388472807,0.016767417635497637,51.0531204742495,5.192615578479196,1.7411112824373338e-14,COMPLETE
1285,0.0768,0.5978301126545811,7.296565715563787,6.641926976422129,0.6975592224319972,0.12480776742786713,0.01777158201797886,8.720647859508846e-11,COMPLETE
1286,0.08135,0.388932745993248,5.719667260978259,2.2991799521485987,0.016767417635497637,110.16646134717259,0.01777158201797886,1.1682701663189634e-13,COMPLETE
1287,0.06665,0.46339370993478934,4.958426658725357,2.2991799521485987,0.016767417635497637,110.16646134717259,34.574222073764446,2.344886213377973e-06,COMPLETE
1288,0.0899,0.37842373625189524,2.8467952672042545,9.890916012877245,0.8061367681075937,0.047570004104159534,10.594535312730871,1.9897264125379086e-06,COMPLETE
1289,0.1288,0.5286507117243511,6.455935354345706,6.875144787901625,208.22607295194175,0.32383268288307343,0.01777158201797886,3.787929895519139e-07,COMPLETE
1290,0.0588,0.42220072385229285,7.051402036894628,2.8036597183497527,1.8278642465471888,2.0518583729409148,80.46577679760097,1.9043961097477443e-12,COMPLETE
1291,0.0516,0.3145315248225639,4.958426658725357,1.4234508712843703,44.42412709858529,0.5218478141839406,1.4298640803911997,3.787929895519139e-07,COMPLETE
1292,0.08275,0.6455203976484775,2.516942598757377,7.242098619980624,123.52077947060401,186.9306125540257,34.574222073764446,3.787929895519139e-07,COMPLETE
1293,0.07895,0.6388101464598681,6.655421352222268,5.113119572952756,1.0946066447217027,4.006173959705789,0.04989504186148276,5.521087576123659e-10,COMPLETE
1294,0.0842,0.5760210248264666,4.958426658725357,3.812714163562798,0.18468504546596953,546.754814234046,3.6008094906658137,9.274226703370502e-12,COMPLETE
1295,0.0626,0.4003810160215202,5.633083399427747,2.2991799521485987,0.016767417635497637,51.0531204742495,0.01777158201797886,3.787929895519139e-07,COMPLETE
1296,0.0621,0.4251667635396503,5.686980021608849,2.5118580794078285,0.016767417635497637,3.858204027730059,2.606433764399818,2.1811143402963018e-10,COMPLETE
1297,0.06325,0.33108748250299885,5.633083399427747,1.9370537087438828,0.4634053899763641,0.7318180156919515,0.20898615625021175,3.649569116806477e-06,COMPLETE
1298,0.05315,0.31754474503928554,4.958426658725357,1.0726049388472807,12.412723646412944,546.754814234046,5.192615578479196,3.6565873964879915e-13,COMPLETE
1299,0.07525,0.35069565145494547,1.5568701431988756,1.9370537087438828,0.016767417635497637,110.16646134717259,0.01777158201797886,3.787929895519139e-07,COMPLETE
1300,0.0476,0.20579545654451858,6.943625321882633,1.2997368745646833,1.8442663426239594,186.9306125540257,0.0247605531247782,5.754672627226191e-09,COMPLETE
1301,0.08745,0.6416374839483022,5.719667260978259,6.875144787901625,208.22607295194175,186.9306125540257,3.6008094906658137,1.6894010759859846e-13,COMPLETE
1302,0.04715,0.22605923351787105,4.653916869245234,1.0726049388472807,12.412723646412944,51.0531204742495,5.192615578479196,5.521087576123659e-10,COMPLETE
1303,0.10375,0.6404371953309618,3.0455122299916,8.359124144204223,0.07261268023359602,51.0531204742495,3.6008094906658137,5.521087576123659e-10,COMPLETE
1304,0.0587,0.34946522570368976,6.103623020551158,2.2991799521485987,0.21068030120772424,0.08777741099799043,2.606433764399818,1.1682701663189634e-13,COMPLETE
1305,0.10355,0.7260755033478304,4.522294495784334,8.359124144204223,104.61067826393281,0.2095410737251966,0.4001269852557319,1.289145432906076e-07,COMPLETE
1306,0.081,0.6059013763621836,5.686980021608849,4.25159818421519,1.9562826277387932,3.858204027730059,0.3892815605005412,3.649569116806477e-06,COMPLETE
1307,0.05335,0.40243569061054507,3.618455732984921,1.7519510271087413,0.4634053899763641,546.754814234046,12.491315660805293,3.0541645143911065e-11,COMPLETE
1308,0.0958,0.574627836867992,4.335111916469993,3.1788912454430323,2661.553121751245,1.2594502646806938,17.543999742650467,7.242135537625552e-11,COMPLETE
1309,0.0889,0.21218615572343752,2.539595872312381,1.232837733344364,104.61067826393281,0.5362196401258538,80.46577679760097,3.649569116806477e-06,COMPLETE
1310,0.0852,0.5979930109587563,5.686980021608849,4.6217362615031465,1.9562826277387932,390.7435887195813,2.606433764399818,1.7411112824373338e-14,COMPLETE
1311,0.0692,0.4937534587290086,3.0455122299916,2.503268539178159,0.07261268023359602,51.0531204742495,0.764092524644605,3.407169759582504e-13,COMPLETE
1312,0.0804,0.19237461654455762,7.296565715563787,6.641926976422129,0.6975592224319972,4.703038707832875,76.57127726580364,0.001402719649154545,COMPLETE
1313,0.07655,0.6307707372986256,4.5991070915756875,6.875144787901625,0.07261268023359602,110.16646134717259,0.06896807247569771,1.6894010759859846e-13,COMPLETE
1314,0.071,0.4927195437788483,6.943625321882633,9.890916012877245,0.21068030120772424,0.08777741099799043,7.032379127549698,1.1682701663189634e-13,COMPLETE
1315,0.13715,0.7078702659058284,5.719667260978259,6.875144787901625,3090.9457533461396,0.004569612957571183,14.732118064935978,3.0092675819548274e-09,COMPLETE
1316,0.0901,0.5979257503831301,6.019990742215804,7.8078637347278095,1.8442663426239594,4.006173959705789,3.6008094906658137,1.3292068238494472e-07,COMPLETE
1317,0.0718,0.4728745354687707,3.7523591558107,2.2991799521485987,0.016767417635497637,110.16646134717259,6.491214892667294,9.274226703370502e-12,COMPLETE
1318,0.11635,0.5535793600023031,4.335111916469993,2.5118580794078285,3090.9457533461396,0.047570004104159534,0.764092524644605,2.1811143402963018e-10,COMPLETE
1319,0.09365,0.4530809146436679,4.050574348074197,5.751620494688234,1.8442663426239594,168.65252268697844,0.07667931134917605,3.9694167750317793e-10,COMPLETE
1320,0.09085,0.6327317463361256,6.019990742215804,7.8078637347278095,0.4634053899763641,186.9306125540257,50.980960873927486,1.9043961097477443e-12,COMPLETE
1321,0.0758,0.4237092031889311,5.719667260978259,1.0726049388472807,12.412723646412944,0.009707433566872849,0.023189147228347615,5.521087576123659e-10,COMPLETE
1322,0.07485,0.4712247659376165,4.958426658725357,2.6338329439397503,208.22607295194175,1.5630282565660134,0.764092524644605,3.787929895519139e-07,COMPLETE
1323,0.0873,0.47010384388972515,7.051402036894628,2.8034123264003057,0.07261268023359602,51.0531204742495,5.192615578479196,8.720647859508846e-11,COMPLETE
1324,0.0619,0.3520778037107742,5.719667260978259,1.3526137167003873,0.016767417635497637,4.0341800185584304,0.01777158201797886,9.787752692175531e-12,COMPLETE
1325,0.1324,0.7994380745392612,5.439590829177734,9.890916012877245,3090.9457533461396,0.047570004104159534,0.04082369646290137,1.9897264125379086e-06,COMPLETE
1326,0.07175,0.45516100579603946,3.7523591558107,2.2991799521485987,0.016767417635497637,110.16646134717259,2.606433764399818,1.7411112824373338e-14,COMPLETE
1327,0.0583,0.2990857261622551,6.103623020551158,1.7519510271087413,0.645052816257583,4.703038707832875,76.57127726580364,1.621364679176634e-08,COMPLETE
1328,0.1116,0.8279402834839263,6.103623020551158,6.641926976422129,4829.678832896859,0.08777741099799043,0.06896807247569771,9.274226703370502e-12,COMPLETE
1329,0.0845,0.13326772763144876,5.439590829177734,9.890916012877245,327.4342654726146,0.047570004104159534,0.023189147228347615,0.00013211460437797067,COMPLETE
1330,0.0705,0.4745380386151612,4.958426658725357,4.6814258240363635,0.07261268023359602,1.5630282565660134,3.6008094906658137,6.338054654029837e-09,COMPLETE
1331,0.08435,0.4956103382561877,4.335111916469993,3.1788912454430323,79.20436495692154,168.65252268697844,17.543999742650467,7.242135537625552e-11,COMPLETE
1332,0.1114,0.7854569744322027,6.943625321882633,3.7890673278494873,3090.9457533461396,0.047570004104159534,0.04082369646290137,1.9897264125379086e-06,COMPLETE
1333,0.0975,0.5419949387894094,7.051402036894628,3.3801923275388828,1.8278642465471888,168.65252268697844,0.01777158201797886,3.9694167750317793e-10,COMPLETE
1334,0.0749,0.10881053639816485,1.518510059934699,1.4068314059799514,123.52077947060401,110.16646134717259,2.606433764399818,0.005468443878117418,COMPLETE
1335,0.07365,0.5344066695794574,6.019990742215804,8.359124144204223,0.08476763639309268,0.5362196401258538,4.230818933588808,1.5335060532903536e-12,COMPLETE
1336,0.0776,0.6762540443982052,5.989976616159035,8.359124144204223,151.6985993708822,5.054984284069897,4.230818933588808,1.621364679176634e-08,COMPLETE
1337,0.0868,0.5804861741826342,5.666814550753104,4.6814258240363635,290.38990257029735,51.0531204742495,12.491315660805293,6.338054654029837e-09,COMPLETE
1338,0.0612,0.04739992450094599,6.655421352222268,6.641926976422129,1.0946066447217027,51.0531204742495,0.01777158201797886,0.00011497897383542222,COMPLETE
1339,0.04435,0.38140722486903805,4.958426658725357,1.4234508712843703,0.4634053899763641,546.754814234046,1.1597349721826733,6.84161446778786e-11,COMPLETE
1340,0.051,0.37833382216096456,7.051402036894628,2.2991799521485987,0.016767417635497637,0.06857317261521613,57.94170384558908,1.6894010759859846e-13,COMPLETE
1341,0.04795,0.180041517750349,3.0455122299916,1.0726049388472807,1.8278642465471888,2.0518583729409148,80.46577679760097,5.521087576123659e-10,COMPLETE
1342,0.10745,0.6452737736432261,5.439590829177734,2.5671854591068413,3513.3554009195404,0.047570004104159534,0.04082369646290137,1.9897264125379086e-06,COMPLETE
1343,0.0428,0.2763361845477946,6.103623020551158,1.5219065666764706,0.21068030120772424,0.08777741099799043,0.06896807247569771,1.1682701663189634e-13,COMPLETE
1344,0.0685,0.4995992085385282,6.943625321882633,2.2991799521485987,1495.9027954335406,110.16646134717259,2.606433764399818,3.787929895519139e-07,COMPLETE
1345,0.062,0.2963928639947095,5.719667260978259,8.7048057124361,0.6975592224319972,546.754814234046,0.06896807247569771,9.274226703370502e-12,COMPLETE
1346,0.0572,0.352037296430201,4.581180065379388,2.5118580794078285,1.9562826277387932,3.858204027730059,4.230818933588808,1.5335060532903536e-12,COMPLETE
1347,0.065,0.3563508661296461,4.958426658725357,2.1068078926580935,0.014322279485444712,11.974680920467607,6.598073435050954,3.787929895519139e-07,COMPLETE
1348,0.0651,0.3368841756279679,3.7523591558107,2.2991799521485987,0.016767417635497637,0.004569612957571183,0.3360288426077625,3.0092675819548274e-09,COMPLETE
1349,0.057,0.4154284223864369,6.103623020551158,2.839979984936102,0.21068030120772424,0.08777741099799043,17.543999742650467,2.1811143402963018e-10,COMPLETE
1350,0.071,0.0635607719280975,4.655884123414767,1.4164159313807339,2661.553121751245,186.9306125540257,0.028153998119702945,3.649569116806477e-06,COMPLETE
1351,0.046,0.23072215981504887,6.943625321882633,1.0726049388472807,2.9948983130420066,0.047570004104159534,0.969613819587591,3.407169759582504e-13,COMPLETE
1352,0.0896,0.5871773355783887,4.156353781800757,3.3801923275388828,1.8278642465471888,0.0013939764982932314,80.46577679760097,5.521087576123659e-10,COMPLETE
1353,0.1389,0.8388723766431427,5.719667260978259,6.875144787901625,208.22607295194175,0.009707433566872849,0.010490863545892863,3.787929895519139e-07,COMPLETE
1354,0.08255,0.6762524332632739,3.0455122299916,5.751620494688234,3090.9457533461396,0.004569612957571183,0.037145330599528494,3.0092675819548274e-09,COMPLETE
1355,0.07315,0.593491675926858,5.129054102966783,6.641926976422129,0.6975592224319972,0.4232284163041277,0.01777158201797886,8.720647859508846e-11,COMPLETE
1356,0.07495,0.6592852028090871,6.103623020551158,7.527897234752733,0.21068030120772424,4.549264094133689,1.4298640803911997,6.84161446778786e-11,COMPLETE
1357,0.0459,0.023283514614444112,4.958426658725357,1.9827732262977626,1651.528307307195,186.9306125540257,0.023189147228347615,3.787929895519139e-07,COMPLETE
1358,0.07915,0.6725029848636426,4.958426658725357,8.359124144204223,0.1784805460542277,59.18891955235121,6.4497721878161105,5.432263014140687e-13,COMPLETE
1359,0.06965,0.4510295126120317,6.103623020551158,3.3801923275388828,0.4634053899763641,186.9306125540257,80.46577679760097,3.0541645143911065e-11,COMPLETE
1360,0.08345,0.6933712170706297,4.958426658725357,6.2439680399090705,208.22607295194175,1.5630282565660134,0.3185484525058906,3.787929895519139e-07,COMPLETE
1361,0.08515,0.46832574748277583,6.103623020551158,1.4556234921852556,19.78793221126045,0.009707433566872849,80.46577679760097,3.787929895519139e-07,COMPLETE
1362,0.10115,0.6469803454624097,4.958426658725357,9.084164001475168,0.016767417635497637,51.0531204742495,0.8954013352903136,1.7411112824373338e-14,COMPLETE
1363,0.08535,0.536511952934663,7.371731789186595,3.3801923275388828,0.016767417635497637,51.0531204742495,5.192615578479196,1.7411112824373338e-14,COMPLETE
1364,0.03425,0.2303600054979406,6.351039989269435,1.0726049388472807,12.412723646412944,107.59872434463156,34.574222073764446,3.0541645143911065e-11,COMPLETE
1365,0.10275,0.5524537419530964,0.9190851244968371,8.359124144204223,0.4634053899763641,186.9306125540257,34.574222073764446,3.649569116806477e-06,COMPLETE
1366,0.06545,0.41897857836594105,7.371731789186595,3.3801923275388828,1.8278642465471888,2.0518583729409148,80.46577679760097,1.5694515916884491e-06,COMPLETE
1367,0.0816,0.6756844268716039,5.719667260978259,6.875144787901625,238.35252129954745,51.0531204742495,5.192615578479196,5.521087576123659e-10,COMPLETE
1368,0.04715,0.27805653461697316,5.719667260978259,1.0726049388472807,12.412723646412944,110.16646134717259,5.192615578479196,9.787752692175531e-12,COMPLETE
1369,0.1064,0.523116962699742,3.4231626032917095,6.018941426744371,3090.9457533461396,5.054984284069897,0.16582812013936282,1.9897264125379086e-06,COMPLETE
1370,0.0701,0.4480079461105301,5.989976616159035,1.7519510271087413,1.8442663426239594,0.003177546733169283,76.57127726580364,1.621364679176634e-08,COMPLETE
1371,0.067,0.5436079994141697,5.719667260978259,6.875144787901625,0.1784805460542277,0.009707433566872849,0.01840470878578151,1.9043961097477443e-12,COMPLETE
1372,0.08385,0.5794413486113305,4.958426658725357,6.0730441974423295,1.8442663426239594,186.9306125540257,76.57127726580364,5.432263014140687e-13,COMPLETE
1373,0.07605,0.5896981220095701,6.655421352222268,4.6814258240363635,0.012589425731355042,51.0531204742495,12.491315660805293,1.7411112824373338e-14,COMPLETE
1374,0.05465,0.2523356034849009,3.4377291994618755,1.0726049388472807,12.412723646412944,51.0531204742495,5.192615578479196,1.6393979630253278e-09,COMPLETE
1375,0.1055,0.7189781881757781,5.439590829177734,6.641926976422129,3090.9457533461396,0.267011296645111,0.04082369646290137,8.720647859508846e-11,COMPLETE
1376,0.0982,0.39510130996409815,6.103623020551158,1.8386994267236418,208.22607295194175,0.009707433566872849,0.023189147228347615,3.649569116806477e-06,COMPLETE
1377,0.08755,0.1805193190864644,3.059743892272438,3.1788912454430323,104.61067826393281,0.0027917328407713756,80.46577679760097,3.649569116806477e-06,COMPLETE
1378,0.0644,0.45537344709819816,6.019990742215804,2.2991799521485987,0.016767417635497637,110.16646134717259,3.6008094906658137,1.9043961097477443e-12,COMPLETE
1379,0.0588,0.19833437814486202,4.050574348074197,1.0726049388472807,9.651358503108314,51.0531204742495,5.192615578479196,3.0092675819548274e-09,COMPLETE
1380,0.05235,0.20440472490165962,6.655421352222268,1.0726049388472807,0.07261268023359602,0.16685056743732588,5.192615578479196,1.7411112824373338e-14,COMPLETE
1381,0.0432,0.2529545480778722,5.2817403254646385,1.4234508712843703,0.33899932252483383,0.5218478141839406,3.6008094906658137,3.0541645143911065e-11,COMPLETE
1382,0.04365,0.2296298994699832,4.958426658725357,1.0726049388472807,0.07261268023359602,51.0531204742495,12.491315660805293,6.338054654029837e-09,COMPLETE
1383,0.08165,0.09444958057277773,3.0455122299916,9.572887503384905,3090.9457533461396,51.0531204742495,0.037145330599528494,3.787929895519139e-07,COMPLETE
1384,0.07545,0.4894195731989448,4.3548083271808515,6.875144787901625,0.4634053899763641,186.9306125540257,0.023189147228347615,3.787929895519139e-07,COMPLETE
1385,0.05755,0.530890490000316,4.050574348074197,5.751620494688234,0.07261268023359602,0.004569612957571183,1.1961286443235215,3.0092675819548274e-09,COMPLETE
1386,0.09335,0.6556641712070111,6.485051657135356,6.875144787901625,1516.5577162857671,212.76902966597947,1.4298640803911997,6.84161446778786e-11,COMPLETE
1387,0.06895,0.5217740446126858,6.103623020551158,2.839979984936102,0.21068030120772424,51.0531204742495,0.06896807247569771,1.1682701663189634e-13,COMPLETE
1388,0.048,0.3026826001646412,4.653916869245234,1.3311285140256008,12.412723646412944,51.0531204742495,5.192615578479196,5.521087576123659e-10,COMPLETE
1389,0.0845,0.630028755221631,2.8467952672042545,5.751620494688234,0.4634053899763641,51.0531204742495,4.230818933588808,3.0092675819548274e-09,COMPLETE
1390,0.0857,0.7814397113617216,4.335111916469993,8.33604695260721,2661.553121751245,1.2594502646806938,2.4710813083340644,7.242135537625552e-11,COMPLETE
1391,0.0867,0.5797584296319382,7.296565715563787,3.812714163562798,0.6975592224319972,0.12480776742786713,0.01777158201797886,5.691201975810936e-08,COMPLETE
1392,0.059,0.3295017858265729,6.943625321882633,1.7519510271087413,0.229357259259672,0.010806928579525312,0.764092524644605,3.0541645143911065e-11,COMPLETE
1393,0.05475,0.28229820741755973,4.958426658725357,1.1262935714631688,3090.9457533461396,186.9306125540257,0.764092524644605,3.649569116806477e-06,COMPLETE
1394,0.0765,0.4679992498782863,3.7523591558107,2.2991799521485987,0.016767417635497637,110.16646134717259,2.606433764399818,1.7411112824373338e-14,COMPLETE
1395,0.10325,0.6184837612895105,4.958426658725357,9.890916012877245,0.4634053899763641,186.9306125540257,34.574222073764446,3.649569116806477e-06,COMPLETE
1396,0.10215,0.6233201300033473,4.958426658725357,8.359124144204223,0.4634053899763641,51.0531204742495,4.230818933588808,3.0541645143911065e-11,COMPLETE
1397,0.0746,0.2581278696672487,6.103623020551158,1.0726049388472807,104.61067826393281,0.3710234766141632,0.01827165816362135,3.649569116806477e-06,COMPLETE
1398,0.103,0.6288142162456426,6.485051657135356,8.741900816624833,0.8254702397052931,0.5218478141839406,0.04082369646290137,1.106250097323406e-08,COMPLETE
1399,0.05015,0.2575986621650088,3.7523591558107,1.3526137167003873,12.412723646412944,0.41451988579362814,2.1815406187114883,7.856050649184443e-08,COMPLETE
1400,0.06225,0.5565353211896261,4.050574348074197,9.890916012877245,0.07261268023359602,0.047570004104159534,1.1961286443235215,3.0092675819548274e-09,COMPLETE
1401,0.0845,0.11714296489726261,4.797597292147365,8.359124144204223,0.4634053899763641,0.002493029481657947,17.543999742650467,0.00045203963287437297,COMPLETE
1402,0.07335,0.3745448908956579,3.7523591558107,1.9370537087438828,0.016767417635497637,51.0531204742495,0.06896807247569771,1.7411112824373338e-14,COMPLETE
1403,0.0639,0.48823308039536534,6.485051657135356,2.6338329439397503,0.33899932252483383,23.22576873848295,1.4298640803911997,3.787929895519139e-07,COMPLETE
1404,0.0697,0.7309661885488313,5.719667260978259,6.42936789207178,208.22607295194175,0.1013397086496358,0.01777158201797886,9.646458567810448e-14,COMPLETE
1405,0.05905,0.261084445467449,4.1507450390958995,1.3526137167003873,12.412723646412944,107.59872434463156,17.41130754771415,1.7411112824373338e-14,COMPLETE
1406,0.05845,0.2513854708998402,5.686980021608849,1.0310335826451198,1.9562826277387932,51.0531204742495,0.05113123645352478,5.521087576123659e-10,COMPLETE
1407,0.07495,0.5283898453548757,4.254599036833613,8.741900816624833,1.9562826277387932,3.858204027730059,17.543999742650467,2.1811143402963018e-10,COMPLETE
1408,0.06065,0.29991508801769157,3.7523591558107,1.2997368745646833,0.016767417635497637,186.9306125540257,5.192615578479196,1.7411112824373338e-14,COMPLETE
1409,0.05005,0.1381937635936312,4.958426658725357,1.2997368745646833,0.18468504546596953,186.9306125540257,0.0247605531247782,3.0541645143911065e-11,COMPLETE
1410,0.0718,0.4483486910838761,3.046425174476959,2.338834949422423,1.8442663426239594,0.0033120263078780716,1.7510284250855914,6.911805041291909e-11,COMPLETE
1411,0.07715,0.6420786034344442,5.719667260978259,6.875144787901625,0.016767417635497637,101.78529182145942,0.43644608375369637,1.6894010759859846e-13,COMPLETE
1412,0.0533,0.5246031243581416,6.655421352222268,4.6814258240363635,0.07261268023359602,51.0531204742495,80.46577679760097,3.649569116806477e-06,COMPLETE
1413,0.06855,0.417660222564788,4.3548083271808515,2.5118580794078285,1.9562826277387932,199.3522877832892,0.15177794282709223,1.0573306602933187e-10,COMPLETE
1414,0.0889,0.10731495784724158,3.9031024459047603,1.2997368745646833,0.18468504546596953,1.5630282565660134,3.6008094906658137,0.005034796135659236,COMPLETE
1415,0.0723,0.42475236042629577,6.103623020551158,3.3801923275388828,1.2076605915045011,0.3710234766141632,80.46577679760097,3.649569116806477e-06,COMPLETE
1416,0.1013,0.7909254516896189,5.761386748876986,8.359124144204223,3180.2296253616087,4.006173959705789,3.6008094906658137,8.70051320759453e-07,COMPLETE
1417,0.0962,0.5927874974250252,2.8467952672042545,8.359124144204223,208.22607295194175,51.0531204742495,40.85904311066597,3.787929895519139e-07,COMPLETE
1418,0.0791,0.5029974574665951,2.8467952672042545,8.359124144204223,7.156607498059932,0.5362196401258538,2.9992267078059167,1.5335060532903536e-12,COMPLETE
1419,0.0917,0.6140661030527146,6.943625321882633,6.641926976422129,0.6975592224319972,0.004569612957571183,0.30215681097995994,9.274226703370502e-12,COMPLETE
1420,0.06225,0.35323103614743534,3.7523591558107,1.508665527752923,0.016767417635497637,186.9306125540257,5.192615578479196,1.7411112824373338e-14,COMPLETE
1421,0.07805,0.6357815411787872,7.296565715563787,6.641926976422129,0.07261268023359602,26.12996734008775,0.01777158201797886,8.720647859508846e-11,COMPLETE
1422,0.12635,0.7203971220656246,5.719667260978259,5.095628763774747,208.22607295194175,0.1013397086496358,0.06896807247569771,1.6894010759859846e-13,COMPLETE
1423,0.0607,0.24986378174428442,4.3548083271808515,1.3526137167003873,0.017244520892463013,107.59872434463156,34.574222073764446,3.649569116806477e-06,COMPLETE
1424,0.07755,0.743986160052444,7.051402036894628,3.9944594338373487,208.22607295194175,0.08755680934938086,0.49106969850296894,5.314026320276268e-08,COMPLETE
1425,0.067,0.5122880416538633,6.943625321882633,1.7519510271087413,1.8442663426239594,0.0014966784438720287,76.57127726580364,5.505777118810484e-10,COMPLETE
1426,0.0743,0.5744179444760628,5.443013241836275,4.248399852923057,5.389330258031612,51.0531204742495,4.230818933588808,1.298609616582355e-06,COMPLETE
1427,0.0881,0.35276219748702725,0.5538900798173011,6.875144787901625,0.4634053899763641,0.296754245517724,34.574222073764446,3.649569116806477e-06,COMPLETE
1428,0.0941,0.4874302860537133,4.958426658725357,2.6338329439397503,0.8515784036998719,47.2678601818697,3.6008094906658137,3.787929895519139e-07,COMPLETE
1429,0.0897,0.11277329796823651,5.719667260978259,6.875144787901625,208.22607295194175,0.1013397086496358,0.01777158201797886,0.00035491068275471057,COMPLETE
1430,0.0514,0.30077642270342675,4.958426658725357,1.0726049388472807,0.4634053899763641,1.0175241953088157,0.037145330599528494,5.521087576123659e-10,COMPLETE
1431,0.1015,0.1691052983198702,6.943625321882633,9.890916012877245,3090.9457533461396,0.047570004104159534,0.764092524644605,0.006810591703162075,COMPLETE
1432,0.1233,0.7350530244196938,5.2080869297069565,9.890916012877245,3090.9457533461396,0.047570004104159534,12.491315660805293,1.9897264125379086e-06,COMPLETE
1433,0.0678,0.6234935378626398,5.377293219985212,6.875144787901625,208.22607295194175,110.16646134717259,2.606433764399818,3.787929895519139e-07,COMPLETE
1434,0.05635,0.37055570485576617,7.371731789186595,2.5118580794078285,1.9562826277387932,2.0518583729409148,80.46577679760097,2.1811143402963018e-10,COMPLETE
1435,0.0515,0.30359428889777074,4.335111916469993,1.7519510271087413,1.9562826277387932,3.858204027730059,17.543999742650467,2.1811143402963018e-10,COMPLETE
1436,0.0793,0.5483234914019234,4.3548083271808515,8.493062680488642,0.4634053899763641,4.006173959705789,34.574222073764446,3.649569116806477e-06,COMPLETE
1437,0.0935,0.6254100162278413,4.958426658725357,9.890916012877245,0.18468504546596953,0.047570004104159534,0.0247605531247782,3.407169759582504e-13,COMPLETE
1438,0.08305,0.5145309845152269,4.958426658725357,7.242098619980624,0.4634053899763641,186.9306125540257,0.11770418369752346,1.9897264125379086e-06,COMPLETE
1439,0.0989,0.603397319913603,4.958426658725357,9.45115056814844,0.01019009004151379,186.9306125540257,4.842346488219021,5.868156898565049e-10,COMPLETE
1440,0.09205,0.3722094496860882,2.717308616709881,3.3801923275388828,3090.9457533461396,3.2798926016584686,0.04082369646290137,1.9897264125379086e-06,COMPLETE
1441,0.09295,0.5566982087111293,7.051402036894628,2.8034123264003057,0.6975592224319972,546.754814234046,19.27289348309751,8.720647859508846e-11,COMPLETE
1442,0.0971,0.568367232873234,5.10705465156542,3.1788912454430323,2661.553121751245,1.2594502646806938,17.543999742650467,2.1811143402963018e-10,COMPLETE
1443,0.07235,0.48170695807773917,4.949569999944834,6.875144787901625,1.8278642465471888,0.06857317261521613,80.46577679760097,1.6894010759859846e-13,COMPLETE
1444,0.05675,0.28097562328056486,7.051402036894628,1.7519510271087413,1.8442663426239594,4.703038707832875,12.491315660805293,1.621364679176634e-08,COMPLETE
1445,0.0721,0.5767374207205488,6.019990742215804,7.8078637347278095,12.412723646412944,0.5362196401258538,3.6008094906658137,1.9043961097477443e-12,COMPLETE
1446,0.05215,0.20052440290003698,4.653916869245234,1.0726049388472807,12.412723646412944,51.0531204742495,19.200211496456966,5.521087576123659e-10,COMPLETE
1447,0.1013,0.6588771915881564,4.958426658725357,6.875144787901625,123.52077947060401,1.6849056557710271,0.19035824755855915,1.6894010759859846e-13,COMPLETE
1448,0.08885,0.47317285356456895,2.8467952672042545,8.359124144204223,0.07261268023359602,1.3890535050320856,7.405471973383404,6.338054654029837e-09,COMPLETE
1449,0.0902,0.6175243647893227,4.3548083271808515,8.359124144204223,0.4634053899763641,186.9306125540257,34.574222073764446,3.649569116806477e-06,COMPLETE
1450,0.0574,0.25150426862684844,5.348605495835832,1.2997368745646833,1.8442663426239594,4.006173959705789,0.764092524644605,3.811801850956625e-07,COMPLETE
1451,0.0637,0.538980403229488,7.051402036894628,2.8036597183497527,0.20558928512579072,808.8074973688359,34.574222073764446,9.387548224157232e-13,COMPLETE
1452,0.0547,0.3019875574394166,5.719667260978259,1.7519510271087413,1.8442663426239594,110.16646134717259,76.57127726580364,1.621364679176634e-08,COMPLETE
1453,0.0434,0.2003216658623641,5.719667260978259,1.0726049388472807,0.016767417635497637,110.16646134717259,12.491315660805293,9.787752692175531e-12,COMPLETE
1454,0.08375,0.5712053203634265,7.051402036894628,2.8036597183497527,0.1784805460542277,808.8074973688359,12.491315660805293,1.9043961097477443e-12,COMPLETE
1455,0.1027,0.6626908674216453,6.485051657135356,8.33604695260721,0.33899932252483383,1.2594502646806938,1.4298640803911997,7.242135537625552e-11,COMPLETE
1456,0.05615,0.34773749185845537,4.3548083271808515,1.3526137167003873,12.412723646412944,107.59872434463156,0.8427508511947642,1.9043961097477443e-12,COMPLETE
1457,0.062,0.389306611594847,4.958426658725357,1.2997368745646833,104.61067826393281,0.3710234766141632,0.0247605531247782,3.811801850956625e-07,COMPLETE
1458,0.1013,0.6247320695997322,4.958426658725357,8.359124144204223,0.07261268023359602,51.0531204742495,3.6008094906658137,5.432263014140687e-13,COMPLETE
1459,0.13125,0.8383225887507799,5.439590829177734,9.890916012877245,3090.9457533461396,0.047570004104159534,0.04082369646290137,3.649569116806477e-06,COMPLETE
1460,0.06095,0.35926511392437205,2.0628472402371876,2.2991799521485987,0.016767417635497637,110.16646134717259,34.574222073764446,3.0541645143911065e-11,COMPLETE
1461,0.11215,0.04269110491612399,2.8467952672042545,1.896605476603148,3090.9457533461396,51.0531204742495,0.04082369646290137,3.787929895519139e-07,COMPLETE
1462,0.0322,0.1683799022017871,6.943625321882633,1.0726049388472807,0.4634053899763641,546.754814234046,0.010117774078155787,3.0092675819548274e-09,COMPLETE
1463,0.0524,0.23001162599283348,3.0455122299916,1.0726049388472807,0.07261268023359602,51.0531204742495,5.192615578479196,5.521087576123659e-10,COMPLETE
1464,0.05785,0.5818966517770909,3.046425174476959,7.8078637347278095,1.8442663426239594,4.703038707832875,3.6008094906658137,1.9043961097477443e-12,COMPLETE
1465,0.0402,0.2793546578879786,7.051402036894628,1.2997368745646833,0.18468504546596953,0.06857317261521613,0.0247605531247782,1.6894010759859846e-13,COMPLETE
1466,0.0414,0.2052106472292418,6.351039989269435,1.0726049388472807,0.05835460542676625,3.858204027730059,34.574222073764446,3.0541645143911065e-11,COMPLETE
1467,0.0742,0.28802721103629736,4.3548083271808515,1.3526137167003873,4239.937558954532,107.59872434463156,0.764092524644605,3.649569116806477e-06,COMPLETE
1468,0.09765,0.5969954543420369,5.686980021608849,2.5118580794078285,9478.952400714574,3.858204027730059,59.2437895529571,2.1811143402963018e-10,COMPLETE
1469,0.04125,0.3035206698666446,6.019990742215804,1.2997368745646833,0.014162338396506723,186.9306125540257,0.0247605531247782,3.811801850956625e-07,COMPLETE
1470,0.09735,0.6350002083872811,3.5035408521541362,8.359124144204223,0.4634053899763641,186.9306125540257,21.77877394633902,2.1811143402963018e-10,COMPLETE
1471,0.05085,0.23300277584959173,3.0455122299916,1.1341283560559592,208.22607295194175,51.0531204742495,5.192615578479196,3.787929895519139e-07,COMPLETE
1472,0.0648,0.39439166832329997,3.7523591558107,3.1788912454430323,0.016767417635497637,0.004133960289903019,33.10332610253603,1.7411112824373338e-14,COMPLETE
1473,0.07165,0.5219060284589493,7.051402036894628,2.8036597183497527,0.6975592224319972,1.1423460445157332,0.01777158201797886,8.720647859508846e-11,COMPLETE
1474,0.0495,0.2347070751351369,6.485051657135356,1.4234508712843703,0.1784805460542277,0.5362196401258538,1.4298640803911997,1.9043961097477443e-12,COMPLETE
1475,0.0892,0.5301064483219783,3.5455455571717134,7.242098619980624,0.34690520044484086,51.0531204742495,34.574222073764446,3.649569116806477e-06,COMPLETE
1476,0.0566,0.01681907311500065,6.943625321882633,7.317052068550166,0.1784805460542277,597.7465223273464,0.04082369646290137,0.0040751528060348355,COMPLETE
1477,0.08755,0.5439203693899289,2.8467952672042545,8.359124144204223,0.4634053899763641,0.004142385509815456,3.6008094906658137,1.5335060532903536e-12,COMPLETE
1478,0.0976,0.649788692951407,5.719667260978259,3.1788912454430323,2661.553121751245,0.1013397086496358,86.58694227114692,7.242135537625552e-11,COMPLETE
1479,0.0593,0.3760513915448785,7.115831787284245,1.7519510271087413,1.8442663426239594,0.017198193320493993,0.01777158201797886,3.9694167750317793e-10,COMPLETE
1480,0.0575,0.2470642652825654,4.653916869245234,1.0726049388472807,12.412723646412944,51.0531204742495,5.192615578479196,5.521087576123659e-10,COMPLETE
1481,0.08805,0.485299425896346,3.7523591558107,9.890916012877245,0.016767417635497637,0.047570004104159534,0.764092524644605,3.407169759582504e-13,COMPLETE
1482,0.09745,0.5910134780183166,3.7523591558107,5.09597589410649,0.18468504546596953,110.16646134717259,2.606433764399818,1.298609616582355e-06,COMPLETE
1483,0.12495,0.6495421826142809,6.943625321882633,2.5118580794078285,3090.9457533461396,0.047570004104159534,0.764092524644605,3.407169759582504e-13,COMPLETE
1484,0.1164,0.31874263533718133,5.439590829177734,9.890916012877245,3090.9457533461396,2.3456275694331676,0.04082369646290137,1.9897264125379086e-06,COMPLETE
1485,0.07185,0.2594594747069289,5.719667260978259,6.875144787901625,208.22607295194175,51.0531204742495,0.06896807247569771,3.787929895519139e-07,COMPLETE
1486,0.0721,0.2810406803165057,4.797597292147365,1.7519510271087413,0.21068030120772424,0.04511043319757621,0.06896807247569771,3.407169759582504e-13,COMPLETE
1487,0.0949,0.44727522900554934,6.103623020551158,9.890916012877245,54.98711449866366,0.012060448821454744,0.04082369646290137,1.9897264125379086e-06,COMPLETE
1488,0.08235,0.658427318887663,7.051402036894628,6.875144787901625,123.52077947060401,51.0531204742495,0.11060646004395691,9.677224859834987e-11,COMPLETE
1489,0.0718,0.5007714888733932,4.958426658725357,6.875144787901625,0.36751212668514066,0.06857317261521613,3.6008094906658137,3.0541645143911065e-11,COMPLETE
1490,0.10305,0.6532691699367985,6.943625321882633,8.741900816624833,3090.9457533461396,1.2594502646806938,0.04082369646290137,7.242135537625552e-11,COMPLETE
1491,0.11735,0.33088246763298756,4.3548083271808515,1.3526137167003873,208.22607295194175,0.009707433566872849,0.010490863545892863,3.649569116806477e-06,COMPLETE
1492,0.10315,0.6025935869354255,2.26003957535122,5.751620494688234,3090.9457533461396,186.9306125540257,3.6008094906658137,3.0092675819548274e-09,COMPLETE
1493,0.0548,0.44760935611770075,4.958426658725357,1.7056069232227984,0.07261268023359602,186.9306125540257,2.3494985836646247,5.521087576123659e-10,COMPLETE
1494,0.057,0.4296204282835408,6.103623020551158,3.3801923275388828,0.21068030120772424,0.3710234766141632,80.46577679760097,1.1682701663189634e-13,COMPLETE
1495,0.0868,0.09323834505765935,1.5586610168286603,2.6338329439397503,0.4634053899763641,1.5630282565660134,34.574222073764446,0.0004010526348130018,COMPLETE
1496,0.06585,0.4781562950805166,6.655421352222268,4.6814258240363635,1.9562826277387932,3.858204027730059,12.491315660805293,6.338054654029837e-09,COMPLETE
1497,0.08045,0.5357738743117973,4.335111916469993,8.359124144204223,1.9562826277387932,3.858204027730059,3.6008094906658137,2.1811143402963018e-10,COMPLETE
1498,0.0836,0.1550525148678704,4.649795209343245,9.890916012877245,0.18468504546596953,0.047570004104159534,18.054749590472085,2.2341651030705364e-05,COMPLETE
1499,0.1036,0.4861559142419635,4.335111916469993,8.33604695260721,1.8442663426239594,5.054984284069897,76.57127726580364,7.242135537625552e-11,COMPLETE
1500,0.07935,0.5254742493418264,5.719667260978259,6.875144787901625,0.4634053899763641,0.1013397086496358,3.6008094906658137,1.6894010759859846e-13,COMPLETE
1501,0.03935,0.2829691282076294,4.958426658725357,1.3526137167003873,0.18468504546596953,107.59872434463156,34.574222073764446,3.811801850956625e-07,COMPLETE
1502,0.053,0.4221666204319915,4.335111916469993,2.5118580794078285,1.9562826277387932,18.626097449354273,17.543999742650467,2.1811143402963018e-10,COMPLETE
1503,0.05725,0.21755871406450325,6.943625321882633,1.3526137167003873,123.52077947060401,107.59872434463156,0.04082369646290137,3.649569116806477e-06,COMPLETE
1504,0.0535,0.44561312783542717,7.051402036894628,1.7519510271087413,1.8442663426239594,4.006173959705789,0.01777158201797886,3.407169759582504e-13,COMPLETE
1505,0.0626,0.41582745663836557,7.296565715563787,1.7519510271087413,0.6975592224319972,0.4816483006926763,0.01777158201797886,9.274226703370502e-12,COMPLETE
1506,0.0491,0.25019842462359604,4.3548083271808515,1.3526137167003873,1.8442663426239594,4.006173959705789,34.574222073764446,3.649569116806477e-06,COMPLETE
1507,0.06915,0.3602662297322968,7.051402036894628,5.751620494688234,1.8442663426239594,168.65252268697844,0.01777158201797886,3.9694167750317793e-10,COMPLETE
1508,0.07715,0.6237555457919893,7.051402036894628,6.641926976422129,0.6975592224319972,546.754814234046,0.01777158201797886,8.720647859508846e-11,COMPLETE
1509,0.07895,0.5842677511914752,7.051402036894628,2.8036597183497527,1.8442663426239594,2.259656106429442,0.015035312263353716,1.9043961097477443e-12,COMPLETE
1510,0.0984,0.7367674946527007,5.686980021608849,5.751620494688234,206.66065670528866,0.004569612957571183,59.2437895529571,2.1811143402963018e-10,COMPLETE
1511,0.0557,0.45211462993725016,7.051402036894628,3.9944594338373487,0.1784805460542277,0.5362196401258538,3.6008094906658137,1.9043961097477443e-12,COMPLETE
1512,0.0723,0.5287878450166684,4.653916869245234,2.8034123264003057,12.412723646412944,51.0531204742495,0.01777158201797886,8.720647859508846e-11,COMPLETE
1513,0.0603,0.4682859091050076,6.103623020551158,2.8036597183497527,0.17599026106448265,0.003952095395092382,12.491315660805293,1.1682701663189634e-13,COMPLETE
1514,0.0713,0.6145318534070167,6.019990742215804,7.8078637347278095,104.61067826393281,38.30187823590163,80.46577679760097,4.6091377894196375e-11,COMPLETE
1515,0.0703,0.165075665594384,7.371731789186595,3.3801923275388828,1.8278642465471888,2.0518583729409148,0.012964396058539482,1.666708655118364e-05,COMPLETE
1516,0.0906,0.624218120309075,5.719667260978259,3.1788912454430323,208.22607295194175,0.1013397086496358,17.543999742650467,1.6894010759859846e-13,COMPLETE
1517,0.04755,0.03137238733387921,6.019990742215804,1.2997368745646833,0.049639878958573025,186.9306125540257,0.0247605531247782,0.00011408523325738792,COMPLETE
1518,0.0971,0.7343062952205686,5.686980021608849,8.33604695260721,2661.553121751245,1.2594502646806938,59.2437895529571,7.242135537625552e-11,COMPLETE
1519,0.07115,0.3137439614986865,5.719667260978259,1.7519510271087413,1.8442663426239594,0.009707433566872849,0.010490863545892863,3.787929895519139e-07,COMPLETE
1520,0.1463,0.7622770828397224,4.958426658725357,9.890916012877245,3090.9457533461396,0.047570004104159534,0.764092524644605,3.787929895519139e-07,COMPLETE
1521,0.05475,0.35487090768448726,6.019990742215804,2.5118580794078285,1.9562826277387932,0.5362196401258538,59.2437895529571,1.9043961097477443e-12,COMPLETE
1522,0.0997,0.5639796597029032,4.335111916469993,3.3251929552958046,2661.553121751245,1.2594502646806938,0.04082369646290137,7.242135537625552e-11,COMPLETE
1523,0.0508,0.22973179498605928,4.3548083271808515,1.0726049388472807,0.4634053899763641,186.9306125540257,34.574222073764446,3.649569116806477e-06,COMPLETE
1524,0.1102,0.49605265226894973,2.7496538838541493,2.1800164972618283,9200.57957405296,1.5630282565660134,5.192615578479196,3.787929895519139e-07,COMPLETE
1525,0.0687,0.42383826899435223,6.351039989269435,1.0726049388472807,2661.553121751245,1.2594502646806938,2.4710813083340644,7.242135537625552e-11,COMPLETE
1526,0.0669,0.5511395603611033,5.719667260978259,6.875144787901625,0.2252431501377761,0.009707433566872849,0.3234940277753626,2.90816916698945e-10,COMPLETE
1527,0.05755,0.24131639165777138,4.958426658725357,1.3387067545585338,0.4634053899763641,0.08755680934938086,20.94735143182045,5.314026320276268e-08,COMPLETE
1528,0.07025,0.29269353962507116,1.330026852409049,1.2997368745646833,0.6975592224319972,546.754814234046,12.387704108881755,3.811801850956625e-07,COMPLETE
1529,0.10585,0.7047165426620856,6.103623020551158,8.741900816624833,3090.9457533461396,0.3710234766141632,0.04082369646290137,3.787929895519139e-07,COMPLETE
1530,0.0997,0.5789657022118487,4.958426658725357,8.359124144204223,12.412723646412944,107.59872434463156,3.6008094906658137,3.649569116806477e-06,COMPLETE
1531,0.0631,0.464665040230037,4.958426658725357,2.839979984936102,0.21068030120772424,186.9306125540257,34.574222073764446,1.1682701663189634e-13,COMPLETE
1532,0.06415,0.21944570881790076,5.686980021608849,2.5118580794078285,4.738751537652386,3.858204027730059,16.613811002261958,0.00033017222427721734,COMPLETE
1533,0.04985,0.06926025319715712,3.0455122299916,1.0726049388472807,1267.754497754235,546.754814234046,0.01777158201797886,8.720647859508846e-11,COMPLETE
1534,0.07645,0.5661556599805007,4.335111916469993,8.33604695260721,0.07261268023359602,1.2594502646806938,7.413999060832848,6.338054654029837e-09,COMPLETE
1535,0.0621,0.5228769560607217,5.719667260978259,6.875144787901625,0.07261268023359602,0.1013397086496358,12.491315660805293,1.6894010759859846e-13,COMPLETE
1536,0.0557,0.3771752561214315,4.958426658725357,1.3526137167003873,3389.202209315723,186.9306125540257,3.6008094906658137,3.649569116806477e-06,COMPLETE
1537,0.1468,0.8148653813590063,6.943625321882633,9.890916012877245,3090.9457533461396,0.047570004104159534,1.7908030572645164,1.8161456189690293e-09,COMPLETE
1538,0.0853,0.3917951779553635,6.019990742215804,3.2792809847860105,0.014162338396506723,186.9306125540257,0.0247605531247782,3.811801850956625e-07,COMPLETE
1539,0.079,0.4241069170353513,3.7523591558107,2.2991799521485987,0.016767417635497637,110.16646134717259,2.606433764399818,1.7411112824373338e-14,COMPLETE
1540,0.10115,0.7935335650496114,6.943625321882633,8.741900816624833,208.22607295194175,0.06857317261521613,0.04529608412297882,3.787929895519139e-07,COMPLETE
1541,0.0546,0.15265738211073063,0.11921925236153806,1.1098655122958205,0.07261268023359602,4.508708734245029,0.49106969850296894,5.314026320276268e-08,COMPLETE
1542,0.08465,0.5418209898815554,7.051402036894628,1.7519510271087413,3090.9457533461396,2.889938283535454,0.764092524644605,2.5597557258227256e-12,COMPLETE
1543,0.10215,0.5225425079848425,4.958426658725357,1.513669637191869,123.52077947060401,0.009562038292372461,0.04082369646290137,5.430506505144336e-13,COMPLETE
1544,0.06775,0.31150933657062185,1.478466178303202,2.8034123264003057,0.6975592224319972,1.5630282565660134,3.6008094906658137,8.720647859508846e-11,COMPLETE
1545,0.09605,0.7678337085458283,3.046425174476959,8.741900816624833,123.52077947060401,0.214067216488943,0.2083347494436004,1.9043961097477443e-12,COMPLETE
1546,0.09475,0.4909476015479594,6.943625321882633,1.3526137167003873,12.412723646412944,0.004569612957571183,1.1760128381183215,1.8408580211580353e-10,COMPLETE
1547,0.0892,0.34030327319926107,5.439590829177734,9.890916012877245,0.4634053899763641,0.047570004104159534,0.04082369646290137,3.649569116806477e-06,COMPLETE
1548,0.0601,0.2295486861369373,2.8467952672042545,1.2997368745646833,0.014162338396506723,401.6145557975673,0.0247605531247782,3.811801850956625e-07,COMPLETE
1549,0.1199,0.6975512821479066,4.335111916469993,8.33604695260721,2661.553121751245,1.2594502646806938,41.10710059684658,7.242135537625552e-11,COMPLETE
1550,0.12345,0.8304071089106974,5.719667260978259,6.875144787901625,208.22607295194175,0.009707433566872849,0.01777158201797886,9.274226703370502e-12,COMPLETE
1551,0.07255,0.4302518037517047,0.14433949509045305,8.888597050641076,1.8442663426239594,4.703038707832875,3.6008094906658137,3.407169759582504e-13,COMPLETE
1552,0.06995,0.49426189802869347,4.958426658725357,8.33604695260721,7.923511979015814,1.2594502646806938,34.574222073764446,7.134040030210143e-10,COMPLETE
1553,0.0737,0.5427520903048234,7.051402036894628,2.8034123264003057,12.412723646412944,546.754814234046,5.192615578479196,2.376335948657833e-11,COMPLETE
1554,0.0617,0.42534687009293787,4.958426658725357,2.6338329439397503,104.61067826393281,1.5630282565660134,54.23643403987032,3.649569116806477e-06,COMPLETE
1555,0.0739,0.5872747271130553,6.8187912226914245,6.875144787901625,0.019528190728135077,0.06857317261521613,0.0671285849722132,1.6894010759859846e-13,COMPLETE
1556,0.10645,0.6739682477704044,4.335111916469993,8.33604695260721,2661.553121751245,3.858204027730059,59.2437895529571,7.242135537625552e-11,COMPLETE
1557,0.06185,0.2522018371728663,5.864604169544608,1.2997368745646833,0.18468504546596953,0.007054876772755201,0.0247605531247782,1.6894010759859846e-13,COMPLETE
1558,0.08305,0.43961376199095575,4.050574348074197,5.751620494688234,0.014162338396506723,0.004569612957571183,1.1961286443235215,3.0092675819548274e-09,COMPLETE
1559,0.0625,0.40200505275165044,4.050574348074197,2.8036597183497527,0.1784805460542277,0.004569612957571183,12.491315660805293,3.0092675819548274e-09,COMPLETE
1560,0.0875,0.6200366445835975,4.958426658725357,7.242098619980624,0.07261268023359602,186.9306125540257,1.1961286443235215,3.649569116806477e-06,COMPLETE
1561,0.0707,0.3666552701551963,2.8467952672042545,2.8034123264003057,0.6975592224319972,546.754814234046,0.053640229710454075,1.5335060532903536e-12,COMPLETE
1562,0.07755,0.5541527055085009,7.051402036894628,2.8036597183497527,0.1784805460542277,808.8074973688359,12.491315660805293,1.9043961097477443e-12,COMPLETE
1563,0.0748,0.684903337638865,4.335111916469993,8.33604695260721,208.22607295194175,1.5630282565660134,3.6008094906658137,3.787929895519139e-07,COMPLETE
1564,0.08585,0.6157345100347369,6.019990742215804,7.8078637347278095,0.1784805460542277,0.08777741099799043,0.06896807247569771,1.1682701663189634e-13,COMPLETE
1565,0.0728,0.04176535115307338,7.296565715563787,6.875144787901625,208.22607295194175,546.754814234046,0.01777158201797886,9.274226703370502e-12,COMPLETE
1566,0.0612,0.4503926428014235,3.7523591558107,2.2991799521485987,0.07261268023359602,51.0531204742495,0.12103631800962131,5.521087576123659e-10,COMPLETE
1567,0.0653,0.46708866537000865,3.7523591558107,2.2991799521485987,0.016767417635497637,110.16646134717259,0.0385814071838796,1.7411112824373338e-14,COMPLETE
1568,0.0932,0.5248280851081911,6.943625321882633,1.0730684149436114,3090.9457533461396,0.047570004104159534,0.04082369646290137,3.407169759582504e-13,COMPLETE
1569,0.05855,0.3937645210863525,7.051402036894628,1.7519510271087413,1.8442663426239594,0.7548899092636552,0.07249182291513659,1.255459285498909e-11,COMPLETE
1570,0.0765,0.5535501142422727,6.943625321882633,8.741900816624833,0.21068030120772424,0.08777741099799043,2.1361291203782047,1.1682701663189634e-13,COMPLETE
1571,0.0751,0.1542914163073383,2.9855889226456918,1.2043093488609087,208.22607295194175,4.671580414267349,0.0247605531247782,3.787929895519139e-07,COMPLETE
1572,0.06725,0.15617824369206473,7.051402036894628,8.359124144204223,208.22607295194175,186.9306125540257,0.018004241124954055,5.314026320276268e-08,COMPLETE
1573,0.086,0.3058893574909348,5.604398103729107,3.3801923275388828,1.3458572380195897,0.3710234766141632,6.452041938555118,1.0045126645326873e-05,COMPLETE
1574,0.07135,0.6469521001289095,5.686980021608849,8.359124144204223,1.9562826277387932,3.858204027730059,4.230818933588808,1.5335060532903536e-12,COMPLETE
1575,0.0623,0.6165700885790498,7.371731789186595,3.3801923275388828,208.22607295194175,0.3232690491122393,80.46577679760097,3.787929895519139e-07,COMPLETE
1576,0.06865,0.5599218567354197,5.719667260978259,3.8467963689814715,3090.9457533461396,110.16646134717259,34.49763847954444,9.787752692175531e-12,COMPLETE
1577,0.11555,0.6260856240445408,4.050574348074197,5.751620494688234,351.3041230368715,186.9306125540257,34.574222073764446,3.0092675819548274e-09,COMPLETE
1578,0.08715,0.5495111747487165,4.335111916469993,2.3270530655812576,2661.553121751245,1.2594502646806938,34.574222073764446,7.242135537625552e-11,COMPLETE
1579,0.05115,0.4511079879048216,7.296565715563787,3.0225158925237463,0.6975592224319972,0.12480776742786713,3.6008094906658137,5.432263014140687e-13,COMPLETE
1580,0.05485,0.36607572799141774,5.686980021608849,2.5118580794078285,0.4634053899763641,3.3796200129460776,59.2437895529571,2.1811143402963018e-10,COMPLETE
1581,0.1142,0.5062079304282348,6.351039989269435,1.0726049388472807,3090.9457533461396,0.1013397086496358,34.574222073764446,9.759036003290203e-13,COMPLETE
1582,0.09765,0.5542917413125626,4.958426658725357,8.359124144204223,0.4634053899763641,186.9306125540257,3.6008094906658137,0.0001088655364136866,COMPLETE
1583,0.0844,0.5647157469977762,7.296565715563787,6.641926976422129,0.6975592224319972,4.006173959705789,0.01777158201797886,3.407169759582504e-13,COMPLETE
1584,0.09795,0.5545281119889198,3.7523591558107,2.2991799521485987,3090.9457533461396,0.047570004104159534,2.606433764399818,3.407169759582504e-13,COMPLETE
1585,0.0615,0.3755277498360209,5.719667260978259,2.2991799521485987,0.01412316358568774,0.009707433566872849,0.010490863545892863,1.7411112824373338e-14,COMPLETE
1586,0.10325,0.043030375265377986,3.7523591558107,3.1788912454430323,2661.553121751245,110.16646134717259,0.19032458273908237,7.242135537625552e-11,COMPLETE
1587,0.0981,0.6419992682538638,4.958426658725357,7.242098619980624,0.4634053899763641,186.9306125540257,3.6008094906658137,3.649569116806477e-06,COMPLETE
1588,0.09475,0.6699783407773836,3.046425174476959,8.741900816624833,123.52077947060401,0.1013397086496358,15.311444895426654,3.787929895519139e-07,COMPLETE
1589,0.0713,0.6420773494635462,6.019990742215804,4.6814258240363635,1.8879681585883947,186.9306125540257,12.491315660805293,3.6833591391144344e-06,COMPLETE
1590,0.07715,0.6008068640755722,6.943625321882633,5.751620494688234,0.4634053899763641,51.0531204742495,46.77639836243533,3.0092675819548274e-09,COMPLETE
1591,0.0747,0.481884263411602,3.534900894396281,2.8034123264003057,0.6975592224319972,3.858204027730059,0.01777158201797886,8.720647859508846e-11,COMPLETE
1592,0.0843,0.5750940901102424,4.335111916469993,3.1788912454430323,6.966168241784175,0.003740018540172464,0.01777158201797886,3.407169759582504e-13,COMPLETE
1593,0.0995,0.5857459484319151,4.3548083271808515,6.875144787901625,12.412723646412944,0.009707433566872849,34.574222073764446,3.787929895519139e-07,COMPLETE
1594,0.11075,0.836138410736243,7.051402036894628,6.875144787901625,123.52077947060401,0.06857317261521613,0.11060646004395691,1.6894010759859846e-13,COMPLETE
1595,0.0727,0.7310733618993737,5.719667260978259,6.875144787901625,208.22607295194175,0.1013397086496358,0.01777158201797886,3.787929895519139e-07,COMPLETE
1596,0.07745,0.5486803414272394,5.589951783360743,3.3801923275388828,104.61067826393281,0.3710234766141632,80.46577679760097,3.649569116806477e-06,COMPLETE
1597,0.0602,0.377982206593266,2.484673142580527,1.7519510271087413,208.22607295194175,5.054984284069897,0.49106969850296894,5.314026320276268e-08,COMPLETE
1598,0.06195,0.027573633062623195,7.051402036894628,4.50627241619146,1.8442663426239594,4.006173959705789,0.01777158201797886,0.005674941053519622,COMPLETE
1599,0.0707,0.32434620800394687,3.7523591558107,2.2991799521485987,0.016767417635497637,0.009237464031998328,47.31702993232124,1.7411112824373338e-14,COMPLETE
1600,0.06415,0.4025891496551434,5.367812694940888,1.7519510271087413,1.8442663426239594,168.65252268697844,0.37320011604658865,3.9694167750317793e-10,COMPLETE
1601,0.1029,0.32089371057604305,5.938242422545831,2.6338329439397503,208.22607295194175,1.5630282565660134,0.04082369646290137,3.649569116806477e-06,COMPLETE
1602,0.07125,0.47516637106985926,5.719667260978259,2.2991799521485987,4.611847937882046,110.16646134717259,4.978570332004545,9.787752692175531e-12,COMPLETE
1603,0.1117,0.7523456106262462,5.989976616159035,8.33604695260721,2661.553121751245,1.2594502646806938,76.57127726580364,7.242135537625552e-11,COMPLETE
1604,0.10445,0.6243690057453183,6.655421352222268,7.8078637347278095,1.8442663426239594,51.0531204742495,0.5687262040093961,6.338054654029837e-09,COMPLETE
1605,0.0715,0.4049364597104663,5.719667260978259,8.741900816624833,0.016767417635497637,110.16646134717259,0.01777158201797886,1.9043961097477443e-12,COMPLETE
1606,0.0733,0.3882315015104819,7.051402036894628,1.7519510271087413,0.021294500943847383,168.65252268697844,0.01777158201797886,3.9694167750317793e-10,COMPLETE
1607,0.07745,0.3938485533517637,6.019990742215804,8.741900816624833,0.014162338396506723,186.9306125540257,0.07711691410081703,1.9043961097477443e-12,COMPLETE
1608,0.067,0.3248142011619661,4.3548083271808515,1.3526137167003873,12.412723646412944,107.59872434463156,0.04082369646290137,1.9897264125379086e-06,COMPLETE
1609,0.05855,0.18168460753123,3.0455122299916,1.0726049388472807,0.07261268023359602,51.0531204742495,5.192615578479196,9.211747068416803e-08,COMPLETE
1610,0.0846,0.017645732955560805,5.439590829177734,9.890916012877245,3090.9457533461396,186.9306125540257,0.04082369646290137,3.0541645143911065e-11,COMPLETE
1611,0.11075,0.827406585792941,5.719667260978259,9.890916012877245,3090.9457533461396,0.1013397086496358,0.764092524644605,3.407169759582504e-13,COMPLETE
1612,0.12325,0.7476335799068595,4.335111916469993,8.359124144204223,2661.553121751245,1.2594502646806938,4.230818933588808,1.5335060532903536e-12,COMPLETE
1613,0.0981,0.366905159221337,7.051402036894628,4.076387653004293,1.8442663426239594,186.9306125540257,0.0247605531247782,3.9694167750317793e-10,COMPLETE
1614,0.1255,0.8129025019139268,5.719667260978259,6.875144787901625,208.22607295194175,0.1013397086496358,0.11060646004395691,1.6894010759859846e-13,COMPLETE
1615,0.07885,0.6056111348285287,6.655421352222268,4.6814258240363635,0.07261268023359602,51.0531204742495,5.192615578479196,5.521087576123659e-10,COMPLETE
1616,0.0642,0.41698667157632946,7.386296960720818,1.7519510271087413,1.8442663426239594,5.054984284069897,0.01777158201797886,9.787752692175531e-12,COMPLETE
1617,0.0548,0.3761640288298595,4.335111916469993,2.5118580794078285,0.016767417635497637,0.2003442811132022,17.543999742650467,2.1811143402963018e-10,COMPLETE
1618,0.0866,0.5083136055751937,6.943625321882633,5.751620494688234,0.014162338396506723,1.532622101087091,14.732118064935978,6.456917551524149e-10,COMPLETE
1619,0.0809,0.5325770232809008,4.335111916469993,2.5118580794078285,208.22607295194175,0.1013397086496358,17.543999742650467,3.787929895519139e-07,COMPLETE
1620,0.05585,0.3407258599853864,6.943625321882633,1.7519510271087413,0.6975592224319972,0.009045923867597096,0.01777158201797886,8.720647859508846e-11,COMPLETE
1621,0.06945,0.4889164900534005,4.797597292147365,2.2991799521485987,0.016767417635497637,4.006173959705789,0.01777158201797886,3.407169759582504e-13,COMPLETE
1622,0.09775,0.21375624262824566,5.439590829177734,1.7519510271087413,7541.824071671657,4.006173959705789,0.04082369646290137,0.0006197632437366288,COMPLETE
1623,0.08535,0.6905048003059383,7.296565715563787,6.641926976422129,0.07261268023359602,51.0531204742495,12.491315660805293,6.338054654029837e-09,COMPLETE
1624,0.0774,0.6009313618651818,6.943625321882633,3.4599672870686695,1.8442663426239594,0.004569612957571183,0.764092524644605,3.407169759582504e-13,COMPLETE
1625,0.05925,0.25640482554870675,4.958426658725357,1.3526137167003873,12.412723646412944,107.59872434463156,34.574222073764446,3.787929895519139e-07,COMPLETE
1626,0.05895,0.2803591287722536,4.958426658725357,1.2997368745646833,0.6975592224319972,127.46061437170125,0.01777158201797886,3.811801850956625e-07,COMPLETE
1627,0.08615,0.5484538321616286,7.051402036894628,6.875144787901625,1.8442663426239594,0.06857317261521613,0.11060646004395691,1.6894010759859846e-13,COMPLETE
1628,0.0806,0.6259161807707992,4.050574348074197,5.751620494688234,0.07261268023359602,186.9306125540257,34.574222073764446,3.0092675819548274e-09,COMPLETE
1629,0.06675,0.5878978185619393,6.019990742215804,7.8078637347278095,0.1784805460542277,0.5362196401258538,3.6008094906658137,1.9043961097477443e-12,COMPLETE
1630,0.09545,0.6501551627584528,6.148024642357465,6.875144787901625,0.4634053899763641,546.754814234046,0.010490863545892863,3.0092675819548274e-09,COMPLETE
1631,0.0845,0.2593492718851858,2.9305266893628157,5.0087123563672735,2.2526238626393873,186.9306125540257,0.01777158201797886,3.407169759582504e-13,COMPLETE
1632,0.084,0.6310366280909305,4.653916869245234,9.890916012877245,12.412723646412944,51.0531204742495,0.04082369646290137,5.521087576123659e-10,COMPLETE
1633,0.07135,0.46681560324002613,6.351039989269435,2.2991799521485987,0.016767417635497637,107.59872434463156,2.606433764399818,3.0541645143911065e-11,COMPLETE
1634,0.0544,0.31898976546063085,5.039536287206675,1.2997368745646833,12.412723646412944,51.0531204742495,0.0247605531247782,3.811801850956625e-07,COMPLETE
1635,0.05835,0.4286798923544012,4.958426658725357,1.7519510271087413,1.8442663426239594,186.9306125540257,3.6008094906658137,1.4798983635226913e-12,COMPLETE
1636,0.0657,0.4172517634706308,3.7523591558107,1.7519510271087413,1.8442663426239594,4.006173959705789,0.01777158201797886,3.407169759582504e-13,COMPLETE
1637,0.07405,0.5161805078223646,4.958426658725357,2.8034123264003057,0.6975592224319972,546.754814234046,3.6008094906658137,3.715026380292558e-08,COMPLETE
1638,0.06585,0.7176701986284147,5.173397110427815,3.9944594338373487,31.25643993245734,0.1013397086496358,0.04082369646290137,2.3870902621628926e-12,COMPLETE
1639,0.0666,0.498175514637711,7.051402036894628,3.0508535038080185,1.8442663426239594,4.006173959705789,0.764092524644605,5.432263014140687e-13,COMPLETE
1640,0.0791,0.11296665861128938,6.943625321882633,8.741900816624833,208.22607295194175,0.06857317261521613,0.04529608412297882,0.002470962566688463,COMPLETE
1641,0.08555,0.6482825809482434,4.958426658725357,7.242098619980624,0.4634053899763641,110.16646134717259,34.574222073764446,1.7411112824373338e-14,COMPLETE
1642,0.0859,0.43832480722378653,4.335111916469993,1.2898476533527683,2661.553121751245,1.2594502646806938,3.6008094906658137,2.5099753344071754e-10,COMPLETE
1643,0.1068,0.040264544257867234,1.6982872874039567,2.2991799521485987,3090.9457533461396,110.16646134717259,0.04082369646290137,1.7411112824373338e-14,COMPLETE
1644,0.1073,0.772590576478837,4.3548083271808515,8.741900816624833,123.52077947060401,0.06857317261521613,0.04082369646290137,3.787929895519139e-07,COMPLETE
1645,0.06855,0.3726176070156755,5.719667260978259,2.2991799521485987,0.016767417635497637,66.30767566195983,34.97043686028137,2.7375666804152473e-10,COMPLETE
1646,0.0951,0.7876127275213627,4.958426658725357,8.741900816624833,83.17959030833369,0.06857317261521613,3.6008094906658137,3.0541645143911065e-11,COMPLETE
1647,0.09845,0.7723324456850199,6.943625321882633,9.890916012877245,708.2418969771976,0.047570004104159534,80.46577679760097,1.9897264125379086e-06,COMPLETE
1648,0.07905,0.4500674350936871,4.958426658725357,1.7519510271087413,5235.361217019605,4.006173959705789,44.70951726369941,3.787929895519139e-07,COMPLETE
1649,0.05385,0.2061149238608332,6.351039989269435,1.0726049388472807,208.22607295194175,3.926862948112624,34.574222073764446,3.787929895519139e-07,COMPLETE
1650,0.0565,0.39283762453563315,7.051402036894628,1.7519510271087413,1.8442663426239594,168.65252268697844,0.01777158201797886,3.9694167750317793e-10,COMPLETE
1651,0.11475,0.681602176477553,5.719667260978259,6.875144787901625,208.22607295194175,0.1013397086496358,0.01777158201797886,3.787929895519139e-07,COMPLETE
1652,0.0914,0.7823751380522186,5.719667260978259,6.875144787901625,3090.9457533461396,0.1013397086496358,0.01777158201797886,3.787929895519139e-07,COMPLETE
1653,0.08725,0.6175737065479041,7.051402036894628,5.751620494688234,8.098360317414071,0.08755680934938086,14.732118064935978,2.029764625732783e-12,COMPLETE
1654,0.06945,0.5492911618472146,6.103623020551158,3.3801923275388828,104.61067826393281,0.3710234766141632,80.46577679760097,3.649569116806477e-06,COMPLETE
1655,0.0859,0.6575816438075888,4.3548083271808515,8.359124144204223,0.4634053899763641,186.9306125540257,34.574222073764446,3.649569116806477e-06,COMPLETE
1656,0.06435,0.49658509466533085,6.943625321882633,3.588239546274598,0.08209124594208814,0.06857317261521613,0.10106312242255514,3.787929895519139e-07,COMPLETE
1657,0.1034,0.7590192673667755,6.943625321882633,5.751620494688234,3090.9457533461396,0.004569612957571183,14.732118064935978,3.0092675819548274e-09,COMPLETE
1658,0.0629,0.25203174167030445,7.051402036894628,2.8034123264003057,0.6975592224319972,0.047570004104159534,0.660532620312148,3.649569116806477e-06,COMPLETE
1659,0.0513,0.3703072684710946,6.943625321882633,2.2991799521485987,0.016767417635497637,12.7433114588357,14.732118064935978,3.0092675819548274e-09,COMPLETE
1660,0.0577,0.2815228293030431,3.7523591558107,1.4433350509996126,0.4634053899763641,110.16646134717259,12.268786036632221,3.0541645143911065e-11,COMPLETE
1661,0.0723,0.2699974022670971,1.5431376565797523,1.0726049388472807,1.8442663426239594,44.84974502738894,0.764092524644605,1.0940250127770873e-10,COMPLETE
1662,0.0766,0.7480289256705208,5.686980021608849,6.875144787901625,7843.277665583187,3.858204027730059,59.2437895529571,4.331365543927414e-05,COMPLETE
1663,0.049,0.010326250633710827,6.943625321882633,1.0726049388472807,0.016767417635497637,546.754814234046,0.010117774078155787,0.0023407940271021714,COMPLETE
1664,0.06815,0.615987119167824,7.371731789186595,8.33604695260721,1.8278642465471888,1.2594502646806938,3.433527659370331,5.521087576123659e-10,COMPLETE
1665,0.0415,0.2860234060379069,3.7523591558107,1.0726049388472807,0.07261268023359602,51.0531204742495,2.606433764399818,5.521087576123659e-10,COMPLETE
1666,0.05655,0.022628412246959932,4.958426658725357,8.359124144204223,0.4094527630866069,497.11870880440307,0.01777158201797886,0.0053871825382595506,COMPLETE
1667,0.06775,0.4344167577005407,7.051402036894628,1.7519510271087413,1.8442663426239594,20.56062882332569,0.42873972450035647,3.407169759582504e-13,COMPLETE
1668,0.0677,0.33615518216867557,4.335111916469993,2.2991799521485987,0.016767417635497637,1.2594502646806938,2.4710813083340644,2.588667085361784e-07,COMPLETE
1669,0.0502,0.20377575104838208,3.0455122299916,1.0726049388472807,123.52077947060401,1.2280328130640805,5.192615578479196,3.787929895519139e-07,COMPLETE
1670,0.03755,0.20262857465550976,4.958426658725357,1.0726049388472807,12.412723646412944,14.38825869953757,5.192615578479196,4.810075272371215e-06,COMPLETE
1671,0.043,0.2032604113550426,4.797597292147365,1.0726049388472807,0.05336565421191137,0.5234431764461012,0.764092524644605,5.521087576123659e-10,COMPLETE
1672,0.08895,0.6033391218401438,7.371731789186595,3.3801923275388828,1.8278642465471888,0.004569612957571183,1.1961286443235215,5.521087576123659e-10,COMPLETE
1673,0.05735,0.17922534405976487,3.7523591558107,1.0726049388472807,12.412723646412944,107.59872434463156,34.574222073764446,3.0541645143911065e-11,COMPLETE
1674,0.0624,0.4887493585741785,4.958426658725357,2.6338329439397503,208.22607295194175,1.5630282565660134,3.6008094906658137,3.787929895519139e-07,COMPLETE
1675,0.07935,0.11210508409601658,7.371731789186595,3.3801923275388828,1.8442663426239594,4.006173959705789,0.764092524644605,0.007664692357114683,COMPLETE
1676,0.1255,0.7026138769885045,4.335111916469993,9.890916012877245,2661.553121751245,1.4601585117402929,17.543999742650467,1.9897264125379086e-06,COMPLETE
1677,0.0821,0.44908628954859714,3.7523591558107,2.2991799521485987,0.016767417635497637,110.16646134717259,2.606433764399818,1.7411112824373338e-14,COMPLETE
1678,0.09645,0.29614504127165453,5.439590829177734,9.890916012877245,3090.9457533461396,0.047570004104159534,0.04082369646290137,8.194913753982165e-05,COMPLETE
1679,0.08045,0.684438950349355,5.686980021608849,5.044925306559818,123.52077947060401,0.3853801889777619,0.11060646004395691,1.6894010759859846e-13,COMPLETE
1680,0.05315,0.17572413024274633,1.0033384993170604,1.0726049388472807,12.412723646412944,51.0531204742495,5.192615578479196,5.521087576123659e-10,COMPLETE
1681,0.0565,0.4917373180817608,3.0455122299916,3.9944594338373487,0.07261268023359602,0.4878712301792302,8.213868348493142,5.521087576123659e-10,COMPLETE
1682,0.09105,0.558635614148019,2.779853011027585,4.293065741006691,0.1784805460542277,447.736390234704,34.574222073764446,7.698846419000689e-13,COMPLETE
1683,0.0709,0.554327905193162,7.051402036894628,6.875144787901625,123.52077947060401,22.022721534756634,59.2437895529571,2.1811143402963018e-10,COMPLETE
1684,0.0959,0.6497257367546512,5.439590829177734,9.890916012877245,0.4634053899763641,51.0531204742495,7.980779573509032,1.5335060532903536e-12,COMPLETE
1685,0.08055,0.6411300113838748,6.943625321882633,8.33604695260721,0.4634053899763641,1.2594502646806938,2.4710813083340644,3.0092675819548274e-09,COMPLETE
1686,0.0816,0.5737728647066093,3.0356513246879047,3.593219931517848,25.49175572219817,3.858204027730059,0.04529608412297882,2.1811143402963018e-10,COMPLETE
1687,0.0536,0.26183645974533537,4.3548083271808515,1.3526137167003873,12.412723646412944,107.59872434463156,34.574222073764446,2.3949412153301986e-11,COMPLETE
1688,0.08485,0.8014920772974682,6.943625321882633,8.741900816624833,123.52077947060401,0.06857317261521613,14.732118064935978,2.2563515925025537e-09,COMPLETE
1689,0.06205,0.29510505402269366,3.0455122299916,1.0726049388472807,0.018309710158384018,839.6336356637821,2.606433764399818,5.521087576123659e-10,COMPLETE
1690,0.05355,0.16332216257381793,5.719667260978259,1.0874484666469568,0.016767417635497637,0.047570004104159534,0.04082369646290137,1.9897264125379086e-06,COMPLETE
1691,0.0595,0.373080894458936,6.943625321882633,1.7519510271087413,1.8442663426239594,4.006173959705789,0.764092524644605,5.432263014140687e-13,COMPLETE
1692,0.0779,0.5534497745180966,5.573568749154047,8.359124144204223,2.2526238626393873,0.06857317261521613,0.11060646004395691,1.6894010759859846e-13,COMPLETE
1693,0.04535,0.27815285168911136,5.439590829177734,1.3526137167003873,3090.9457533461396,107.59872434463156,75.41993233157861,3.649569116806477e-06,COMPLETE
1694,0.06365,0.6062302745589873,4.958426658725357,8.359124144204223,0.4634053899763641,1.5630282565660134,3.6008094906658137,3.787929895519139e-07,COMPLETE
1695,0.05685,0.20513191021891375,6.019990742215804,1.2997368745646833,0.1784805460542277,0.5362196401258538,3.6008094906658137,3.811801850956625e-07,COMPLETE
1696,0.08005,0.4275995554448199,4.958426658725357,2.5118580794078285,1.9562826277387932,186.9306125540257,17.543999742650467,2.1811143402963018e-10,COMPLETE
1697,0.04775,0.30324427178001645,6.103623020551158,1.7519510271087413,104.61067826393281,5.054984284069897,76.57127726580364,1.621364679176634e-08,COMPLETE
1698,0.0507,0.09205010759357629,4.958426658725357,1.2997368745646833,233.60852319403597,186.9306125540257,0.0247605531247782,3.811801850956625e-07,COMPLETE
1699,0.0678,0.39559046059711034,7.051402036894628,2.084626267605567,1.8442663426239594,0.047570004104159534,0.01777158201797886,3.9694167750317793e-10,COMPLETE
1700,0.0613,0.41569750059063354,4.653916869245234,2.080299896042784,12.412723646412944,51.0531204742495,5.192615578479196,5.521087576123659e-10,COMPLETE
1701,0.09525,0.5552208128862439,7.371731789186595,3.3801923275388828,1.8278642465471888,2.0518583729409148,0.04529608412297882,5.521087576123659e-10,COMPLETE
1702,0.08145,0.48880320360768176,5.719667260978259,2.2991799521485987,0.016767417635497637,110.16646134717259,5.192615578479196,5.521087576123659e-10,COMPLETE
1703,0.07455,0.3893523437587922,5.014198087296352,1.769247796336739,1.9562826277387932,3.858204027730059,0.04082369646290137,2.1811143402963018e-10,COMPLETE
1704,0.1054,0.7865879955893281,7.051402036894628,5.085454476514788,2661.553121751245,1.2594502646806938,2.4710813083340644,9.525130150224066e-07,COMPLETE
1705,0.0954,0.49823917349329894,3.7523591558107,2.784157080285174,0.016767417635497637,51.0531204742495,2.606433764399818,5.521087576123659e-10,COMPLETE
1706,0.08705,0.045882681375935305,3.7523591558107,2.8034123264003057,4371.095348983508,110.16646134717259,0.12941091388974002,8.720647859508846e-11,COMPLETE
1707,0.05085,0.23637927705410916,1.1967758005915636,1.0726049388472807,0.07261268023359602,186.9306125540257,3.6008094906658137,3.0541645143911065e-11,COMPLETE
1708,0.07075,0.6280966684522026,5.719667260978259,2.795344539616213,123.52077947060401,0.1013397086496358,0.2083347494436004,4.4125324073489543e-13,COMPLETE
1709,0.04315,0.3063559729128834,5.989976616159035,1.7519510271087413,1.8442663426239594,5.054984284069897,76.57127726580364,1.3541296382097583e-12,COMPLETE
1710,0.09535,0.6004739127833486,4.958426658725357,6.467497174673093,123.52077947060401,186.9306125540257,34.574222073764446,3.649569116806477e-06,COMPLETE
1711,0.0464,0.22989700259686188,7.371731789186595,1.0726049388472807,0.07261268023359602,51.0531204742495,5.192615578479196,5.521087576123659e-10,COMPLETE
1712,0.07525,0.4150111181530616,4.958426658725357,2.3385954763947625,0.07261268023359602,51.0531204742495,5.192615578479196,1.625902225541647e-08,COMPLETE
1713,0.0923,0.3987363116229465,5.989976616159035,1.0271722056734183,504.90321654540344,0.2951200432743583,59.2437895529571,1.621364679176634e-08,COMPLETE
1714,0.0782,0.20443890600430384,6.943625321882633,8.741900816624833,0.014016334350577222,0.0013658740209670623,0.04082369646290137,3.787929895519139e-07,COMPLETE
1715,0.0622,0.5606463648129943,6.943625321882633,7.8078637347278095,1.8442663426239594,0.06857317261521613,3.6008094906658137,1.38652548235571e-12,COMPLETE
1716,0.0696,0.46789842089867206,5.719667260978259,2.2991799521485987,0.016767417635497637,110.16646134717259,0.01777158201797886,9.787752692175531e-12,COMPLETE
1717,0.0519,0.1921594791362546,6.315286228045829,1.0726049388472807,0.6975592224319972,322.2172624240059,0.01777158201797886,8.720647859508846e-11,COMPLETE
1718,0.09575,0.5393879031171568,3.046425174476959,7.8078637347278095,1.8442663426239594,4.703038707832875,3.6008094906658137,1.9043961097477443e-12,COMPLETE
1719,0.1238,0.7595712612792951,4.050574348074197,9.890916012877245,3090.9457533461396,0.047570004104159534,1.1961286443235215,3.0092675819548274e-09,COMPLETE
1720,0.1213,0.6611764278100448,6.943625321882633,2.2991799521485987,3090.9457533461396,0.047570004104159534,0.08450637797720947,1.7411112824373338e-14,COMPLETE
1721,0.12455,0.7709799025806341,4.3548083271808515,9.890916012877245,3090.9457533461396,0.047570004104159534,34.574222073764446,1.9897264125379086e-06,COMPLETE
1722,0.0824,0.20287608850495673,6.943625321882633,9.890916012877245,0.4634053899763641,0.009056267821713135,0.764092524644605,3.649569116806477e-06,COMPLETE
1723,0.10595,0.5781976882806285,3.7523591558107,8.359124144204223,2.2526238626393873,110.16646134717259,2.606433764399818,5.432263014140687e-13,COMPLETE
1724,0.1041,0.5976311999000604,5.439590829177734,2.5118580794078285,3090.9457533461396,0.047570004104159534,59.2437895529571,2.1811143402963018e-10,COMPLETE
1725,0.0865,0.6055078506883769,3.7523591558107,8.359124144204223,0.016767417635497637,110.16646134717259,2.606433764399818,3.0541645143911065e-11,COMPLETE
1726,0.1006,0.5951512349333753,4.050574348074197,5.751620494688234,12.412723646412944,152.93092803338448,2.9277240230104447,3.0541645143911065e-11,COMPLETE
1727,0.08395,0.505464648204156,6.943625321882633,6.875144787901625,0.20405329423492044,0.06857317261521613,14.732118064935978,3.0092675819548274e-09,COMPLETE
1728,0.10805,0.6826490816934421,5.719667260978259,6.875144787901625,208.22607295194175,0.1013397086496358,0.01777158201797886,3.787929895519139e-07,COMPLETE
1729,0.05345,0.3042135158640264,3.046425174476959,1.7519510271087413,1.8442663426239594,4.006173959705789,3.6008094906658137,5.432263014140687e-13,COMPLETE
1730,0.07785,0.533192062119148,5.719667260978259,1.7519510271087413,208.22607295194175,0.1013397086496358,0.764092524644605,3.407169759582504e-13,COMPLETE
1731,0.0801,0.4703077078550789,5.719667260978259,2.2991799521485987,0.016767417635497637,4.006173959705789,0.01777158201797886,9.787752692175531e-12,COMPLETE
1732,0.0705,0.4037130481972084,5.198517203174096,2.6492705090624318,1.8442663426239594,0.047570004104159534,0.1160200607629321,3.407169759582504e-13,COMPLETE
1733,0.07905,0.44316643483825535,3.7523591558107,2.2991799521485987,123.52077947060401,0.214067216488943,2.606433764399818,1.9043961097477443e-12,COMPLETE
1734,0.07975,0.4310479961419068,3.7523591558107,2.1377972902784452,0.016767417635497637,472.81177552591777,2.606433764399818,3.0541645143911065e-11,COMPLETE
1735,0.0777,0.6404694141631206,3.046425174476959,7.8078637347278095,123.52077947060401,27.476953350439967,3.6008094906658137,1.9043961097477443e-12,COMPLETE
1736,0.0841,0.6266626449210531,6.655421352222268,4.6814258240363635,0.012164921348289568,110.16646134717259,12.491315660805293,6.338054654029837e-09,COMPLETE
1737,0.07535,0.5000092799248208,3.7523591558107,2.2991799521485987,0.24597889938632647,110.16646134717259,2.606433764399818,1.7411112824373338e-14,COMPLETE
1738,0.05785,0.38425522413280616,6.019990742215804,1.7963378478827616,0.1784805460542277,186.9306125540257,34.574222073764446,3.998576715567638e-06,COMPLETE
1739,0.1047,0.7390355611868348,6.019990742215804,6.875144787901625,70.89527136096204,0.06857317261521613,0.11060646004395691,1.9043961097477443e-12,COMPLETE
1740,0.0784,0.455838898280068,7.051402036894628,2.4889114518541042,0.6975592224319972,0.009707433566872849,0.010490863545892863,8.917315477114732e-14,COMPLETE
1741,0.11275,0.7157033690925616,6.943625321882633,5.751620494688234,3090.9457533461396,0.004569612957571183,14.732118064935978,3.0092675819548274e-09,COMPLETE
1742,0.07525,0.52624509315213,4.958426658725357,7.242098619980624,0.05519688338500698,4.006173959705789,34.574222073764446,3.407169759582504e-13,COMPLETE
1743,0.07065,0.19482170259754567,3.7523591558107,1.9448831590434768,0.014162338396506723,186.9306125540257,0.0247605531247782,1.7411112824373338e-14,COMPLETE
1744,0.0459,0.3406155520855636,4.3548083271808515,1.3526137167003873,12.412723646412944,523.417311695384,34.574222073764446,3.407169759582504e-13,COMPLETE
1745,0.0752,0.5984173842853743,7.371731789186595,3.921685376373346,208.22607295194175,2.0518583729409148,80.46577679760097,5.521087576123659e-10,COMPLETE
1746,0.07295,0.551385773683571,7.371731789186595,3.3801923275388828,1.8278642465471888,0.1013397086496358,0.01777158201797886,5.521087576123659e-10,COMPLETE
1747,0.0628,0.2932975919692006,2.5055630530695323,1.033019449444877,1.8442663426239594,4.006173959705789,0.01777158201797886,3.407169759582504e-13,COMPLETE
1748,0.0755,0.5270165453811613,4.050574348074197,5.751620494688234,0.10671784299835832,0.004569612957571183,0.764092524644605,3.407169759582504e-13,COMPLETE
1749,0.1178,0.6746459343467566,6.103623020551158,4.763829333854697,3090.9457533461396,0.047570004104159534,80.46577679760097,1.9897264125379086e-06,COMPLETE
1750,0.0808,0.6348832848986189,7.371731789186595,3.3801923275388828,2661.553121751245,2.0518583729409148,80.46577679760097,5.521087576123659e-10,COMPLETE
1751,0.0736,0.35427094727681796,1.9964166718537624,2.3204881539020663,208.22607295194175,1.5630282565660134,3.6008094906658137,3.787929895519139e-07,COMPLETE
1752,0.06205,0.28652517660396504,4.3548083271808515,1.3526137167003873,12.412723646412944,110.16646134717259,34.574222073764446,9.787752692175531e-12,COMPLETE
1753,0.05485,0.3494714189534053,7.051402036894628,1.3526137167003873,0.6975592224319972,546.754814234046,34.574222073764446,3.649569116806477e-06,COMPLETE
1754,0.04925,0.2545623893391156,4.958426658725357,1.0726049388472807,0.4634053899763641,51.0531204742495,5.192615578479196,3.633391550609417e-07,COMPLETE
1755,0.05725,0.2700945481471702,4.653916869245234,1.0726049388472807,12.412723646412944,51.0531204742495,0.01777158201797886,8.720647859508846e-11,COMPLETE
1756,0.07945,0.6966946332298529,6.351039989269435,8.33604695260721,2661.553121751245,107.59872434463156,2.4710813083340644,3.0541645143911065e-11,COMPLETE
1757,0.06355,0.25985762587872924,4.958426658725357,3.9944594338373487,0.4634053899763641,0.08755680934938086,0.0223493128476426,6.699928564527689e-06,COMPLETE
1758,0.0622,0.14959480358530708,6.19974134315987,1.0726049388472807,0.66111045285523,546.754814234046,0.016890111409872226,3.649569116806477e-06,COMPLETE
1759,0.08915,0.1430800841137612,4.797597292147365,1.7519510271087413,1.8442663426239594,0.0024442575336164536,34.574222073764446,3.649569116806477e-06,COMPLETE
1760,0.087,0.6363185164556324,1.6392154984215102,8.359124144204223,479.81572928387027,51.0531204742495,4.230818933588808,1.5335060532903536e-12,COMPLETE
1761,0.08345,0.6405861976513694,4.958426658725357,8.359124144204223,0.4634053899763641,186.9306125540257,3.6008094906658137,3.0541645143911065e-11,COMPLETE
1762,0.0821,0.59415352051726,7.051402036894628,3.9944594338373487,0.6975592224319972,81.13463526218803,0.01777158201797886,5.314026320276268e-08,COMPLETE
1763,0.0959,0.5762102590849442,3.0455122299916,3.9944594338373487,2661.553121751245,1.2594502646806938,12.941623433286441,7.242135537625552e-11,COMPLETE
1764,0.063,0.4787500470040167,4.050574348074197,5.751620494688234,0.07261268023359602,0.004569612957571183,1.1961286443235215,3.0092675819548274e-09,COMPLETE
1765,0.0912,0.6197247340448415,2.169796817008233,9.890916012877245,12.412723646412944,107.59872434463156,8.964331295986742,3.649569116806477e-06,COMPLETE
1766,0.08725,0.11550555125849891,5.439590829177734,3.9944594338373487,0.07261268023359602,0.047570004104159534,0.04082369646290137,0.006882182798870629,COMPLETE
1767,0.13255,0.6284817789918359,4.050574348074197,5.751620494688234,3090.9457533461396,0.004569612957571183,0.4632395604138974,3.004561373694755e-08,COMPLETE
1768,0.0911,0.5780974810856041,5.439590829177734,9.890916012877245,33.57291001192245,1.2594502646806938,2.4710813083340644,4.551666446790731e-07,COMPLETE
1769,0.1045,0.6656276400027836,6.655421352222268,8.359124144204223,0.4634053899763641,51.0531204742495,12.491315660805293,6.338054654029837e-09,COMPLETE
1770,0.1169,0.7336626982734488,4.958426658725357,8.359124144204223,2894.4750494296713,0.3710234766141632,3.6008094906658137,5.432263014140687e-13,COMPLETE
1771,0.0867,0.5884779296872767,2.50876546166977,4.6421237567337625,0.4634053899763641,186.9306125540257,3.6008094906658137,3.9694167750317793e-10,COMPLETE
1772,0.0763,0.6053029277040799,3.7523591558107,8.359124144204223,0.4634053899763641,110.16646134717259,0.019443911248026118,1.7411112824373338e-14,COMPLETE
1773,0.04925,0.37380453342335773,5.686980021608849,1.5440929315736656,1.9562826277387932,546.754814234046,59.2437895529571,3.0674856806780336e-11,COMPLETE
1774,0.1254,0.8262205717679626,7.296565715563787,7.8078637347278095,10.509291690902199,0.003829717289920268,0.01777158201797886,8.720647859508846e-11,COMPLETE
1775,0.07895,0.5195408600697332,6.019990742215804,7.8078637347278095,0.7289929464790127,0.5362196401258538,34.574222073764446,1.9043961097477443e-12,COMPLETE
1776,0.0958,0.6954330095335264,4.335111916469993,6.7915299648818275,2661.553121751245,0.009707433566872849,17.543999742650467,2.1235042302418205e-12,COMPLETE
1777,0.08975,0.5473883833599501,4.958426658725357,8.359124144204223,2.2526238626393873,2.6605293982706097,59.2437895529571,1.0560366403126961e-05,COMPLETE
1778,0.0497,0.32847507439393314,7.051402036894628,1.7519510271087413,0.6975592224319972,546.754814234046,95.4976892887237,1.621364679176634e-08,COMPLETE
1779,0.0813,0.4752815813180602,6.103623020551158,3.3801923275388828,104.61067826393281,0.3710234766141632,80.46577679760097,3.649569116806477e-06,COMPLETE
1780,0.0959,0.549508174262795,6.943625321882633,8.73246185106933,1.8442663426239594,0.047570004104159534,0.764092524644605,3.407169759582504e-13,COMPLETE
1781,0.0497,0.3795860468476742,7.051402036894628,1.3208311191437887,1.8442663426239594,0.009707433566872849,0.010490863545892863,3.407169759582504e-13,COMPLETE
1782,0.0785,0.6951120856722004,5.439590829177734,9.890916012877245,3090.9457533461396,186.9306125540257,34.574222073764446,3.649569116806477e-06,COMPLETE
1783,0.0833,0.5418773584274601,4.958426658725357,3.1788912454430323,2661.553121751245,186.9306125540257,17.543999742650467,3.811801850956625e-07,COMPLETE
1784,0.09895,0.6004522794815628,4.3548083271808515,7.689570562078022,12.412723646412944,107.59872434463156,34.574222073764446,3.649569116806477e-06,COMPLETE
1785,0.0754,0.4481668543475776,4.0501732557989385,1.7519510271087413,1.08979304540558,186.9306125540257,0.0247605531247782,3.407169759582504e-13,COMPLETE
1786,0.0767,0.34531481115915813,6.103623020551158,9.890916012877245,3090.9457533461396,183.79122491170543,0.764092524644605,3.407169759582504e-13,COMPLETE
1787,0.08925,0.1545820888348555,5.149127044623273,6.875144787901625,0.9618228305697941,0.009707433566872849,0.010490863545892863,3.649569116806477e-06,COMPLETE
1788,0.05045,0.4248351079807917,6.103623020551158,3.3801923275388828,0.6975592224319972,0.7099044554220675,90.41091050958265,2.2317090981403275e-11,COMPLETE
1789,0.0592,0.3757686172113466,4.335111916469993,3.1788912454430323,0.2914743043931388,0.047570004104159534,17.543999742650467,3.407169759582504e-13,COMPLETE
1790,0.08505,0.8234658751727914,6.943625321882633,8.741900816624833,123.52077947060401,0.06857317261521613,0.13227590467764583,3.787929895519139e-07,COMPLETE
1791,0.06335,0.5091068544036125,6.943625321882633,2.5118580794078285,0.09183187610552052,3.858204027730059,0.04529608412297882,2.1811143402963018e-10,COMPLETE
1792,0.10225,0.7882106328677088,5.719667260978259,6.875144787901625,208.22607295194175,0.1013397086496358,0.0671707121395272,3.787929895519139e-07,COMPLETE
1793,0.1202,0.5967395038685046,4.335111916469993,3.1788912454430323,2661.553121751245,0.028151327682278196,2.606433764399818,1.7411112824373338e-14,COMPLETE
1794,0.103,0.5890106494050507,3.7523591558107,9.737065176599499,20.33863705577329,110.16646134717259,2.606433764399818,4.331365543927414e-05,COMPLETE
1795,0.09775,0.47952749336166817,5.686980021608849,2.5118580794078285,104.61067826393281,0.05104358286828391,59.2437895529571,3.649569116806477e-06,COMPLETE
1796,0.07115,0.3834380616807402,2.08072006300951,1.7519510271087413,0.07261268023359602,0.4878712301792302,0.018703497774806503,1.2928315331718414e-13,COMPLETE
1797,0.0739,0.5429904995015895,5.989976616159035,7.43096927415131,1.8442663426239594,5.054984284069897,76.57127726580364,1.7411112824373338e-14,COMPLETE
1798,0.0735,0.5713396697213293,4.958426658725357,8.359124144204223,4.4024630214613385,1.8778462337568282,3.6008094906658137,3.0541645143911065e-11,COMPLETE
1799,0.06985,0.5488558216589416,4.958426658725357,8.359124144204223,1.5221406663910402,0.08755680934938086,0.49106969850296894,5.314026320276268e-08,COMPLETE
1800,0.08025,0.33236560374898044,6.943625321882633,2.341543582225017,79.95006949325393,105.93191622732802,0.04082369646290137,1.9897264125379086e-06,COMPLETE
1801,0.0885,0.5399220646635805,3.0455122299916,3.9944594338373487,0.07261268023359602,22.212032855583484,8.213868348493142,5.521087576123659e-10,COMPLETE
1802,0.05905,0.2174908903012879,5.686980021608849,1.2997368745646833,0.18468504546596953,186.9306125540257,0.0247605531247782,2.1811143402963018e-10,COMPLETE
1803,0.0969,0.5359755340750496,1.3844823801099615,5.751620494688234,0.07261268023359602,4.006173959705789,0.0375949055745709,3.0092675819548274e-09,COMPLETE
1804,0.0684,0.12050987091943782,7.2065802601260645,1.7316990898497175,208.22607295194175,110.16646134717259,0.04529608412297882,9.787752692175531e-12,COMPLETE
1805,0.06,0.29693984945980284,4.797597292147365,1.7519510271087413,1.9562826277387932,4.006173959705789,17.543999742650467,2.1811143402963018e-10,COMPLETE
1806,0.0942,0.6927869088047711,4.335111916469993,8.741900816624833,0.18580343598578777,821.6861257457284,17.543999742650467,3.787929895519139e-07,COMPLETE
1807,0.10455,0.7788370308764563,4.335111916469993,9.890916012877245,2661.553121751245,1.2594502646806938,2.4710813083340644,3.649569116806477e-06,COMPLETE
1808,0.0999,0.4143590359073069,7.296565715563787,3.3801923275388828,104.61067826393281,0.013084143337761724,80.46577679760097,3.649569116806477e-06,COMPLETE
1809,0.0852,0.5024911027416075,5.686980021608849,6.875144787901625,0.07261268023359602,3.858204027730059,59.2437895529571,5.521087576123659e-10,COMPLETE
1810,0.0533,0.17123310202880607,1.3999952255938415,1.2997368745646833,0.016767417635497637,186.9306125540257,0.0247605531247782,3.811801850956625e-07,COMPLETE
1811,0.06815,0.5828644719390095,6.655421352222268,4.6814258240363635,104.61067826393281,0.3710234766141632,12.491315660805293,4.85911661458958e-10,COMPLETE
1812,0.07135,0.3258287989697339,4.958426658725357,1.2997368745646833,0.18468504546596953,186.9306125540257,0.0247605531247782,3.0541645143911065e-11,COMPLETE
1813,0.097,0.5379548577949068,6.019990742215804,9.890916012877245,3090.9457533461396,186.9306125540257,0.764092524644605,3.811801850956625e-07,COMPLETE
1814,0.09985,0.7180900686647069,4.335111916469993,8.33604695260721,2661.553121751245,1.2594502646806938,17.543999742650467,1.1401032479937693e-05,COMPLETE
1815,0.0611,0.3038695858145473,5.439590829177734,1.2997368745646833,7.242489780739193,0.047570004104159534,15.917389083265357,4.2390887748972734e-07,COMPLETE
1816,0.08985,0.6461712284733632,4.335111916469993,8.33604695260721,0.4634053899763641,186.9306125540257,3.6008094906658137,1.9725506286892827e-05,COMPLETE
1817,0.12605,0.5396528717797238,4.958426658725357,3.8911651451248765,7720.774364052719,1.5630282565660134,0.01777158201797886,3.787929895519139e-07,COMPLETE
1818,0.0998,0.49208125982314904,2.6485056017182735,1.5094425833581544,208.22607295194175,0.009707433566872849,0.010490863545892863,3.407169759582504e-13,COMPLETE
1819,0.05605,0.30442157805248243,3.0455122299916,1.7519510271087413,0.07261268023359602,4.006173959705789,8.213868348493142,5.521087576123659e-10,COMPLETE
1820,0.0997,0.6453819216642002,4.958426658725357,8.359124144204223,1145.5352099975437,51.0531204742495,4.230818933588808,3.649569116806477e-06,COMPLETE
1821,0.08865,0.6032019575273461,3.0455122299916,8.938173732838814,1.8442663426239594,51.0531204742495,5.192615578479196,5.521087576123659e-10,COMPLETE
1822,0.0412,0.2515173156826793,4.653916869245234,1.0726049388472807,12.412723646412944,51.0531204742495,5.192615578479196,5.521087576123659e-10,COMPLETE
1823,0.0762,0.11823628036489424,4.797597292147365,1.7519510271087413,1.8442663426239594,0.047570004104159534,0.764092524644605,4.2697825180695714e-05,COMPLETE
1824,0.072,0.3505917199436755,4.958426658725357,1.3526137167003873,0.4634053899763641,186.9306125540257,3.6008094906658137,3.649569116806477e-06,COMPLETE
1825,0.07965,0.3981359636985178,0.1355474210586105,4.162682992956468,3090.9457533461396,0.047570004104159534,5.192615578479196,5.521087576123659e-10,COMPLETE
1826,0.08435,0.5562690885344823,4.050574348074197,5.751620494688234,0.07261268023359602,107.59872434463156,34.574222073764446,3.0541645143911065e-11,COMPLETE
1827,0.06585,0.6433143468696706,6.57238989727827,5.517077749628653,0.06324086317836522,186.9306125540257,3.6008094906658137,3.0541645143911065e-11,COMPLETE
1828,0.06545,0.5049554093082488,5.686980021608849,6.875144787901625,0.25171018513732496,3.858204027730059,59.2437895529571,3.649569116806477e-06,COMPLETE
1829,0.1074,0.7794977177976472,4.958426658725357,9.890916012877245,208.22607295194175,0.047570004104159534,3.6008094906658137,3.407169759582504e-13,COMPLETE
1830,0.05435,0.2310304756669803,4.958426658725357,1.2997368745646833,60.55585205001289,1.2594502646806938,64.89518682810233,3.811801850956625e-07,COMPLETE
1831,0.08585,0.46124364337147644,2.8467952672042545,8.359124144204223,0.2674028685851314,0.01687523773573245,80.46577679760097,1.5335060532903536e-12,COMPLETE
1832,0.12185,0.7858539572789361,4.958426658725357,9.890916012877245,3090.9457533461396,0.047570004104159534,0.04082369646290137,3.649569116806477e-06,COMPLETE
1833,0.04595,0.17947032731691764,3.0455122299916,1.0726049388472807,0.07261268023359602,51.0531204742495,86.51858638636354,1.1575035403266996e-07,COMPLETE
1834,0.10865,0.6277973502916588,2.8467952672042545,8.359124144204223,12.412723646412944,51.0531204742495,0.044516516205707415,1.5335060532903536e-12,COMPLETE
1835,0.06305,0.09596043232816422,5.719667260978259,6.875144787901625,208.22607295194175,4.006173959705789,0.010490863545892863,3.787929895519139e-07,COMPLETE
1836,0.06805,0.29867269015223535,2.1618958610840515,1.7519510271087413,1.8442663426239594,186.9306125540257,38.968428615196956,1.621364679176634e-08,COMPLETE
1837,0.0571,0.3405630681466066,4.958426658725357,1.7793843271580778,0.4634053899763641,523.417311695384,0.4610037058366123,3.787929895519139e-07,COMPLETE
1838,0.08455,0.426070731024377,4.958426658725357,2.6338329439397503,208.22607295194175,1.5630282565660134,3.6008094906658137,3.0541645143911065e-11,COMPLETE
1839,0.0644,0.48488783929695556,7.051402036894628,4.039570563475777,0.4634053899763641,0.06857317261521613,1.3944102398625915,1.064198737439203e-09,COMPLETE
1840,0.04555,0.3219722870662561,7.081965798134031,1.662953722402111,0.4634053899763641,51.0531204742495,34.574222073764446,5.521087576123659e-10,COMPLETE
1841,0.0774,0.5429544425336987,7.051402036894628,7.8078637347278095,0.1784805460542277,0.01439612764471427,0.19027069350386352,1.9043961097477443e-12,COMPLETE
1842,0.07075,0.4259686635216376,7.051402036894628,1.7519510271087413,208.22607295194175,168.65252268697844,0.49106969850296894,5.314026320276268e-08,COMPLETE
1843,0.1323,0.8474024504864556,4.958426658725357,8.359124144204223,3090.9457533461396,0.047570004104159534,0.04082369646290137,1.9897264125379086e-06,COMPLETE
1844,0.06205,0.36930801915423495,6.332900071710462,1.3526137167003873,12.412723646412944,523.417311695384,8.80975868516661,3.407169759582504e-13,COMPLETE
1845,0.1209,0.7733461878456246,6.943625321882633,5.751620494688234,3090.9457533461396,0.08755680934938086,0.49106969850296894,5.314026320276268e-08,COMPLETE
1846,0.0756,0.2796049787915825,5.439590829177734,7.242098619980624,0.4634053899763641,0.047570004104159534,0.04082369646290137,3.649569116806477e-06,COMPLETE
1847,0.0609,0.38177656661013787,7.175383606773682,2.2991799521485987,0.016767417635497637,0.047570004104159534,0.7507462275986648,9.787752692175531e-12,COMPLETE
1848,0.08435,0.5248868912489231,2.941828619276936,4.792363523948435,1.8442663426239594,0.06857317261521613,0.11060646004395691,3.407169759582504e-13,COMPLETE
1849,0.07135,0.4457632435458045,5.719667260978259,3.1788912454430323,42.808132883059486,1.2594502646806938,17.543999742650467,9.787752692175531e-12,COMPLETE
1850,0.07445,0.29118122681922187,4.335111916469993,8.33604695260721,963.5874667665109,546.754814234046,2.4710813083340644,0.0009411872169128287,COMPLETE
1851,0.0866,0.3449628572873617,4.958426658725357,8.741900816624833,208.22607295194175,25.12185899675293,0.04529608412297882,3.649569116806477e-06,COMPLETE
1852,0.09225,0.6360131007796055,4.653916869245234,7.242098619980624,0.4634053899763641,186.9306125540257,0.02493785897151178,5.521087576123659e-10,COMPLETE
1853,0.0973,0.6894407527273911,5.719667260978259,8.359124144204223,10.031596592582707,186.9306125540257,3.6008094906658137,3.787929895519139e-07,COMPLETE
1854,0.07025,0.5814739711187279,5.8080659226604965,9.890916012877245,0.016767417635497637,0.10539484843766883,0.764092524644605,3.407169759582504e-13,COMPLETE
1855,0.05615,0.4530930413421883,6.103623020551158,3.8374068929026808,1.8442663426239594,4.006173959705789,80.46577679760097,3.649569116806477e-06,COMPLETE
1856,0.0596,0.27729960137927384,7.051402036894628,1.2139719592310083,0.016767417635497637,0.08755680934938086,0.01777158201797886,5.314026320276268e-08,COMPLETE
1857,0.0981,0.6199911005131772,6.351039989269435,2.2991799521485987,12.412723646412944,0.0014363136173853887,2.606433764399818,3.0541645143911065e-11,COMPLETE
1858,0.06725,0.4756819729436926,3.7523591558107,2.2991799521485987,1.8442663426239594,168.65252268697844,2.606433764399818,3.9694167750317793e-10,COMPLETE
1859,0.0735,0.5513931473754061,3.046425174476959,6.169735386811497,208.22607295194175,4.703038707832875,3.6008094906658137,5.314026320276268e-08,COMPLETE
1860,0.0861,0.6170417904092377,5.686980021608849,8.741900816624833,0.026752069301225964,0.06857317261521613,0.04529608412297882,2.1811143402963018e-10,COMPLETE
1861,0.07495,0.4869685529285462,6.103623020551158,2.2991799521485987,104.61067826393281,0.3710234766141632,0.5202235225037772,3.649569116806477e-06,COMPLETE
1862,0.08775,0.5310839591279166,3.046425174476959,7.8078637347278095,0.4634053899763641,4.703038707832875,3.6008094906658137,3.0541645143911065e-11,COMPLETE
1863,0.0454,0.3699635163096032,4.3548083271808515,1.3526137167003873,12.412723646412944,107.59872434463156,3.6008094906658137,3.649569116806477e-06,COMPLETE
1864,0.0725,0.47278366150336726,6.103623020551158,3.3801923275388828,104.61067826393281,1.8677482342748142,80.46577679760097,3.649569116806477e-06,COMPLETE
1865,0.08205,0.6941591383224336,7.051402036894628,8.359124144204223,123.52077947060401,1.5630282565660134,0.11060646004395691,1.6894010759859846e-13,COMPLETE
1866,0.0975,0.8048780440846415,6.943625321882633,5.137873631182713,3090.9457533461396,0.009707433566872849,0.010490863545892863,3.787929895519139e-07,COMPLETE
1867,0.1003,0.6749822988148413,5.439590829177734,5.751620494688234,3090.9457533461396,0.047570004104159534,14.732118064935978,3.649569116806477e-06,COMPLETE
1868,0.10495,0.5176048002519705,1.5381369989278344,3.9944594338373487,208.22607295194175,0.08755680934938086,0.06939331004656728,5.314026320276268e-08,COMPLETE
1869,0.10615,0.6024204209530789,7.051402036894628,5.533508640521096,0.6975592224319972,546.754814234046,13.083839516640335,1.6894010759859846e-13,COMPLETE
1870,0.056,0.40553820567661886,6.943625321882633,1.5277127386788103,2.2526238626393873,186.9306125540257,0.764092524644605,5.432263014140687e-13,COMPLETE
1871,0.1174,0.8192686564110016,6.943625321882633,8.359124144204223,3090.9457533461396,0.047570004104159534,3.6008094906658137,3.787929895519139e-07,COMPLETE
1872,0.06255,0.3505374895711295,4.958426658725357,2.6338329439397503,0.4634053899763641,546.754814234046,0.010117774078155787,3.0092675819548274e-09,COMPLETE
1873,0.0677,0.3713977452624828,5.719667260978259,2.2363376157314074,0.016767417635497637,0.1013397086496358,0.01777158201797886,3.787929895519139e-07,COMPLETE
1874,0.0789,0.5538906447018821,4.335111916469993,8.33604695260721,123.52077947060401,3.3947544042939533,14.732118064935978,7.242135537625552e-11,COMPLETE
1875,0.0839,0.6626724559929044,4.958426658725357,7.242098619980624,3090.9457533461396,186.9306125540257,34.574222073764446,3.649569116806477e-06,COMPLETE
1876,0.07045,0.19530978925754566,5.719667260978259,2.2071924307697164,123.52077947060401,110.16646134717259,0.01777158201797886,1.6894010759859846e-13,COMPLETE
1877,0.0587,0.3890513110453593,6.943625321882633,2.2991799521485987,0.016767417635497637,0.8224119328314903,2.606433764399818,1.9897264125379086e-06,COMPLETE
1878,0.0674,0.44363180005303265,5.686980021608849,2.5118580794078285,279.7972948646916,186.9306125540257,59.2437895529571,2.1811143402963018e-10,COMPLETE
1879,0.08315,0.7345858372089574,7.051402036894628,3.9944594338373487,208.22607295194175,0.08755680934938086,0.49106969850296894,5.314026320276268e-08,COMPLETE
1880,0.04645,0.3512739175610258,7.051402036894628,1.7519510271087413,1.8442663426239594,4.006173959705789,50.23966440126417,7.666798774734778e-12,COMPLETE
1881,0.0858,0.13777486376088446,4.958426658725357,5.43729076424926,208.22607295194175,3.0366657020768746,0.11060646004395691,0.0002447828566548769,COMPLETE
1882,0.0922,0.6535037589286585,7.051402036894628,8.359124144204223,1.8442663426239594,186.9306125540257,3.6008094906658137,5.432263014140687e-13,COMPLETE
1883,0.0761,0.5368758378249496,6.019990742215804,7.8078637347278095,0.1784805460542277,0.5362196401258538,0.764092524644605,1.9043961097477443e-12,COMPLETE
1884,0.06025,0.3559643455382704,6.103623020551158,3.3801923275388828,0.6975592224319972,85.87632352211756,0.01777158201797886,8.720647859508846e-11,COMPLETE
1885,0.0772,0.4504369791402422,4.335111916469993,1.3526137167003873,2661.553121751245,1.2594502646806938,17.543999742650467,3.407169759582504e-13,COMPLETE
1886,0.05285,0.24041852504772027,4.3548083271808515,1.3526137167003873,0.2202426460397087,107.59872434463156,34.574222073764446,3.649569116806477e-06,COMPLETE
1887,0.0681,0.5150410082302515,4.958426658725357,8.359124144204223,2.2526238626393873,0.1013397086496358,3.6008094906658137,1.6894010759859846e-13,COMPLETE
1888,0.06585,0.3901845525452948,5.989976616159035,1.7519510271087413,208.22607295194175,1.5630282565660134,76.57127726580364,3.787929895519139e-07,COMPLETE
1889,0.10875,0.8129537815793975,7.051402036894628,6.875144787901625,123.52077947060401,0.06857317261521613,0.11060646004395691,1.6894010759859846e-13,COMPLETE
1890,0.0754,0.38908211875858295,6.019990742215804,1.9086386090005782,0.014162338396506723,186.9306125540257,5.087237720624697,3.811801850956625e-07,COMPLETE
1891,0.08335,0.353495959295349,7.371731789186595,3.3801923275388828,1.8278642465471888,2.0518583729409148,2.606433764399818,7.342661663748658e-05,COMPLETE
1892,0.083,0.525549099023292,3.046425174476959,7.318908880495356,1.8442663426239594,4.703038707832875,34.574222073764446,1.9043961097477443e-12,COMPLETE
1893,0.1287,0.8267768284952816,7.051402036894628,9.890916012877245,749.1392132862779,0.047570004104159534,2.8087489248881568,3.9694167750317793e-10,COMPLETE
1894,0.09735,0.6648268341281136,3.00497789743346,5.807765671504575,123.52077947060401,4.006173959705789,0.11060646004395691,3.407169759582504e-13,COMPLETE
1895,0.06245,0.5236704030991873,7.46267807870026,4.466404819470496,1.9562826277387932,2.0518583729409148,4.492000486005937,2.1811143402963018e-10,COMPLETE
1896,0.0489,0.27106301171919406,3.0455122299916,1.0726049388472807,0.07261268023359602,2.1125775637171773,0.010117774078155787,1.6837253299815194e-10,COMPLETE
1897,0.09465,0.8174219517264514,7.491453905458799,6.875144787901625,123.52077947060401,0.06857317261521613,0.11060646004395691,3.787929895519139e-07,COMPLETE
1898,0.0491,0.20084190991542855,3.0455122299916,1.0726049388472807,0.4634053899763641,51.0531204742495,5.192615578479196,5.521087576123659e-10,COMPLETE
1899,0.09605,0.6494375130762062,6.943625321882633,8.33604695260721,3.5198280076439734,117.73617254161356,0.010117774078155787,7.242135537625552e-11,COMPLETE
1900,0.0934,0.6433021563654403,4.958426658725357,8.359124144204223,208.22607295194175,209.3447600378107,3.6008094906658137,3.0541645143911065e-11,COMPLETE
1901,0.13905,0.7692017985012468,7.371731789186595,9.82787628809648,3090.9457533461396,0.047570004104159534,13.289846455066609,5.521087576123659e-10,COMPLETE
1902,0.1044,0.7695440820926,5.439590829177734,9.890916012877245,3090.9457533461396,0.047570004104159534,0.013138165397098459,2.1811143402963018e-10,COMPLETE
1903,0.10495,0.5884899816661944,6.943625321882633,2.9551442959093652,208.22607295194175,0.06857317261521613,0.04529608412297882,4.800885591099991e-06,COMPLETE
1904,0.0781,0.5571023465461529,6.5586794591568465,3.7683594588692926,0.026711212881046432,186.9306125540257,3.6008094906658137,4.451652970879066e-12,COMPLETE
1905,0.10375,0.5979417704951823,4.335111916469993,2.9562031740160917,2990.4460058048235,0.349579660528779,17.543999742650467,1.9043961097477443e-12,COMPLETE
1906,0.0574,0.46688630868503395,0.4615302664116796,7.8078637347278095,1.8442663426239594,0.06857317261521613,14.732118064935978,1.9043961097477443e-12,COMPLETE
1907,0.07405,0.5123365389259743,3.87075339143857,8.359124144204223,0.4634053899763641,0.047570004104159534,3.6008094906658137,3.0541645143911065e-11,COMPLETE
1908,0.0689,0.3539032026660842,3.7523591558107,1.3526137167003873,12.412723646412944,110.16646134717259,2.606433764399818,3.407169759582504e-13,COMPLETE
1909,0.0643,0.2017447957104743,4.3548083271808515,1.3526137167003873,12.412723646412944,1.2594502646806938,34.574222073764446,3.649569116806477e-06,COMPLETE
1910,0.0507,0.3756511160751219,4.335111916469993,2.5118580794078285,0.15275225761364522,3.858204027730059,17.543999742650467,3.811801850956625e-07,COMPLETE
1911,0.0918,0.5022198001466314,3.046425174476959,7.8078637347278095,1.8442663426239594,3.858204027730059,17.543999742650467,1.9043961097477443e-12,COMPLETE
1912,0.1147,0.5176894079597387,6.943625321882633,1.0726049388472807,123.52077947060401,0.0032590159319484022,0.010117774078155787,1.3151185471784672e-14,COMPLETE
1913,0.0795,0.46363815254857255,2.8467952672042545,8.359124144204223,0.4634053899763641,110.16646134717259,0.010810121624027306,1.7411112824373338e-14,COMPLETE
1914,0.0458,0.37337569637475365,4.797597292147365,2.2991799521485987,1.8442663426239594,4.006173959705789,9.862842498681294,3.407169759582504e-13,COMPLETE
1915,0.07435,0.39851180053156726,3.7523591558107,2.2991799521485987,0.016767417635497637,28.268170910369694,2.606433764399818,9.787752692175531e-12,COMPLETE
1916,0.07505,0.431525877804706,1.2076656542784077,3.3801923275388828,12.412723646412944,107.59872434463156,80.46577679760097,6.147047979813801e-12,COMPLETE
1917,0.0749,0.6811376737666298,6.103623020551158,6.181047064025945,104.61067826393281,0.08755680934938086,9.055107979343223,5.314026320276268e-08,COMPLETE
1918,0.0585,0.2544517724708139,5.719667260978259,1.0726049388472807,12.412723646412944,51.0531204742495,0.01777158201797886,3.787929895519139e-07,COMPLETE
1919,0.0916,0.5760974622990866,1.4313660545933904,8.359124144204223,3090.9457533461396,0.004935779780480911,6.543538684936248,5.432263014140687e-13,COMPLETE
1920,0.089,0.4993382984837398,3.046425174476959,7.8078637347278095,1.8442663426239594,3.858204027730059,17.543999742650467,2.1811143402963018e-10,COMPLETE
1921,0.11815,0.7162969688490117,6.103623020551158,8.33604695260721,2661.553121751245,1.2594502646806938,80.46577679760097,3.649569116806477e-06,COMPLETE
1922,0.095,0.6029003283438964,6.57238989727827,5.517077749628653,0.06324086317836522,186.9306125540257,3.6008094906658137,3.0541645143911065e-11,COMPLETE
1923,0.07485,0.5298167244963844,3.046425174476959,7.8078637347278095,1.8442663426239594,0.03892503661341855,3.6008094906658137,1.9043961097477443e-12,COMPLETE
1924,0.1187,0.8078532108482981,5.439590829177734,9.890916012877245,3090.9457533461396,0.001196020279404667,0.04082369646290137,1.9897264125379086e-06,COMPLETE
1925,0.0884,0.6678319738216711,4.958426658725357,5.751620494688234,3090.9457533461396,0.004569612957571183,3.6008094906658137,5.432263014140687e-13,COMPLETE
1926,0.08415,0.3749244579246941,3.7523591558107,8.741900816624833,208.22607295194175,110.16646134717259,0.04529608412297882,1.7411112824373338e-14,COMPLETE
1927,0.08475,0.43885401415814984,4.3548083271808515,1.3526137167003873,12.412723646412944,0.004030644172756327,3.6008094906658137,3.407169759582504e-13,COMPLETE
1928,0.08305,0.49145026757810517,6.103623020551158,3.181540212844584,104.61067826393281,0.3710234766141632,80.46577679760097,3.649569116806477e-06,COMPLETE
1929,0.07015,0.6382660465117098,4.3548083271808515,8.359124144204223,12.412723646412944,51.0531204742495,4.230818933588808,3.649569116806477e-06,COMPLETE
1930,0.07395,0.5656658442939275,6.103623020551158,3.3801923275388828,1.8278642465471888,0.3710234766141632,0.05088415876829443,6.406494048494712e-11,COMPLETE
1931,0.07355,0.48328929507113755,7.296565715563787,6.641926976422129,0.6975592224319972,0.12480776742786713,2.4025020119077043,8.720647859508846e-11,COMPLETE
1932,0.07455,0.5012383780674647,2.8467952672042545,8.359124144204223,0.4634053899763641,1.5636275786230631,73.1341721454972,1.5335060532903536e-12,COMPLETE
1933,0.09,0.6791854402492012,4.958426658725357,8.359124144204223,0.016767417635497637,186.9306125540257,3.6008094906658137,1.7411112824373338e-14,COMPLETE
1934,0.05685,0.24791578286066615,5.642410344581119,1.5293185522789918,12.412723646412944,107.59872434463156,34.574222073764446,3.649569116806477e-06,COMPLETE
1935,0.0732,0.4147138259796334,6.103623020551158,3.3801923275388828,4.116189665793134,0.3710234766141632,34.574222073764446,3.649569116806477e-06,COMPLETE
1936,0.0952,0.1409057942862146,5.686980021608849,8.359124144204223,3090.9457533461396,3.858204027730059,0.04082369646290137,4.331365543927414e-05,COMPLETE
1937,0.0576,0.3793552930912355,6.943625321882633,1.7519510271087413,3.6242710406425727,0.047570004104159534,0.01777158201797886,3.9694167750317793e-10,COMPLETE
1938,0.0927,0.1866337645328781,5.719667260978259,6.875144787901625,7843.277665583187,3.858204027730059,0.010490863545892863,0.00025912018075468325,COMPLETE
1939,0.0707,0.5635562061286713,4.958426658725357,8.359124144204223,1.9562826277387932,3.858204027730059,9.356936383990286,5.432263014140687e-13,COMPLETE
1940,0.05775,0.32805095573381976,4.050574348074197,1.7519510271087413,0.36103332527025184,0.004569612957571183,1.1961286443235215,1.2213728974561164e-14,COMPLETE
1941,0.04685,0.30209111315196036,7.371731789186595,1.2997368745646833,0.014162338396506723,186.9306125540257,13.248331712835379,3.811801850956625e-07,COMPLETE
1942,0.1232,0.7351991990645901,4.958426658725357,8.741900816624833,3090.9457533461396,0.06857317261521613,14.732118064935978,2.2563515925025537e-09,COMPLETE
1943,0.1079,0.7735447218160175,6.943625321882633,8.359124144204223,7251.954070515976,0.047570004104159534,0.04082369646290137,1.2424807895265233e-10,COMPLETE
1944,0.10005,0.8179614291329806,6.943625321882633,5.137873631182713,104.61067826393281,0.009707433566872849,0.010490863545892863,3.787929895519139e-07,COMPLETE
1945,0.05145,0.3205853727835746,7.051402036894628,1.3526137167003873,0.03371935734945801,523.417311695384,34.574222073764446,3.407169759582504e-13,COMPLETE
1946,0.06925,0.3738041065199055,6.103623020551158,2.5118580794078285,1.9562826277387932,3.858204027730059,17.543999742650467,1.677770678119529e-13,COMPLETE
1947,0.07065,0.5154074658100728,4.3548083271808515,6.875144787901625,12.412723646412944,4.780087957857572,0.010490863545892863,3.787929895519139e-07,COMPLETE
1948,0.06865,0.450985774272359,2.8942564700233984,8.741900816624833,208.22607295194175,110.16646134717259,0.04529608412297882,1.5607830226860703e-14,COMPLETE
1949,0.0898,0.6968775161476483,2.8467952672042545,8.359124144204223,3090.9457533461396,51.0531204742495,4.230818933588808,1.5335060532903536e-12,COMPLETE
1950,0.10295,0.623013310321433,2.8467952672042545,8.359124144204223,0.6975592224319972,51.0531204742495,4.230818933588808,2.7307975521061933e-13,COMPLETE
1951,0.0621,0.3536609811444246,3.7523591558107,2.2991799521485987,0.016767417635497637,110.16646134717259,80.46577679760097,1.3221165222656555e-05,COMPLETE
1952,0.1662,0.7684577243976041,5.439590829177734,9.890916012877245,3090.9457533461396,0.0054292269783808985,0.04082369646290137,1.6894010759859846e-13,COMPLETE
1953,0.07155,0.6804702511829048,6.943625321882633,7.275491730011424,0.10975573048956343,0.12480776742786713,0.04529608412297882,8.720647859508846e-11,COMPLETE
1954,0.09265,0.6364224936872842,5.719667260978259,6.875144787901625,208.22607295194175,51.0531204742495,4.230818933588808,3.787929895519139e-07,COMPLETE
1955,0.0551,0.3801955464910466,6.351039989269435,2.5118580794078285,0.01460936304794229,0.004061588003228849,59.8687356176073,9.208573810784579e-10,COMPLETE
1956,0.09935,0.5383297858126525,0.43888546350404933,9.890916012877245,3090.9457533461396,0.03067409753549499,0.764092524644605,3.407169759582504e-13,COMPLETE
1957,0.04975,0.3031720687051909,6.643480933997417,1.9511519628195297,1.8278642465471888,2.0518583729409148,80.46577679760097,5.521087576123659e-10,COMPLETE
1958,0.12445,0.8345474717707159,4.335111916469993,9.890916012877245,9720.319765134518,1.2594502646806938,2.4710813083340644,7.242135537625552e-11,COMPLETE
1959,0.10035,0.5886904709175078,4.335111916469993,3.1788912454430323,2661.553121751245,1.2594502646806938,17.543999742650467,7.242135537625552e-11,COMPLETE
1960,0.056,0.20250222399571696,5.439590829177734,1.2997368745646833,0.014162338396506723,0.035459935760040036,0.04082369646290137,3.811801850956625e-07,COMPLETE
1961,0.11895,0.7903784136567062,5.719667260978259,8.33604695260721,2661.553121751245,1.2594502646806938,2.4710813083340644,3.787929895519139e-07,COMPLETE
1962,0.0859,0.37465099296078685,2.205694593453172,2.3739485793717776,1.9562826277387932,51.0531204742495,8.531899519236461,2.1811143402963018e-10,COMPLETE
1963,0.0751,0.5523933259643431,4.958426658725357,8.359124144204223,0.4634053899763641,1.5630282565660134,3.6008094906658137,3.787929895519139e-07,COMPLETE
1964,0.0886,0.7055949649597408,7.426952721753571,3.9944594338373487,208.22607295194175,0.08755680934938086,0.49106969850296894,5.314026320276268e-08,COMPLETE
1965,0.0544,0.3004035173411734,5.989976616159035,1.7519510271087413,0.016767417635497637,5.054984284069897,81.44928932324949,1.7411112824373338e-14,COMPLETE
1966,0.05465,0.26706697447155137,6.943625321882633,1.0726049388472807,12.412723646412944,107.59872434463156,0.010117774078155787,3.0092675819548274e-09,COMPLETE
1967,0.05,0.28836596012914867,6.943625321882633,1.0726049388472807,0.014162338396506723,546.754814234046,0.010117774078155787,3.0092675819548274e-09,COMPLETE
1968,0.06335,0.20296551285746267,3.629478402725804,1.3526137167003873,0.039245727899718565,107.59872434463156,34.574222073764446,0.0014864660264826003,COMPLETE
1969,0.0804,0.4312113401960653,4.958426658725357,8.359124144204223,0.5736061387192244,0.047570004104159534,18.58953907826495,1.9897264125379086e-06,COMPLETE
1970,0.08815,0.6527326666323829,6.57238989727827,8.741900816624833,0.06324086317836522,186.9306125540257,1.8901163785024215,3.0541645143911065e-11,COMPLETE
1971,0.06825,0.14329647829831677,6.019990742215804,3.790654759926865,0.014162338396506723,6.725876805419011,0.0247605531247782,4.331365543927414e-05,COMPLETE
1972,0.1097,0.6262450629780411,3.046425174476959,8.741900816624833,123.52077947060401,0.06857317261521613,14.732118064935978,2.2563515925025537e-09,COMPLETE
1973,0.0993,0.5922435545182472,2.8467952672042545,8.359124144204223,0.4634053899763641,51.0531204742495,4.230818933588808,5.521087576123659e-10,COMPLETE
1974,0.07275,0.37612862841745837,3.7523591558107,2.2991799521485987,696.2953657903797,110.16646134717259,34.574222073764446,3.0541645143911065e-11,COMPLETE
1975,0.06665,0.24527524227211844,4.797597292147365,1.7519510271087413,1.8442663426239594,43.465225604296,0.01777158201797886,3.407169759582504e-13,COMPLETE
1976,0.0678,0.5575228742891944,6.103623020551158,3.3801923275388828,104.61067826393281,0.3710234766141632,12.998485055805963,8.034735543027437e-12,COMPLETE
1977,0.07205,0.5517614468242222,5.840994154165518,8.359124144204223,19.97407255528402,0.8507641380822695,3.6008094906658137,3.0541645143911065e-11,COMPLETE
1978,0.05755,0.1961318693476128,5.719667260978259,1.317692683851555,11.730599517019455,110.16646134717259,0.01777158201797886,9.787752692175531e-12,COMPLETE
1979,0.088,0.5935392442769826,6.943625321882633,8.33604695260721,3090.9457533461396,1.2594502646806938,0.04082369646290137,1.9897264125379086e-06,COMPLETE
1980,0.05285,0.35379335579973686,5.439590829177734,2.5118580794078285,1.9562826277387932,3.858204027730059,59.2437895529571,3.649569116806477e-06,COMPLETE
1981,0.09245,0.12913484912456644,4.958426658725357,8.359124144204223,10.198929630341418,0.01648570879884104,39.6628903023794,0.00024808167352134263,COMPLETE
1982,0.08205,0.6497087736844726,6.57238989727827,3.9944594338373487,208.22607295194175,0.08755680934938086,3.6008094906658137,3.0541645143911065e-11,COMPLETE
1983,0.07505,0.5137360530565787,4.050574348074197,5.751620494688234,0.016767417635497637,0.004569612957571183,2.606433764399818,3.0092675819548274e-09,COMPLETE
1984,0.08545,0.6957677925850834,6.471503429723491,3.9944594338373487,208.22607295194175,0.20998235810307417,0.49106969850296894,5.314026320276268e-08,COMPLETE
1985,0.05305,0.4471094683557122,6.103623020551158,3.3801923275388828,0.4634053899763641,0.3710234766141632,4.230818933588808,1.5335060532903536e-12,COMPLETE
1986,0.05,0.35677145723917375,4.797597292147365,1.7519510271087413,1.8442663426239594,4.006173959705789,0.764092524644605,3.407169759582504e-13,COMPLETE
1987,0.1005,0.5911440113722196,1.4489691062465955,6.875144787901625,208.22607295194175,0.009707433566872849,0.010490863545892863,3.787929895519139e-07,COMPLETE
1988,0.0491,0.3318640996837667,5.719667260978259,2.2991799521485987,0.016767417635497637,110.16646134717259,0.04082369646290137,1.9897264125379086e-06,COMPLETE
1989,0.0812,0.3877941102288267,4.958426658725357,2.2991799521485987,0.4634053899763641,110.16646134717259,34.574222073764446,3.649569116806477e-06,COMPLETE
1990,0.05185,0.17896068814956934,3.0455122299916,1.0726049388472807,104.61067826393281,51.0531204742495,56.06066086844556,3.649569116806477e-06,COMPLETE
1991,0.0705,0.41101906785712133,4.958426658725357,3.3801923275388828,0.4634053899763641,0.3710234766141632,80.46577679760097,3.0541645143911065e-11,COMPLETE
1992,0.042,0.1767558704860011,3.0455122299916,1.0726049388472807,0.4634053899763641,0.4878712301792302,8.213868348493142,5.521087576123659e-10,COMPLETE
1993,0.0926,0.18970300421462813,7.051402036894628,6.875144787901625,9804.59692793911,14.99876385908588,0.11060646004395691,1.6894010759859846e-13,COMPLETE
1994,0.1323,0.8382625281157663,5.439590829177734,9.890916012877245,3090.9457533461396,0.047570004104159534,0.04082369646290137,1.9897264125379086e-06,COMPLETE
1995,0.07745,0.6485519384438266,7.371731789186595,3.3801923275388828,2661.553121751245,1.5758051569871918,17.543999742650467,7.242135537625552e-11,COMPLETE
1996,0.117,0.7714997540899345,6.943625321882633,9.890916012877245,3090.9457533461396,0.009707433566872849,0.010490863545892863,1.9897264125379086e-06,COMPLETE
1997,0.07825,0.4365339410646342,7.371731789186595,3.3801923275388828,1.8278642465471888,2.0518583729409148,80.46577679760097,5.521087576123659e-10,COMPLETE
1998,0.0541,0.391028661561037,4.958426658725357,2.2991799521485987,2.2526238626393873,4.006173959705789,3.6008094906658137,3.407169759582504e-13,COMPLETE
1999,0.1246,0.7661078753245056,6.943625321882633,9.890916012877245,3090.9457533461396,0.01044348401923771,80.46577679760097,3.649569116806477e-06,COMPLETE
2000,0.0754,0.44957431490021693,6.943625321882633,2.5118580794078285,1.9562826277387932,3.858204027730059,0.010490863545892863,3.787929895519139e-07,COMPLETE
2001,0.0893,0.5969384414502913,7.051402036894628,6.875144787901625,123.52077947060401,39.170276175213694,17.543999742650467,7.242135537625552e-11,COMPLETE
2002,0.07515,0.3841467237647353,4.958426658725357,2.2991799521485987,1.8442663426239594,4.006173959705789,1.5751428210856446,3.407169759582504e-13,COMPLETE
2003,0.0906,0.6327163585308964,3.7523591558107,8.741900816624833,123.52077947060401,110.16646134717259,2.606433764399818,4.541950705954353e-12,COMPLETE
2004,0.0894,0.39869622890885004,5.719667260978259,5.517077749628653,0.06324086317836522,0.009707433566872849,0.01075530120466613,3.787929895519139e-07,COMPLETE
2005,0.0619,0.3028557895231322,4.797597292147365,1.7519510271087413,0.016767417635497637,110.16646134717259,0.01777158201797886,9.787752692175531e-12,COMPLETE
2006,0.08675,0.623578486115355,6.943625321882633,8.741900816624833,0.1784805460542277,0.5362196401258538,3.6008094906658137,2.2563515925025537e-09,COMPLETE
2007,0.0886,0.4963740766004936,1.5710540529466466,7.8078637347278095,0.1784805460542277,0.4878712301792302,8.213868348493142,5.521087576123659e-10,COMPLETE
2008,0.0747,0.41793846910914983,4.3548083271808515,1.3526137167003873,584.4014595958016,0.3710234766141632,34.574222073764446,3.649569116806477e-06,COMPLETE
2009,0.08575,0.6510425333884761,6.57238989727827,5.517077749628653,0.06324086317836522,186.9306125540257,3.6008094906658137,3.0541645143911065e-11,COMPLETE
2010,0.089,0.7043751868327792,5.719667260978259,9.890916012877245,1498.159111653543,100.94895572347674,11.890224462149334,3.407169759582504e-13,COMPLETE
2011,0.05665,0.5275815018941826,4.958426658725357,8.359124144204223,0.4634053899763641,1.5630282565660134,3.6008094906658137,3.0541645143911065e-11,COMPLETE
2012,0.08845,0.6373158388787924,6.57238989727827,5.137873631182713,0.06324086317836522,186.9306125540257,3.6008094906658137,3.0541645143911065e-11,COMPLETE
2013,0.0977,0.435454283479115,0.33285993621392507,8.33604695260721,13.797567871307123,1.2594502646806938,0.04082369646290137,1.9897264125379086e-06,COMPLETE
2014,0.0496,0.20239091069664947,6.019990742215804,1.2997368745646833,0.014162338396506723,0.5362196401258538,3.6008094906658137,3.811801850956625e-07,COMPLETE
2015,0.0983,0.8172825780842989,6.943625321882633,6.875144787901625,208.22607295194175,0.1013397086496358,0.764092524644605,3.407169759582504e-13,COMPLETE
2016,0.05975,0.36529055785263453,3.7523591558107,1.3526137167003873,12.412723646412944,107.59872434463156,2.606433764399818,1.7411112824373338e-14,COMPLETE
2017,0.0874,0.5505731048305211,4.958426658725357,5.137873631182713,104.61067826393281,186.9306125540257,0.06619752060278826,3.0541645143911065e-11,COMPLETE
2018,0.08505,0.22965540879343108,2.8483422676697683,3.3801923275388828,1.114710619744237,0.047570004104159534,0.141246349540056,3.649569116806477e-06,COMPLETE
2019,0.07185,0.499679305641163,0.4900978006937262,7.8078637347278095,3.1172569794695915,2.0518583729409148,80.46577679760097,5.521087576123659e-10,COMPLETE
2020,0.1306,0.7946991327386406,7.296565715563787,6.641926976422129,81.13281787605658,0.009707433566872849,0.01777158201797886,3.787929895519139e-07,COMPLETE
2021,0.06285,0.4903556504580951,5.278513987449833,2.6338329439397503,208.22607295194175,1.5630282565660134,3.6008094906658137,2.862819312035373e-14,COMPLETE
2022,0.05775,0.3263050035301835,6.103623020551158,1.7519510271087413,104.61067826393281,5.054984284069897,80.46577679760097,3.649569116806477e-06,COMPLETE
2023,0.0993,0.7590719061207031,6.943625321882633,5.751620494688234,3090.9457533461396,3.21996589887898,14.732118064935978,2.2914694387089566e-14,COMPLETE
2024,0.09515,0.6803775719214067,7.491453905458799,8.359124144204223,123.52077947060401,1.5630282565660134,0.11060646004395691,3.787929895519139e-07,COMPLETE
2025,0.05025,0.3270830813007338,3.0455122299916,2.2991799521485987,0.016767417635497637,0.4878712301792302,2.606433764399818,1.7411112824373338e-14,COMPLETE
2026,0.0927,0.7705622350277211,7.315010602257016,9.890916012877245,0.5814726255411095,0.0010880551992134982,59.2437895529571,2.1811143402963018e-10,COMPLETE
2027,0.0736,0.6773667217678284,6.943625321882633,8.741900816624833,0.014162338396506723,186.9306125540257,4.5766763328676445,2.2563515925025537e-09,COMPLETE
2028,0.0879,0.3612161192865977,0.41948087369172626,3.936964213447509,3090.9457533461396,0.047570004104159534,34.574222073764446,3.649569116806477e-06,COMPLETE
2029,0.1021,0.8376077991781039,5.719667260978259,9.890916012877245,3090.9457533461396,0.1013397086496358,0.764092524644605,3.787929895519139e-07,COMPLETE
2030,0.08815,0.5408444247849736,3.8545697836477335,3.6776563905591177,0.1784805460542277,51.0531204742495,3.6008094906658137,1.2265867439413963e-08,COMPLETE
2031,0.08925,0.5931191266505438,3.5959855881766956,5.517077749628653,314.1782054291994,546.754814234046,3.6008094906658137,3.0092675819548274e-09,COMPLETE
2032,0.0744,0.5989564663773091,6.103623020551158,8.359124144204223,0.4634053899763641,51.0531204742495,80.46577679760097,1.5335060532903536e-12,COMPLETE
2033,0.0569,0.5151272357971831,5.998183401294419,5.59136901789686,1.9562826277387932,5.054984284069897,59.2437895529571,2.1811143402963018e-10,COMPLETE
2034,0.05105,0.2363114983632834,4.653916869245234,1.0726049388472807,12.412723646412944,51.0531204742495,5.192615578479196,5.521087576123659e-10,COMPLETE
2035,0.082,0.4810394584378454,4.958426658725357,8.359124144204223,2.2526238626393873,2.0518583729409148,80.46577679760097,1.6992115370474287e-14,COMPLETE
2036,0.09355,0.657582267254092,4.958426658725357,8.359124144204223,0.4634053899763641,186.9306125540257,3.6008094906658137,3.0541645143911065e-11,COMPLETE
2037,0.0644,0.2363989538086064,4.3548083271808515,1.3526137167003873,1.8442663426239594,4.006173959705789,9.862842498681294,3.649569116806477e-06,COMPLETE
2038,0.0915,0.5015522548897148,4.958426658725357,9.890916012877245,0.1811587708161243,0.047570004104159534,0.764092524644605,3.407169759582504e-13,COMPLETE
2039,0.057,0.30394374502361765,4.050574348074197,1.5693464083184887,0.13198161592328322,0.0014230033914980071,1.1961286443235215,3.0092675819548274e-09,COMPLETE
2040,0.07395,0.6577676509410525,5.439590829177734,9.890916012877245,0.4634053899763641,186.9306125540257,3.6008094906658137,3.0541645143911065e-11,COMPLETE
2041,0.1234,0.7106926466507758,6.943625321882633,5.751620494688234,3090.9457533461396,0.004569612957571183,14.732118064935978,9.787752692175531e-12,COMPLETE
2042,0.1023,0.6475618666295744,4.958426658725357,8.359124144204223,2.2526238626393873,186.9306125540257,3.6008094906658137,5.432263014140687e-13,COMPLETE
2043,0.0805,0.5992177568869013,3.332685661040964,3.6646954762791206,123.52077947060401,0.06857317261521613,25.846822084003957,2.2563515925025537e-09,COMPLETE
2044,0.1079,0.5739084047753404,1.2721785189180879,6.875144787901625,3062.1733586324463,0.06857317261521613,3.6008094906658137,4.187142872327032e-14,COMPLETE
2045,0.0534,0.40470183820222894,4.050574348074197,2.5118580794078285,0.17940322196391464,0.004569612957571183,1.1961286443235215,2.1811143402963018e-10,COMPLETE
2046,0.08985,0.629425087920244,5.719667260978259,5.517077749628653,0.06324086317836522,186.9306125540257,3.6008094906658137,9.787752692175531e-12,COMPLETE
2047,0.0429,0.303280016033707,5.686980021608849,1.6281849520085743,1.9562826277387932,0.3574223861300762,59.2437895529571,2.1811143402963018e-10,COMPLETE
2048,0.10785,0.6981836729420021,4.335111916469993,3.1788912454430323,3090.9457533461396,0.047570004104159534,0.04082369646290137,7.242135537625552e-11,COMPLETE
2049,0.0466,0.22679047179623862,7.312373300899095,1.0726049388472807,12.412723646412944,1.5630282565660134,3.6008094906658137,5.521087576123659e-10,COMPLETE
2050,0.0642,0.28081881619229265,5.686980021608849,2.5118580794078285,1.9562826277387932,0.047570004104159534,0.04082369646290137,1.9897264125379086e-06,COMPLETE
2051,0.10935,0.7279409180803368,2.975859468566831,6.875144787901625,7843.277665583187,1.2594502646806938,2.4710813083340644,6.075412350414064e-11,COMPLETE
2052,0.0842,0.45400153232653984,5.719667260978259,1.3757474756440111,208.22607295194175,0.1013397086496358,0.01777158201797886,2.75153138840492e-08,COMPLETE
2053,0.09395,0.5013929628623441,5.439590829177734,6.641926976422129,32.24716599651381,0.12480776742786713,36.72493555902039,1.9897264125379086e-06,COMPLETE
2054,0.0708,0.3461125707692679,6.57238989727827,1.5335086728615208,177.44171577420843,1.2594502646806938,3.6008094906658137,7.242135537625552e-11,COMPLETE
2055,0.075,0.5785678278942488,4.958426658725357,9.890916012877245,0.10705676410642345,0.047570004104159534,0.764092524644605,5.432263014140687e-13,COMPLETE
2056,0.12795,0.7935664792982833,4.3548083271808515,9.890916012877245,3090.9457533461396,0.047570004104159534,0.04082369646290137,3.649569116806477e-06,COMPLETE
2057,0.10645,0.6103868340049454,3.7523591558107,8.359124144204223,0.016767417635497637,110.16646134717259,4.230818933588808,1.5335060532903536e-12,COMPLETE
2058,0.0787,0.5495143934582818,6.103623020551158,5.137873631182713,104.61067826393281,0.3710234766141632,80.46577679760097,3.649569116806477e-06,COMPLETE
2059,0.08465,0.4638718845063896,4.335111916469993,2.157850763885523,2661.553121751245,186.9306125540257,17.543999742650467,7.242135537625552e-11,COMPLETE
2060,0.06145,0.356021002795698,6.351039989269435,2.2991799521485987,0.016767417635497637,110.16646134717259,34.574222073764446,3.0541645143911065e-11,COMPLETE
2061,0.06635,0.2507244062732441,4.426846410461032,3.458411143783027,0.016767417635497637,233.90552791745466,0.01777158201797886,9.787752692175531e-12,COMPLETE
2062,0.0742,0.19285935126393777,4.958426658725357,8.359124144204223,0.1784805460542277,0.5362196401258538,60.54626335750091,0.0001011525123205258,COMPLETE
2063,0.099,0.5333778883922793,4.797597292147365,5.137873631182713,1.8442663426239594,4.006173959705789,0.010490863545892863,2.840456933647629e-07,COMPLETE
2064,0.0814,0.6570144355575743,4.958426658725357,6.36436389097147,48.074704583660605,186.9306125540257,42.71509006798124,3.0541645143911065e-11,COMPLETE
2065,0.07285,0.46332429347119997,4.958426658725357,2.2991799521485987,595.5777957991284,186.9306125540257,2.606433764399818,1.7411112824373338e-14,COMPLETE
2066,0.1358,0.8288576127023746,5.439590829177734,9.890916012877245,3090.9457533461396,0.047570004104159534,0.04082369646290137,3.649569116806477e-06,COMPLETE
2067,0.0974,0.6011562343752513,2.8467952672042545,6.875144787901625,123.52077947060401,51.0531204742495,4.230818933588808,1.5335060532903536e-12,COMPLETE
2068,0.0731,0.4759276448654193,3.7523591558107,2.2991799521485987,1092.6017556969864,110.16646134717259,2.606433764399818,3.0541645143911065e-11,COMPLETE
2069,0.08425,0.5289441950457694,4.958426658725357,8.359124144204223,0.4634053899763641,2.0932562452893633,4.230818933588808,3.0541645143911065e-11,COMPLETE
2070,0.06685,0.12762422850251223,4.958426658725357,1.5038374335792146,0.4634053899763641,186.9306125540257,0.01777158201797886,3.9694167750317793e-10,COMPLETE
2071,0.06685,0.4891266889767019,4.050574348074197,5.751620494688234,0.07261268023359602,0.17350286616513794,1.1961286443235215,3.0092675819548274e-09,COMPLETE
2072,0.09165,0.4035255281400709,4.653916869245234,1.0726049388472807,208.22607295194175,0.1013397086496358,0.01777158201797886,3.787929895519139e-07,COMPLETE
2073,0.07135,0.5257374558212706,6.351039989269435,3.3801923275388828,12.412723646412944,107.59872434463156,34.574222073764446,3.0541645143911065e-11,COMPLETE
2074,0.14565,0.6553601360015628,4.411575600313586,6.875144787901625,208.22607295194175,0.1013397086496358,0.01777158201797886,3.787929895519139e-07,COMPLETE
2075,0.08515,0.6245718485794695,2.0234761853515204,7.8078637347278095,0.016767417635497637,17.838768357286927,3.6008094906658137,1.9043961097477443e-12,COMPLETE
2076,0.08025,0.5782995471094226,2.8467952672042545,8.359124144204223,0.016767417635497637,110.16646134717259,0.01777158201797886,1.5335060532903536e-12,COMPLETE
2077,0.07475,0.09000829008935121,5.719667260978259,2.1530057480527667,208.22607295194175,1.5630282565660134,0.010490863545892863,3.787929895519139e-07,COMPLETE
2078,0.0646,0.3275697766815845,7.371731789186595,2.2991799521485987,1.8442663426239594,2.0518583729409148,80.46577679760097,3.407169759582504e-13,COMPLETE
2079,0.0883,0.5043389414377817,4.958426658725357,8.359124144204223,0.4634053899763641,1.5630282565660134,3.6008094906658137,3.0541645143911065e-11,COMPLETE
2080,0.08715,0.6177932521854115,7.051402036894628,6.875144787901625,0.010557728499640455,107.59872434463156,34.574222073764446,1.6894010759859846e-13,COMPLETE
2081,0.05205,0.3482401668386951,5.686980021608849,2.4052490656091257,6.806748617962984,3.858204027730059,59.2437895529571,2.1811143402963018e-10,COMPLETE
2082,0.07865,0.48305296797766967,1.1332745422553907,8.359124144204223,2.2526238626393873,1.2594502646806938,16.931942814437573,5.432263014140687e-13,COMPLETE
2083,0.06215,0.5376273380901517,5.686980021608849,2.5118580794078285,2661.553121751245,3.858204027730059,32.62092179900902,7.242135537625552e-11,COMPLETE
2084,0.077,0.6457857746946122,7.296565715563787,6.641926976422129,0.6975592224319972,61.52386505046258,1.080384033318699,8.720647859508846e-11,COMPLETE
2085,0.14015,0.7922627640773703,6.943625321882633,9.890916012877245,3090.9457533461396,0.047570004104159534,11.164683029733121,3.407169759582504e-13,COMPLETE
2086,0.07405,0.03889914925559349,4.3548083271808515,1.3526137167003873,7843.277665583187,107.59872434463156,0.24926467718311032,3.649569116806477e-06,COMPLETE
2087,0.0819,0.4778458334225964,5.918666444244987,5.517077749628653,0.016767417635497637,0.012409272967103762,3.6008094906658137,3.0541645143911065e-11,COMPLETE
2088,0.08465,0.629856871370214,3.7523591558107,7.242098619980624,212.24099110432874,186.9306125540257,34.574222073764446,1.7411112824373338e-14,COMPLETE
2089,0.0591,0.42738018162624575,5.915246869319483,1.7519510271087413,1.8442663426239594,168.65252268697844,3.6008094906658137,3.787929895519139e-07,COMPLETE
2090,0.0817,0.1577345077933517,6.019990742215804,9.890916012877245,0.1784805460542277,0.0010152421459550599,0.04082369646290137,1.9897264125379086e-06,COMPLETE
2091,0.0644,0.5963995433953597,6.103623020551158,3.9944594338373487,104.61067826393281,265.49241847348446,80.46577679760097,5.314026320276268e-08,COMPLETE
2092,0.1284,0.7300614406608723,6.103623020551158,8.741900816624833,104.61067826393281,0.06857317261521613,80.46577679760097,1.389638049897842e-11,COMPLETE
2093,0.08055,0.3443284601972246,6.103623020551158,3.3801923275388828,104.61067826393281,0.3710234766141632,0.010490863545892863,3.649569116806477e-06,COMPLETE
2094,0.0884,0.5487031829314728,7.4350328009509505,8.359124144204223,123.52077947060401,186.9306125540257,0.11060646004395691,3.281824963892469e-07,COMPLETE
2095,0.07555,0.24039837648840306,3.928039563103211,5.137873631182713,104.61067826393281,147.87246267699356,0.010490863545892863,2.1811143402963018e-10,COMPLETE
2096,0.06805,0.5036127353358628,0.9872679426475678,4.493766034784951,1461.0091202071792,3.858204027730059,3.6008094906658137,2.1811143402963018e-10,COMPLETE
2097,0.06625,0.3273032632218976,5.686980021608849,2.5118580794078285,1.9562826277387932,3.858204027730059,59.2437895529571,2.1811143402963018e-10,COMPLETE
2098,0.08275,0.40559666360708657,3.046425174476959,3.7999050466900766,1.8442663426239594,0.2148442408276778,14.732118064935978,1.3631594473167739e-08,COMPLETE
2099,0.1093,0.7826760018167448,7.371731789186595,8.741900816624833,123.52077947060401,0.06857317261521613,80.46577679760097,2.2563515925025537e-09,COMPLETE
2100,0.1023,0.06742443867943182,6.019990742215804,5.751620494688234,3090.9457533461396,107.8841764114358,0.0247605531247782,3.0092675819548274e-09,COMPLETE
2101,0.0519,0.3120904452986858,6.351039989269435,1.5824781510222752,12.412723646412944,0.6051514555047829,34.574222073764446,5.222907409646162e-13,COMPLETE
2102,0.05335,0.20517016277471503,4.797597292147365,1.0726049388472807,1.8442663426239594,4.006173959705789,5.192615578479196,3.407169759582504e-13,COMPLETE
2103,0.04235,0.2802017739422213,0.8717124243012537,1.0726049388472807,0.016767417635497637,107.59872434463156,2.606433764399818,3.159140913243629e-13,COMPLETE
2104,0.12405,0.7331580616754817,7.296565715563787,6.641926976422129,2661.553121751245,0.12480776742786713,0.01777158201797886,7.242135537625552e-11,COMPLETE
2105,0.0994,0.5564059350795342,5.719667260978259,2.2991799521485987,208.22607295194175,0.1013397086496358,0.01777158201797886,9.787752692175531e-12,COMPLETE
2106,0.0559,0.31255499302444156,4.797597292147365,2.2991799521485987,1.8442663426239594,1.5630282565660134,9.862842498681294,3.407169759582504e-13,COMPLETE
2107,0.0784,0.4340382854087839,3.0455122299916,3.9944594338373487,1.0507028101381366,0.4878712301792302,8.213868348493142,3.0541645143911065e-11,COMPLETE
2108,0.08555,0.5185081357347379,3.946398622715133,9.890916012877245,0.04998700582660489,0.3710234766141632,80.46577679760097,1.9897264125379086e-06,COMPLETE
2109,0.04865,0.176764181896787,2.8467952672042545,1.091409955797481,0.4634053899763641,0.4878712301792302,4.230818933588808,5.521087576123659e-10,COMPLETE
2110,0.0651,0.3562093271703231,5.686980021608849,1.7457644917492814,0.4634053899763641,546.754814234046,59.2437895529571,3.0092675819548274e-09,COMPLETE
2111,0.0887,0.4914730844202357,5.719667260978259,6.875144787901625,0.011864000454965263,110.16646134717259,0.035884229535923816,1.7411112824373338e-14,COMPLETE
2112,0.08755,0.6248265781451289,4.958426658725357,8.359124144204223,0.4634053899763641,1.5630282565660134,0.764092524644605,3.407169759582504e-13,COMPLETE
2113,0.05135,0.44904195377698214,7.371731789186595,3.3801923275388828,1.8442663426239594,5.054984284069897,76.57127726580364,1.621364679176634e-08,COMPLETE
2114,0.0632,0.39899064997129635,5.686980021608849,2.5118580794078285,123.52077947060401,3.858204027730059,14.732118064935978,2.1811143402963018e-10,COMPLETE
2115,0.11715,0.5497351204583093,1.1882122637878003,8.359124144204223,123.52077947060401,0.003141212725257394,3.6008094906658137,3.0541645143911065e-11,COMPLETE
2116,0.07045,0.3145536170152865,4.335111916469993,2.5118580794078285,0.2558592217701832,3.858204027730059,17.543999742650467,7.760154276671678e-05,COMPLETE
2117,0.05675,0.22266270789278655,3.0455122299916,1.2997368745646833,0.07261268023359602,0.4878712301792302,8.213868348493142,3.811801850956625e-07,COMPLETE
2118,0.06635,0.4689591357001542,6.019990742215804,2.2991799521485987,0.016767417635497637,110.16646134717259,0.2010537050600077,3.811801850956625e-07,COMPLETE
2119,0.08725,0.6511257243601087,4.958426658725357,8.359124144204223,2.2526238626393873,0.047570004104159534,0.04082369646290137,5.432263014140687e-13,COMPLETE
2120,0.0965,0.42598965291701496,4.3548083271808515,1.3526137167003873,3090.9457533461396,0.047570004104159534,3.6008094906658137,3.649569116806477e-06,COMPLETE
2121,0.0646,0.3744810556943304,4.335111916469993,3.1788912454430323,0.35573700225924665,1.5630282565660134,3.6008094906658137,7.242135537625552e-11,COMPLETE
2122,0.0538,0.3000061461286186,4.797597292147365,1.7519510271087413,1.8442663426239594,4.006173959705789,9.862842498681294,3.407169759582504e-13,COMPLETE
2123,0.11455,0.6670697067692097,4.958426658725357,5.751620494688234,208.22607295194175,0.004569612957571183,1.1961286443235215,3.0092675819548274e-09,COMPLETE
2124,0.0634,0.4584892983583456,4.797597292147365,3.3801923275388828,8.279193279857013,4.006173959705789,80.46577679760097,5.521087576123659e-10,COMPLETE
2125,0.0792,0.19972019011393558,6.218915362426974,2.5118580794078285,123.52077947060401,3.858204027730059,17.543999742650467,0.0005620582728796359,COMPLETE
2126,0.0583,0.23018363343862946,4.335111916469993,1.0726049388472807,12.412723646412944,51.0531204742495,5.192615578479196,2.1811143402963018e-10,COMPLETE
2127,0.0859,0.6060676519179742,3.624751226466411,5.517077749628653,23.992307922785916,186.9306125540257,14.732118064935978,1.995742198364099e-09,COMPLETE
2128,0.09505,0.6476929656413732,7.296565715563787,6.641926976422129,0.6975592224319972,0.12480776742786713,0.01777158201797886,8.720647859508846e-11,COMPLETE
2129,0.08895,0.5540193408989937,7.491453905458799,6.875144787901625,123.52077947060401,168.65252268697844,0.11060646004395691,3.787929895519139e-07,COMPLETE
2130,0.0681,0.47403389329142465,5.719667260978259,3.3801923275388828,0.016767417635497637,110.16646134717259,80.46577679760097,5.521087576123659e-10,COMPLETE
2131,0.05645,0.3740999845596716,6.019990742215804,1.2997368745646833,0.014162338396506723,1.1632526165773203,0.0247605531247782,3.787929895519139e-07,COMPLETE
2132,0.07675,0.5092040956542961,4.653916869245234,4.817390420451725,12.412723646412944,4.703038707832875,5.192615578479196,5.521087576123659e-10,COMPLETE
2133,0.05355,0.42291238561671496,4.653916869245234,2.5118580794078285,1.9562826277387932,51.0531204742495,17.543999742650467,1.4844313002413136e-10,COMPLETE
2134,0.0723,0.43750554994641905,4.13607508335035,3.3801923275388828,0.0333259770941635,2.0518583729409148,80.46577679760097,5.521087576123659e-10,COMPLETE
2135,0.08795,0.5016006715865156,6.943625321882633,4.188868940386182,2.2526238626393873,0.009707433566872849,0.010490863545892863,3.787929895519139e-07,COMPLETE
2136,0.0806,0.36546578859950135,4.335111916469993,2.5118580794078285,1.9562826277387932,0.047570004104159534,0.04082369646290137,2.1811143402963018e-10,COMPLETE
2137,0.0772,0.6594416261915682,3.046425174476959,7.8078637347278095,0.016767417635497637,110.16646134717259,3.6008094906658137,1.9043961097477443e-12,COMPLETE
2138,0.04395,0.20301712302404756,6.351039989269435,1.0726049388472807,12.412723646412944,107.59872434463156,34.574222073764446,3.0541645143911065e-11,COMPLETE
2139,0.08355,0.6392328596530354,3.0455122299916,3.9944594338373487,0.07261268023359602,186.9306125540257,3.6008094906658137,5.432263014140687e-13,COMPLETE
2140,0.0504,0.27131200885278994,6.019990742215804,1.2997368745646833,0.4634053899763641,51.0531204742495,0.0247605531247782,3.811801850956625e-07,COMPLETE
2141,0.08865,0.62788358970243,4.958426658725357,8.359124144204223,20.68482362436929,92.40216718242159,4.230818933588808,4.55125765056087e-09,COMPLETE
2142,0.0504,0.27755941790552585,6.351039989269435,1.0726049388472807,12.412723646412944,107.59872434463156,3.6008094906658137,1.5751982525230274e-07,COMPLETE
2143,0.0772,0.04530394854964976,5.719667260978259,2.2991799521485987,83.93381429975443,4.006173959705789,0.01777158201797886,3.407169759582504e-13,COMPLETE
2144,0.09935,0.039846176848624716,2.5990495707882495,1.7519510271087413,3090.9457533461396,168.65252268697844,0.01777158201797886,6.754904583200156e-10,COMPLETE
2145,0.0937,0.6756371098664861,5.246667346919438,5.751620494688234,3090.9457533461396,0.004569612957571183,14.732118064935978,3.0092675819548274e-09,COMPLETE
2146,0.057,0.40856549211273774,4.3548083271808515,1.3526137167003873,4923.936245708753,186.9306125540257,3.6008094906658137,3.649569116806477e-06,COMPLETE
2147,0.10245,0.7664583236004725,6.943625321882633,9.890916012877245,7843.277665583187,3.858204027730059,59.2437895529571,4.331365543927414e-05,COMPLETE
2148,0.05015,0.32587216070067987,5.719667260978259,1.0726049388472807,12.412723646412944,110.16646134717259,0.601182176152934,5.521087576123659e-10,COMPLETE
2149,0.0602,0.35461303989055437,3.5538586659274793,2.5118580794078285,1.9562826277387932,0.047570004104159534,17.543999742650467,1.164758505104431e-09,COMPLETE
2150,0.0509,0.3286508534475693,4.958426658725357,1.7519510271087413,1.8442663426239594,168.65252268697844,75.04654984840029,5.432263014140687e-13,COMPLETE
2151,0.0584,0.3506514100678887,5.0314897090379835,2.2991799521485987,0.016767417635497637,0.0021295751268144234,3.6008094906658137,1.9043961097477443e-12,COMPLETE
2152,0.07855,0.4769760533281764,2.903255489176417,8.659138236914934,0.07261268023359602,0.004569612957571183,1.1961286443235215,3.0092675819548274e-09,COMPLETE
2153,0.09645,0.48304255583036027,6.943625321882633,1.3526137167003873,3090.9457533461396,0.004569612957571183,14.732118064935978,3.649569116806477e-06,COMPLETE
2154,0.06795,0.6397501082158846,4.958426658725357,8.359124144204223,0.4634053899763641,186.9306125540257,0.04082369646290137,3.0541645143911065e-11,COMPLETE
2155,0.0639,0.4540319013430879,6.943625321882633,2.2991799521485987,0.016767417635497637,110.16646134717259,0.764092524644605,3.407169759582504e-13,COMPLETE
2156,0.0662,0.555028711182208,7.371731789186595,3.3801923275388828,381.4245746771499,2.0518583729409148,80.46577679760097,5.521087576123659e-10,COMPLETE
2157,0.1136,0.6757676804588542,4.050574348074197,6.041043340514446,3090.9457533461396,0.004569612957571183,0.04082369646290137,1.9897264125379086e-06,COMPLETE
2158,0.0815,0.6556945074974823,6.943625321882633,8.741900816624833,123.52077947060401,1.2594502646806938,2.4710813083340644,5.271866052477229e-14,COMPLETE
2159,0.08595,0.6670806435332556,4.958426658725357,7.242098619980624,0.4634053899763641,51.0531204742495,4.230818933588808,1.843013265045723e-06,COMPLETE
2160,0.0629,0.3326055729412816,7.371731789186595,1.3526137167003873,12.412723646412944,107.59872434463156,3.6008094906658137,3.649569116806477e-06,COMPLETE
2161,0.1111,0.7195609047692556,6.943625321882633,6.875144787901625,7843.277665583187,6.874108361257172,59.2437895529571,3.787929895519139e-07,COMPLETE
2162,0.07475,0.5599478535122452,4.958426658725357,8.359124144204223,0.01269443889195191,1.5630282565660134,3.6008094906658137,3.0541645143911065e-11,COMPLETE
2163,0.08295,0.5189174558234861,3.0455122299916,8.359124144204223,0.07261268023359602,0.4878712301792302,8.213868348493142,5.521087576123659e-10,COMPLETE
2164,0.0815,0.621106184064368,6.943625321882633,2.2991799521485987,208.22607295194175,0.1013397086496358,9.862842498681294,3.407169759582504e-13,COMPLETE
2165,0.06655,0.6578762405778147,4.958426658725357,5.517077749628653,0.4634053899763641,186.9306125540257,3.6008094906658137,3.0541645143911065e-11,COMPLETE
2166,0.094,0.6701076944997298,3.7523591558107,6.892477502173539,123.52077947060401,0.06857317261521613,2.606433764399818,1.6894010759859846e-13,COMPLETE
2167,0.1054,0.7648343590124783,4.958426658725357,8.359124144204223,2661.553121751245,1.2594502646806938,6.470997816640581,1.9897264125379086e-06,COMPLETE
2168,0.11475,0.8357416884292695,6.943625321882633,9.890916012877245,3090.9457533461396,0.047570004104159534,0.764092524644605,2.5328969305113486e-12,COMPLETE
2169,0.07955,0.4991150185140371,5.686980021608849,6.875144787901625,1.9562826277387932,3.858204027730059,59.2437895529571,2.1811143402963018e-10,COMPLETE
2170,0.04285,0.27649788582367185,6.103623020551158,1.2414098000376546,0.4634053899763641,0.08531096320965852,0.010117774078155787,3.0092675819548274e-09,COMPLETE
2171,0.10365,0.4625035214046235,6.943625321882633,8.741900816624833,123.52077947060401,0.06857317261521613,14.732118064935978,8.117128090691844e-06,COMPLETE
2172,0.0679,0.44915651895082603,3.7523591558107,2.2991799521485987,0.4634053899763641,51.0531204742495,2.606433764399818,2.528408904226505e-13,COMPLETE
2173,0.11445,0.744160615946296,7.491453905458799,5.751620494688234,1558.9214098170028,0.0016086669994446337,0.11060646004395691,3.787929895519139e-07,COMPLETE
2174,0.06345,0.4784099309887082,4.958426658725357,4.475851099526161,1.8442663426239594,4.006173959705789,3.6008094906658137,3.407169759582504e-13,COMPLETE
2175,0.0537,0.24789557280065833,6.019990742215804,1.2997368745646833,0.014162338396506723,0.009707433566872849,0.0247605531247782,1.2852800817409583e-10,COMPLETE
2176,0.0853,0.2723745279533879,5.439590829177734,1.3886900967141231,3090.9457533461396,0.047570004104159534,0.04082369646290137,0.00012442688660980106,COMPLETE
2177,0.0617,0.3496018715403707,4.3548083271808515,1.3526137167003873,208.22607295194175,107.59872434463156,0.764092524644605,2.1206381298183053e-07,COMPLETE
2178,0.0584,0.2761402949229986,7.296565715563787,2.7973188182919606,0.6975592224319972,186.9306125540257,0.0247605531247782,3.811801850956625e-07,COMPLETE
2179,0.08295,0.5561400492372415,5.989976616159035,1.7519510271087413,208.22607295194175,0.08755680934938086,76.57127726580364,1.363049002498582e-07,COMPLETE
2180,0.07355,0.48530332158824246,1.710075400138455,2.2991799521485987,4034.275601133001,110.16646134717259,2.606433764399818,1.7411112824373338e-14,COMPLETE
2181,0.0554,0.30523637438258466,5.989976616159035,1.7519510271087413,1.8442663426239594,110.16646134717259,76.57127726580364,1.621364679176634e-08,COMPLETE
2182,0.07915,0.5902674261608468,6.943625321882633,5.751620494688234,0.4634053899763641,1.5630282565660134,3.6008094906658137,3.0092675819548274e-09,COMPLETE
2183,0.0499,0.3651356306783495,6.943625321882633,1.0726049388472807,2.0667885131982375,546.754814234046,3.6008094906658137,3.0092675819548274e-09,COMPLETE
2184,0.10905,0.7676423088946144,7.371731789186595,3.9944594338373487,208.22607295194175,0.08755680934938086,0.49106969850296894,5.521087576123659e-10,COMPLETE
2185,0.0695,0.25602379089581406,6.943625321882633,1.3526137167003873,12.412723646412944,0.1013397086496358,34.574222073764446,3.649569116806477e-06,COMPLETE
2186,0.10935,0.7520307270552516,6.943625321882633,8.359124144204223,208.22607295194175,0.018558611461370906,0.764092524644605,3.0541645143911065e-11,COMPLETE
2187,0.0545,0.07181376000027767,4.3548083271808515,1.7519510271087413,1.8442663426239594,168.65252268697844,0.01777158201797886,1.724641081508614e-05,COMPLETE
2188,0.07165,0.4409496591802472,4.958426658725357,2.6338329439397503,208.22607295194175,1.5630282565660134,3.6008094906658137,3.787929895519139e-07,COMPLETE
2189,0.07435,0.6841873806910327,7.371731789186595,8.359124144204223,1.8278642465471888,0.0364356883118559,0.04082369646290137,5.521087576123659e-10,COMPLETE
2190,0.0805,0.3996452144377709,4.335111916469993,2.2991799521485987,1.8442663426239594,3.858204027730059,0.43965251562682073,3.407169759582504e-13,COMPLETE
2191,0.09155,0.6605289727844348,7.313143484354063,6.875144787901625,1.9562826277387932,0.1013397086496358,0.01777158201797886,2.1811143402963018e-10,COMPLETE
2192,0.05645,0.3010467613277571,3.1666330296921035,1.7519510271087413,0.4634053899763641,4.006173959705789,4.230818933588808,3.407169759582504e-13,COMPLETE
2193,0.0914,0.6508939476630595,6.943625321882633,6.875144787901625,35.01244838824543,3.858204027730059,0.5201688059526816,3.407169759582504e-13,COMPLETE
2194,0.1339,0.7645636024656994,6.943625321882633,5.751620494688234,3090.9457533461396,0.08405917204077012,34.574222073764446,3.0092675819548274e-09,COMPLETE
2195,0.0858,0.5330114586065862,0.8306612349720798,9.890916012877245,208.22607295194175,0.047570004104159534,0.49106969850296894,2.3500453238452228e-14,COMPLETE
2196,0.0826,0.38148564873305985,0.32526480894159315,6.875144787901625,208.22607295194175,0.009707433566872849,1.5336708975343418,3.787929895519139e-07,COMPLETE
2197,0.04775,0.1797222367278029,4.958426658725357,1.0726049388472807,12.412723646412944,107.59872434463156,34.574222073764446,8.854746383964881e-13,COMPLETE
2198,0.06755,0.46538793854943833,6.103623020551158,3.3801923275388828,0.4634053899763641,0.3710234766141632,3.6008094906658137,3.0541645143911065e-11,COMPLETE
2199,0.05965,0.6581334217170028,4.958426658725357,2.6338329439397503,208.22607295194175,0.1013397086496358,0.25831469821779807,3.407169759582504e-13,COMPLETE
2200,0.0801,0.47298572059337385,5.719667260978259,2.2991799521485987,0.016767417635497637,4.006173959705789,0.01777158201797886,9.787752692175531e-12,COMPLETE
2201,0.07995,0.4276699311762595,4.050574348074197,5.751620494688234,0.07261268023359602,0.004569612957571183,5.192615578479196,3.0092675819548274e-09,COMPLETE
2202,0.08205,0.5266625089591432,3.0455122299916,3.1788912454430323,2661.553121751245,51.0531204742495,5.192615578479196,5.521087576123659e-10,COMPLETE
2203,0.066,0.33225247980817973,4.797597292147365,1.7519510271087413,1.8442663426239594,4.006173959705789,0.764092524644605,3.407169759582504e-13,COMPLETE
2204,0.07105,0.6892465398036317,4.958426658725357,8.359124144204223,12.412723646412944,46.314439199808625,5.192615578479196,5.521087576123659e-10,COMPLETE
2205,0.07275,0.43747350198870866,4.958426658725357,1.7519510271087413,2.2526238626393873,186.9306125540257,3.6008094906658137,5.432263014140687e-13,COMPLETE
2206,0.08595,0.19178394305456684,4.050574348074197,5.751620494688234,0.07261268023359602,0.014572736467453837,1.1961286443235215,1.9897264125379086e-06,COMPLETE
2207,0.1033,0.7258584154530643,4.335111916469993,8.359124144204223,2661.553121751245,0.7444899912818087,56.23261017548372,3.0541645143911065e-11,COMPLETE
2208,0.09755,0.15662852353448917,4.3548083271808515,1.3526137167003873,12.412723646412944,0.006089603992432849,34.574222073764446,3.649569116806477e-06,COMPLETE
2209,0.0717,0.5638169232475782,4.3548083271808515,3.6162663895431884,12.412723646412944,107.59872434463156,9.862842498681294,3.407169759582504e-13,COMPLETE
2210,0.09925,0.569707064897414,1.859537925024937,6.875144787901625,208.22607295194175,0.1013397086496358,59.2437895529571,3.787929895519139e-07,COMPLETE
2211,0.078,0.6925211988044159,4.958426658725357,8.359124144204223,3090.9457533461396,186.9306125540257,3.6008094906658137,3.407169759582504e-13,COMPLETE
2212,0.07355,0.2797300173614468,5.439590829177734,4.736642108801073,2.2526238626393873,0.047570004104159534,0.04082369646290137,3.649569116806477e-06,COMPLETE
2213,0.0698,0.4749516468337142,3.728748121163566,3.3801923275388828,104.61067826393281,4.006173959705789,11.254577515305792,3.407169759582504e-13,COMPLETE
2214,0.07285,0.6772665807233359,4.958426658725357,8.359124144204223,0.4634053899763641,1.5630282565660134,0.49106969850296894,2.3605771880155435e-10,COMPLETE
2215,0.102,0.7688493787731088,6.943625321882633,8.741900816624833,123.52077947060401,0.06857317261521613,14.732118064935978,2.2563515925025537e-09,COMPLETE
2216,0.0741,0.6785289497194683,7.296565715563787,6.875144787901625,0.6975592224319972,0.06857317261521613,0.01777158201797886,1.6894010759859846e-13,COMPLETE
2217,0.0967,0.6821208106592045,7.051402036894628,4.24001615839722,208.22607295194175,0.004569612957571183,1.1961286443235215,2.1032031522401524e-08,COMPLETE
2218,0.0542,0.17821384747770996,4.3548083271808515,1.0726049388472807,12.412723646412944,107.59872434463156,34.574222073764446,3.0541645143911065e-11,COMPLETE
2219,0.0848,0.49392345586098546,5.719667260978259,2.2991799521485987,0.016767417635497637,3.858204027730059,0.01777158201797886,9.787752692175531e-12,COMPLETE
2220,0.0679,0.4673244112583759,4.335111916469993,2.6338329439397503,208.22607295194175,1.5630282565660134,2.4710813083340644,7.242135537625552e-11,COMPLETE
2221,0.1533,0.798640771403636,6.943625321882633,9.890916012877245,3090.9457533461396,0.047570004104159534,0.5998926370147455,3.0092675819548274e-09,COMPLETE
2222,0.0606,0.2299397389354398,5.274027221901476,1.3526137167003873,0.5894931855221601,0.06857317261521613,14.732118064935978,2.2563515925025537e-09,COMPLETE
2223,0.0884,0.7267856931915976,7.491453905458799,6.875144787901625,123.52077947060401,0.9705954893894942,0.11060646004395691,5.521087576123659e-10,COMPLETE
2224,0.09815,0.5791984743436512,5.719667260978259,8.359124144204223,0.016767417635497637,110.16646134717259,0.3246168033333349,9.787752692175531e-12,COMPLETE
2225,0.05535,0.3494822628731249,5.989976616159035,2.2991799521485987,1.8442663426239594,3.2246644576212966,9.862842498681294,1.621364679176634e-08,COMPLETE
2226,0.05965,0.4133853546182441,5.686980021608849,2.5118580794078285,1.9562826277387932,0.06857317261521613,0.11060646004395691,1.6894010759859846e-13,COMPLETE
2227,0.0612,0.5000265236642158,4.797597292147365,2.2991799521485987,1.8442663426239594,4.006173959705789,0.01777158201797886,3.407169759582504e-13,COMPLETE
2228,0.1036,0.8099948468778719,6.943625321882633,9.890916012877245,3090.9457533461396,0.004569612957571183,14.732118064935978,3.649569116806477e-06,COMPLETE
2229,0.08235,0.4599064130466202,6.57238989727827,2.2991799521485987,0.016767417635497637,110.16646134717259,0.01777158201797886,1.0193477502618178e-12,COMPLETE
2230,0.08085,0.5556590133969662,3.7523591558107,3.147404958497202,0.016767417635497637,488.633307395413,0.01777158201797886,8.720647859508846e-11,COMPLETE
2231,0.04975,0.3002182538423729,5.989976616159035,1.7519510271087413,1.9562826277387932,5.054984284069897,76.57127726580364,1.621364679176634e-08,COMPLETE
2232,0.06905,0.5109738956833363,4.335111916469993,3.3801923275388828,97.30134878087011,0.3710234766141632,4.230818933588808,1.5335060532903536e-12,COMPLETE
2233,0.09175,0.5745182824179919,4.311984988481746,8.359124144204223,0.07261268023359602,12.638836843720334,3.6008094906658137,5.521087576123659e-10,COMPLETE
2234,0.1058,0.5452606232067112,0.6022714170290244,8.33604695260721,2661.553121751245,7.7533319869143,2.4710813083340644,7.242135537625552e-11,COMPLETE
2235,0.05645,0.45500539770909015,5.719667260978259,2.2991799521485987,0.016767417635497637,186.9306125540257,13.068614491041336,3.649569116806477e-06,COMPLETE
2236,0.06915,0.5234844545183311,4.958426658725357,8.359124144204223,0.4634053899763641,0.47374895560439373,3.6008094906658137,1.4969745554987885e-10,COMPLETE
2237,0.0907,0.2713296937223812,6.943625321882633,6.875144787901625,3090.9457533461396,0.004569612957571183,59.2437895529571,4.331365543927414e-05,COMPLETE
2238,0.06615,0.43043116736492737,6.019990742215804,1.7519510271087413,1.8442663426239594,0.5362196401258538,0.01777158201797886,3.9694167750317793e-10,COMPLETE
2239,0.11795,0.7438343898633892,6.943625321882633,9.890916012877245,3090.9457533461396,0.1013397086496358,0.01777158201797886,3.787929895519139e-07,COMPLETE
2240,0.07865,0.3922019956179281,5.719667260978259,2.2991799521485987,0.016767417635497637,720.9807555988541,0.010117774078155787,9.787752692175531e-12,COMPLETE
2241,0.0925,0.18242003125186518,4.958426658725357,3.3801923275388828,0.4634053899763641,0.02331993298284069,80.46577679760097,3.649569116806477e-06,COMPLETE
2242,0.0788,0.3378780193676732,4.050574348074197,6.875144787901625,0.07261268023359602,526.0773267572463,0.010490863545892863,3.787929895519139e-07,COMPLETE
2243,0.1399,0.7531447143268365,6.943625321882633,5.137873631182713,3090.9457533461396,0.009707433566872849,0.010490863545892863,1.9897264125379086e-06,COMPLETE
2244,0.093,0.7921542572110342,5.686980021608849,6.875144787901625,7843.277665583187,5.054984284069897,59.2437895529571,5.347323893953287e-09,COMPLETE
2245,0.0883,0.5894913399463381,4.335111916469993,8.33604695260721,72.7701102126188,1.2594502646806938,5.192615578479196,7.242135537625552e-11,COMPLETE
2246,0.04285,0.26820334726962985,5.686980021608849,1.0726049388472807,0.4634053899763641,546.754814234046,0.010117774078155787,1.848153778022814e-08,COMPLETE
2247,0.09055,0.14717757095455625,4.958426658725357,5.751620494688234,0.4634053899763641,1.5630282565660134,6.4688635949905,0.00477218384288046,COMPLETE
2248,0.0642,0.24345385345094434,5.628384999949085,9.890916012877245,3090.9457533461396,186.9306125540257,0.04082369646290137,5.966045586320618e-07,COMPLETE
2249,0.0584,0.3066089428156604,4.797597292147365,1.7519510271087413,1.8442663426239594,4.006173959705789,0.764092524644605,3.407169759582504e-13,COMPLETE
2250,0.097,0.6078389810132353,3.568006285915961,7.8078637347278095,1.8442663426239594,50.56187642027036,3.6008094906658137,1.9043961097477443e-12,COMPLETE
2251,0.0894,0.01578676227305957,6.943625321882633,9.890916012877245,3090.9457533461396,546.754814234046,0.010117774078155787,3.0092675819548274e-09,COMPLETE
2252,0.09805,0.5645740071278821,2.8467952672042545,8.359124144204223,3.863028649822961,0.047570004104159534,0.04082369646290137,1.5335060532903536e-12,COMPLETE
2253,0.051,0.4650079669945627,6.943625321882633,2.0463493192035402,12.412723646412944,546.754814234046,5.192615578479196,3.0092675819548274e-09,COMPLETE
2254,0.0867,0.6006303079747959,4.797597292147365,8.359124144204223,1.8442663426239594,4.006173959705789,3.6008094906658137,3.0541645143911065e-11,COMPLETE
2255,0.06995,0.572204820152623,4.797597292147365,8.359124144204223,1.8442663426239594,4.006173959705789,9.862842498681294,3.407169759582504e-13,COMPLETE
2256,0.0604,0.5249776633818027,6.943625321882633,5.751620494688234,0.15564142845818718,0.004569612957571183,1.1961286443235215,3.0092675819548274e-09,COMPLETE
2257,0.0759,0.44708538885541194,3.046425174476959,3.3801923275388828,330.15436208339713,4.703038707832875,3.6008094906658137,5.521087576123659e-10,COMPLETE
2258,0.07,0.5728641820691154,3.7523591558107,6.009116533871037,0.016767417635497637,110.16646134717259,2.606433764399818,1.7411112824373338e-14,COMPLETE
2259,0.08295,0.6521907261560425,4.797597292147365,7.242098619980624,1.8442663426239594,186.9306125540257,0.764092524644605,3.649569116806477e-06,COMPLETE
2260,0.09165,0.7967001055859748,2.8467952672042545,8.359124144204223,3090.9457533461396,0.047570004104159534,0.04082369646290137,1.9897264125379086e-06,COMPLETE
2261,0.0737,0.582861850611526,3.3530455604676335,7.8078637347278095,733.8935672166494,3.858204027730059,3.6008094906658137,1.9582867173310088e-05,COMPLETE
2262,0.0973,0.611888950390058,3.117481773690304,5.137873631182713,104.61067826393281,110.16646134717259,2.606433764399818,9.392086645410261e-08,COMPLETE
2263,0.1054,0.6618131424515664,4.335111916469993,4.205375576436834,2661.553121751245,4.006173959705789,0.764092524644605,7.242135537625552e-11,COMPLETE
2264,0.04285,0.1713860702577559,6.943625321882633,1.0726049388472807,0.4634053899763641,546.754814234046,0.010117774078155787,3.0092675819548274e-09,COMPLETE
2265,0.0541,0.2864962576616049,6.019990742215804,1.2997368745646833,16.626950294703803,110.16646134717259,0.0247605531247782,1.7411112824373338e-14,COMPLETE
2266,0.0648,0.22654219400953202,6.351039989269435,1.0726049388472807,3090.9457533461396,107.59872434463156,34.574222073764446,3.0541645143911065e-11,COMPLETE
2267,0.0529,0.4242489161093426,6.943625321882633,2.5118580794078285,1.9562826277387932,30.83487700587726,59.2437895529571,2.1811143402963018e-10,COMPLETE
2268,0.075,0.4033663330671014,4.335111916469993,3.9944594338373487,0.07261268023359602,0.06627592792870478,8.213868348493142,5.521087576123659e-10,COMPLETE
2269,0.11505,0.5277444677249905,4.335111916469993,3.1788912454430323,2661.553121751245,4.006173959705789,17.543999742650467,3.407169759582504e-13,COMPLETE
2270,0.07085,0.5377761620722765,5.439590829177734,9.890916012877245,1.8278642465471888,2.0518583729409148,80.46577679760097,5.521087576123659e-10,COMPLETE
2271,0.1085,0.6291584460627143,3.7523591558107,9.890916012877245,3090.9457533461396,110.16646134717259,2.606433764399818,1.7411112824373338e-14,COMPLETE
2272,0.05445,0.3419972978186553,5.686980021608849,2.5118580794078285,1.9562826277387932,3.858204027730059,59.2437895529571,3.0541645143911065e-11,COMPLETE
2273,0.0858,0.6275890724637425,6.019990742215804,7.638421384427523,0.9431845657194964,3.0012539940661944,0.0247605531247782,3.811801850956625e-07,COMPLETE
2274,0.04815,0.23029873897840844,4.653916869245234,1.0726049388472807,12.412723646412944,107.59872434463156,5.192615578479196,3.0541645143911065e-11,COMPLETE
2275,0.0696,0.48073547954362394,4.335111916469993,6.036089815779133,0.4634053899763641,1.2594502646806938,48.83400238995498,7.242135537625552e-11,COMPLETE
2276,0.06225,0.3616201991366917,4.797597292147365,1.7519510271087413,208.22607295194175,4.006173959705789,0.764092524644605,3.787929895519139e-07,COMPLETE
2277,0.07105,0.06720103289664198,4.3548083271808515,1.7519510271087413,253.54424087429547,168.65252268697844,0.01777158201797886,3.9694167750317793e-10,COMPLETE
2278,0.08415,0.44329602795846085,5.719667260978259,2.4704511939831795,0.4634053899763641,3.4648724188172415,0.010490863545892863,3.787929895519139e-07,COMPLETE
2279,0.07105,0.4035785866003237,4.797597292147365,1.7519510271087413,1.8442663426239594,4.006173959705789,0.1979611845218387,3.407169759582504e-13,COMPLETE
2280,0.10905,0.7549537851734284,5.439590829177734,9.890916012877245,3090.9457533461396,0.047570004104159534,4.230818933588808,1.5335060532903536e-12,COMPLETE
2281,0.05855,0.3632486607200527,4.912803203744066,2.2991799521485987,0.07261268023359602,0.005105650248565318,9.068169315907982,1.7411112824373338e-14,COMPLETE
2282,0.07945,0.6530033840771549,4.3548083271808515,6.875144787901625,0.3887954272226797,0.1013397086496358,0.01777158201797886,3.887500041381397e-13,COMPLETE
2283,0.0741,0.23066812525087024,4.3548083271808515,1.3526137167003873,12.412723646412944,0.06857317261521613,14.732118064935978,3.649569116806477e-06,COMPLETE
2284,0.03815,0.3620537218882691,5.989976616159035,1.7519510271087413,0.016767417635497637,110.16646134717259,76.57127726580364,1.7411112824373338e-14,COMPLETE
2285,0.1014,0.2671626483926898,4.958426658725357,8.359124144204223,3090.9457533461396,3.8454361854631496,0.04082369646290137,1.9897264125379086e-06,COMPLETE
2286,0.0893,0.6859546819105267,5.719667260978259,6.875144787901625,208.22607295194175,0.1013397086496358,0.01777158201797886,3.787929895519139e-07,COMPLETE
2287,0.07645,0.38159555848863996,4.335111916469993,2.5118580794078285,1.339925431229682,3.858204027730059,0.764092524644605,3.407169759582504e-13,COMPLETE
2288,0.0496,0.5130351199265983,4.917776784410538,3.9944594338373487,0.07261268023359602,0.4878712301792302,8.213868348493142,5.314026320276268e-08,COMPLETE
2289,0.0704,0.5896827932588514,4.958426658725357,7.242098619980624,0.34320006884481824,186.9306125540257,3.6008094906658137,1.457560823672089e-09,COMPLETE
2290,0.07875,0.7081676001390415,6.943625321882633,8.741900816624833,123.52077947060401,0.7687990857865484,14.732118064935978,2.2563515925025537e-09,COMPLETE
2291,0.06315,0.49810129000838016,7.051402036894628,3.9944594338373487,0.4634053899763641,0.08755680934938086,35.69083575319472,1.5335060532903536e-12,COMPLETE
2292,0.0757,0.18376099550277913,4.3548083271808515,5.494063109140756,18.9235536401055,107.59872434463156,0.3644832613988522,0.00039321888973516036,COMPLETE
2293,0.0667,0.4766332231417639,4.050574348074197,5.751620494688234,0.07261268023359602,0.004569612957571183,0.01777158201797886,3.125542367116925e-11,COMPLETE
2294,0.0484,0.23350789217160137,2.9222758507775453,1.3526137167003873,12.412723646412944,107.59872434463156,34.574222073764446,3.0541645143911065e-11,COMPLETE
2295,0.10395,0.6615405413669401,4.958426658725357,7.645882218280694,4.929735205948364,186.9306125540257,0.4952104673829058,3.0541645143911065e-11,COMPLETE
2296,0.0651,0.5206010856922278,4.335111916469993,9.890916012877245,0.8926080844344468,1.2594502646806938,2.4710813083340644,7.242135537625552e-11,COMPLETE
2297,0.08545,0.6369631024785857,4.958426658725357,8.359124144204223,2.2526238626393873,186.9306125540257,3.6008094906658137,5.432263014140687e-13,COMPLETE
2298,0.09825,0.6866212810591051,3.042611319707352,5.137873631182713,104.61067826393281,0.009707433566872849,0.010490863545892863,3.787929895519139e-07,COMPLETE
2299,0.07565,0.5315056947723981,4.335111916469993,3.1788912454430323,3090.9457533461396,1.2594502646806938,0.04082369646290137,1.9897264125379086e-06,COMPLETE
2300,0.08415,0.6488931174046697,4.958426658725357,8.359124144204223,2.2526238626393873,186.9306125540257,1.8358197193210473,5.432263014140687e-13,COMPLETE
2301,0.0461,0.2489220973975474,4.335111916469993,1.3526137167003873,1.9562826277387932,107.59872434463156,34.574222073764446,5.924699712725514e-11,COMPLETE
2302,0.0706,0.47524902691413545,4.958426658725357,2.6338329439397503,208.22607295194175,1.5630282565660134,3.6008094906658137,3.787929895519139e-07,COMPLETE
2303,0.1111,0.6286371986305357,0.6285507979809731,8.359124144204223,12.412723646412944,186.9306125540257,5.192615578479196,5.521087576123659e-10,COMPLETE
2304,0.09655,0.8391604181973334,7.051402036894628,6.875144787901625,123.52077947060401,0.06857317261521613,0.11060646004395691,5.521087576123659e-10,COMPLETE
2305,0.089,0.5482670723229733,4.958426658725357,8.359124144204223,0.4634053899763641,2.493205095279271,4.230818933588808,3.384082134085677e-10,COMPLETE
2306,0.04815,0.3857679260625119,7.371731789186595,2.5118580794078285,1.8278642465471888,2.0518583729409148,17.543999742650467,5.521087576123659e-10,COMPLETE
2307,0.1131,0.2488905675662198,5.439590829177734,6.875144787901625,655.4845039444103,0.047570004104159534,12.040754874877948,4.331365543927414e-05,COMPLETE
2308,0.1003,0.693115644539128,7.491453905458799,2.6338329439397503,208.22607295194175,0.06857317261521613,0.11060646004395691,3.787929895519139e-07,COMPLETE
2309,0.0978,0.7687448003127688,7.296565715563787,6.641926976422129,123.52077947060401,0.06857317261521613,0.11060646004395691,1.6894010759859846e-13,COMPLETE
2310,0.06465,0.5578193132171763,4.335111916469993,3.1788912454430323,2661.553121751245,3.858204027730059,17.543999742650467,7.242135537625552e-11,COMPLETE
2311,0.0928,0.6117395804232933,7.235742402021626,6.875144787901625,123.52077947060401,97.0893872740885,0.11060646004395691,3.787929895519139e-07,COMPLETE
2312,0.08205,0.5287548077934493,3.046425174476959,7.8078637347278095,1.8442663426239594,0.1892813633151634,34.574222073764446,1.9043961097477443e-12,COMPLETE
2313,0.087,0.5237550668360105,4.958426658725357,2.2991799521485987,3090.9457533461396,0.004251418775331885,14.720012534969092,1.7411112824373338e-14,COMPLETE
2314,0.1158,0.7697346339525561,4.050574348074197,5.137873631182713,104.61067826393281,0.009707433566872849,0.010490863545892863,3.0092675819548274e-09,COMPLETE
2315,0.06715,0.6512269366702259,7.491453905458799,6.875144787901625,123.52077947060401,1.5843181915448912,3.6008094906658137,3.787929895519139e-07,COMPLETE
2316,0.1177,0.862437209511084,6.943625321882633,9.890916012877245,3090.9457533461396,0.05564315315248067,2.5245438758434986,3.407169759582504e-13,COMPLETE
2317,0.1165,0.7879258626864665,5.174476515957163,6.875144787901625,3090.9457533461396,0.06857317261521613,0.11060646004395691,1.9897264125379086e-06,COMPLETE
2318,0.06775,0.5296494664710909,4.958426658725357,3.9944594338373487,1.8177915410469534,0.4878712301792302,0.21041180883254942,3.0541645143911065e-11,COMPLETE
2319,0.0801,0.5586312065637902,7.4216061670011815,1.8139428949120853,1.9562826277387932,0.0016793205326192354,12.53081439320536,2.1811143402963018e-10,COMPLETE
2320,0.07435,0.16845422146724137,0.4892138999159187,2.2991799521485987,0.016767417635497637,110.16646134717259,0.01777158201797886,9.787752692175531e-12,COMPLETE
2321,0.09075,0.5268131140026093,4.958426658725357,8.359124144204223,2.2526238626393873,0.1013397086496358,0.764092524644605,5.432263014140687e-13,COMPLETE
2322,0.05095,0.18996785666365235,6.943625321882633,1.0726049388472807,1.5372733023299356,546.754814234046,0.010117774078155787,3.787929895519139e-07,COMPLETE
2323,0.09895,0.16286256011266168,2.8467952672042545,1.0726049388472807,3090.9457533461396,0.047570004104159534,0.26518830907029944,9.7241940802476e-05,COMPLETE
2324,0.06875,0.6124362884082896,7.491453905458799,6.875144787901625,0.4634053899763641,0.06857317261521613,0.11060646004395691,3.787929895519139e-07,COMPLETE
2325,0.08165,0.6486986438624871,4.958426658725357,7.8078637347278095,279.86870255598427,4.703038707832875,3.6008094906658137,1.9043961097477443e-12,COMPLETE
2326,0.06895,0.37397827832696007,3.7523591558107,2.2991799521485987,12.412723646412944,107.59872434463156,34.574222073764446,3.649569116806477e-06,COMPLETE
2327,0.0581,0.351922937524408,6.943625321882633,1.3526137167003873,104.61067826393281,107.59872434463156,0.19645477613104773,3.649569116806477e-06,COMPLETE
2328,0.0683,0.5298758428244207,5.51913148200563,2.5118580794078285,0.016767417635497637,110.16646134717259,2.606433764399818,1.7411112824373338e-14,COMPLETE
2329,0.0732,0.6006988796415379,4.958426658725357,2.6338329439397503,74.63836385223708,0.06192320951182911,3.6008094906658137,1.6894010759859846e-13,COMPLETE
2330,0.0951,0.570247205852621,6.351039989269435,2.0463493192035402,12.412723646412944,0.006897525921045521,34.574222073764446,3.0092675819548274e-09,COMPLETE
2331,0.06575,0.632392144665891,4.653916869245234,7.8078637347278095,12.412723646412944,4.703038707832875,1.624074071853784,5.521087576123659e-10,COMPLETE
2332,0.05715,0.2713472210018928,5.719667260978259,2.2991799521485987,0.016767417635497637,110.16646134717259,0.01777158201797886,9.787752692175531e-12,COMPLETE
2333,0.05675,0.6191085394902539,4.958426658725357,8.359124144204223,2.2526238626393873,1.5630282565660134,3.6008094906658137,5.432263014140687e-13,COMPLETE
2334,0.0855,0.8038095378792299,7.051402036894628,6.875144787901625,208.22607295194175,0.08755680934938086,0.49106969850296894,8.564477591299451e-11,COMPLETE
2335,0.06885,0.4430659493983915,4.958426658725357,3.739342420175707,4.044794951883597,0.08755680934938086,3.6008094906658137,1.3302427543698365e-06,COMPLETE
2336,0.07365,0.35302247031554834,5.686980021608849,2.5118580794078285,1.9562826277387932,3.858204027730059,59.2437895529571,2.6861954196775594e-11,COMPLETE
2337,0.0674,0.3475522212628303,3.2235759737169953,2.5118580794078285,0.6975592224319972,0.12480776742786713,3.7880623795682236,8.720647859508846e-11,COMPLETE
2338,0.0844,0.6008547536801979,3.7523591558107,6.875144787901625,0.016767417635497637,3.858204027730059,2.606433764399818,1.7411112824373338e-14,COMPLETE
2339,0.05985,0.39451451203913446,3.0455122299916,3.9944594338373487,0.07261268023359602,0.4878712301792302,2.2458156088651595,1.5438580322175286e-06,COMPLETE
2340,0.0983,0.4423288948601863,5.989976616159035,6.875144787901625,1.8442663426239594,199.03733166185273,0.01777158201797886,3.787929895519139e-07,COMPLETE
2341,0.0994,0.6138839950165357,5.719667260978259,6.875144787901625,0.4634053899763641,186.9306125540257,3.6008094906658137,3.0541645143911065e-11,COMPLETE
2342,0.1031,0.6226191159940216,2.8467952672042545,8.359124144204223,1.8442663426239594,7.778056308488712,0.764092524644605,1.5335060532903536e-12,COMPLETE
2343,0.05285,0.2296145711535442,2.8467952672042545,1.3526137167003873,0.7611721601170116,107.59872434463156,0.04082369646290137,1.9897264125379086e-06,COMPLETE
2344,0.0831,0.6356027336896035,4.335111916469993,3.1788912454430323,2661.553121751245,1.2594502646806938,24.538342069169286,7.242135537625552e-11,COMPLETE
2345,0.11895,0.7937673427427373,4.2039277023958945,6.875144787901625,208.22607295194175,0.009707433566872849,0.010490863545892863,3.787929895519139e-07,COMPLETE
2346,0.1298,0.7998710799489697,5.686980021608849,8.359124144204223,3090.9457533461396,0.047570004104159534,59.2437895529571,2.1811143402963018e-10,COMPLETE
2347,0.06245,0.3829889861684014,3.7523591558107,1.7519510271087413,0.016767417635497637,110.16646134717259,2.606433764399818,1.621364679176634e-08,COMPLETE
2348,0.08775,0.6465414140454059,4.335111916469993,2.9553438045173452,2661.553121751245,1.2594502646806938,2.4710813083340644,1.6690669101260857e-08,COMPLETE
2349,0.0716,0.5466607805107752,6.103623020551158,3.3801923275388828,104.61067826393281,546.754814234046,5.192615578479196,3.0092675819548274e-09,COMPLETE
2350,0.0807,0.5393771086164597,7.296565715563787,8.359124144204223,0.4634053899763641,0.12480776742786713,3.6008094906658137,8.720647859508846e-11,COMPLETE
2351,0.0824,0.48256542358441895,6.141894624999039,3.3801923275388828,0.016767417635497637,110.16646134717259,32.15997491183098,9.787752692175531e-12,COMPLETE
2352,0.0995,0.789620510629455,6.943625321882633,9.890916012877245,3090.9457533461396,0.047570004104159534,0.764092524644605,3.407169759582504e-13,COMPLETE
2353,0.0402,0.18026179860188293,5.650749266849404,1.0726049388472807,0.014162338396506723,2.492475221646677,5.192615578479196,3.811801850956625e-07,COMPLETE
2354,0.11255,0.5532672269195833,5.926221365939184,3.83504715734085,0.014162338396506723,51.0531204742495,5.192615578479196,0.00018487083291030278,COMPLETE
2355,0.11145,0.7291739662411565,5.686980021608849,6.875144787901625,7843.277665583187,3.858204027730059,59.2437895529571,4.331365543927414e-05,COMPLETE
2356,0.08295,0.5767750170542487,5.43335082144107,5.751620494688234,0.07261268023359602,107.59872434463156,1.1961286443235215,3.649569116806477e-06,COMPLETE
2357,0.1356,0.36285426027956214,6.103623020551158,6.875144787901625,104.61067826393281,0.009707433566872849,80.46577679760097,3.649569116806477e-06,COMPLETE
2358,0.0723,0.3831773935273775,4.653916869245234,1.0726049388472807,12.412723646412944,0.007305391142524475,5.192615578479196,5.521087576123659e-10,COMPLETE
2359,0.0572,0.29056185734696705,6.943625321882633,2.0786887896604425,1.8442663426239594,546.754814234046,0.010117774078155787,1.621364679176634e-08,COMPLETE
2360,0.1147,0.05791265243132401,4.335111916469993,5.370900748482471,2661.553121751245,168.65252268697844,0.01777158201797886,7.242135537625552e-11,COMPLETE
2361,0.09445,0.5967800337555261,6.57238989727827,5.517077749628653,1.8442663426239594,186.9306125540257,3.6008094906658137,1.9043961097477443e-12,COMPLETE
2362,0.06115,0.27352144219504526,4.797597292147365,1.7519510271087413,1.8442663426239594,4.006173959705789,3.6008094906658137,3.0541645143911065e-11,COMPLETE
2363,0.0891,0.5360402099783635,7.051402036894628,5.960100820480976,1.8442663426239594,168.65252268697844,0.01777158201797886,3.9694167750317793e-10,COMPLETE
2364,0.07525,0.4421585111453028,2.8467952672042545,2.2991799521485987,0.016767417635497637,37.55452317822381,0.04082369646290137,9.787752692175531e-12,COMPLETE
2365,0.08015,0.23927602638523973,4.958426658725357,2.6338329439397503,0.07261268023359602,1.5630282565660134,3.6008094906658137,5.6435010992666085e-05,COMPLETE
2366,0.0737,0.6142288710258249,7.051402036894628,3.9944594338373487,201.56694452588056,110.16646134717259,0.49106969850296894,2.3946868196430907e-12,COMPLETE
2367,0.07915,0.7422687755107631,6.943625321882633,6.875144787901625,208.22607295194175,0.047570004104159534,0.04082369646290137,1.9897264125379086e-06,COMPLETE
2368,0.03935,0.20368093285973063,4.653916869245234,1.0205445004970402,0.4634053899763641,51.0531204742495,5.192615578479196,3.0541645143911065e-11,COMPLETE
2369,0.0841,0.697177913610092,6.943625321882633,6.875144787901625,208.22607295194175,1.2594502646806938,2.4710813083340644,7.242135537625552e-11,COMPLETE
2370,0.0807,0.022607303807179752,5.439590829177734,9.890916012877245,3426.679657227295,44.45303478043204,0.04082369646290137,0.0003571945850826512,COMPLETE
2371,0.07625,0.5193826303471045,7.371731789186595,3.3801923275388828,1.8278642465471888,2.0518583729409148,0.012970851338313065,5.521087576123659e-10,COMPLETE
2372,0.0727,0.30514760264820384,2.431515754263612,1.2997368745646833,0.014162338396506723,186.9306125540257,0.17190169347183318,5.432263014140687e-13,COMPLETE
2373,0.1254,0.7556222441000855,7.491453905458799,6.875144787901625,208.22607295194175,0.06857317261521613,0.764092524644605,2.9344381657582685e-07,COMPLETE
2374,0.11555,0.8064304002732701,7.051402036894628,8.359124144204223,123.52077947060401,0.06857317261521613,3.6008094906658137,3.0541645143911065e-11,COMPLETE
2375,0.0893,0.6255111193292696,6.019990742215804,7.242098619980624,0.4634053899763641,186.9306125540257,34.574222073764446,1.9043961097477443e-12,COMPLETE
2376,0.07565,0.35599324173523034,1.3262851820832438,2.6338329439397503,208.22607295194175,1.5630282565660134,3.6008094906658137,3.787929895519139e-07,COMPLETE
2377,0.0461,0.2651337117748106,6.351039989269435,1.0726049388472807,12.412723646412944,107.59872434463156,0.04082369646290137,1.9897264125379086e-06,COMPLETE
2378,0.0901,0.6357977635599076,4.958426658725357,2.6338329439397503,3090.9457533461396,1.5630282565660134,3.6008094906658137,3.787929895519139e-07,COMPLETE
2379,0.08615,0.5461896813027607,5.26017135333599,6.875144787901625,0.8156241205589495,0.06857317261521613,0.11060646004395691,1.9043961097477443e-12,COMPLETE
2380,0.07725,0.30719892997239145,3.7523591558107,2.2991799521485987,0.016767417635497637,4.006173959705789,2.606433764399818,2.664670814703522e-05,COMPLETE
2381,0.07165,0.4223764112382943,3.0455122299916,3.9944594338373487,0.07261268023359602,276.9653918473342,0.03871342814652551,5.521087576123659e-10,COMPLETE
2382,0.03725,0.24305591953495836,5.439590829177734,1.0726049388472807,12.412723646412944,107.59872434463156,0.04082369646290137,1.9897264125379086e-06,COMPLETE
2383,0.07665,0.658309438192652,7.051402036894628,6.875144787901625,123.52077947060401,90.7303829150784,59.2437895529571,1.6894010759859846e-13,COMPLETE
2384,0.0998,0.7513202240680171,4.958426658725357,8.359124144204223,3090.9457533461396,0.047570004104159534,3.6008094906658137,3.0541645143911065e-11,COMPLETE
2385,0.0828,0.47419492295700594,2.4322180665380158,5.751620494688234,0.07261268023359602,0.004569612957571183,0.03284404047489178,1.5335060532903536e-12,COMPLETE
2386,0.1372,0.7880837469582982,5.439590829177734,6.875144787901625,3049.428202607154,0.047570004104159534,0.04082369646290137,3.649569116806477e-06,COMPLETE
2387,0.09375,0.5309054114286966,6.943625321882633,9.890916012877245,0.010526644832554844,107.59872434463156,2.5245438758434986,3.0541645143911065e-11,COMPLETE
2388,0.0863,0.40486950352022816,4.3548083271808515,1.3526137167003873,123.52077947060401,0.06857317261521613,34.574222073764446,1.528661254740544e-08,COMPLETE
2389,0.07065,0.373155380768799,5.686980021608849,2.2991799521485987,0.016767417635497637,110.16646134717259,59.2437895529571,1.7411112824373338e-14,COMPLETE
2390,0.0642,0.2513225684035639,4.958426658725357,1.3526137167003873,12.412723646412944,107.59872434463156,0.07227522101365853,5.432263014140687e-13,COMPLETE
2391,0.0864,0.6663857732763196,6.019990742215804,9.890916012877245,0.014162338396506723,0.03007120071536769,0.0247605531247782,3.407169759582504e-13,COMPLETE
2392,0.0538,0.3259947582029806,6.943625321882633,1.7519510271087413,1.8442663426239594,0.05564315315248067,2.5245438758434986,3.407169759582504e-13,COMPLETE
2393,0.0732,0.5773494127595646,6.019990742215804,7.8078637347278095,0.1784805460542277,0.5362196401258538,0.9814062925060274,1.9043961097477443e-12,COMPLETE
2394,0.03915,0.18196542694558818,6.943625321882633,1.030659625868605,0.1784805460542277,0.1013397086496358,3.6008094906658137,3.407169759582504e-13,COMPLETE
2395,0.04525,0.2548461039332076,7.371731789186595,1.1452596600550373,1.8278642465471888,51.0531204742495,15.142607126456804,5.521087576123659e-10,COMPLETE
2396,0.0579,0.2632645252943413,2.986901937641438,1.2997368745646833,0.014162338396506723,186.9306125540257,14.732118064935978,2.2563515925025537e-09,COMPLETE
2397,0.07205,0.529396308076553,3.7523591558107,8.33604695260721,0.016767417635497637,1.2594502646806938,2.606433764399818,7.242135537625552e-11,COMPLETE
2398,0.09795,0.103995625374657,3.0455122299916,1.0726049388472807,123.52077947060401,0.06857317261521613,1.1321443712814894,0.00022411337430801312,COMPLETE
2399,0.0973,0.610176576415294,4.958426658725357,6.875144787901625,0.4634053899763641,186.9306125540257,3.6008094906658137,3.407169759582504e-13,COMPLETE
2400,0.07565,0.6152379923530807,5.989976616159035,8.359124144204223,1.8442663426239594,186.9306125540257,76.57127726580364,1.621364679176634e-08,COMPLETE
2401,0.0788,0.5756804711709087,4.958426658725357,8.359124144204223,0.4634053899763641,0.1013397086496358,0.764092524644605,3.407169759582504e-13,COMPLETE
2402,0.07135,0.5442821686324378,5.719667260978259,3.047858718656956,2661.553121751245,110.16646134717259,2.4710813083340644,7.242135537625552e-11,COMPLETE
2403,0.04925,0.30462028534440716,6.943625321882633,1.0726049388472807,1.8278642465471888,2.0518583729409148,0.016084014766754324,5.521087576123659e-10,COMPLETE
2404,0.05545,0.2533427882555859,4.653916869245234,1.0726049388472807,12.412723646412944,51.0531204742495,5.192615578479196,5.521087576123659e-10,COMPLETE
2405,0.0751,0.12451233651514355,7.491453905458799,2.510079721165701,94.65344434087004,0.1013397086496358,0.11060646004395691,0.0038911213657256746,COMPLETE
2406,0.09745,0.5229888115230369,6.103623020551158,3.1788912454430323,104.61067826393281,0.3710234766141632,80.46577679760097,7.242135537625552e-11,COMPLETE
2407,0.0933,0.6248084211154793,6.943625321882633,8.359124144204223,0.4634053899763641,186.9306125540257,3.6008094906658137,3.0541645143911065e-11,COMPLETE
2408,0.0528,0.3165232838137795,4.958426658725357,1.7464442996416534,0.4634053899763641,1.5630282565660134,3.6008094906658137,3.0541645143911065e-11,COMPLETE
2409,0.0836,0.6339210572692375,4.958426658725357,6.493257448110018,0.4634053899763641,186.9306125540257,3.6008094906658137,3.787929895519139e-07,COMPLETE
2410,0.08365,0.13086670576941425,4.050574348074197,5.751620494688234,19.97985373308032,0.004569612957571183,1.1961286443235215,2.1687250150351667e-05,COMPLETE
2411,0.0737,0.6079862727021869,4.653916869245234,6.875144787901625,123.52077947060401,5.11053165601533,5.192615578479196,1.6894010759859846e-13,COMPLETE
2412,0.0812,0.5991830054319662,4.050574348074197,8.33604695260721,0.07261268023359602,1.2594502646806938,1.1961286443235215,3.0092675819548274e-09,COMPLETE
2413,0.0922,0.4614117126929861,4.3548083271808515,1.3526137167003873,3090.9457533461396,0.05564315315248067,3.6008094906658137,3.407169759582504e-13,COMPLETE
2414,0.03915,0.17411510795631746,6.943625321882633,1.0726049388472807,255.60656182085233,546.754814234046,0.010117774078155787,3.0092675819548274e-09,COMPLETE
2415,0.0731,0.12724497589071196,4.958426658725357,8.359124144204223,0.034997456964387844,0.009707433566872849,0.010490863545892863,6.19511121697077e-05,COMPLETE
2416,0.0651,0.03204662453331142,4.958426658725357,8.359124144204223,0.4634053899763641,82.81786949309063,0.49106969850296894,0.008427697494579672,COMPLETE
2417,0.0534,0.2849671126959241,4.511711170524625,1.3526137167003873,64.99742663617444,51.0531204742495,5.192615578479196,5.521087576123659e-10,COMPLETE
2418,0.08605,0.5252188522620475,5.686980021608849,6.875144787901625,7843.277665583187,3.858204027730059,0.20202369188633953,4.331365543927414e-05,COMPLETE
2419,0.1295,0.7547367718262185,7.491453905458799,6.875144787901625,123.52077947060401,0.06857317261521613,0.49106969850296894,5.314026320276268e-08,COMPLETE
2420,0.0614,0.36136485837028265,6.943625321882633,2.0463493192035402,12.412723646412944,0.3843392901752642,5.192615578479196,3.0092675819548274e-09,COMPLETE
2421,0.06155,0.3216138917288116,4.797597292147365,1.7519510271087413,1.8442663426239594,0.06857317261521613,0.764092524644605,8.469868419213692e-11,COMPLETE
2422,0.0958,0.40590792550065263,2.9716579469413427,5.169044557755492,1.8442663426239594,546.754814234046,0.010117774078155787,3.0092675819548274e-09,COMPLETE
2423,0.08705,0.6125963419439113,7.051402036894628,3.9944594338373487,189.76673840067406,15.127009733918037,5.192615578479196,3.0092675819548274e-09,COMPLETE
2424,0.0472,0.24164900667695652,5.043800882836612,1.3526137167003873,12.412723646412944,107.59872434463156,34.574222073764446,3.649569116806477e-06,COMPLETE
2425,0.04885,0.3071391173694771,6.943625321882633,1.5314911631645944,2.1373430727694935,51.0531204742495,14.732118064935978,2.2563515925025537e-09,COMPLETE
2426,0.0897,0.5268298794691125,4.958426658725357,7.242098619980624,0.4634053899763641,1.5630282565660134,0.15082524403463973,3.649569116806477e-06,COMPLETE
2427,0.0762,0.6031655845890078,6.743787676796729,8.359124144204223,0.4634053899763641,0.06857317261521613,0.11060646004395691,3.787929895519139e-07,COMPLETE
2428,0.06895,0.4729673747003536,7.278233652273369,1.7519510271087413,104.61067826393281,0.10512772926180583,0.010490863545892863,1.621364679176634e-08,COMPLETE
2429,0.06225,0.3794200864345773,3.7523591558107,2.2991799521485987,208.22607295194175,6.302382313440478,6.181983921889017,3.787929895519139e-07,COMPLETE
2430,0.0825,0.6198194184888648,4.958426658725357,7.242098619980624,0.4634053899763641,107.59872434463156,3.6008094906658137,3.649569116806477e-06,COMPLETE
2431,0.11235,0.6989729120911398,7.051402036894628,6.875144787901625,208.22607295194175,0.0851319721492249,0.01777158201797886,8.564477591299451e-11,COMPLETE
2432,0.08625,0.16056737789087247,4.3548083271808515,2.6338329439397503,12.412723646412944,0.005409537405946134,34.574222073764446,3.649569116806477e-06,COMPLETE
2433,0.0926,0.5369825944498894,6.1265660612245645,8.359124144204223,0.4634053899763641,0.001191830880230452,3.6008094906658137,5.397241004633036e-08,COMPLETE
2434,0.06395,0.43408212367676663,4.335111916469993,4.018221166627107,5.043767450383258,1.2594502646806938,17.543999742650467,3.811801850956625e-07,COMPLETE
2435,0.0847,0.5931210925903808,4.3548083271808515,8.359124144204223,12.412723646412944,107.59872434463156,4.230818933588808,1.5335060532903536e-12,COMPLETE
2436,0.1367,0.8212527927915227,6.943625321882633,8.359124144204223,3090.9457533461396,0.06857317261521613,14.732118064935978,2.2563515925025537e-09,COMPLETE
2437,0.0852,0.5926531997307091,3.1598853311030233,8.359124144204223,2.2526238626393873,24.46827069638503,0.1972486917234414,9.787752692175531e-12,COMPLETE
2438,0.08835,0.5291120828069823,7.051402036894628,8.359124144204223,0.4634053899763641,0.053174767116045345,0.49106969850296894,3.0541645143911065e-11,COMPLETE
2439,0.11035,0.7766545428401206,4.958426658725357,8.359124144204223,3090.9457533461396,0.047570004104159534,0.49106969850296894,5.314026320276268e-08,COMPLETE
2440,0.05475,0.22689470477272888,6.351039989269435,1.0726049388472807,12.412723646412944,107.59872434463156,34.574222073764446,1.0460913969722759e-12,COMPLETE
2441,0.07875,0.47816502049593174,7.051402036894628,6.875144787901625,0.4634053899763641,0.06857317261521613,3.6008094906658137,1.7592362099608331e-12,COMPLETE
2442,0.055,0.3324880764889304,4.797597292147365,1.3526137167003873,12.412723646412944,107.59872434463156,0.954935990936263,3.407169759582504e-13,COMPLETE
2443,0.1191,0.8624470445574735,7.051402036894628,6.875144787901625,3090.9457533461396,0.047570004104159534,0.11060646004395691,7.163298414565411e-09,COMPLETE
2444,0.07865,0.4764264962951961,4.999591554420482,1.7519510271087413,208.22607295194175,0.1013397086496358,0.01777158201797886,3.787929895519139e-07,COMPLETE
2445,0.07745,0.6746925572722534,6.943625321882633,3.9208060814484935,123.52077947060401,0.06857317261521613,14.732118064935978,2.2563515925025537e-09,COMPLETE
2446,0.05125,0.2734165122757268,5.719667260978259,1.6812261485745423,12.412723646412944,107.59872434463156,0.01777158201797886,3.787929895519139e-07,COMPLETE
2447,0.0837,0.613576915159503,7.051402036894628,3.9944594338373487,208.22607295194175,4.006173959705789,0.764092524644605,3.6238082481004495e-14,COMPLETE
2448,0.0738,0.6643075560965761,4.958426658725357,6.875144787901625,0.4634053899763641,186.9306125540257,3.6008094906658137,3.407169759582504e-13,COMPLETE
2449,0.051,0.2544955756446211,4.797597292147365,1.3526137167003873,12.412723646412944,107.59872434463156,34.574222073764446,3.407169759582504e-13,COMPLETE
2450,0.05615,0.29970231203916153,4.3548083271808515,1.3526137167003873,12.412723646412944,107.59872434463156,34.574222073764446,3.649569116806477e-06,COMPLETE
2451,0.06055,0.4725325895470971,5.686980021608849,4.605766512270772,2.2526238626393873,3.858204027730059,59.2437895529571,5.432263014140687e-13,COMPLETE
2452,0.08525,0.635082737130211,4.958426658725357,8.359124144204223,0.016767417635497637,110.16646134717259,3.6008094906658137,1.011732520114187e-08,COMPLETE
2453,0.0692,0.4820025247324079,5.439590829177734,9.890916012877245,12.412723646412944,3.6488830355260746,0.04082369646290137,3.649569116806477e-06,COMPLETE
2454,0.0979,0.23605136358532677,5.686980021608849,9.268419202741757,1.9562826277387932,0.0012591155685233112,59.2437895529571,3.787929895519139e-07,COMPLETE
2455,0.0981,0.5243839935297978,3.7523591558107,6.550622172339822,0.016767417635497637,9.309090550923349,2.606433764399818,3.787929895519139e-07,COMPLETE
2456,0.0554,0.32931847207150505,3.7523591558107,2.2991799521485987,0.016767417635497637,0.006365150796414583,0.03474640122845226,9.787752692175531e-12,COMPLETE
2457,0.0623,0.3518332162135534,2.8467952672042545,1.7519510271087413,0.4634053899763641,51.0531204742495,4.230818933588808,1.5335060532903536e-12,COMPLETE
2458,0.06365,0.3671905604824746,6.142270339934614,2.942405443625546,0.016767417635497637,0.04212447107645991,2.606433764399818,1.7411112824373338e-14,COMPLETE
2459,0.1169,0.7849260318299348,4.958426658725357,8.359124144204223,3090.9457533461396,0.047570004104159534,0.31747690094117187,1.9897264125379086e-06,COMPLETE
2460,0.1148,0.7749098545685089,4.958426658725357,8.359124144204223,208.22607295194175,0.08755680934938086,0.49106969850296894,3.0541645143911065e-11,COMPLETE
2461,0.0898,0.7992189149177409,7.491453905458799,6.875144787901625,123.52077947060401,0.06857317261521613,0.11060646004395691,3.787929895519139e-07,COMPLETE
2462,0.09525,0.11034011006989367,7.051402036894628,6.875144787901625,123.52077947060401,0.1013397086496358,0.11060646004395691,0.004837321283636215,COMPLETE
2463,0.08215,0.16800948652935857,7.051402036894628,6.875144787901625,208.22607295194175,10.09092450997667,0.016254249435163032,5.432263014140687e-13,COMPLETE
2464,0.0794,0.6759669881449711,5.719667260978259,6.875144787901625,208.22607295194175,0.1013397086496358,0.01777158201797886,3.787929895519139e-07,COMPLETE
2465,0.12205,0.5491731777796058,4.335111916469993,3.1788912454430323,2661.553121751245,1.2594502646806938,59.2437895529571,4.331365543927414e-05,COMPLETE
2466,0.05135,0.24891054087991724,7.051402036894628,1.0726049388472807,123.52077947060401,51.0531204742495,5.192615578479196,5.521087576123659e-10,COMPLETE
2467,0.0704,0.5033772544422088,4.958426658725357,2.6338329439397503,0.049390701920511815,186.9306125540257,2.5596677783882646,3.787929895519139e-07,COMPLETE
2468,0.11335,0.7039504155597427,5.719667260978259,8.567478690551228,208.22607295194175,0.1013397086496358,34.574222073764446,3.0541645143911065e-11,COMPLETE
2469,0.082,0.560465863458334,4.958426658725357,9.769182539887908,0.4634053899763641,1.830891983488035,3.6008094906658137,3.0541645143911065e-11,COMPLETE
2470,0.09495,0.5756881158917732,4.797597292147365,9.890916012877245,1.8442663426239594,4.006173959705789,2.5245438758434986,3.407169759582504e-13,COMPLETE
2471,0.0931,0.15096792372052395,6.943625321882633,6.875144787901625,7843.277665583187,3.858204027730059,0.010490863545892863,4.331365543927414e-05,COMPLETE
2472,0.08295,0.6532426295440112,5.479714305375829,8.359124144204223,123.52077947060401,1.5630282565660134,3.6008094906658137,2.747919133190873e-12,COMPLETE
2473,0.04935,0.2993380588394721,4.797597292147365,1.3526137167003873,12.412723646412944,4.006173959705789,9.862842498681294,3.407169759582504e-13,COMPLETE
2474,0.0651,0.43446653861753065,5.439590829177734,1.7519510271087413,12.412723646412944,107.59872434463156,0.5486608016606921,1.9897264125379086e-06,COMPLETE
2475,0.06655,0.5416144012744588,5.686980021608849,2.5118580794078285,1.8442663426239594,3.858204027730059,0.01777158201797886,2.1811143402963018e-10,COMPLETE
2476,0.06445,0.5065664773521318,4.797597292147365,7.104570660772595,12.412723646412944,4.006173959705789,34.574222073764446,3.407169759582504e-13,COMPLETE
2477,0.07325,0.26376358487405455,0.4577107477973381,1.530163972923926,2246.608821311791,0.5362196401258538,3.6008094906658137,3.787929895519139e-07,COMPLETE
2478,0.1031,0.5809814993950136,3.0455122299916,5.3263147440358605,7470.393744853292,3.858204027730059,59.2437895529571,1.8471068279828636e-10,COMPLETE
2479,0.07705,0.30066098195147745,3.7523591558107,2.2991799521485987,0.016767417635497637,0.002598983956729246,2.606433764399818,1.7411112824373338e-14,COMPLETE
2480,0.08045,0.6373532897382136,4.797597292147365,8.359124144204223,1.8442663426239594,186.9306125540257,0.764092524644605,3.0541645143911065e-11,COMPLETE
2481,0.0682,0.4708562971891265,3.7523591558107,2.0463493192035402,24.643413219730164,110.16646134717259,5.192615578479196,3.0092675819548274e-09,COMPLETE
2482,0.08895,0.7579725498829002,4.335111916469993,8.359124144204223,2661.553121751245,2.7435839247483442,17.543999742650467,2.1955394966479406e-09,COMPLETE
2483,0.04235,0.179501261733977,5.686980021608849,1.0726049388472807,12.412723646412944,107.59872434463156,34.574222073764446,3.0541645143911065e-11,COMPLETE
2484,0.0701,0.4485109617729248,4.958426658725357,2.6338329439397503,208.22607295194175,1.5630282565660134,3.6008094906658137,3.787929895519139e-07,COMPLETE
2485,0.05365,0.3680785870065683,7.051402036894628,2.2991799521485987,123.52077947060401,110.16646134717259,99.40175104413902,1.7411112824373338e-14,COMPLETE
2486,0.061,0.34649427453332465,5.275335985850815,2.2991799521485987,0.016767417635497637,0.06857317261521613,14.732118064935978,2.2563515925025537e-09,COMPLETE
2487,0.0981,0.5978141445642267,3.0455122299916,7.242098619980624,0.4634053899763641,186.9306125540257,34.574222073764446,3.649569116806477e-06,COMPLETE
2488,0.0513,0.15615367100482885,2.1057557445960993,1.0726049388472807,12.412723646412944,107.59872434463156,0.010117774078155787,3.0541645143911065e-11,COMPLETE
2489,0.0712,0.45915306767388964,5.825607345168466,5.751620494688234,0.07261268023359602,0.004569612957571183,1.1961286443235215,3.0092675819548274e-09,COMPLETE
2490,0.0673,0.11649435374162496,7.051402036894628,4.9687375244617025,12.412723646412944,107.59872434463156,0.49106969850296894,0.001099679770907351,COMPLETE
2491,0.09085,0.5818480541626454,6.943625321882633,5.137873631182713,0.016767417635497637,110.16646134717259,0.010490863545892863,9.113439480353593e-13,COMPLETE
2492,0.06965,0.37454495205681254,6.103623020551158,3.3801923275388828,0.07261268023359602,0.3710234766141632,80.46577679760097,3.649569116806477e-06,COMPLETE
2493,0.0837,0.69594269354539,3.844273005424432,5.137873631182713,104.61067826393281,0.009707433566872849,3.6008094906658137,6.888823874647435e-13,COMPLETE
2494,0.1138,0.8490830005049964,5.719667260978259,6.875144787901625,208.22607295194175,0.009707433566872849,0.010490863545892863,3.787929895519139e-07,COMPLETE
2495,0.06485,0.4518939293106283,4.958426658725357,2.6338329439397503,208.22607295194175,1.2594502646806938,3.6008094906658137,7.611242580179478e-11,COMPLETE
2496,0.10695,0.7544238484518857,5.285400126336643,6.875144787901625,7843.277665583187,3.858204027730059,59.2437895529571,8.564477591299451e-11,COMPLETE
2497,0.06435,0.4341649227694128,4.958426658725357,2.6338329439397503,104.61067826393281,1.5630282565660134,80.46577679760097,3.649569116806477e-06,COMPLETE
2498,0.0654,0.3775835157854227,4.958426658725357,1.4594307483439446,303.9905737476673,107.59872434463156,3.6008094906658137,3.0541645143911065e-11,COMPLETE
2499,0.09015,0.5573120729266079,4.958426658725357,8.359124144204223,56.81452373424882,186.9306125540257,3.6008094906658137,3.0541645143911065e-11,COMPLETE
2500,0.0716,0.5025228872853821,4.797597292147365,6.875144787901625,1.8442663426239594,0.06857317261521613,0.764092524644605,3.407169759582504e-13,COMPLETE
2501,0.06025,0.5223670528113453,4.050574348074197,5.751620494688234,0.016767417635497637,0.8590970990749093,2.606433764399818,1.7411112824373338e-14,COMPLETE
2502,0.06705,0.04441355799279984,2.8467952672042545,1.2997368745646833,4584.095784541216,186.9306125540257,0.0247605531247782,1.5335060532903536e-12,COMPLETE
2503,0.06095,0.38781406334952045,3.9524382846398822,2.6338329439397503,208.22607295194175,107.59872434463156,34.574222073764446,3.0541645143911065e-11,COMPLETE
2504,0.06055,0.45417821596500924,6.943625321882633,2.0463493192035402,12.412723646412944,546.754814234046,5.192615578479196,3.407169759582504e-13,COMPLETE
2505,0.07195,0.4670426596224913,7.051402036894628,4.214702804656988,0.014162338396506723,186.9306125540257,0.0247605531247782,3.811801850956625e-07,COMPLETE
2506,0.1025,0.8226246972491106,6.943625321882633,8.741900816624833,123.52077947060401,0.06857317261521613,0.11060646004395691,2.2563515925025537e-09,COMPLETE
2507,0.0871,0.5807297965760683,4.958426658725357,8.359124144204223,0.4634053899763641,86.65862098806478,3.6008094906658137,3.0541645143911065e-11,COMPLETE
2508,0.06875,0.42777935642925047,4.348236029273928,3.9944594338373487,0.07261268023359602,0.4878712301792302,8.213868348493142,5.521087576123659e-10,COMPLETE
2509,0.12605,0.7397674816551274,2.7422607244531703,8.359124144204223,3090.9457533461396,0.047570004104159534,0.04082369646290137,1.9897264125379086e-06,COMPLETE
2510,0.09135,0.5295848157303096,4.958426658725357,6.875144787901625,2.2526238626393873,0.06857317261521613,3.6008094906658137,5.432263014140687e-13,COMPLETE
2511,0.06835,0.5009214978925398,4.797597292147365,6.875144787901625,1.8442663426239594,4.006173959705789,59.2437895529571,4.331365543927414e-05,COMPLETE
2512,0.0568,0.44223570742499807,4.958426658725357,2.2991799521485987,0.016767417635497637,110.16646134717259,0.04082369646290137,1.7411112824373338e-14,COMPLETE
2513,0.0637,0.246214227201335,0.3572696257305704,8.359124144204223,0.4634053899763641,225.62764661917254,0.04082369646290137,1.9897264125379086e-06,COMPLETE
2514,0.06635,0.2810733010785456,1.1111087185031905,1.7519510271087413,1.8442663426239594,0.004569612957571183,1.1961286443235215,1.621364679176634e-08,COMPLETE
2515,0.0684,0.4523587224506641,4.958426658725357,2.6338329439397503,208.22607295194175,17.34276214204177,3.6008094906658137,3.787929895519139e-07,COMPLETE
2516,0.08715,0.5601491748691277,7.491453905458799,6.875144787901625,0.016767417635497637,0.06857317261521613,0.01777158201797886,3.787929895519139e-07,COMPLETE
2517,0.07525,0.4735145067026327,7.491453905458799,1.0726049388472807,123.52077947060401,0.06857317261521613,5.192615578479196,5.521087576123659e-10,COMPLETE
2518,0.0811,0.5037825775806984,5.719667260978259,3.1788912454430323,0.016767417635497637,110.16646134717259,0.01777158201797886,9.787752692175531e-12,COMPLETE
2519,0.0731,0.6751781859474758,7.051402036894628,8.359124144204223,0.4634053899763641,186.9306125540257,0.49106969850296894,5.9810847326736e-12,COMPLETE
2520,0.06125,0.3515128001516348,5.989976616159035,1.3526137167003873,12.412723646412944,107.59872434463156,0.2608972678830195,1.621364679176634e-08,COMPLETE
2521,0.068,0.44515759927014703,4.3548083271808515,2.0463493192035402,41.57788880624946,546.754814234046,3.6008094906658137,1.1310960640646056e-13,COMPLETE
2522,0.1033,0.7277095135573015,7.491453905458799,6.875144787901625,123.52077947060401,0.4878712301792302,0.11060646004395691,5.521087576123659e-10,COMPLETE
2523,0.05275,0.3001139407226118,5.686980021608849,1.0726049388472807,0.4634053899763641,3.858204027730059,0.010117774078155787,3.0092675819548274e-09,COMPLETE
2524,0.0612,0.40246236961802895,7.051402036894628,2.2991799521485987,1.8442663426239594,0.2597705011520648,0.10099540503906966,3.407169759582504e-13,COMPLETE
2525,0.05085,0.3128184945531704,4.3548083271808515,1.6092656442597049,1487.5599508352939,107.59872434463156,34.574222073764446,3.649569116806477e-06,COMPLETE
2526,0.10385,0.7046492661783222,4.3548083271808515,5.137873631182713,4639.80587983527,0.009707433566872849,0.010490863545892863,3.2982399459980993e-09,COMPLETE
2527,0.06255,0.3284797107536538,3.7523591558107,2.2991799521485987,0.016767417635497637,3.858204027730059,2.606433764399818,1.7411112824373338e-14,COMPLETE
2528,0.0958,0.761418054750504,7.051402036894628,6.875144787901625,123.52077947060401,0.06857317261521613,0.11060646004395691,1.6894010759859846e-13,COMPLETE
2529,0.0689,0.4220109814688639,4.958426658725357,3.3801923275388828,0.4634053899763641,0.3710234766141632,34.574222073764446,3.649569116806477e-06,COMPLETE
2530,0.052,0.3938545357107192,4.958426658725357,1.7519510271087413,0.4634053899763641,186.9306125540257,34.574222073764446,3.649569116806477e-06,COMPLETE
2531,0.06115,0.27650988064496584,3.7523591558107,1.0726049388472807,0.016767417635497637,546.754814234046,2.606433764399818,1.7411112824373338e-14,COMPLETE
2532,0.0681,0.4257693344849516,4.958426658725357,2.096398272017691,0.016767417635497637,110.16646134717259,3.6008094906658137,3.787929895519139e-07,COMPLETE
2533,0.08515,0.6239647372574905,5.719667260978259,7.242098619980624,0.016767417635497637,110.16646134717259,4.499503716062725,3.649569116806477e-06,COMPLETE
2534,0.05655,0.4529409167959043,7.051402036894628,3.3801923275388828,123.52077947060401,2.0518583729409148,10.273745294589656,5.521087576123659e-10,COMPLETE
2535,0.05335,0.3957280168150186,0.9229811384677911,1.7519510271087413,1.8442663426239594,186.9306125540257,4.457777961468464,3.407169759582504e-13,COMPLETE
2536,0.06195,0.41905078831213016,3.7523591558107,2.2991799521485987,2.2526238626393873,0.022251791686510616,0.022631632535107176,1.7411112824373338e-14,COMPLETE
2537,0.09835,0.6161859716497697,5.439590829177734,9.890916012877245,0.6975592224319972,0.047570004104159534,0.01777158201797886,8.720647859508846e-11,COMPLETE
2538,0.05305,0.436142495594308,7.051402036894628,2.6147421166620104,0.014162338396506723,0.06857317261521613,0.11060646004395691,3.811801850956625e-07,COMPLETE
2539,0.0774,0.5561721646610198,4.958426658725357,8.359124144204223,0.4634053899763641,1.5630282565660134,3.6008094906658137,3.0541645143911065e-11,COMPLETE
2540,0.05105,0.280134079065597,6.351039989269435,1.3526137167003873,12.412723646412944,107.59872434463156,34.574222073764446,3.0541645143911065e-11,COMPLETE
2541,0.0887,0.8458355270936201,7.296565715563787,6.641926976422129,2661.553121751245,1.2594502646806938,17.543999742650467,8.720647859508846e-11,COMPLETE
2542,0.0892,0.8200535422628973,7.491453905458799,6.875144787901625,123.52077947060401,0.06857317261521613,0.3359486683616324,3.787929895519139e-07,COMPLETE
2543,0.0743,0.6396580820263763,7.296565715563787,6.641926976422129,2.2526238626393873,1.5630282565660134,3.6008094906658137,8.720647859508846e-11,COMPLETE
2544,0.1037,0.7378460611466316,7.051402036894628,6.875144787901625,208.22607295194175,0.1013397086496358,0.764092524644605,3.407169759582504e-13,COMPLETE
2545,0.0709,0.5948573342345607,6.943625321882633,9.890916012877245,0.07595263237405668,0.047570004104159534,0.764092524644605,3.407169759582504e-13,COMPLETE
2546,0.0715,0.623524258590772,7.051402036894628,6.875144787901625,0.12917339890254612,0.06857317261521613,0.11060646004395691,5.314026320276268e-08,COMPLETE
2547,0.0821,0.5220371922031177,6.943625321882633,6.875144787901625,12.412723646412944,1.5423316099856839,5.192615578479196,3.0092675819548274e-09,COMPLETE
2548,0.0937,0.6702177917562179,4.958426658725357,8.359124144204223,0.4634053899763641,107.59872434463156,3.6008094906658137,3.0541645143911065e-11,COMPLETE
2549,0.07765,0.5062992755245935,7.296565715563787,2.6338329439397503,0.6975592224319972,0.12480776742786713,0.01777158201797886,8.720647859508846e-11,COMPLETE
2550,0.04195,0.5192291232581034,7.051402036894628,6.875144787901625,0.07261268023359602,0.4878712301792302,8.213868348493142,8.564477591299451e-11,COMPLETE
2551,0.05925,0.23009253141605432,7.051402036894628,1.3526137167003873,1.8442663426239594,168.65252268697844,0.03240723646769398,3.649569116806477e-06,COMPLETE
2552,0.0671,0.33950250850584446,7.360501746833355,1.059583828855542,24.98960740347875,0.047570004104159534,0.764092524644605,3.407169759582504e-13,COMPLETE
2553,0.0699,0.6377623197891015,4.3548083271808515,6.875144787901625,123.52077947060401,107.59872434463156,34.574222073764446,3.649569116806477e-06,COMPLETE
2554,0.06235,0.46502308342917104,5.719667260978259,2.2991799521485987,0.016767417635497637,92.84741487145446,2.606433764399818,1.7411112824373338e-14,COMPLETE
2555,0.06085,0.349214630733294,5.686980021608849,2.5118580794078285,1.9562826277387932,3.858204027730059,59.2437895529571,2.1811143402963018e-10,COMPLETE
2556,0.143,0.761343289339008,5.686980021608849,9.598061554632594,3090.9457533461396,0.047570004104159534,59.2437895529571,4.92798538142331e-13,COMPLETE
2557,0.0589,0.38159265043695473,5.719667260978259,1.3526137167003873,0.016767417635497637,107.59872434463156,1.4561175770804262,4.778453072085284e-11,COMPLETE
2558,0.1053,0.6022048870697363,5.686980021608849,9.99701364496592,12.412723646412944,107.59872434463156,3.514094942581109,3.0541645143911065e-11,COMPLETE
2559,0.08525,0.5381545799299045,7.051402036894628,3.9944594338373487,208.22607295194175,168.65252268697844,0.49106969850296894,5.314026320276268e-08,COMPLETE
2560,0.07575,0.6310324146863616,4.958426658725357,6.875144787901625,123.52077947060401,186.9306125540257,0.11060646004395691,3.0541645143911065e-11,COMPLETE
2561,0.06365,0.26393486503594166,4.958426658725357,1.2997368745646833,0.014162338396506723,186.9306125540257,0.0247605531247782,5.432263014140687e-13,COMPLETE
2562,0.0864,0.6522269165990581,7.371731789186595,7.242098619980624,1.8278642465471888,186.9306125540257,34.574222073764446,3.649569116806477e-06,COMPLETE
2563,0.0876,0.6510153768295927,4.958426658725357,4.176640872899635,7843.277665583187,3.858204027730059,34.574222073764446,3.649569116806477e-06,COMPLETE
2564,0.09205,0.5934925938444636,3.7523591558107,6.641926976422129,0.6975592224319972,6.209925666335405,0.01777158201797886,8.720647859508846e-11,COMPLETE
2565,0.09705,0.41868558891232904,4.428718353181455,6.641926976422129,1.8442663426239594,168.65252268697844,0.01777158201797886,2.486694601805331e-14,COMPLETE
2566,0.0528,0.227290608354674,3.0455122299916,1.0726049388472807,0.07261268023359602,51.0531204742495,5.192615578479196,5.521087576123659e-10,COMPLETE
2567,0.08265,0.6127010359676025,4.958426658725357,8.359124144204223,208.22607295194175,1.5630282565660134,3.6008094906658137,3.787929895519139e-07,COMPLETE
2568,0.1254,0.7617290496183882,4.958426658725357,8.359124144204223,3090.9457533461396,1.5630282565660134,3.6008094906658137,3.407169759582504e-13,COMPLETE
2569,0.13125,0.7886967972785596,6.103623020551158,8.741900816624833,104.61067826393281,0.0023476880496874864,16.339346081764198,2.2563515925025537e-09,COMPLETE
2570,0.05105,0.39648568587077887,7.371731789186595,2.053940059368333,208.22607295194175,2.0518583729409148,17.543999742650467,1.371330060729319e-07,COMPLETE
2571,0.06895,0.3290725147090603,3.7523591558107,2.2991799521485987,0.016767417635497637,110.16646134717259,40.35120230236376,0.0006481388442909764,COMPLETE
2572,0.0749,0.47297306819650903,4.4347326620970735,2.2991799521485987,0.016767417635497637,110.16646134717259,3.6008094906658137,3.0541645143911065e-11,COMPLETE
2573,0.04865,0.3482635646780483,1.762990128968775,2.5118580794078285,1.8278642465471888,2.0518583729409148,17.543999742650467,1.9897264125379086e-06,COMPLETE
2574,0.10045,0.5042644514243623,2.7950132929509865,8.359124144204223,0.4634053899763641,1.5630282565660134,3.6008094906658137,3.787929895519139e-07,COMPLETE
2575,0.04565,0.20673331931772618,3.0455122299916,1.0726049388472807,0.11118838397050779,51.0531204742495,5.192615578479196,5.521087576123659e-10,COMPLETE
2576,0.08085,0.08114561741801747,1.3521311721397538,6.06530451707969,0.016767417635497637,0.047570004104159534,0.01777158201797886,0.00042459909148650165,COMPLETE
2577,0.0605,0.4708422508589251,7.371731789186595,3.3801923275388828,1.8278642465471888,4.006173959705789,9.862842498681294,3.407169759582504e-13,COMPLETE
2578,0.1009,0.48713099980592234,3.0455122299916,5.137873631182713,104.61067826393281,0.4878712301792302,0.010490863545892863,3.787929895519139e-07,COMPLETE
2579,0.07575,0.32054718900737866,3.0455122299916,1.8315467483249286,0.07261268023359602,51.0531204742495,5.192615578479196,2.7687173787250153e-12,COMPLETE
2580,0.06785,0.5594270027621912,7.046122538543055,8.359124144204223,0.07261268023359602,0.004569612957571183,1.1961286443235215,3.0092675819548274e-09,COMPLETE
2581,0.0499,0.22106236993396455,7.051402036894628,1.7519510271087413,1.8442663426239594,168.65252268697844,0.01777158201797886,8.564477591299451e-11,COMPLETE
2582,0.0781,0.29245276967899253,5.439590829177734,5.751620494688234,0.07261268023359602,0.047570004104159534,0.04082369646290137,3.649569116806477e-06,COMPLETE
2583,0.0634,0.2927136696094587,6.351039989269435,2.2991799521485987,0.016767417635497637,107.59872434463156,0.01777158201797886,9.787752692175531e-12,COMPLETE
2584,0.0675,0.4270916136343237,4.958426658725357,1.287967310686883,208.22607295194175,0.20602227227085262,3.6008094906658137,3.787929895519139e-07,COMPLETE
2585,0.06475,0.5414600558086887,6.943625321882633,8.203010629378308,0.07261268023359602,0.06857317261521613,14.732118064935978,2.2563515925025537e-09,COMPLETE
2586,0.09015,0.6256070613864647,2.150211811696961,8.359124144204223,3090.9457533461396,0.047570004104159534,3.6008094906658137,1.9897264125379086e-06,COMPLETE
2587,0.05875,0.37244593083923,7.296565715563787,2.1397985288651133,0.6975592224319972,51.0531204742495,17.454284608054106,8.720647859508846e-11,COMPLETE
2588,0.0866,0.8218023391049332,6.943625321882633,8.741900816624833,123.52077947060401,0.06857317261521613,0.11060646004395691,3.787929895519139e-07,COMPLETE
2589,0.0746,0.39147941010692106,4.858862412113417,2.6338329439397503,208.22607295194175,5.531839442585797,3.6008094906658137,3.787929895519139e-07,COMPLETE
2590,0.10025,0.8342148891109031,5.370158546673953,8.359124144204223,3090.9457533461396,0.047570004104159534,0.04082369646290137,1.4387547242059977e-14,COMPLETE
2591,0.0969,0.642292973519452,4.958426658725357,8.359124144204223,0.1784805460542277,20.349765732079003,3.6008094906658137,5.432263014140687e-13,COMPLETE
2592,0.0473,0.20519755150221053,3.0455122299916,1.0726049388472807,0.07261268023359602,51.0531204742495,5.192615578479196,8.564477591299451e-11,COMPLETE
2593,0.1172,0.8035845910737488,4.958426658725357,8.359124144204223,3090.9457533461396,0.047570004104159534,0.04082369646290137,5.521087576123659e-10,COMPLETE
2594,0.06845,0.3280599260649047,3.0455122299916,1.3526137167003873,12.412723646412944,107.59872434463156,1.4880238154159644,5.521087576123659e-10,COMPLETE
2595,0.0746,0.6025573228769888,5.439590829177734,9.890916012877245,0.03047621928455744,0.047570004104159534,0.04082369646290137,3.293139874626151e-07,COMPLETE
2596,0.1155,0.830836548857265,4.958426658725357,8.359124144204223,3090.9457533461396,0.047570004104159534,0.04082369646290137,1.9897264125379086e-06,COMPLETE
2597,0.0633,0.552658204568591,6.103623020551158,3.3801923275388828,104.61067826393281,240.25766182931878,80.46577679760097,3.649569116806477e-06,COMPLETE
2598,0.1082,0.8067139347468801,5.686980021608849,8.359124144204223,76.41602253805479,0.0031488762554708043,0.11938489912392375,5.432263014140687e-13,COMPLETE
2599,0.05755,0.18086458353933044,5.439590829177734,1.0726049388472807,12.412723646412944,0.41600491561230585,21.87895843512839,3.0541645143911065e-11,COMPLETE
2600,0.1084,0.7741932701990314,5.989976616159035,5.137873631182713,754.5833648446315,0.009707433566872849,0.010490863545892863,1.621364679176634e-08,COMPLETE
2601,0.07395,0.5018430281812674,3.065988105367907,2.0463493192035402,12.412723646412944,186.9306125540257,5.192615578479196,3.0092675819548274e-09,COMPLETE
2602,0.05825,0.3746304906377336,5.686980021608849,2.5118580794078285,0.1784805460542277,0.5362196401258538,59.2437895529571,1.9043961097477443e-12,COMPLETE
2603,0.0779,0.5241392824698828,4.958426658725357,8.359124144204223,0.1784805460542277,0.5362196401258538,3.6008094906658137,3.274454051898408e-09,COMPLETE
2604,0.0868,0.6847711869847545,7.296565715563787,6.875144787901625,123.52077947060401,0.12480776742786713,0.01777158201797886,3.787929895519139e-07,COMPLETE
2605,0.05145,0.20458522033446097,6.351039989269435,1.0726049388472807,12.412723646412944,4.006173959705789,0.764092524644605,3.407169759582504e-13,COMPLETE
2606,0.08465,0.6758348376101041,4.797597292147365,6.875144787901625,123.52077947060401,4.006173959705789,0.24772368464700628,3.787929895519139e-07,COMPLETE
2607,0.05205,0.18035098942835426,6.351039989269435,1.0726049388472807,12.412723646412944,107.59872434463156,34.574222073764446,3.0541645143911065e-11,COMPLETE
2608,0.0739,0.32188780661497696,1.5027771640346268,1.2997368745646833,0.4634053899763641,186.9306125540257,3.6008094906658137,3.0541645143911065e-11,COMPLETE
2609,0.1017,0.2714726616673413,5.686980021608849,6.875144787901625,7843.277665583187,3.858204027730059,0.01777158201797886,3.787929895519139e-07,COMPLETE
2610,0.0476,0.17951984957004796,3.7523591558107,1.1153057298594484,0.016767417635497637,0.10919125513752007,2.606433764399818,1.7411112824373338e-14,COMPLETE
2611,0.0947,0.7437832164163324,6.943625321882633,8.741900816624833,12.412723646412944,0.02673669420513316,34.574222073764446,3.0541645143911065e-11,COMPLETE
2612,0.0994,0.7932763377324896,6.019990742215804,7.8078637347278095,123.52077947060401,0.06857317261521613,0.11060646004395691,1.9043961097477443e-12,COMPLETE
2613,0.0815,0.4603460115120869,4.958426658725357,8.359124144204223,0.016767417635497637,186.9306125540257,0.01777158201797886,9.787752692175531e-12,COMPLETE
2614,0.0865,0.6008033161311879,4.3548083271808515,9.890916012877245,12.412723646412944,0.047570004104159534,3.6008094906658137,3.407169759582504e-13,COMPLETE
2615,0.10365,0.6669068947906296,4.3548083271808515,6.875144787901625,123.52077947060401,40.201098565491776,4.074747549791448,3.649569116806477e-06,COMPLETE
2616,0.08545,0.4971450583643785,4.335111916469993,8.33604695260721,0.1784805460542277,0.5362196401258538,3.6008094906658137,7.242135537625552e-11,COMPLETE
2617,0.08285,0.4511607573295768,2.8467952672042545,2.2991799521485987,266.140087076062,110.16646134717259,2.606433764399818,1.7411112824373338e-14,COMPLETE
2618,0.0763,0.6367109819072225,4.3548083271808515,8.359124144204223,123.52077947060401,186.9306125540257,3.6008094906658137,3.649569116806477e-06,COMPLETE
2619,0.0475,0.2274460530545311,4.958426658725357,1.0726049388472807,0.4634053899763641,186.9306125540257,34.574222073764446,3.0092675819548274e-09,COMPLETE
2620,0.0812,0.6534116918593288,4.958426658725357,7.242098619980624,0.4634053899763641,186.9306125540257,3.6008094906658137,3.649569116806477e-06,COMPLETE
2621,0.09895,0.5004150076534047,4.050574348074197,1.2997368745646833,448.36075040125576,0.004569612957571183,0.0247605531247782,3.0092675819548274e-09,COMPLETE
2622,0.06925,0.5531501336195084,7.371731789186595,7.242098619980624,0.018159146349092582,0.0024618877053878547,34.574222073764446,7.242135537625552e-11,COMPLETE
2623,0.053,0.2033732877490996,6.351039989269435,1.0726049388472807,12.412723646412944,107.59872434463156,34.574222073764446,3.0541645143911065e-11,COMPLETE
2624,0.0815,0.7642886389330951,5.989976616159035,8.33604695260721,2484.344497646969,5.054984284069897,11.478928737247317,7.242135537625552e-11,COMPLETE
2625,0.0704,0.5154944253224741,6.943625321882633,7.242098619980624,1.8278642465471888,546.754814234046,0.010117774078155787,3.0092675819548274e-09,COMPLETE
2626,0.0528,0.4733802442117403,6.943625321882633,3.352073087367006,0.07261268023359602,0.4878712301792302,8.213868348493142,8.564477591299451e-11,COMPLETE
2627,0.06565,0.5012234628991981,5.686980021608849,2.5118580794078285,1.9562826277387932,1.5630282565660134,0.09046066947332844,2.1811143402963018e-10,COMPLETE
2628,0.06395,0.40516416972899755,5.686980021608849,2.5118580794078285,1.9562826277387932,0.11324936913311362,2.606433764399818,1.7411112824373338e-14,COMPLETE
2629,0.05035,0.22811538668295248,5.198133364132188,1.0726049388472807,39.02887697762182,107.59872434463156,17.543999742650467,8.720647859508846e-11,COMPLETE
2630,0.0844,0.3155677385732583,6.450455064203237,6.875144787901625,208.22607295194175,59.76479584640182,0.04082369646290137,8.564477591299451e-11,COMPLETE
2631,0.1041,0.8055864470786127,4.958426658725357,9.969893668183122,3090.9457533461396,0.047570004104159534,0.04082369646290137,1.9897264125379086e-06,COMPLETE
2632,0.06525,0.4776480887632654,3.7523591558107,2.6338329439397503,208.22607295194175,110.16646134717259,3.6008094906658137,3.787929895519139e-07,COMPLETE
2633,0.09945,0.6510691072065954,4.335111916469993,7.187962625605451,2661.553121751245,1.2594502646806938,17.543999742650467,6.454873416460652e-10,COMPLETE
2634,0.0581,0.372639976480168,4.958426658725357,2.6338329439397503,1.8278642465471888,1.5630282565660134,34.574222073764446,3.787929895519139e-07,COMPLETE
2635,0.1092,0.7373449151935259,6.019990742215804,6.641926976422129,2661.553121751245,1.2594502646806938,61.463362677451244,8.720647859508846e-11,COMPLETE
2636,0.06295,0.45615582855222986,6.943625321882633,1.4453193994968958,55.578815250686034,0.08755680934938086,0.49106969850296894,3.407169759582504e-13,COMPLETE
2637,0.0832,0.5544563445026494,4.335111916469993,8.359124144204223,2.2526238626393873,1.5630282565660134,17.543999742650467,7.242135537625552e-11,COMPLETE
2638,0.07925,0.7176799212846231,6.943625321882633,8.741900816624833,0.5309079374877733,140.41024837987854,14.732118064935978,8.777550219471754e-09,COMPLETE
2639,0.06495,0.23164371098219644,4.3548083271808515,1.3526137167003873,12.412723646412944,1.2594502646806938,17.543999742650467,3.649569116806477e-06,COMPLETE
2640,0.10095,0.6109102769849432,6.943625321882633,2.6338329439397503,123.52077947060401,0.06857317261521613,14.732118064935978,2.2563515925025537e-09,COMPLETE
2641,0.06665,0.6940847238471833,7.296565715563787,6.641926976422129,12.412723646412944,107.59872434463156,34.574222073764446,8.720647859508846e-11,COMPLETE
2642,0.07,0.3290275048534481,4.958426658725357,6.875144787901625,2.2526238626393873,186.9306125540257,3.6008094906658137,0.0009837695555725847,COMPLETE
2643,0.06585,0.6704976372743294,7.296565715563787,6.641926976422129,0.07261268023359602,0.12480776742786713,0.01777158201797886,8.720647859508846e-11,COMPLETE
2644,0.1215,0.8133832153849756,7.081204838386449,8.359124144204223,3090.9457533461396,0.047570004104159534,0.04082369646290137,1.9897264125379086e-06,COMPLETE
2645,0.0691,0.462031347916581,2.8467952672042545,3.9944594338373487,3.539367738246999,0.4878712301792302,4.230818933588808,1.5335060532903536e-12,COMPLETE
2646,0.04745,0.3037002536422964,6.351039989269435,1.0726049388472807,133.7815809559583,0.5362196401258538,34.574222073764446,1.9043961097477443e-12,COMPLETE
2647,0.0749,0.4485363497322771,7.4520049817653335,2.2991799521485987,6171.857189849587,110.16646134717259,2.606433764399818,6.467957064068361e-06,COMPLETE
2648,0.0816,0.7349937662872438,6.943625321882633,9.890916012877245,3090.9457533461396,51.0531204742495,5.192615578479196,3.407169759582504e-13,COMPLETE
2649,0.09535,0.6478819418453777,4.958426658725357,8.359124144204223,0.4634053899763641,0.35896798769406363,0.2860894901946454,3.0541645143911065e-11,COMPLETE
2650,0.05985,0.27863637607894054,4.3548083271808515,1.3526137167003873,0.4634053899763641,51.0531204742495,3.6008094906658137,3.649569116806477e-06,COMPLETE
2651,0.08115,0.7340039402215117,7.296565715563787,9.29886475249584,0.6975592224319972,0.12480776742786713,0.01777158201797886,8.720647859508846e-11,COMPLETE
2652,0.07865,0.6406440084587034,7.051402036894628,6.875144787901625,2.2526238626393873,186.9306125540257,3.6008094906658137,8.564477591299451e-11,COMPLETE
2653,0.0722,0.17965784411389776,3.0455122299916,1.0726049388472807,2661.553121751245,51.0531204742495,17.543999742650467,8.720647859508846e-11,COMPLETE
2654,0.10225,0.6341506012156819,6.943625321882633,2.323481330663308,3090.9457533461396,0.047570004104159534,0.764092524644605,3.407169759582504e-13,COMPLETE
2655,0.09865,0.4944520864484417,5.719667260978259,6.875144787901625,1959.4307479530696,0.1013397086496358,76.57127726580364,2.512564625118338e-05,COMPLETE
2656,0.1211,0.8049283303267211,4.050574348074197,6.875144787901625,208.22607295194175,0.004569612957571183,0.010490863545892863,3.0092675819548274e-09,COMPLETE
2657,0.07775,0.41160054688418657,3.7523591558107,2.2991799521485987,0.016767417635497637,110.16646134717259,1.1961286443235215,3.0092675819548274e-09,COMPLETE
2658,0.0654,0.29817064997212417,1.4115954242146775,1.0726049388472807,27.46879153878267,541.6667412583575,5.192615578479196,5.521087576123659e-10,COMPLETE
2659,0.06995,0.45814896906089014,6.019990742215804,3.9944594338373487,0.1784805460542277,0.4878712301792302,3.6008094906658137,1.9043961097477443e-12,COMPLETE
2660,0.07455,0.5260443354903279,1.9671531481359397,8.359124144204223,0.07261268023359602,0.03029975122141938,8.213868348493142,5.521087576123659e-10,COMPLETE
2661,0.06705,0.5802261773408953,7.051402036894628,6.077799520470157,1.8442663426239594,168.65252268697844,0.01777158201797886,3.9694167750317793e-10,COMPLETE
2662,0.10095,0.5530545686614032,4.958426658725357,6.67929460016964,0.4634053899763641,4.006173959705789,3.6008094906658137,3.0541645143911065e-11,COMPLETE
2663,0.0933,0.6760454211951833,4.595955616422972,6.875144787901625,7843.277665583187,3.858204027730059,59.2437895529571,4.331365543927414e-05,COMPLETE
2664,0.1212,0.8216448469370842,7.051402036894628,6.875144787901625,4765.1230867966415,0.06857317261521613,0.11060646004395691,5.521087576123659e-10,COMPLETE
2665,0.09075,0.7507157083275764,7.491453905458799,5.925068568790166,123.52077947060401,0.08755680934938086,64.25690200330858,5.314026320276268e-08,COMPLETE
2666,0.0516,0.22227281053987463,4.3548083271808515,1.3526137167003873,12.412723646412944,222.05611037819423,76.57127726580364,1.621364679176634e-08,COMPLETE
2667,0.1076,0.7847897084122137,4.335111916469993,8.33604695260721,2661.553121751245,1.2594502646806938,2.4710813083340644,7.242135537625552e-11,COMPLETE
2668,0.05095,0.3568169402489937,7.051402036894628,2.0257967011631655,29.51721596859741,3.858204027730059,59.2437895529571,4.331365543927414e-05,COMPLETE
2669,0.11445,0.6031807017574837,4.958426658725357,8.359124144204223,0.4634053899763641,186.9306125540257,3.6008094906658137,3.0541645143911065e-11,COMPLETE
2670,0.07305,0.5185302252147815,6.103623020551158,8.359124144204223,0.4634053899763641,0.3710234766141632,4.230818933588808,3.649569116806477e-06,COMPLETE
2671,0.07045,0.34698544451885066,2.9455290040971467,2.6338329439397503,123.52077947060401,1.5630282565660134,14.732118064935978,3.787929895519139e-07,COMPLETE
2672,0.0949,0.7263967228637349,4.52285312297683,8.359124144204223,3090.9457533461396,0.0012685969128527178,0.04082369646290137,1.9897264125379086e-06,COMPLETE
2673,0.07,0.5199070397504572,4.958426658725357,6.875144787901625,0.07261268023359602,0.4878712301792302,3.6008094906658137,3.0541645143911065e-11,COMPLETE
2674,0.09415,0.5223857765201078,6.669240702645416,7.242098619980624,0.014162338396506723,186.9306125540257,0.0247605531247782,3.811801850956625e-07,COMPLETE
2675,0.0578,0.5100705151155718,4.3548083271808515,5.887768334186823,0.012011190400256897,1.2594502646806938,17.543999742650467,3.649569116806477e-06,COMPLETE
2676,0.10885,0.7077990721721968,7.296565715563787,6.875144787901625,2661.553121751245,0.1013397086496358,0.01777158201797886,3.787929895519139e-07,COMPLETE
2677,0.0778,0.19964103797013572,5.439590829177734,1.7519510271087413,1.8442663426239594,0.047570004104159534,0.022370880578645076,3.649569116806477e-06,COMPLETE
2678,0.0861,0.2851249919208896,7.296565715563787,1.0754882498335592,2661.553121751245,1.2594502646806938,0.024286903530613496,3.9694167750317793e-10,COMPLETE
2679,0.06745,0.27699025366741614,3.0455122299916,2.5118580794078285,0.11118838397050779,51.0531204742495,59.2437895529571,5.521087576123659e-10,COMPLETE
2680,0.07105,0.4440164232710963,3.7523591558107,2.2991799521485987,0.016767417635497637,110.16646134717259,2.606433764399818,1.7411112824373338e-14,COMPLETE
2681,0.0631,0.43503479743721646,5.686980021608849,2.5118580794078285,1.9562826277387932,0.047570004104159534,59.2437895529571,2.1811143402963018e-10,COMPLETE
2682,0.12455,0.7321890107630619,5.719667260978259,3.9944594338373487,208.22607295194175,0.009707433566872849,0.010490863545892863,3.787929895519139e-07,COMPLETE
2683,0.0748,0.2686242317876879,2.898877644797926,7.242098619980624,1.8278642465471888,186.9306125540257,0.0247605531247782,3.649569116806477e-06,COMPLETE
2684,0.0737,0.5750743168497124,4.3548083271808515,7.8078637347278095,0.1784805460542277,0.5362196401258538,0.19862818939527815,1.420767041648384e-14,COMPLETE
2685,0.06545,0.3446489304691449,5.719667260978259,1.4060210204048722,104.61067826393281,0.3710234766141632,80.46577679760097,3.649569116806477e-06,COMPLETE
2686,0.08555,0.45081975011018993,5.719667260978259,2.2991799521485987,0.016767417635497637,415.17558491884034,24.273118271698515,1.621364679176634e-08,COMPLETE
2687,0.1011,0.699989771122614,5.719667260978259,6.875144787901625,17.366929274318196,0.009707433566872849,0.04082369646290137,3.787929895519139e-07,COMPLETE
2688,0.0994,0.501270486286968,5.439590829177734,9.890916012877245,12.412723646412944,0.047570004104159534,0.027954982389527053,1.9897264125379086e-06,COMPLETE
2689,0.07,0.6104102245787216,4.958426658725357,5.798756886503692,208.22607295194175,1.5630282565660134,3.6008094906658137,3.787929895519139e-07,COMPLETE
2690,0.1124,0.2889175056736579,7.051402036894628,3.7679807510816494,2484.344497646969,5.054984284069897,0.11060646004395691,5.521087576123659e-10,COMPLETE
2691,0.0905,0.587176682579745,6.943625321882633,7.8078637347278095,0.4634053899763641,546.754814234046,0.010117774078155787,1.9043961097477443e-12,COMPLETE
2692,0.0721,0.27641833434948354,3.0455122299916,1.7519510271087413,65.16446939922409,51.0531204742495,76.57127726580364,1.621364679176634e-08,COMPLETE
2693,0.0513,0.15320398237390256,6.103623020551158,2.2991799521485987,74.38074043935653,110.16646134717259,0.01777158201797886,3.649569116806477e-06,COMPLETE
2694,0.03485,0.2528423174179465,5.553661359325831,1.0726049388472807,2.2526238626393873,51.0531204742495,3.6008094906658137,5.432263014140687e-13,COMPLETE
2695,0.0931,0.7232502391107312,4.958426658725357,8.359124144204223,2484.344497646969,5.054984284069897,11.478928737247317,3.4569675073634465e-13,COMPLETE
2696,0.0533,0.30019600954249653,5.989976616159035,1.7519510271087413,1.8442663426239594,5.054984284069897,76.57127726580364,1.0518800793720384e-06,COMPLETE
2697,0.09255,0.6395995646421054,6.019990742215804,6.641926976422129,0.1784805460542277,107.59872434463156,37.30186529325076,8.720647859508846e-11,COMPLETE
2698,0.0428,0.20179399575809007,6.351039989269435,1.0726049388472807,12.412723646412944,107.59872434463156,34.574222073764446,3.0541645143911065e-11,COMPLETE
2699,0.0817,0.6516112410699016,4.958426658725357,8.359124144204223,0.4634053899763641,186.9306125540257,5.192615578479196,3.0541645143911065e-11,COMPLETE
2700,0.12945,0.7854389015554438,5.989976616159035,9.890916012877245,3090.9457533461396,0.047570004104159534,0.983738614339313,3.407169759582504e-13,COMPLETE
2701,0.11525,0.7518255885545496,5.439590829177734,8.33604695260721,3090.9457533461396,0.08636455706293805,11.478928737247317,1.9897264125379086e-06,COMPLETE
2702,0.08435,0.43346000804338874,3.0455122299916,3.9944594338373487,0.4634053899763641,118.81808441656808,8.213868348493142,0.0007168376164894876,COMPLETE
2703,0.1217,0.8169854588931792,5.439590829177734,9.890916012877245,3090.9457533461396,0.047570004104159534,0.04082369646290137,3.407169759582504e-13,COMPLETE
2704,0.12945,0.7398698893229579,4.958426658725357,8.359124144204223,2661.553121751245,0.01704017944188197,17.543999742650467,1.9897264125379086e-06,COMPLETE
2705,0.05495,0.2271815844977295,2.182424545134206,1.3526137167003873,0.016782953301375962,24.489117491436506,34.574222073764446,5.521087576123659e-10,COMPLETE
2706,0.11795,0.7457235739019177,5.686980021608849,6.875144787901625,7843.277665583187,0.049178309942622116,0.3268342033173107,3.787929895519139e-07,COMPLETE
2707,0.07895,0.01769351075377214,6.351039989269435,1.0726049388472807,208.22607295194175,107.59872434463156,0.010490863545892863,3.787929895519139e-07,COMPLETE
2708,0.06455,0.6301172814275096,7.296565715563787,6.641926976422129,0.016767417635497637,0.12480776742786713,0.01777158201797886,8.720647859508846e-11,COMPLETE
2709,0.11135,0.7995123542666502,5.439590829177734,9.890916012877245,3090.9457533461396,0.24909180507580628,8.213868348493142,3.649569116806477e-06,COMPLETE
2710,0.04695,0.17646009604840168,2.749285360279842,1.0726049388472807,1216.3532598800487,107.59872434463156,34.574222073764446,9.787752692175531e-12,COMPLETE
2711,0.0582,0.20201472886867586,4.958426658725357,1.0726049388472807,0.4634053899763641,0.005989617667913635,0.010117774078155787,3.0092675819548274e-09,COMPLETE
2712,0.06825,0.5481755861413743,4.958426658725357,8.359124144204223,0.4634053899763641,1.5630282565660134,3.6008094906658137,3.0541645143911065e-11,COMPLETE
2713,0.0868,0.7810264016953489,7.296565715563787,8.741900816624833,123.52077947060401,0.12480776742786713,14.732118064935978,2.2563515925025537e-09,COMPLETE
2714,0.107,0.736105977594494,7.296565715563787,6.641926976422129,2661.553121751245,2.662119446815355,39.176185024238755,1.9966846764723044e-10,COMPLETE
2715,0.0969,0.5054608858402275,4.050574348074197,8.359124144204223,0.4634053899763641,1.5630282565660134,3.6008094906658137,3.0092675819548274e-09,COMPLETE
2716,0.1125,0.6276261117662933,3.6433674915888754,6.641926976422129,2661.553121751245,1.2594502646806938,17.543999742650467,1.9897264125379086e-06,COMPLETE
2717,0.0728,0.423337922889612,4.958426658725357,2.6338329439397503,1.8442663426239594,0.023706701165072952,3.6008094906658137,3.9694167750317793e-10,COMPLETE
2718,0.1153,0.7967368137387935,7.051402036894628,5.7230005221098805,208.22607295194175,0.021643126046848368,0.6712497062878992,8.564477591299451e-11,COMPLETE
2719,0.07845,0.6502938158474124,4.958426658725357,8.359124144204223,2661.553121751245,126.69863438015521,3.6008094906658137,8.720647859508846e-11,COMPLETE
2720,0.06985,0.5134340730732208,7.051402036894628,6.875144787901625,0.4634053899763641,0.4878712301792302,3.6008094906658137,8.564477591299451e-11,COMPLETE
2721,0.0973,0.22528823267701545,2.1679202561673856,8.359124144204223,0.07261268023359602,0.004569612957571183,1.1961286443235215,3.787929895519139e-07,COMPLETE
2722,0.04515,0.19903371025502684,6.943625321882633,1.0726049388472807,0.4634053899763641,0.047570004104159534,0.764092524644605,3.407169759582504e-13,COMPLETE
2723,0.0531,0.03518462618939251,3.7523591558107,6.641926976422129,0.016767417635497637,110.16646134717259,0.01777158201797886,5.7687214602928755e-05,COMPLETE
2724,0.0786,0.5721722371707617,5.719667260978259,2.2991799521485987,123.52077947060401,0.06857317261521613,0.01777158201797886,9.787752692175531e-12,COMPLETE
2725,0.0468,0.3524843046401913,4.3548083271808515,1.3526137167003873,0.07261268023359602,107.59872434463156,5.192615578479196,3.649569116806477e-06,COMPLETE
2726,0.09965,0.7775860792478198,7.268456678053456,6.875144787901625,208.22607295194175,0.06857317261521613,14.732118064935978,3.787929895519139e-07,COMPLETE
2727,0.0798,0.07035156503287388,4.357841304786858,8.911443008432846,208.22607295194175,1.5630282565660134,0.010490863545892863,3.787929895519139e-07,COMPLETE
2728,0.06575,0.5016194073843434,4.911803020913776,6.641926976422129,0.6975592224319972,0.12480776742786713,17.543999742650467,8.720647859508846e-11,COMPLETE
2729,0.1053,0.6602212763530423,6.351039989269435,8.359124144204223,0.4634053899763641,186.9306125540257,3.6008094906658137,3.0541645143911065e-11,COMPLETE
2730,0.06025,0.6563212664751531,6.019990742215804,3.786492049701135,123.52077947060401,0.06857317261521613,12.549082694764847,1.9043961097477443e-12,COMPLETE
2731,0.0784,0.5233098069488779,4.323183689658337,8.359124144204223,0.4634053899763641,1.5630282565660134,2.4710813083340644,3.787929895519139e-07,COMPLETE
2732,0.09745,0.6274419520470379,4.958426658725357,8.359124144204223,0.4634053899763641,0.0019644722540153475,3.6008094906658137,3.407169759582504e-13,COMPLETE
2733,0.06905,0.5472367596113977,7.051402036894628,6.875144787901625,0.07261268023359602,0.06857317261521613,0.3359486683616324,8.564477591299451e-11,COMPLETE
2734,0.05715,0.5513533713696803,4.958426658725357,8.359124144204223,0.03226310028918678,0.13975215645231487,3.6008094906658137,9.787752692175531e-12,COMPLETE
2735,0.10995,0.6741286079383597,2.8467952672042545,6.875144787901625,208.22607295194175,0.08755680934938086,0.49106969850296894,8.564477591299451e-11,COMPLETE
2736,0.05385,0.4027623727762999,6.808438796820331,2.2991799521485987,0.016767417635497637,556.0142907503257,0.01777158201797886,3.407169759582504e-13,COMPLETE
2737,0.0619,0.2542981221258869,3.7523591558107,1.694143147749838,0.07261268023359602,0.12480776742786713,0.01777158201797886,2.394904825074999e-06,COMPLETE
2738,0.0945,0.5572395673599252,5.972736102749277,3.3801923275388828,0.4634053899763641,546.754814234046,80.46577679760097,3.649569116806477e-06,COMPLETE
2739,0.12925,0.8583992918466201,7.051402036894628,9.890916012877245,3090.9457533461396,0.047570004104159534,0.04082369646290137,3.9694167750317793e-10,COMPLETE
2740,0.07375,0.6119002119445484,4.958426658725357,8.359124144204223,14.666267870204189,38.46487319760936,5.192615578479196,2.5464845006305572e-12,COMPLETE
2741,0.07655,0.6894857485403089,4.335111916469993,8.33604695260721,3735.3139505392583,186.9306125540257,3.6008094906658137,5.432263014140687e-13,COMPLETE
2742,0.0994,0.473675746189995,5.439590829177734,1.0726049388472807,3090.9457533461396,0.047570004104159534,5.192615578479196,5.521087576123659e-10,COMPLETE
2743,0.0521,0.26042524917583676,6.943625321882633,1.0726049388472807,0.4634053899763641,0.032272819211667525,0.010117774078155787,3.0092675819548274e-09,COMPLETE
2744,0.0733,0.32793666937539934,5.989976616159035,2.2991799521485987,1.8442663426239594,110.16646134717259,0.01777158201797886,9.787752692175531e-12,COMPLETE
2745,0.06925,0.3342422846391315,7.051402036894628,2.2991799521485987,0.016767417635497637,811.5775487379051,0.06113772194050231,1.7411112824373338e-14,COMPLETE
2746,0.0532,0.3772307384416587,6.103623020551158,1.5393353821719025,104.61067826393281,0.3710234766141632,80.46577679760097,3.649569116806477e-06,COMPLETE
2747,0.063,0.4250774532794487,4.958426658725357,2.6338329439397503,208.22607295194175,1.5630282565660134,1.9393284265609558,3.787929895519139e-07,COMPLETE
2748,0.07965,0.5982146320093426,4.958426658725357,6.875144787901625,0.07261268023359602,0.4878712301792302,0.02571409385833883,8.564477591299451e-11,COMPLETE
2749,0.09005,0.480567475117481,3.3463114818935824,1.7519510271087413,2484.344497646969,5.054984284069897,0.5944809570700597,3.407169759582504e-13,COMPLETE
2750,0.08585,0.6285772842301597,5.989976616159035,9.890916012877245,1.8442663426239594,5.054984284069897,0.9653773690959568,3.407169759582504e-13,COMPLETE
2751,0.0484,0.42813935389083196,7.296565715563787,2.6338329439397503,12.412723646412944,1.5630282565660134,3.6008094906658137,5.244114778590987e-13,COMPLETE
2752,0.07345,0.5855308560496606,4.3548083271808515,4.476342991817455,12.412723646412944,478.0296358948116,0.49106969850296894,3.649569116806477e-06,COMPLETE
2753,0.0649,0.40133291789968756,6.019990742215804,1.7519510271087413,1.8442663426239594,144.04580726349778,1.148889925973719,1.621364679176634e-08,COMPLETE
2754,0.08175,0.5857805319364269,7.051402036894628,3.594796830177068,2484.344497646969,28.812018764964485,11.478928737247317,7.242135537625552e-11,COMPLETE
2755,0.0729,0.1986264389450069,5.719667260978259,8.359124144204223,208.22607295194175,186.9306125540257,0.010490863545892863,5.432263014140687e-13,COMPLETE
2756,0.0602,0.3140197273294836,3.7523591558107,2.2991799521485987,0.5562491866227733,0.047570004104159534,2.606433764399818,1.7411112824373338e-14,COMPLETE
2757,0.08655,0.6855202460526872,4.958426658725357,8.359124144204223,2.2526238626393873,186.9306125540257,3.6008094906658137,5.432263014140687e-13,COMPLETE
2758,0.0609,0.5292502768147579,5.719667260978259,5.694234883337399,0.4634053899763641,1.5630282565660134,3.6008094906658137,3.787929895519139e-07,COMPLETE
2759,0.05805,0.5137356963440112,4.958426658725357,2.2991799521485987,0.016767417635497637,697.879271317734,3.6008094906658137,9.787752692175531e-12,COMPLETE
2760,0.0922,0.7234555178805232,7.491453905458799,5.20397561597712,123.52077947060401,0.06857317261521613,16.906813915737292,3.0541645143911065e-11,COMPLETE
2761,0.10045,0.5984102866458828,7.491453905458799,6.875144787901625,123.52077947060401,54.57521262916102,0.49106969850296894,2.7450837872793553e-11,COMPLETE
2762,0.0484,0.2284214203251824,4.958426658725357,1.0726049388472807,0.4634053899763641,51.0531204742495,5.192615578479196,5.521087576123659e-10,COMPLETE
2763,0.12785,0.7983327904517664,4.958426658725357,9.890916012877245,3090.9457533461396,0.047570004104159534,0.04082369646290137,3.649569116806477e-06,COMPLETE
2764,0.07705,0.511400196237829,7.296565715563787,6.641926976422129,12.412723646412944,0.3710234766141632,34.574222073764446,8.720647859508846e-11,COMPLETE
2765,0.0672,0.4538755288393022,4.797597292147365,2.2991799521485987,1364.8684921038048,5.054984284069897,11.478928737247317,3.407169759582504e-13,COMPLETE
2766,0.0948,0.5883132669913989,5.686980021608849,6.875144787901625,571.7308381470589,328.8589315043546,2.2975212902836124,4.331365543927414e-05,COMPLETE
2767,0.0917,0.7675936476488793,4.335111916469993,8.33604695260721,2661.553121751245,1.2594502646806938,2.4710813083340644,3.649569116806477e-06,COMPLETE
2768,0.04565,0.3183370365542175,7.051402036894628,1.7519510271087413,12.412723646412944,107.59872434463156,0.013185955301391893,3.9694167750317793e-10,COMPLETE
2769,0.0834,0.22430987931849058,2.5463265882383253,1.3526137167003873,12.412723646412944,0.5362196401258538,34.574222073764446,3.649569116806477e-06,COMPLETE
2770,0.07845,0.42320027618855693,4.0642698965443484,4.270307435684465,0.4634053899763641,0.4878712301792302,8.213868348493142,7.379765699163849e-06,COMPLETE
2771,0.0775,0.8262383951037812,5.989976616159035,8.741900816624833,2484.344497646969,5.054984284069897,11.478928737247317,7.242135537625552e-11,COMPLETE
2772,0.10275,0.6766286737765724,6.943625321882633,8.741900816624833,3.736301540974822,186.9306125540257,3.6008094906658137,3.0541645143911065e-11,COMPLETE
2773,0.1333,0.8282065995280234,5.439590829177734,9.890916012877245,3090.9457533461396,0.047570004104159534,0.04082369646290137,1.9897264125379086e-06,COMPLETE
2774,0.08435,0.6871349840267695,6.943625321882633,9.890916012877245,0.4634053899763641,0.05564315315248067,0.010117774078155787,3.439124564793121e-10,COMPLETE
2775,0.0736,0.37770921303322513,4.3548083271808515,1.3526137167003873,12.412723646412944,107.59872434463156,0.764092524644605,3.649569116806477e-06,COMPLETE
2776,0.0587,0.2814444119455388,4.958426658725357,1.075772612322574,104.61067826393281,0.3710234766141632,0.46192126460289157,4.1061257385402765e-12,COMPLETE
2777,0.0636,0.19607789736292078,6.019990742215804,1.2997368745646833,0.014162338396506723,186.9306125540257,0.0247605531247782,3.811801850956625e-07,COMPLETE
2778,0.07845,0.5491474782380499,6.657264965802859,2.6338329439397503,18.73717419604635,0.12480776742786713,0.01777158201797886,3.787929895519139e-07,COMPLETE
2779,0.08925,0.6606466724593516,4.050574348074197,5.751620494688234,0.32572575960431777,1.2594502646806938,0.11207487538679611,3.0092675819548274e-09,COMPLETE
2780,0.0509,0.34096822783995656,4.797597292147365,1.7519510271087413,0.9189234415924923,4.006173959705789,8.213868348493142,3.407169759582504e-13,COMPLETE
2781,0.0848,0.6571969701500313,4.958426658725357,8.359124144204223,0.4634053899763641,4.006173959705789,3.6008094906658137,3.407169759582504e-13,COMPLETE
2782,0.08035,0.684363068099192,5.719667260978259,3.3801923275388828,208.22607295194175,0.1013397086496358,0.01777158201797886,3.787929895519139e-07,COMPLETE
2783,0.08175,0.6621042533123896,5.831924128699101,9.005191730775431,123.52077947060401,1.2594502646806938,14.732118064935978,5.497725196032185e-12,COMPLETE
2784,0.0962,0.46489577315042935,6.019990742215804,3.786492049701135,225.7455353017463,0.3600053543517081,0.011545069123388551,1.9043961097477443e-12,COMPLETE
2785,0.09875,0.8175221924714059,5.600307743396418,7.8078637347278095,3090.9457533461396,0.5362196401258538,2.5245438758434986,3.407169759582504e-13,COMPLETE
2786,0.0702,0.4927483541066189,3.684217243575165,8.359124144204223,2.2526238626393873,1.5630282565660134,59.2437895529571,2.8823884534485884e-12,COMPLETE
2787,0.09945,0.6289243302516777,3.7523591558107,7.08913535023308,0.016767417635497637,257.907159632089,0.04082369646290137,2.6745466538891143e-09,COMPLETE
2788,0.1209,0.6409747358959247,7.051402036894628,3.1788912454430323,2661.553121751245,0.4878712301792302,8.213868348493142,7.242135537625552e-11,COMPLETE
2789,0.04855,0.1619473535802448,7.491453905458799,6.875144787901625,0.08840008540867797,180.29605708569062,0.3359486683616324,0.0006460068628221097,COMPLETE
2790,0.07845,0.5486638545136988,6.426339522676823,2.2991799521485987,471.75154630914824,1.2594502646806938,2.606433764399818,3.364260418689535e-12,COMPLETE
2791,0.09965,0.8175874972938278,7.051402036894628,6.875144787901625,123.52077947060401,0.02072113133853711,0.11060646004395691,5.521087576123659e-10,COMPLETE
2792,0.0843,0.042863784786112476,6.351039989269435,6.875144787901625,208.22607295194175,12.807530735360459,0.01777158201797886,3.0541645143911065e-11,COMPLETE
2793,0.07625,0.517632622797269,3.7523591558107,2.2991799521485987,2742.5774566340324,110.16646134717259,2.606433764399818,1.7411112824373338e-14,COMPLETE
2794,0.0714,0.19304786061267906,5.719667260978259,1.2997368745646833,208.22607295194175,0.9673082789790334,0.0247605531247782,3.811801850956625e-07,COMPLETE
2795,0.08645,0.6916402182966573,4.335111916469993,8.684308524914591,208.22607295194175,1.2594502646806938,0.49106969850296894,7.242135537625552e-11,COMPLETE
2796,0.093,0.1436316880955104,6.103623020551158,6.641926976422129,0.03529059397695833,0.3710234766141632,80.46577679760097,0.0010992954082581512,COMPLETE
2797,0.09635,0.49880675668822366,4.958426658725357,2.7803334608686843,3090.9457533461396,1.5630282565660134,0.04082369646290137,3.787929895519139e-07,COMPLETE
2798,0.127,0.8020760335763358,5.439590829177734,9.890916012877245,3090.9457533461396,0.047570004104159534,0.04082369646290137,2.712838441983647e-11,COMPLETE
2799,0.0908,0.15567883432174315,5.686980021608849,4.2647514499729615,0.030965213174010398,0.06857317261521613,59.2437895529571,4.331365543927414e-05,COMPLETE
2800,0.06315,0.2288053909427915,5.989976616159035,1.7519510271087413,0.4634053899763641,0.034261664362648006,0.1813094606523163,1.331389379849791e-06,COMPLETE
2801,0.05445,0.25397462182925196,4.958426658725357,1.3183007714846724,0.016767417635497637,0.14558535118226829,3.6008094906658137,3.787929895519139e-07,COMPLETE
2802,0.13155,0.7189675138223472,4.335111916469993,6.875144787901625,2661.553121751245,0.06857317261521613,0.3359486683616324,3.787929895519139e-07,COMPLETE
2803,0.1012,0.7823233700512675,5.686980021608849,8.359124144204223,7843.277665583187,3.858204027730059,3.6008094906658137,4.331365543927414e-05,COMPLETE
2804,0.04055,0.2043457213440609,5.989976616159035,1.1241653688410844,1.8442663426239594,5.054984284069897,76.57127726580364,1.621364679176634e-08,COMPLETE
2805,0.10275,0.6415632469022832,4.958426658725357,8.359124144204223,2661.553121751245,186.9306125540257,3.6008094906658137,5.432263014140687e-13,COMPLETE
2806,0.1057,0.6049651163750099,3.438707409432366,8.359124144204223,0.4634053899763641,110.16646134717259,3.6008094906658137,3.0541645143911065e-11,COMPLETE
2807,0.0361,0.1736061795325497,6.943625321882633,1.0726049388472807,0.4634053899763641,546.754814234046,0.010117774078155787,7.242135537625552e-11,COMPLETE
2808,0.08895,0.6590966339187282,6.943625321882633,7.242098619980624,0.4634053899763641,12.169152825480753,0.764092524644605,3.407169759582504e-13,COMPLETE
2809,0.07105,0.5753791735052207,6.845933458309578,7.8078637347278095,0.1784805460542277,0.5362196401258538,3.6008094906658137,1.9043961097477443e-12,COMPLETE
2810,0.0862,0.6845112292433587,5.754123273643335,8.359124144204223,0.4634053899763641,0.001163964700886076,4.230818933588808,8.720647859508846e-11,COMPLETE
2811,0.07725,0.5980542963418582,6.321113494586633,6.875144787901625,0.07261268023359602,0.1013397086496358,0.01777158201797886,3.787929895519139e-07,COMPLETE
2812,0.0536,0.3062605494691637,5.553661359325831,1.2776810232259064,2.2526238626393873,51.0531204742495,3.6008094906658137,5.432263014140687e-13,COMPLETE
2813,0.0608,0.32154034411005444,6.943625321882633,1.5058546353780138,12.412723646412944,107.59872434463156,34.574222073764446,2.2563515925025537e-09,COMPLETE
2814,0.072,0.6264617365549439,5.989976616159035,3.4423657240071432,2661.553121751245,5.054984284069897,41.643652118441445,6.428072616656938e-14,COMPLETE
2815,0.05615,0.30224426009451916,7.051402036894628,1.7519510271087413,84.53609557988943,84.41608660389942,59.2437895529571,4.331365543927414e-05,COMPLETE
2816,0.09125,0.6760818450750455,5.719667260978259,6.875144787901625,208.22607295194175,1.5630282565660134,3.6008094906658137,3.787929895519139e-07,COMPLETE
2817,0.09275,0.6196458501587201,2.4129065967996706,8.359124144204223,20.70985388827708,186.9306125540257,3.6008094906658137,8.720647859508846e-11,COMPLETE
2818,0.0833,0.5870987978152687,7.296565715563787,6.641926976422129,104.61067826393281,1.2594502646806938,17.543999742650467,8.720647859508846e-11,COMPLETE
2819,0.1016,0.7929732049353716,7.051402036894628,6.875144787901625,208.22607295194175,0.08755680934938086,2.1297297589985793,8.564477591299451e-11,COMPLETE
2820,0.0784,0.20821215618118216,4.3548083271808515,1.3526137167003873,12.412723646412944,0.12480776742786713,3.6008094906658137,3.649569116806477e-06,COMPLETE
2821,0.05305,0.36586543111233694,3.7523591558107,1.4040237871599188,0.016767417635497637,110.16646134717259,2.606433764399818,1.7411112824373338e-14,COMPLETE
2822,0.06385,0.2687583101821608,6.943625321882633,3.786492049701135,0.4634053899763641,546.754814234046,0.010117774078155787,1.9043961097477443e-12,COMPLETE
2823,0.06925,0.4845001472781314,6.943625321882633,3.352073087367006,0.07261268023359602,107.59872434463156,34.574222073764446,3.0541645143911065e-11,COMPLETE
2824,0.0805,0.6352019977456215,6.019990742215804,6.702578608363302,1.8442663426239594,4.006173959705789,0.0247605531247782,3.407169759582504e-13,COMPLETE
2825,0.11845,0.8008428630602088,6.943625321882633,9.890916012877245,139.54045445107096,0.06857317261521613,14.732118064935978,3.407169759582504e-13,COMPLETE
2826,0.0974,0.7210408677101228,6.943625321882633,3.786492049701135,3090.9457533461396,0.05564315315248067,0.5074371091894121,3.407169759582504e-13,COMPLETE
2827,0.1263,0.730284533735229,3.388578446147133,9.890916012877245,3090.9457533461396,0.05564315315248067,2.5245438758434986,1.0567238547625726e-10,COMPLETE
2828,0.109,0.8014928335796323,7.296565715563787,6.875144787901625,4048.9782403989784,0.06857317261521613,17.543999742650467,8.720647859508846e-11,COMPLETE
2829,0.0747,0.5163693708315411,7.051402036894628,3.631581985720783,12.412723646412944,168.65252268697844,34.574222073764446,3.9694167750317793e-10,COMPLETE
2830,0.03965,0.22948533207028526,7.051402036894628,1.0726049388472807,0.4694984674677758,51.0531204742495,5.192615578479196,0.00022625950702182348,COMPLETE
2831,0.0637,0.23244224354467796,4.958426658725357,1.0726049388472807,12.412723646412944,0.047570004104159534,0.04082369646290137,1.9897264125379086e-06,COMPLETE
2832,0.0785,0.49989038813022063,6.103623020551158,3.3801923275388828,104.61067826393281,0.3710234766141632,80.46577679760097,3.649569116806477e-06,COMPLETE
2833,0.14425,0.7342355419623624,5.719667260978259,6.875144787901625,208.22607295194175,0.009707433566872849,0.3359486683616324,3.787929895519139e-07,COMPLETE
2834,0.0617,0.40383819290751827,5.553661359325831,1.7519510271087413,1.8442663426239594,168.65252268697844,3.6008094906658137,5.432263014140687e-13,COMPLETE
2835,0.0539,0.3153633018984527,4.797597292147365,1.2997368745646833,1.8442663426239594,186.9306125540257,9.862842498681294,3.811801850956625e-07,COMPLETE
2836,0.0566,0.4168538585464013,7.051402036894628,2.7853352833576643,0.050020890531685756,1.5630282565660134,3.6008094906658137,5.314026320276268e-08,COMPLETE
2837,0.0995,0.48624979240520927,4.874257156149997,3.786492049701135,0.014162338396506723,186.9306125540257,12.549082694764847,3.811801850956625e-07,COMPLETE
2838,0.0998,0.41366362560317993,0.726343020772195,8.359124144204223,0.07261268023359602,0.004569612957571183,1.1961286443235215,3.0092675819548274e-09,COMPLETE
2839,0.1107,0.5668050623319933,4.958426658725357,2.6338329439397503,208.22607295194175,0.0028327680484520707,0.04082369646290137,3.787929895519139e-07,COMPLETE
2840,0.0703,0.5610426725381856,4.958426658725357,6.875144787901625,0.4634053899763641,0.014492976285025088,0.01777158201797886,3.787929895519139e-07,COMPLETE
2841,0.10165,0.7231106734491863,5.439590829177734,6.875144787901625,3090.9457533461396,0.4878712301792302,0.04082369646290137,1.3780148638654006e-12,COMPLETE
2842,0.0645,0.5737432730982072,7.051402036894628,6.875144787901625,0.07261268023359602,5.054984284069897,11.478928737247317,7.242135537625552e-11,COMPLETE
2843,0.06045,0.3626268373869959,4.3548083271808515,1.3526137167003873,0.4634053899763641,186.9306125540257,3.6008094906658137,3.0541645143911065e-11,COMPLETE
2844,0.07135,0.4259382035305402,7.491453905458799,3.352073087367006,0.07261268023359602,0.4878712301792302,0.3359486683616324,3.787929895519139e-07,COMPLETE
2845,0.09315,0.599927345051951,2.951203603481169,3.1788912454430323,2661.553121751245,0.08755680934938086,0.49106969850296894,7.242135537625552e-11,COMPLETE
2846,0.06355,0.6411019440338313,6.943625321882633,5.095021742828622,16.546124483341398,0.06857317261521613,14.732118064935978,2.2563515925025537e-09,COMPLETE
2847,0.09335,0.6753505822219008,7.296565715563787,6.641926976422129,1.5782334730944152,0.12480776742786713,0.01777158201797886,8.720647859508846e-11,COMPLETE
2848,0.05355,0.42936378514750095,5.686980021608849,2.5118580794078285,1.9562826277387932,3.858204027730059,3.6008094906658137,5.432263014140687e-13,COMPLETE
2849,0.0706,0.47760488204976326,5.686980021608849,4.2001284168374236,12.412723646412944,3.858204027730059,11.040973443146466,3.0541645143911065e-11,COMPLETE
2850,0.08155,0.6014898346871923,4.958426658725357,8.359124144204223,0.07261268023359602,1.5630282565660134,3.6008094906658137,4.903611862088436e-14,COMPLETE
2851,0.0716,0.4617765773083451,3.7523591558107,1.9396275566723244,0.4634053899763641,51.0531204742495,2.606433764399818,1.5335060532903536e-12,COMPLETE
2852,0.0802,0.636306150627158,5.553661359325831,6.641926976422129,2.2526238626393873,51.0531204742495,6.66380037874575,3.284852136287973e-14,COMPLETE
2853,0.0459,0.20300871490587197,6.351039989269435,1.0726049388472807,12.412723646412944,107.59872434463156,34.574222073764446,3.0541645143911065e-11,COMPLETE
2854,0.1106,0.7961068198888208,5.686980021608849,9.890916012877245,3090.9457533461396,3.858204027730059,8.325208079724554,2.1811143402963018e-10,COMPLETE
2855,0.05765,0.3593466853550786,4.3548083271808515,1.3526137167003873,0.17811913080740205,107.59872434463156,0.28188015421110124,3.649569116806477e-06,COMPLETE
2856,0.0529,0.22960575640846442,5.686980021608849,1.2997368745646833,5.657570090767049,3.858204027730059,59.2437895529571,4.331365543927414e-05,COMPLETE
2857,0.0872,0.6652054305487779,7.296565715563787,8.741900816624833,4.501093950281584,107.59872434463156,34.574222073764446,7.242135537625552e-11,COMPLETE
2858,0.07865,0.7760275757568915,7.296565715563787,9.890916012877245,12.412723646412944,0.047570004104159534,0.764092524644605,3.407169759582504e-13,COMPLETE
2859,0.0738,0.4349484236423831,7.295021044051481,2.435193413461887,0.07261268023359602,38.72230350249527,0.01777158201797886,5.521087576123659e-10,COMPLETE
2860,0.0815,0.4622917796660946,0.842602834281252,8.359124144204223,0.4634053899763641,186.9306125540257,3.6008094906658137,0.00023377247616655577,COMPLETE
2861,0.0715,0.27281163698063005,4.050574348074197,1.7519510271087413,1.8442663426239594,492.8186835895734,0.01777158201797886,3.0092675819548274e-09,COMPLETE
2862,0.0571,0.17703739900430865,3.0455122299916,1.0726049388472807,0.07261268023359602,1.358519424592353,5.192615578479196,8.720647859508846e-11,COMPLETE
2863,0.0687,0.41751865230215046,6.019990742215804,3.352073087367006,0.07261268023359602,0.4878712301792302,8.213868348493142,3.811801850956625e-07,COMPLETE
2864,0.0938,0.6229869669166622,2.1791219442331045,8.359124144204223,0.4634053899763641,186.9306125540257,3.6008094906658137,3.0541645143911065e-11,COMPLETE
2865,0.07405,0.5812159012950238,6.943625321882633,9.890916012877245,0.4107927375444672,0.047570004104159534,0.764092524644605,3.407169759582504e-13,COMPLETE
2866,0.05985,0.3724121225244935,5.719667260978259,2.2991799521485987,0.016767417635497637,5.853816298799091,8.272924830520507,1.6537361965989314e-12,COMPLETE
2867,0.11955,0.7158023133556771,7.296565715563787,6.641926976422129,2661.553121751245,1.2594502646806938,34.574222073764446,8.720647859508846e-11,COMPLETE
2868,0.1022,0.7147881112965904,5.989976616159035,8.33604695260721,2484.344497646969,5.054984284069897,11.478928737247317,7.242135537625552e-11,COMPLETE
2869,0.06965,0.37851874240758915,3.7523591558107,2.2991799521485987,0.016767417635497637,110.16646134717259,33.09083185722321,4.331365543927414e-05,COMPLETE
2870,0.0708,0.5244098358973248,4.3548083271808515,9.286269632003606,12.412723646412944,0.08755680934938086,0.49106969850296894,3.649569116806477e-06,COMPLETE
2871,0.1009,0.614303179158275,4.958426658725357,6.562102836548377,208.22607295194175,186.9306125540257,3.6008094906658137,3.0541645143911065e-11,COMPLETE
2872,0.08225,0.17960232137722568,1.9616362406980443,3.3801923275388828,0.5247954404623164,0.04569482325826792,80.46577679760097,3.649569116806477e-06,COMPLETE
2873,0.1208,0.840820361393989,6.943625321882633,8.741900816624833,3090.9457533461396,0.06857317261521613,0.764092524644605,3.407169759582504e-13,COMPLETE
2874,0.03945,0.16476255861629788,4.958426658725357,1.0431522198915197,0.6975592224319972,186.9306125540257,0.01777158201797886,8.720647859508846e-11,COMPLETE
2875,0.08195,0.7571756963677355,5.719667260978259,6.875144787901625,2484.344497646969,5.054984284069897,21.446562165760177,3.787929895519139e-07,COMPLETE
2876,0.1049,0.5653812135570285,2.8467952672042545,8.359124144204223,0.4634053899763641,51.0531204742495,4.230818933588808,1.5335060532903536e-12,COMPLETE
2877,0.07365,0.3374221154447418,2.076654266432964,1.7519510271087413,7843.277665583187,168.65252268697844,59.2437895529571,3.9694167750317793e-10,COMPLETE
2878,0.078,0.5990326526074202,7.296565715563787,6.875144787901625,0.07261268023359602,0.12480776742786713,0.19989042729345657,3.787929895519139e-07,COMPLETE
2879,0.05665,0.21586928158748184,2.8467952672042545,1.3526137167003873,12.412723646412944,51.0531204742495,34.574222073764446,3.649569116806477e-06,COMPLETE
2880,0.05015,0.3750299033860082,7.051402036894628,1.7519510271087413,1.8442663426239594,168.65252268697844,76.57127726580364,1.621364679176634e-08,COMPLETE
2881,0.083,0.5490997716242897,5.719667260978259,6.875144787901625,0.016767417635497637,0.1013397086496358,1.6758595480164555,3.787929895519139e-07,COMPLETE
2882,0.0701,0.30840235860016113,2.8467952672042545,1.3526137167003873,12.412723646412944,107.59872434463156,4.230818933588808,2.2227847863365938e-09,COMPLETE
2883,0.0724,0.4488669166444798,2.8467952672042545,4.056934575464477,0.4634053899763641,0.05564315315248067,4.230818933588808,3.407169759582504e-13,COMPLETE
2884,0.08875,0.7038193284743719,6.103623020551158,9.280173586011239,208.22607295194175,0.08755680934938086,0.49106969850296894,3.649569116806477e-06,COMPLETE
2885,0.0746,0.5607901606167252,4.958426658725357,8.359124144204223,0.4634053899763641,1.5630282565660134,3.6008094906658137,3.0541645143911065e-11,COMPLETE
2886,0.10445,0.6021259929986226,5.2908659433360485,3.786492049701135,123.52077947060401,0.06857317261521613,34.574222073764446,3.0541645143911065e-11,COMPLETE
2887,0.08125,0.42567910044206847,5.989976616159035,2.35317686986129,12.412723646412944,5.054984284069897,0.7017132586737319,1.621364679176634e-08,COMPLETE
2888,0.12045,0.7874498600499756,5.686980021608849,9.890916012877245,3090.9457533461396,0.047570004104159534,0.764092524644605,2.1811143402963018e-10,COMPLETE
2889,0.06265,0.32911156125744745,3.041206377979779,1.3726272851572159,2484.344497646969,5.054984284069897,11.478928737247317,3.3177409833894035e-13,COMPLETE
2890,0.11185,0.7730580042423759,2.851191872645334,9.890916012877245,3090.9457533461396,0.047570004104159534,0.04082369646290137,7.892970326897759e-08,COMPLETE
2891,0.09445,0.6785925070144594,7.051402036894628,6.875144787901625,12.412723646412944,0.06857317261521613,0.11060646004395691,5.521087576123659e-10,COMPLETE
2892,0.05885,0.23067495986339803,3.571237719628262,1.2997368745646833,0.07261268023359602,0.12480776742786713,0.0247605531247782,3.811801850956625e-07,COMPLETE
2893,0.0859,0.5942368998735371,7.051402036894628,6.875144787901625,45.405646245103625,0.5656836533213224,8.213868348493142,1.4655150160955887e-08,COMPLETE
2894,0.07885,0.5703090089396295,5.1086018220290095,8.359124144204223,0.4634053899763641,1.5630282565660134,3.6008094906658137,3.0541645143911065e-11,COMPLETE
2895,0.0845,0.5742880165272409,1.4483245509712432,7.8078637347278095,0.1784805460542277,51.0531204742495,3.6008094906658137,1.9043961097477443e-12,COMPLETE
2896,0.0537,0.18101652291088277,7.491453905458799,1.0726049388472807,0.07261268023359602,0.06857317261521613,5.192615578479196,5.521087576123659e-10,COMPLETE
2897,0.1012,0.5998352912601914,5.207250617897584,8.33604695260721,2484.344497646969,107.59872434463156,34.574222073764446,8.720647859508846e-11,COMPLETE
2898,0.0641,0.4832053031856001,4.050574348074197,5.751620494688234,0.07261268023359602,0.004569612957571183,1.1961286443235215,3.0092675819548274e-09,COMPLETE
2899,0.0705,0.4431845706775324,4.958426658725357,3.586566965882598,0.4634053899763641,1.5630282565660134,3.6008094906658137,4.165522533625065e-10,COMPLETE
2900,0.03045,0.09510240002665772,6.943625321882633,1.313537927486526,0.4634053899763641,546.754814234046,0.010117774078155787,7.242135537625552e-11,COMPLETE
2901,0.0465,0.37418936882595405,4.958426658725357,1.799499128556477,208.22607295194175,1.5630282565660134,11.478928737247317,3.787929895519139e-07,COMPLETE
2902,0.1212,0.8170282071532254,6.943625321882633,9.890916012877245,3090.9457533461396,0.047570004104159534,0.04082369646290137,3.407169759582504e-13,COMPLETE
2903,0.08455,0.7103395951375616,7.296565715563787,8.359124144204223,2.2526238626393873,107.59872434463156,3.6008094906658137,5.432263014140687e-13,COMPLETE
2904,0.09485,0.47345296563388567,4.958426658725357,1.4188616722052876,208.22607295194175,0.047570004104159534,0.764092524644605,3.787929895519139e-07,COMPLETE
2905,0.06875,0.39992686276190215,4.335111916469993,1.7519510271087413,1.8442663426239594,468.86300858350785,17.543999742650467,7.242135537625552e-11,COMPLETE
2906,0.1023,0.6223960770795135,6.019990742215804,6.875144787901625,1.5675213328568829,186.9306125540257,64.44805717515408,8.564477591299451e-11,COMPLETE
2907,0.0949,0.7301762581642356,6.2345648475723365,7.242098619980624,208.22607295194175,0.1013397086496358,34.574222073764446,3.787929895519139e-07,COMPLETE
2908,0.07,0.43038061309773173,3.7523591558107,2.2991799521485987,0.016767417635497637,3.858204027730059,0.29184101008934976,1.7411112824373338e-14,COMPLETE
2909,0.11275,0.8023286140286245,7.051402036894628,6.875144787901625,7843.277665583187,0.08755680934938086,0.49106969850296894,8.564477591299451e-11,COMPLETE
2910,0.0826,0.6368479434058654,2.8467952672042545,8.359124144204223,208.22607295194175,51.0531204742495,0.49106969850296894,8.564477591299451e-11,COMPLETE
2911,0.0838,0.5758527631890157,4.958426658725357,8.359124144204223,2.2526238626393873,1.5630282565660134,3.6008094906658137,8.687633386577335e-08,COMPLETE
2912,0.06115,0.4942770148844518,5.553661359325831,2.3154605054716035,2.2526238626393873,51.0531204742495,3.6008094906658137,5.432263014140687e-13,COMPLETE
2913,0.0862,0.41490484573174036,0.11015748124189273,6.875144787901625,4.027664865820242,0.06857317261521613,0.11060646004395691,5.521087576123659e-10,COMPLETE
2914,0.11525,0.6226617019428863,5.686980021608849,2.5118580794078285,3090.9457533461396,0.047570004104159534,0.025695616889598104,2.1811143402963018e-10,COMPLETE
2915,0.0797,0.628050857937438,6.807611076802946,8.33604695260721,0.30075066291854397,0.4878712301792302,0.15714320186374342,8.564477591299451e-11,COMPLETE
2916,0.0973,0.46568739203953435,1.4301766079428813,6.875144787901625,123.52077947060401,1.2594502646806938,17.543999742650467,7.242135537625552e-11,COMPLETE
2917,0.0727,0.529945110681745,6.019990742215804,6.641926976422129,12.412723646412944,0.5362196401258538,3.6008094906658137,1.9043961097477443e-12,COMPLETE
2918,0.04005,0.09064367368155556,6.943625321882633,1.0726049388472807,0.4634053899763641,546.754814234046,0.010117774078155787,3.0092675819548274e-09,COMPLETE
2919,0.08375,0.737997420264045,6.943625321882633,4.825686642369729,2661.553121751245,1.2594502646806938,14.732118064935978,2.2563515925025537e-09,COMPLETE
2920,0.0467,0.4329295338742855,7.296565715563787,3.063829046766975,0.4634053899763641,1.5630282565660134,34.574222073764446,8.720647859508846e-11,COMPLETE
2921,0.04825,0.286233470875871,5.719667260978259,1.3526137167003873,208.22607295194175,107.59872434463156,34.574222073764446,3.787929895519139e-07,COMPLETE
2922,0.06845,0.32983397140573295,4.809381368191233,1.5426477005692985,0.4634053899763641,51.0531204742495,4.230818933588808,1.5335060532903536e-12,COMPLETE
2923,0.06615,0.5272520485068728,7.296565715563787,5.254355093551621,0.07261268023359602,0.12480776742786713,0.8437743398506069,8.564477591299451e-11,COMPLETE
2924,0.0799,0.625886858040336,5.719667260978259,6.875144787901625,12.412723646412944,107.59872434463156,45.088168248210565,3.649569116806477e-06,COMPLETE
2925,0.0739,0.04483628719753802,5.719667260978259,2.2991799521485987,9218.372454877208,110.16646134717259,0.010490863545892863,1.7411112824373338e-14,COMPLETE
2926,0.08545,0.5038623366892339,4.457088228653788,8.359124144204223,1.8442663426239594,1.5630282565660134,76.57127726580364,2.70541790743748e-07,COMPLETE
2927,0.0792,0.5250960270052749,6.103623020551158,3.3801923275388828,104.61067826393281,0.3710234766141632,80.46577679760097,3.649569116806477e-06,COMPLETE
2928,0.05295,0.20585177948063568,4.3548083271808515,1.0726049388472807,0.07261268023359602,51.0531204742495,11.933043691133186,5.521087576123659e-10,COMPLETE
2929,0.07105,0.4688893010107292,2.7882765690871554,3.3801923275388828,104.61067826393281,0.3710234766141632,3.6008094906658137,5.432263014140687e-13,COMPLETE
2930,0.07265,0.48263746805386215,4.3548083271808515,6.641926976422129,12.412723646412944,0.12480776742786713,34.574222073764446,3.649569116806477e-06,COMPLETE
2931,0.0689,0.5494743098013464,6.943625321882633,8.741900816624833,0.40458323537856206,0.06857317261521613,2.5245438758434986,3.407169759582504e-13,COMPLETE
2932,0.07695,0.7091877237689865,4.958426658725357,6.72503472593327,0.4634053899763641,546.754814234046,14.005407279985144,1.4752974393330403e-11,COMPLETE
2933,0.10245,0.7363862790748457,6.498546762232477,6.641926976422129,2661.553121751245,0.009066379542396258,2.606433764399818,8.720647859508846e-11,COMPLETE
2934,0.07595,0.624993361211035,6.019990742215804,7.8078637347278095,0.1784805460542277,5.054984284069897,3.6008094906658137,7.242135537625552e-11,COMPLETE
2935,0.03465,0.14219877642599535,6.943625321882633,1.0726049388472807,3.9227007475742597,546.754814234046,0.010117774078155787,1.7411112824373338e-14,COMPLETE
2936,0.07835,0.6973499469575981,7.051402036894628,6.875144787901625,2.2526238626393873,186.9306125540257,8.213868348493142,5.432263014140687e-13,COMPLETE
2937,0.07555,0.63131729834324,5.686980021608849,6.875144787901625,1120.9760915193547,3.858204027730059,59.2437895529571,4.331365543927414e-05,COMPLETE
2938,0.06615,0.15403308213574982,7.051402036894628,1.0726049388472807,12.412723646412944,107.59872434463156,43.71207313622295,0.009116380626814753,COMPLETE
2939,0.0843,0.6856100344111525,4.509124057142157,8.359124144204223,3090.9457533461396,186.9306125540257,14.829155313145039,3.0541645143911065e-11,COMPLETE
2940,0.0882,0.7884877354065299,7.296565715563787,6.641926976422129,2661.553121751245,1.2594502646806938,17.543999742650467,8.720647859508846e-11,COMPLETE
2941,0.0737,0.5034961257897101,5.731982349794745,6.641926976422129,0.07261268023359602,0.002715779323585613,8.213868348493142,8.564477591299451e-11,COMPLETE
2942,0.0962,0.5777083673568595,5.553661359325831,5.589694692662951,123.52077947060401,51.0531204742495,0.11060646004395691,5.432263014140687e-13,COMPLETE
2943,0.0693,0.34595368277884575,0.9344134123976388,2.858528268036987,0.07261268023359602,0.12480776742786713,5.192615578479196,8.720647859508846e-11,COMPLETE
2944,0.0492,0.20602426052391284,3.0455122299916,1.0726049388472807,0.07261268023359602,51.0531204742495,5.192615578479196,5.521087576123659e-10,COMPLETE
2945,0.09125,0.5565512707663903,6.943625321882633,8.741900816624833,0.0396034836926786,0.06857317261521613,14.732118064935978,2.2563515925025537e-09,COMPLETE
2946,0.06445,0.3253016816864528,6.019990742215804,1.2997368745646833,0.014162338396506723,51.0531204742495,3.6008094906658137,5.432263014140687e-13,COMPLETE
2947,0.11915,0.8023951019530677,6.943625321882633,6.875144787901625,3090.9457533461396,0.06857317261521613,0.764092524644605,3.407169759582504e-13,COMPLETE
2948,0.06745,0.5262501375488791,7.051402036894628,3.9944594338373487,0.07261268023359602,12.447573433926904,8.213868348493142,5.314026320276268e-08,COMPLETE
2949,0.1296,0.7832399980262212,4.958426658725357,8.359124144204223,3090.9457533461396,0.05564315315248067,2.5245438758434986,5.74712740448976e-11,COMPLETE
2950,0.07475,0.6323480928251218,4.561553551310174,6.875144787901625,208.22607295194175,107.59872434463156,34.574222073764446,8.720647859508846e-11,COMPLETE
2951,0.07605,0.723889925511983,7.296565715563787,7.242098619980624,0.4634053899763641,186.9306125540257,34.574222073764446,8.720647859508846e-11,COMPLETE
2952,0.09135,0.5554172329251391,3.7523591558107,2.5835726308459726,157.17992421256133,0.08755680934938086,0.49106969850296894,5.314026320276268e-08,COMPLETE
2953,0.13105,0.7787733013525034,6.103623020551158,9.890916012877245,3090.9457533461396,0.3710234766141632,80.46577679760097,3.649569116806477e-06,COMPLETE
2954,0.09505,0.5852704339320925,4.3548083271808515,4.587947884382943,1408.0473461401073,107.59872434463156,3.6008094906658137,3.649569116806477e-06,COMPLETE
2955,0.07025,0.4744648548495412,4.958426658725357,1.6457958028356416,2661.553121751245,1.2594502646806938,17.543999742650467,8.720647859508846e-11,COMPLETE
2956,0.07515,0.4010992043528137,4.958426658725357,2.2991799521485987,0.4634053899763641,110.16646134717259,0.029900114354307967,3.0541645143911065e-11,COMPLETE
2957,0.08475,0.5874759783780371,4.3548083271808515,9.890916012877245,12.412723646412944,107.59872434463156,0.764092524644605,3.649569116806477e-06,COMPLETE
2958,0.07625,0.6390837963982626,5.719667260978259,2.2991799521485987,208.22607295194175,0.009707433566872849,0.01777158201797886,3.787929895519139e-07,COMPLETE
2959,0.0975,0.6250976698490803,4.797597292147365,7.8078637347278095,1.8442663426239594,4.006173959705789,0.013450417474121366,1.9043961097477443e-12,COMPLETE
2960,0.069,0.6732522685044647,6.943625321882633,8.359124144204223,0.4634053899763641,0.04987962248219568,0.10389219082791032,7.242135537625552e-11,COMPLETE
2961,0.06785,0.4019247197137689,4.958426658725357,7.242098619980624,0.4634053899763641,0.047570004104159534,34.574222073764446,1.9897264125379086e-06,COMPLETE
2962,0.06915,0.5008569074445752,5.989976616159035,3.786492049701135,1.8442663426239594,0.06857317261521613,0.38995672138750787,1.9043961097477443e-12,COMPLETE
2963,0.0794,0.5556132330667796,6.019990742215804,6.875144787901625,17.425738454511656,0.5362196401258538,0.010490863545892863,3.787929895519139e-07,COMPLETE
2964,0.0845,0.6073786715995848,6.019990742215804,2.0125117687940897,7843.277665583187,0.06857317261521613,59.2437895529571,1.9043961097477443e-12,COMPLETE
2965,0.10575,0.48749874894958145,6.351039989269435,1.0726049388472807,39.667117927993445,0.0023186089060088155,34.574222073764446,3.0541645143911065e-11,COMPLETE
2966,0.09695,0.5434096040193912,4.958426658725357,7.242098619980624,0.4634053899763641,107.59872434463156,0.3732589016185397,3.649569116806477e-06,COMPLETE
2967,0.0729,0.4245515964622179,6.019990742215804,3.786492049701135,123.52077947060401,46.36020462591735,96.24116336963212,1.9043961097477443e-12,COMPLETE
2968,0.09185,0.6021020725765283,4.958426658725357,3.001351709208302,3090.9457533461396,0.047570004104159534,3.6008094906658137,3.0541645143911065e-11,COMPLETE
2969,0.09145,0.30622938009047684,4.958426658725357,8.359124144204223,2.2526238626393873,186.9306125540257,0.01777158201797886,8.720647859508846e-11,COMPLETE
2970,0.06355,0.5207932285360681,4.063243551126034,8.359124144204223,0.4634053899763641,0.06857317261521613,3.6008094906658137,3.787929895519139e-07,COMPLETE
2971,0.08385,0.6677188374851722,7.296565715563787,6.641926976422129,4623.063661947156,51.0531204742495,3.6008094906658137,8.720647859508846e-11,COMPLETE
2972,0.0825,0.6867277879321543,4.958426658725357,8.359124144204223,0.4634053899763641,546.754814234046,3.6008094906658137,1.4878383888020032e-09,COMPLETE
2973,0.07755,0.5832399174407178,6.019990742215804,7.8078637347278095,0.1784805460542277,0.5362196401258538,0.764092524644605,1.9043961097477443e-12,COMPLETE
2974,0.0867,0.1677085406516002,4.958426658725357,2.6338329439397503,208.22607295194175,1.5630282565660134,0.01777158201797886,3.9694167750317793e-10,COMPLETE
2975,0.11525,0.7566617900334248,7.051402036894628,6.657012918864452,2661.553121751245,1.2594502646806938,8.213868348493142,8.720647859508846e-11,COMPLETE
2976,0.12605,0.6978355696745929,6.605976389174058,6.641926976422129,3090.9457533461396,0.12480776742786713,0.01777158201797886,8.720647859508846e-11,COMPLETE
2977,0.07325,0.4821900690197971,3.0436911178636703,6.875144787901625,0.05328731492876548,0.009707433566872849,0.01777158201797886,2.6997945512146016e-12,COMPLETE
2978,0.09405,0.5756908941476381,4.050574348074197,8.359124144204223,0.07261268023359602,186.9306125540257,0.47889133054056904,3.0541645143911065e-11,COMPLETE
2979,0.05745,0.3772535647565472,5.686980021608849,2.5118580794078285,1.9562826277387932,3.858204027730059,59.2437895529571,3.649569116806477e-06,COMPLETE
2980,0.08205,0.5398981023804786,7.051402036894628,7.735543210156174,0.4634053899763641,546.754814234046,0.010117774078155787,7.242135537625552e-11,COMPLETE
2981,0.05935,0.17898636328477613,4.958426658725357,1.0431522198915197,2.2526238626393873,2.597475787876902,3.6008094906658137,3.486112052783129e-07,COMPLETE
2982,0.0692,0.3437757971885498,6.943625321882633,1.3526137167003873,117.1431400919642,107.59872434463156,8.213868348493142,5.141999353078551e-12,COMPLETE
2983,0.07965,0.4790840947831234,4.958426658725357,8.359124144204223,0.4634053899763641,0.0306665030332658,2.606433764399818,1.7411112824373338e-14,COMPLETE
2984,0.049,0.37393197832651365,7.051402036894628,1.7519510271087413,1.8442663426239594,4.006173959705789,0.764092524644605,3.9694167750317793e-10,COMPLETE
2985,0.0622,0.274164097045835,7.051402036894628,1.92234223221403,3090.9457533461396,168.65252268697844,0.764092524644605,3.9694167750317793e-10,COMPLETE
2986,0.07035,0.47314984045355585,4.335111916469993,3.1788912454430323,2.2526238626393873,51.0531204742495,17.543999742650467,7.242135537625552e-11,COMPLETE
2987,0.0471,0.25779720624987484,5.719667260978259,2.2991799521485987,0.016767417635497637,546.754814234046,0.01777158201797886,9.019468494411974e-10,COMPLETE
2988,0.0604,0.2677631875084267,6.943625321882633,1.0726049388472807,0.4634053899763641,0.25120310711993427,0.010117774078155787,1.5335060532903536e-12,COMPLETE
2989,0.07345,0.35220009431352933,3.7523591558107,2.2991799521485987,0.016767417635497637,110.16646134717259,0.04082369646290137,1.7411112824373338e-14,COMPLETE
2990,0.0831,0.7086900385946797,3.0455122299916,6.641926976422129,13.828730390434488,0.05585065306581504,0.01777158201797886,8.720647859508846e-11,COMPLETE
2991,0.0854,0.4496712331252709,3.539717029391642,3.786492049701135,208.22607295194175,28.830383153655113,12.549082694764847,3.787929895519139e-07,COMPLETE
2992,0.08535,0.6831589389175747,6.793677893254215,6.875144787901625,0.11977546121708568,107.59872434463156,0.49106969850296894,8.564477591299451e-11,COMPLETE
2993,0.0564,0.14465904558095938,3.6908628528935363,1.0726049388472807,1.8959850785473207,546.754814234046,0.010117774078155787,7.242135537625552e-11,COMPLETE
2994,0.0432,0.20613129916712322,7.051402036894628,1.0726049388472807,2.2526238626393873,51.0531204742495,8.213868348493142,5.432263014140687e-13,COMPLETE
2995,0.06455,0.41677177726344933,6.943625321882633,3.352073087367006,12.412723646412944,0.4878712301792302,8.213868348493142,1.4055066414463557e-09,COMPLETE
2996,0.12005,0.6234780226072557,2.742989193136845,6.641926976422129,2661.553121751245,0.12480776742786713,17.543999742650467,8.720647859508846e-11,COMPLETE
2997,0.08865,0.5144154383747098,4.3548083271808515,7.963877857134937,12.412723646412944,107.59872434463156,0.023670778268348448,3.017144037340024e-11,COMPLETE
2998,0.07905,0.7204926166236176,4.958426658725357,8.359124144204223,0.5885162507720038,186.9306125540257,38.87449484638644,4.3334931718639683e-13,COMPLETE
2999,0.0488,0.2649042833370447,3.990338884399572,1.2997368745646833,0.014162338396506723,186.9306125540257,0.0247605531247782,2.1700503508370113e-12,COMPLETE
3000,0.07425,0.5688744956493609,4.3548083271808515,6.641926976422129,12.412723646412944,0.12480776742786713,2.1202491143863678,8.720647859508846e-11,COMPLETE
3001,0.08305,0.5774081116256607,4.958426658725357,6.641926976422129,0.4634053899763641,186.9306125540257,0.01777158201797886,3.0541645143911065e-11,COMPLETE
3002,0.0569,0.39418468284669045,7.051402036894628,1.7519510271087413,0.10252869479466159,168.65252268697844,0.20815727630209424,3.9694167750317793e-10,COMPLETE
3003,0.0821,0.5144828635071708,2.8467952672042545,3.786492049701135,123.52077947060401,51.0531204742495,4.230818933588808,1.5335060532903536e-12,COMPLETE
3004,0.0903,0.5308175078808909,6.019990742215804,3.786492049701135,123.52077947060401,51.0531204742495,12.549082694764847,1.9043961097477443e-12,COMPLETE
3005,0.06685,0.3084836116142705,6.261978494269899,1.7519510271087413,3.12609369175017,168.65252268697844,0.01777158201797886,3.9694167750317793e-10,COMPLETE
3006,0.04105,0.231034758438846,6.019990742215804,1.2997368745646833,0.014162338396506723,5.054984284069897,76.57127726580364,1.621364679176634e-08,COMPLETE
3007,0.06155,0.30614865301955735,1.2966705120401536,1.7519510271087413,1.8442663426239594,5.054984284069897,0.764092524644605,4.2283552534053504e-10,COMPLETE
3008,0.05765,0.35854041082653487,6.7589086543418615,1.7519510271087413,208.22607295194175,5.054984284069897,76.57127726580364,1.621364679176634e-08,COMPLETE
3009,0.1244,0.6317323390793292,5.686980021608849,6.875144787901625,7843.277665583187,0.1013397086496358,29.40002757654965,4.331365543927414e-05,COMPLETE
3010,0.055,0.20445080102804877,6.351039989269435,1.0726049388472807,12.412723646412944,107.59872434463156,48.487212954063764,3.649569116806477e-06,COMPLETE
3011,0.04255,0.18180120841266256,3.0455122299916,1.0726049388472807,0.07261268023359602,51.0531204742495,5.192615578479196,3.0541645143911065e-11,COMPLETE
3012,0.07235,0.5415240946558401,7.296565715563787,6.641926976422129,0.6975592224319972,0.12480776742786713,37.43260591190213,9.438855399006825e-13,COMPLETE
3013,0.09335,0.6454082026654555,2.8467952672042545,8.359124144204223,0.016767417635497637,51.0531204742495,4.230818933588808,1.5335060532903536e-12,COMPLETE
3014,0.1371,0.6710039843535532,4.050574348074197,6.641926976422129,6927.361692467501,0.004569612957571183,0.23244612836316475,8.720647859508846e-11,COMPLETE
3015,0.0513,0.2558007497198181,4.3548083271808515,1.3526137167003873,12.412723646412944,107.59872434463156,59.2437895529571,3.649569116806477e-06,COMPLETE
3016,0.09435,0.3423973489148596,7.296565715563787,6.641926976422129,208.22607295194175,2.26601025464128,0.049058885095231014,1.7801360778186332e-13,COMPLETE
3017,0.09085,0.3752644363723658,0.15500604470103163,3.9944594338373487,208.22607295194175,0.05564315315248067,0.49106969850296894,5.314026320276268e-08,COMPLETE
3018,0.03635,0.056876321738589794,6.943625321882633,1.0726049388472807,0.4634053899763641,546.754814234046,0.010117774078155787,1.2193589546229647e-06,COMPLETE
3019,0.0423,0.1412826869838949,4.878579683671481,1.0726049388472807,0.4634053899763641,546.754814234046,0.010117774078155787,1.7411112824373338e-14,COMPLETE
3020,0.09115,0.6283213721206014,7.296565715563787,6.641926976422129,2.2526238626393873,321.7121317531193,0.9152151279393436,5.432263014140687e-13,COMPLETE
3021,0.0774,0.5191930954635935,3.7523591558107,2.2991799521485987,0.4634053899763641,186.9306125540257,3.6008094906658137,3.0541645143911065e-11,COMPLETE
3022,0.0957,0.740597169961156,6.943625321882633,9.890916012877245,3.9227007475742597,0.047570004104159534,0.010117774078155787,3.407169759582504e-13,COMPLETE
3023,0.05795,0.5943897818029803,7.051402036894628,6.875144787901625,0.07261268023359602,0.08143726543969673,1.1961286443235215,8.564477591299451e-11,COMPLETE
3024,0.07065,0.3180759431088507,3.7523591558107,2.2991799521485987,0.016767417635497637,186.9306125540257,0.0247605531247782,3.811801850956625e-07,COMPLETE
3025,0.08955,0.6025327899655474,4.958426658725357,4.669073476972259,0.4634053899763641,186.9306125540257,8.377656019968489,5.432263014140687e-13,COMPLETE
3026,0.1209,0.727636134597775,3.431122758012251,9.890916012877245,3090.9457533461396,0.047570004104159534,3.6008094906658137,5.155691699370229e-11,COMPLETE
3027,0.0881,0.5238482993637563,6.943625321882633,1.0726049388472807,3090.9457533461396,0.047570004104159534,34.574222073764446,3.913765134521587e-09,COMPLETE
3028,0.0824,0.5664400941028793,5.719667260978259,8.359124144204223,2.2526238626393873,1.5630282565660134,0.01777158201797886,3.787929895519139e-07,COMPLETE
3029,0.0609,0.5663941066613818,6.993650592963765,8.359124144204223,0.4634053899763641,0.047570004104159534,9.803354434153366,8.538330940335202e-10,COMPLETE
3030,0.04705,0.3591026439092314,4.502224465201926,1.7696567832139993,0.4634053899763641,186.9306125540257,34.574222073764446,7.242135537625552e-11,COMPLETE
3031,0.06345,0.3645932348646308,7.296565715563787,6.641926976422129,0.6975592224319972,0.12480776742786713,0.01777158201797886,4.63057968945613e-06,COMPLETE
3032,0.09955,0.7753816356358403,7.296565715563787,6.641926976422129,2661.553121751245,0.08755680934938086,17.543999742650467,8.720647859508846e-11,COMPLETE
3033,0.0926,0.746955696312535,4.7736572224384215,6.875144787901625,123.52077947060401,0.05564315315248067,0.3359486683616324,3.787929895519139e-07,COMPLETE
3034,0.0816,0.5551303266497687,6.943625321882633,5.00279323523331,11.448005569377315,546.754814234046,0.9969236117151901,7.242135537625552e-11,COMPLETE
3035,0.0867,0.4478430125531484,3.7523591558107,2.2991799521485987,0.016767417635497637,110.16646134717259,2.606433764399818,1.7411112824373338e-14,COMPLETE
3036,0.0574,0.6221952227658694,7.296565715563787,6.641926976422129,0.4634053899763641,546.754814234046,0.010117774078155787,2.556898659242752e-09,COMPLETE
3037,0.0597,0.4264508757823158,4.958426658725357,2.2991799521485987,102.04180843226429,110.16646134717259,34.574222073764446,3.649569116806477e-06,COMPLETE
3038,0.06055,0.22142927171910123,6.589661925344712,1.0726049388472807,0.014162338396506723,546.754814234046,0.0247605531247782,1.7411112824373338e-14,COMPLETE
3039,0.0781,0.38456606146685307,5.784649915401724,2.5118580794078285,520.2465809287762,3.858204027730059,59.2437895529571,1.0625479794557944e-12,COMPLETE
3040,0.097,0.585389528233404,4.958426658725357,8.359124144204223,19.342543750309552,186.9306125540257,3.6008094906658137,5.432263014140687e-13,COMPLETE
3041,0.07565,0.16686300677107738,4.958426658725357,6.641926976422129,0.4634053899763641,0.01212912250710833,34.574222073764446,3.649569116806477e-06,COMPLETE
3042,0.09415,0.6001072360990852,4.958426658725357,8.359124144204223,2.2526238626393873,186.9306125540257,3.6008094906658137,5.432263014140687e-13,COMPLETE
3043,0.0902,0.5779795329763936,4.335111916469993,3.1788912454430323,2661.553121751245,2.633407966894005,17.543999742650467,7.242135537625552e-11,COMPLETE
3044,0.0841,0.46998974347036593,3.7523591558107,2.2991799521485987,0.4634053899763641,73.78714261474524,2.606433764399818,3.0092675819548274e-09,COMPLETE
3045,0.0666,0.6958852256014634,7.296565715563787,7.242098619980624,12.412723646412944,107.59872434463156,34.574222073764446,8.720647859508846e-11,COMPLETE
3046,0.0697,0.1751007069782183,1.520996305155551,1.0047893576511282,0.07261268023359602,0.4878712301792302,3.6008094906658137,8.564477591299451e-11,COMPLETE
3047,0.0932,0.42917420550345486,3.538120518087475,2.5118580794078285,0.016767417635497637,3.858204027730059,0.01777158201797886,9.787752692175531e-12,COMPLETE
3048,0.07935,0.5006518862981287,3.7523591558107,6.875144787901625,0.016767417635497637,0.06857317261521613,2.606433764399818,1.7411112824373338e-14,COMPLETE
3049,0.07215,0.5315265530599278,4.958426658725357,8.359124144204223,2.2526238626393873,1.5630282565660134,3.6008094906658137,3.407169759582504e-13,COMPLETE
3050,0.0728,0.45219305594189263,4.958426658725357,4.0649988019231795,0.4634053899763641,1.5630282565660134,3.6008094906658137,3.0541645143911065e-11,COMPLETE
3051,0.11095,0.8075016405390903,4.958426658725357,8.359124144204223,3090.9457533461396,0.047570004104159534,0.04082369646290137,1.9897264125379086e-06,COMPLETE
3052,0.06835,0.4836310465186149,5.719667260978259,2.2991799521485987,0.4634053899763641,186.9306125540257,0.6337920145175072,8.720647859508846e-11,COMPLETE
3053,0.10165,0.7338820289748622,7.296565715563787,6.641926976422129,2661.553121751245,1.8787628267607772,17.543999742650467,8.720647859508846e-11,COMPLETE
3054,0.06695,0.4959963016683003,7.051402036894628,3.9944594338373487,1.7797043208297876,0.08755680934938086,0.49106969850296894,5.314026320276268e-08,COMPLETE
3055,0.1006,0.7537527223852932,7.051402036894628,6.641926976422129,123.52077947060401,0.06857317261521613,0.4912574246087369,8.720647859508846e-11,COMPLETE
3056,0.1116,0.8044426315317199,5.989980302739056,6.875144787901625,208.22607295194175,0.08755680934938086,0.49106969850296894,1.6084205984023787e-09,COMPLETE
3057,0.08075,0.6517906985411883,7.051402036894628,9.890916012877245,2.61457390747854,0.1020295033627048,0.764092524644605,2.3093843536388006e-14,COMPLETE
3058,0.0811,0.5957253415331312,5.686980021608849,6.875144787901625,38.97957172318068,51.0531204742495,4.465927792408854,4.331365543927414e-05,COMPLETE
3059,0.07785,0.4627611551371424,3.7523591558107,2.2991799521485987,0.016767417635497637,110.16646134717259,2.606433764399818,1.7411112824373338e-14,COMPLETE
3060,0.07985,0.5798960807429785,3.7523591558107,2.6713224864147453,3090.9457533461396,0.05564315315248067,2.606433764399818,3.407169759582504e-13,COMPLETE
3061,0.07475,0.608327598171747,5.719667260978259,6.123186793431442,1.7888070172409776,110.16646134717259,2.5245438758434986,3.407169759582504e-13,COMPLETE
3062,0.0774,0.285608928260683,0.5184899169586471,8.474660745890287,2661.553121751245,1.2594502646806938,17.543999742650467,5.629158556163791e-05,COMPLETE
3063,0.0678,0.4944663852775757,7.491453905458799,6.875144787901625,0.010282031544734033,0.06857317261521613,25.57861321370037,3.787929895519139e-07,COMPLETE
3064,0.09175,0.620668947256872,4.958426658725357,8.359124144204223,0.4634053899763641,186.9306125540257,1.9411956470096499,5.521087576123659e-10,COMPLETE
3065,0.0989,0.6340913487032281,1.2409685006132725,6.875144787901625,208.22607295194175,0.1013397086496358,0.01777158201797886,3.787929895519139e-07,COMPLETE
3066,0.10315,0.5591433717552596,2.8467952672042545,4.9550176355058975,0.016767417635497637,51.0531204742495,4.230818933588808,9.787752692175531e-12,COMPLETE
3067,0.04635,0.17663657902318486,6.351039989269435,1.0726049388472807,12.412723646412944,107.59872434463156,34.574222073764446,3.0541645143911065e-11,COMPLETE
3068,0.10575,0.7509989229084941,5.439590829177734,9.890916012877245,44.04639235187185,0.047570004104159534,0.764092524644605,3.407169759582504e-13,COMPLETE
3069,0.07765,0.3441367214407362,5.553661359325831,2.250249749177473,2.2526238626393873,10.543778290730046,0.010117774078155787,5.432263014140687e-13,COMPLETE
3070,0.04035,0.2850455708312871,4.3548083271808515,1.3526137167003873,12.412723646412944,4.006173959705789,0.764092524644605,3.649569116806477e-06,COMPLETE
3071,0.08665,0.633275266512868,7.296565715563787,6.641926976422129,2661.553121751245,186.9306125540257,3.6008094906658137,3.0541645143911065e-11,COMPLETE
3072,0.06585,0.5046230007628701,7.051402036894628,7.867052929041814,0.07261268023359602,0.004569612957571183,31.35538968094344,3.0092675819548274e-09,COMPLETE
3073,0.12945,0.39873966235668823,5.686980021608849,6.875144787901625,3090.9457533461396,0.047570004104159534,59.2437895529571,4.331365543927414e-05,COMPLETE
3074,0.05255,0.24889643536756006,4.919191671993809,1.0726049388472807,0.07261268023359602,107.59872434463156,5.192615578479196,4.37766113448285e-14,COMPLETE
3075,0.0749,0.49792433410198955,3.7523591558107,2.2991799521485987,0.016767417635497637,110.16646134717259,2.606433764399818,1.7411112824373338e-14,COMPLETE
3076,0.05315,0.11927622576944316,6.943625321882633,1.0726049388472807,11.794713729794676,546.754814234046,0.010117774078155787,3.407169759582504e-13,COMPLETE
3077,0.07755,0.6614958555105187,4.958426658725357,7.242098619980624,0.4634053899763641,186.9306125540257,34.574222073764446,3.649569116806477e-06,COMPLETE
3078,0.04895,0.25525866787478874,4.797597292147365,1.0726049388472807,1.8442663426239594,12.897322981045999,0.764092524644605,3.0541645143911065e-11,COMPLETE
3079,0.04895,0.25348243587060804,5.553661359325831,1.0726049388472807,123.52077947060401,51.0531204742495,3.6008094906658137,1.9043961097477443e-12,COMPLETE
3080,0.0629,0.4755200120466514,7.296565715563787,2.2625915975907906,0.6975592224319972,3.858204027730059,0.236773388314481,2.1811143402963018e-10,COMPLETE
3081,0.0489,0.3583314119719853,7.296565715563787,1.3526137167003873,12.412723646412944,546.754814234046,34.574222073764446,5.416904860289747e-11,COMPLETE
3082,0.06695,0.5775018627290646,6.019990742215804,7.8078637347278095,0.1784805460542277,0.5362196401258538,3.6008094906658137,1.9043961097477443e-12,COMPLETE
3083,0.08725,0.5472069070583349,6.019990742215804,3.3947155241687095,0.016767417635497637,2.991400068411949,0.0247605531247782,3.811801850956625e-07,COMPLETE
3084,0.0695,0.54625260097123,7.296565715563787,6.641926976422129,1.9562826277387932,3.858204027730059,5.401948879414502,8.720647859508846e-11,COMPLETE
3085,0.08275,0.5066941370443548,6.943625321882633,6.641926976422129,0.17342154773882928,546.754814234046,0.010117774078155787,1.7411112824373338e-14,COMPLETE
3086,0.03765,0.3002564080860578,3.7523591558107,1.0726049388472807,0.4634053899763641,110.16646134717259,2.606433764399818,1.7411112824373338e-14,COMPLETE
3087,0.0874,0.6585148682516621,7.296565715563787,8.741900816624833,110.83491428020417,1.2594502646806938,14.732118064935978,2.2563515925025537e-09,COMPLETE
3088,0.1039,0.7930847133991585,4.797597292147365,9.890916012877245,3090.9457533461396,0.2330020660836358,2.5245438758434986,3.407169759582504e-13,COMPLETE
3089,0.0914,0.6482153781929002,3.373615117615811,6.875144787901625,7843.277665583187,51.0531204742495,4.230818933588808,1.5335060532903536e-12,COMPLETE
3090,0.13575,0.7818661132388118,7.0974380630891005,9.890916012877245,736.7795568350219,0.047570004104159534,11.478928737247317,1.9966806761522345e-07,COMPLETE
3091,0.07325,0.6369118373447271,7.296565715563787,7.242098619980624,0.4634053899763641,51.0531204742495,34.574222073764446,5.432263014140687e-13,COMPLETE
3092,0.10125,0.7438379229793821,5.439590829177734,9.890916012877245,2.2526238626393873,0.0016193856664091604,3.6008094906658137,1.4235765094888543e-11,COMPLETE
3093,0.0966,0.5413149812638146,0.8803308152506976,6.875144787901625,3090.9457533461396,0.05564315315248067,2.5245438758434986,3.787929895519139e-07,COMPLETE
3094,0.0688,0.47134033059586483,5.686980021608849,8.359124144204223,2.2526238626393873,1.5630282565660134,3.6008094906658137,4.331365543927414e-05,COMPLETE
3095,0.1026,0.6851261407865512,2.800103772175598,6.875144787901625,208.22607295194175,0.009707433566872849,3.6008094906658137,1.9043961097477443e-12,COMPLETE
3096,0.1006,0.6345160409279536,6.943625321882633,8.741900816624833,245.49236668784027,1.2594502646806938,17.543999742650467,1.9419267250355348e-05,COMPLETE
3097,0.05335,0.3501886719431504,5.686980021608849,1.545374644348314,208.22607295194175,4.353391096801158,0.49106969850296894,5.314026320276268e-08,COMPLETE
3098,0.05765,0.32775259218202785,4.958426658725357,1.7519510271087413,0.4623350472547507,4.006173959705789,0.764092524644605,4.3939188097366557e-13,COMPLETE
3099,0.09205,0.6667246047471133,7.051402036894628,6.875144787901625,123.52077947060401,22.698439677423348,0.11060646004395691,5.521087576123659e-10,COMPLETE
3100,0.0824,0.2558349807970418,7.296565715563787,1.3526137167003873,8.104982809516967,0.047570004104159534,0.764092524644605,3.649569116806477e-06,COMPLETE
3101,0.0452,0.29672744494610853,6.351039989269435,1.0726049388472807,12.412723646412944,107.59872434463156,5.192615578479196,3.0541645143911065e-11,COMPLETE
3102,0.05415,0.25250716549422486,5.553661359325831,1.0726049388472807,1.9562826277387932,51.0531204742495,3.6008094906658137,2.1811143402963018e-10,COMPLETE
3103,0.0891,0.6731001107926713,7.296565715563787,6.641926976422129,12.412723646412944,107.59872434463156,34.574222073764446,8.720647859508846e-11,COMPLETE
3104,0.08125,0.732598406150564,6.943625321882633,4.545222532641744,3090.9457533461396,7.448518234422106,2.5245438758434986,8.720647859508846e-11,COMPLETE
3105,0.09725,0.6833717587881615,7.051402036894628,6.875144787901625,208.22607295194175,0.1013397086496358,0.01777158201797886,3.787929895519139e-07,COMPLETE
3106,0.10355,0.19239983897123772,5.686980021608849,3.9944594338373487,208.22607295194175,0.08755680934938086,0.49106969850296894,6.078590177705195e-05,COMPLETE
3107,0.071,0.6459097037768845,4.958426658725357,8.359124144204223,0.4634053899763641,186.9306125540257,3.6008094906658137,3.0541645143911065e-11,COMPLETE
3108,0.05255,0.11666663185547375,0.12278931060236471,1.3526137167003873,12.412723646412944,0.047570004104159534,0.04082369646290137,1.9897264125379086e-06,COMPLETE
3109,0.0835,0.4582057882707927,7.296565715563787,6.875144787901625,0.07261268023359602,0.017272545824456496,0.764092524644605,1.5489801067199488e-13,COMPLETE
3110,0.08035,0.5627146436921103,7.296565715563787,6.641926976422129,0.6975592224319972,1.5630282565660134,3.6008094906658137,8.720647859508846e-11,COMPLETE
3111,0.0658,0.39627996854448627,6.943625321882633,3.352073087367006,0.07261268023359602,0.4878712301792302,17.543999742650467,8.564477591299451e-11,COMPLETE
3112,0.0837,0.4652296541392368,4.050574348074197,8.706371283670823,0.07261268023359602,186.9306125540257,0.0247605531247782,3.811801850956625e-07,COMPLETE
3113,0.107,0.7231572959214421,5.719667260978259,4.141581436780047,208.22607295194175,0.004569612957571183,0.019886457257985924,3.0092675819548274e-09,COMPLETE
3114,0.0756,0.5417913303728883,4.050574348074197,8.591428298782967,1.8442663426239594,33.597584423752544,76.57127726580364,7.317541150657651e-08,COMPLETE
3115,0.0932,0.6239962728755657,7.051402036894628,6.641926976422129,12.412723646412944,13.523850146502149,0.11060646004395691,8.720647859508846e-11,COMPLETE
3116,0.07505,0.5611718705339653,7.051402036894628,6.875144787901625,0.07261268023359602,0.08143726543969673,1.1961286443235215,8.564477591299451e-11,COMPLETE
3117,0.08235,0.40225931812748184,1.0131624195792268,7.242098619980624,0.0914533493387556,186.9306125540257,0.021329900540422747,8.720647859508846e-11,COMPLETE
3118,0.0867,0.6480685714730553,7.296565715563787,6.641926976422129,0.17786916011243956,186.9306125540257,34.574222073764446,8.720647859508846e-11,COMPLETE
3119,0.10635,0.84542404200601,6.943625321882633,9.890916012877245,3090.9457533461396,0.06857317261521613,0.11060646004395691,3.407169759582504e-13,COMPLETE
3120,0.0773,0.4763833774715067,3.1375953631216134,5.751620494688234,0.07261268023359602,0.004569612957571183,0.01777158201797886,8.720647859508846e-11,COMPLETE
3121,0.08035,0.40707463849986864,6.019990742215804,3.786492049701135,0.07261268023359602,0.06857317261521613,12.549082694764847,5.521087576123659e-10,COMPLETE
3122,0.06725,0.5496628419165459,4.958426658725357,8.913001367100188,0.4634053899763641,0.06857317261521613,3.6008094906658137,3.0541645143911065e-11,COMPLETE
3123,0.04775,0.3012908021792642,5.553661359325831,1.0726049388472807,123.52077947060401,51.0531204742495,0.3359486683616324,1.3517403907756707e-05,COMPLETE
3124,0.082,0.6359154691377171,5.719667260978259,6.875144787901625,2.2526238626393873,51.0531204742495,3.6008094906658137,5.432263014140687e-13,COMPLETE
3125,0.091,0.5768631475212571,6.702208489974324,1.8844116820984895,208.22607295194175,0.03189869274527535,0.04082369646290137,1.9897264125379086e-06,COMPLETE
3126,0.07605,0.4992700404718008,7.051402036894628,1.2997368745646833,208.22607295194175,0.08755680934938086,0.49106969850296894,3.811801850956625e-07,COMPLETE
3127,0.0755,0.5541112309589187,7.051402036894628,3.9944594338373487,208.22607295194175,107.59872434463156,0.49106969850296894,5.314026320276268e-08,COMPLETE
3128,0.09925,0.550292991436159,4.958426658725357,2.6338329439397503,208.22607295194175,0.12480776742786713,0.011740513625506419,3.787929895519139e-07,COMPLETE
3129,0.05645,0.34995218453192795,6.019990742215804,1.2997368745646833,0.07261268023359602,186.9306125540257,1.1961286443235215,3.0092675819548274e-09,COMPLETE
3130,0.07315,0.1825194775875097,5.686980021608849,6.641926976422129,11.15660151252111,0.12480776742786713,0.01777158201797886,4.331365543927414e-05,COMPLETE
3131,0.0851,0.6326823394221115,5.021939852878219,6.875144787901625,13.078104640973018,0.02406173609106344,31.644168567853146,7.242135537625552e-11,COMPLETE
3132,0.09615,0.7233449884395784,6.943625321882633,5.2516723694102945,123.52077947060401,0.06857317261521613,65.23565349123191,2.2563515925025537e-09,COMPLETE
3133,0.0831,0.6248728187635696,5.553661359325831,6.641926976422129,0.4634053899763641,51.0531204742495,3.6008094906658137,5.432263014140687e-13,COMPLETE
3134,0.0817,0.45873915710879065,3.7523591558107,2.2991799521485987,0.016767417635497637,110.16646134717259,0.39295021579876827,1.7411112824373338e-14,COMPLETE
3135,0.07885,0.5258066171234115,2.8467952672042545,3.3801923275388828,0.4634053899763641,51.0531204742495,4.230818933588808,3.649569116806477e-06,COMPLETE
3136,0.06865,0.549701721908454,7.296565715563787,4.221736324979451,1.8442663426239594,107.59872434463156,34.574222073764446,8.720647859508846e-11,COMPLETE
3137,0.0827,0.30115021553934684,4.958426658725357,7.242098619980624,0.4634053899763641,186.9306125540257,0.9610670726507721,0.00030150775348059087,COMPLETE
3138,0.1023,0.5659575254849728,7.296565715563787,6.641926976422129,0.4634053899763641,0.804977220116266,0.01777158201797886,2.556898659242752e-09,COMPLETE
3139,0.1162,0.7671809612098638,7.051402036894628,6.875144787901625,208.22607295194175,0.08755680934938086,7.032502368068423,8.564477591299451e-11,COMPLETE
3140,0.11195,0.6327677889616713,7.14439053063274,6.641926976422129,3090.9457533461396,107.59872434463156,2.5245438758434986,1.973389399147103e-10,COMPLETE
3141,0.0583,0.35134357773672503,5.256336582294931,1.7519510271087413,1.8442663426239594,0.1013397086496358,0.01777158201797886,3.407169759582504e-13,COMPLETE
3142,0.06565,0.5012619042367533,4.797597292147365,3.352073087367006,0.07261268023359602,4.006173959705789,0.764092524644605,3.407169759582504e-13,COMPLETE
3143,0.10015,0.45533657453711224,7.004260453255224,6.875144787901625,7843.277665583187,3.858204027730059,0.057498235694246703,4.331365543927414e-05,COMPLETE
3144,0.07375,0.1442077119735972,7.296565715563787,6.641926976422129,541.141042164365,107.59872434463156,0.010490863545892863,8.720647859508846e-11,COMPLETE
3145,0.0692,0.3428907338238416,7.296565715563787,1.3156109894732353,12.412723646412944,0.047570004104159534,0.764092524644605,1.30750701313571e-13,COMPLETE
3146,0.0709,0.49154623873855247,6.943625321882633,6.641926976422129,0.4634053899763641,546.754814234046,0.010117774078155787,3.0092675819548274e-09,COMPLETE
3147,0.05445,0.2057052915424576,3.0455122299916,1.0726049388472807,43.66558736564637,51.0531204742495,5.192615578479196,5.521087576123659e-10,COMPLETE
3148,0.0945,0.21856673046866512,5.686980021608849,2.5118580794078285,5043.692398307794,3.858204027730059,0.01756669211777377,2.1811143402963018e-10,COMPLETE
3149,0.05705,0.383746063292943,7.491453905458799,1.3526137167003873,12.412723646412944,107.59872434463156,3.6008094906658137,3.787929895519139e-07,COMPLETE
3150,0.07495,0.6538170814530074,7.296565715563787,6.875144787901625,2661.553121751245,458.7849551273379,17.543999742650467,8.720647859508846e-11,COMPLETE
3151,0.06415,0.25455212215476,5.719667260978259,8.359124144204223,1.4398488076457587,186.9306125540257,0.010490863545892863,1.0223489283506998e-06,COMPLETE
3152,0.0748,0.6736105846281216,7.296565715563787,2.451080892092397,2661.553121751245,1.2594502646806938,17.543999742650467,8.720647859508846e-11,COMPLETE
3153,0.0994,0.6784099745296448,7.051402036894628,3.9944594338373487,123.52077947060401,0.08755680934938086,14.732118064935978,2.2563515925025537e-09,COMPLETE
3154,0.0864,0.39956218892046147,4.967171163073906,8.359124144204223,0.15755567662073067,0.047570004104159534,0.04082369646290137,1.9897264125379086e-06,COMPLETE
3155,0.09245,0.622921026731102,7.051402036894628,3.9944594338373487,208.22607295194175,107.59872434463156,0.49106969850296894,5.314026320276268e-08,COMPLETE
3156,0.057,0.2120743871469848,4.3548083271808515,1.3526137167003873,12.412723646412944,0.4878712301792302,8.213868348493142,3.649569116806477e-06,COMPLETE
3157,0.0813,0.11546716237512203,3.7523591558107,3.352073087367006,0.07261268023359602,110.16646134717259,2.606433764399818,0.005798044845157998,COMPLETE
3158,0.0638,0.44823029094867106,7.296565715563787,3.352073087367006,0.07261268023359602,0.4878712301792302,8.213868348493142,8.564477591299451e-11,COMPLETE
3159,0.08495,0.6396462071031478,7.051402036894628,8.359124144204223,123.52077947060401,1.5630282565660134,3.6008094906658137,3.0541645143911065e-11,COMPLETE
3160,0.09135,0.5919694381074361,3.7523591558107,3.786492049701135,0.016767417635497637,110.16646134717259,0.16402683257525486,1.9043961097477443e-12,COMPLETE
3161,0.0411,0.18000193562634392,3.7523591558107,1.0726049388472807,1.8442663426239594,5.054984284069897,76.57127726580364,1.621364679176634e-08,COMPLETE
3162,0.04745,0.2804150751423803,3.7523591558107,1.0726049388472807,0.4634053899763641,51.0531204742495,2.606433764399818,1.7411112824373338e-14,COMPLETE
3163,0.0838,0.21249472788019483,1.3268610707634088,3.786492049701135,7843.277665583187,0.06857317261521613,59.2437895529571,4.331365543927414e-05,COMPLETE
3164,0.1001,0.4943154267558291,6.943625321882633,8.359124144204223,0.4634053899763641,0.4878712301792302,86.74396564441875,8.564477591299451e-11,COMPLETE
3165,0.1035,0.8350526144188234,6.943625321882633,9.890916012877245,2661.553121751245,1.2594502646806938,2.5245438758434986,3.407169759582504e-13,COMPLETE
3166,0.0596,0.302726138575749,5.989976616159035,1.7519510271087413,0.4634053899763641,5.054984284069897,34.574222073764446,1.621364679176634e-08,COMPLETE
3167,0.0744,0.6156159182799941,4.797597292147365,9.890916012877245,1.8442663426239594,4.006173959705789,0.764092524644605,3.407169759582504e-13,COMPLETE
3168,0.07545,0.6076709264899554,4.958426658725357,7.242098619980624,0.016767417635497637,186.9306125540257,0.20835337630503112,1.7411112824373338e-14,COMPLETE
3169,0.1319,0.7013380656782678,6.943625321882633,4.032019209672144,3090.9457533461396,0.047570004104159534,0.764092524644605,3.407169759582504e-13,COMPLETE
3170,0.04185,0.09956282730087773,6.943625321882633,1.5399892431839914,0.4634053899763641,546.754814234046,0.010117774078155787,3.0092675819548274e-09,COMPLETE
3171,0.05645,0.23472925470416398,6.019990742215804,1.2321979650557722,25.58360732809137,3.858204027730059,59.2437895529571,1.9043961097477443e-12,COMPLETE
3172,0.092,0.5261936892770596,1.4405649868053443,9.890916012877245,12.412723646412944,0.047570004104159534,0.764092524644605,1.4001292636520742e-08,COMPLETE
3173,0.06855,0.0955271821423063,5.719667260978259,6.875144787901625,341.38905376472866,5.054984284069897,0.02546664824328765,3.787929895519139e-07,COMPLETE
3174,0.06965,0.46320269196554237,7.051402036894628,3.9944594338373487,2.2526238626393873,0.08755680934938086,3.6008094906658137,5.432263014140687e-13,COMPLETE
3175,0.07975,0.5715605798999089,5.719667260978259,9.890916012877245,0.016767417635497637,0.06857317261521613,0.11060646004395691,3.407169759582504e-13,COMPLETE
3176,0.1182,0.7633968391957755,7.296565715563787,8.359124144204223,12.412723646412944,0.003817846623585521,34.574222073764446,3.0541645143911065e-11,COMPLETE
3177,0.0909,0.6252424058500597,6.943625321882633,6.641926976422129,12.412723646412944,107.59872434463156,0.11060646004395691,3.407169759582504e-13,COMPLETE
3178,0.0863,0.7148398976273231,7.296565715563787,8.741900816624833,2484.344497646969,186.9306125540257,34.574222073764446,8.720647859508846e-11,COMPLETE
3179,0.0719,0.5750713941629468,7.296565715563787,6.641926976422129,0.07261268023359602,0.004569612957571183,0.01777158201797886,8.720647859508846e-11,COMPLETE
3180,0.04165,0.25484174001414717,3.0455122299916,1.0726049388472807,0.07261268023359602,110.16646134717259,5.192615578479196,0.00020076711730330495,COMPLETE
3181,0.0823,0.17158594560037124,7.296565715563787,7.242098619980624,0.4634053899763641,1.0048919207332607,34.574222073764446,0.0016840956722355615,COMPLETE
3182,0.07,0.5318169394052393,7.296565715563787,6.641926976422129,0.6975592224319972,0.12480776742786713,0.9007471891691929,8.720647859508846e-11,COMPLETE
3183,0.0936,0.6440060767876119,7.296565715563787,5.302023668554363,0.4634053899763641,1.5630282565660134,0.01777158201797886,8.720647859508846e-11,COMPLETE
3184,0.08375,0.4030274947103817,1.9203947326204354,1.8991036803654382,0.4634053899763641,54.73736255256172,0.010117774078155787,7.242135537625552e-11,COMPLETE
3185,0.07485,0.4454747137162668,3.7523591558107,2.2991799521485987,0.016767417635497637,110.16646134717259,2.606433764399818,1.7411112824373338e-14,COMPLETE
3186,0.04985,0.25621010307711634,7.296565715563787,1.2250077952855236,0.4634053899763641,186.9306125540257,34.574222073764446,3.407169759582504e-13,COMPLETE
3187,0.05905,0.2016987382111171,6.700586061359405,1.2997368745646833,0.014162338396506723,0.047570004104159534,0.0247605531247782,1.9897264125379086e-06,COMPLETE
3188,0.13455,0.7203662166348388,5.439590829177734,6.641926976422129,2661.553121751245,0.047570004104159534,17.543999742650467,1.9897264125379086e-06,COMPLETE
3189,0.07005,0.42256497042749125,5.686980021608849,2.5118580794078285,12.412723646412944,107.59872434463156,59.2437895529571,3.0541645143911065e-11,COMPLETE
3190,0.0791,0.4573357601056724,5.439590829177734,9.890916012877245,1.4135693532947264,0.047570004104159534,0.04082369646290137,1.9897264125379086e-06,COMPLETE
3191,0.05065,0.27158617824576925,0.29100721715304245,1.4459574311166226,8176.620889878377,546.754814234046,34.574222073764446,7.242135537625552e-11,COMPLETE
3192,0.0567,0.3287482622237418,7.296565715563787,1.5301572503396699,123.52077947060401,107.59872434463156,34.574222073764446,8.720647859508846e-11,COMPLETE
3193,0.109,0.606072093473085,6.943625321882633,2.2991799521485987,7558.066539658481,0.06857317261521613,2.606433764399818,1.861509167853726e-14,COMPLETE
3194,0.07975,0.4959765763715075,4.958426658725357,6.641926976422129,4.393519485252465,1.5630282565660134,3.6008094906658137,3.787929895519139e-07,COMPLETE
3195,0.0725,0.6569536213344201,7.296565715563787,6.641926976422129,0.016767417635497637,0.12480776742786713,0.02673826520991979,8.720647859508846e-11,COMPLETE
3196,0.07895,0.6541159339006194,6.351039989269435,9.151177322481159,12.412723646412944,110.16646134717259,34.574222073764446,1.7411112824373338e-14,COMPLETE
3197,0.07125,0.4258237624650206,4.958426658725357,3.786492049701135,1.7144019056828752,0.06857317261521613,12.549082694764847,1.9043961097477443e-12,COMPLETE
3198,0.0866,0.6737149826126743,7.296565715563787,6.641926976422129,0.6975592224319972,0.12480776742786713,0.01777158201797886,8.720647859508846e-11,COMPLETE
3199,0.05145,0.352972613678738,4.958426658725357,2.3239766948079685,0.4634053899763641,1.5630282565660134,3.6008094906658137,3.0541645143911065e-11,COMPLETE
3200,0.05415,0.3471710917637059,4.797597292147365,1.7519510271087413,1.8442663426239594,0.12480776742786713,0.764092524644605,8.720647859508846e-11,COMPLETE
3201,0.0549,0.2972168506139917,6.019990742215804,1.7519510271087413,0.1784805460542277,4.006173959705789,3.6008094906658137,3.407169759582504e-13,COMPLETE
3202,0.0978,0.49773872054214924,3.74116385036072,3.786492049701135,123.52077947060401,1.5817653633128559,12.549082694764847,1.7411112824373338e-14,COMPLETE
3203,0.06405,0.5529765790032543,7.296565715563787,7.242098619980624,0.13572363288007885,0.6736121333388547,52.889823921781435,8.720647859508846e-11,COMPLETE
3204,0.0712,0.33072814539247425,3.7523591558107,2.2991799521485987,0.07261268023359602,0.08143726543969673,25.676962551675846,1.7411112824373338e-14,COMPLETE
3205,0.0842,0.40605742473895273,5.719667260978259,1.0142542002409007,208.22607295194175,0.1013397086496358,1.39447339587296,9.68952219258397e-13,COMPLETE
3206,0.0849,0.48614798197042336,4.050574348074197,5.751620494688234,0.07261268023359602,0.004569612957571183,3.6008094906658137,3.0092675819548274e-09,COMPLETE
3207,0.11205,0.8445563670544507,7.051402036894628,9.890916012877245,3090.9457533461396,0.06857317261521613,0.11060646004395691,3.407169759582504e-13,COMPLETE
3208,0.07525,0.4296813734202036,3.7523591558107,2.2991799521485987,1.9562826277387932,110.16646134717259,2.606433764399818,1.7411112824373338e-14,COMPLETE
3209,0.05355,0.35375199617919695,6.943625321882633,2.2991799521485987,0.016767417635497637,0.06857317261521613,63.52812375625802,1.7411112824373338e-14,COMPLETE
3210,0.0747,0.5719568463027305,7.051402036894628,6.641926976422129,0.4634053899763641,0.08755680934938086,0.49106969850296894,5.314026320276268e-08,COMPLETE
3211,0.05775,0.17822041620713053,3.0455122299916,1.0726049388472807,1.243080597649406,0.010966949817173622,2.319801769315487,5.521087576123659e-10,COMPLETE
3212,0.09465,0.6497740507388639,7.296565715563787,8.359124144204223,0.4634053899763641,1.5630282565660134,0.5992224949658806,2.556898659242752e-09,COMPLETE
3213,0.065,0.4588211491339938,5.719667260978259,2.2991799521485987,0.016767417635497637,51.0531204742495,0.01777158201797886,1.5335060532903536e-12,COMPLETE
3214,0.07385,0.38078678664524707,5.439590829177734,5.751620494688234,0.07261268023359602,0.047570004104159534,0.07302899280728635,1.9897264125379086e-06,COMPLETE
3215,0.10265,0.7200756492786489,7.491453905458799,6.875144787901625,123.52077947060401,0.06857317261521613,0.020366948517936828,3.787929895519139e-07,COMPLETE
3216,0.1099,0.8207429284344253,6.019990742215804,9.890916012877245,3090.9457533461396,0.047570004104159534,0.04082369646290137,1.9043961097477443e-12,COMPLETE
3217,0.09485,0.7296854712341908,6.019990742215804,6.641926976422129,123.52077947060401,0.06857317261521613,0.01777158201797886,1.9043961097477443e-12,COMPLETE
3218,0.10195,0.5021534779945238,2.8467952672042545,3.466965771049506,0.4634053899763641,51.0531204742495,4.230818933588808,1.5335060532903536e-12,COMPLETE
3219,0.09545,0.6493965299263214,7.051402036894628,9.890916012877245,12.412723646412944,0.44260509614089005,0.2209931525119644,8.564477591299451e-11,COMPLETE
3220,0.07315,0.5408853294347796,4.958426658725357,7.242098619980624,0.4634053899763641,1.5630282565660134,34.574222073764446,5.432263014140687e-13,COMPLETE
3221,0.0764,0.23039193726260637,6.943625321882633,7.68472987425626,0.4634053899763641,546.754814234046,0.010117774078155787,3.407169759582504e-13,COMPLETE
3222,0.09805,0.6675967085634769,7.296565715563787,9.890916012877245,3090.9457533461396,107.59872434463156,34.574222073764446,8.720647859508846e-11,COMPLETE
3223,0.08985,0.7005607807866544,7.296565715563787,6.641926976422129,0.03256809685602582,107.59872434463156,34.574222073764446,8.720647859508846e-11,COMPLETE
3224,0.05675,0.3349055365959387,6.943625321882633,1.7519510271087413,0.07261268023359602,34.116268711131106,4.2714812383199865,3.808493038997454e-05,COMPLETE
3225,0.0832,0.5936529389953038,7.051402036894628,6.875144787901625,5.867306760407687,0.08143726543969673,1.1961286443235215,2.1424510341102316e-08,COMPLETE
3226,0.0582,0.3927607158626908,4.797597292147365,1.7519510271087413,123.52077947060401,4.006173959705789,0.11060646004395691,8.165315486059954e-06,COMPLETE
3227,0.0814,0.6437897069550736,6.943625321882633,7.242098619980624,3.9227007475742597,546.754814234046,34.574222073764446,1.7411112824373338e-14,COMPLETE
3228,0.0727,0.7328188366964848,7.296565715563787,8.359124144204223,12.412723646412944,107.59872434463156,3.6008094906658137,1.8500438983812233e-14,COMPLETE
3229,0.1164,0.5095439934413483,5.439590829177734,9.890916012877245,104.61067826393281,0.3710234766141632,0.04082369646290137,3.649569116806477e-06,COMPLETE
3230,0.04395,0.22963169906723496,6.943625321882633,1.2690370059664564,0.07261268023359602,0.06857317261521613,14.732118064935978,8.720647859508846e-11,COMPLETE
3231,0.0521,0.25549072272849216,3.0455122299916,1.0726049388472807,0.1784805460542277,51.0531204742495,3.6008094906658137,5.521087576123659e-10,COMPLETE
3232,0.09525,0.7481699153429232,3.7523591558107,6.641926976422129,2661.553121751245,1.2594502646806938,2.606433764399818,8.720647859508846e-11,COMPLETE
3233,0.0723,0.508881612403859,6.103623020551158,3.3801923275388828,104.61067826393281,0.3710234766141632,80.46577679760097,1.2285665675474397e-09,COMPLETE
3234,0.0898,0.7160593202176344,7.051402036894628,8.741900816624833,0.10469101308934853,113.8552714262157,14.732118064935978,2.2563515925025537e-09,COMPLETE
3235,0.0701,0.29508354753998367,6.019990742215804,6.641926976422129,63.00126424726947,186.9306125540257,0.01777158201797886,2.8984627024451114e-13,COMPLETE
3236,0.0626,0.3005195861746623,6.019990742215804,1.8225684216651792,123.52077947060401,3.858204027730059,59.2437895529571,2.0158380878648986e-13,COMPLETE
3237,0.05985,0.5151903919587456,3.705406877262117,6.641926976422129,0.046062250754973534,0.12480776742786713,8.213868348493142,8.720647859508846e-11,COMPLETE
3238,0.0807,0.6665799171392125,7.296565715563787,6.641926976422129,3090.9457533461396,107.59872434463156,2.5245438758434986,8.720647859508846e-11,COMPLETE
3239,0.04335,0.27727358175673833,4.958426658725357,1.0726049388472807,1.2443407862897031,0.004662739465131329,0.010117774078155787,7.242135537625552e-11,COMPLETE
3240,0.0894,0.6916240742051667,7.051402036894628,9.890916012877245,12.412723646412944,0.047570004104159534,0.764092524644605,8.564477591299451e-11,COMPLETE
3241,0.09175,0.6228213283173674,4.958426658725357,6.638431878215402,0.4634053899763641,186.9306125540257,34.574222073764446,3.649569116806477e-06,COMPLETE
3242,0.06325,0.427436509253864,3.0455122299916,2.2991799521485987,10.95179504685564,17.390525721126767,7.143859953042829,4.554160592635682e-14,COMPLETE
3243,0.1046,0.23021565596480031,4.134120803491352,6.875144787901625,208.22607295194175,0.002576884572866061,0.010490863545892863,3.649569116806477e-06,COMPLETE
3244,0.1554,0.8133312883257391,6.943625321882633,9.890916012877245,3090.9457533461396,0.06857317261521613,3.6008094906658137,5.432263014140687e-13,COMPLETE
3245,0.05255,0.22816351922536496,5.686980021608849,1.2997368745646833,0.014162338396506723,3.858204027730059,14.149415074829657,3.811801850956625e-07,COMPLETE
3246,0.04375,0.25708510231361514,2.586745152464227,1.0602290951822781,0.07261268023359602,186.9306125540257,8.213868348493142,8.720647859508846e-11,COMPLETE
3247,0.0766,0.3658368862556882,3.7523591558107,2.2991799521485987,0.016767417635497637,186.9306125540257,0.0247605531247782,1.7411112824373338e-14,COMPLETE
3248,0.07935,0.13784952238765683,5.719667260978259,1.105832941090333,208.22607295194175,0.1013397086496358,0.01777158201797886,8.338532065190436e-05,COMPLETE
3249,0.0907,0.5728164539338823,4.958426658725357,7.242098619980624,0.4634053899763641,186.9306125540257,3.41277701116214,3.649569116806477e-06,COMPLETE
3250,0.1059,0.16476568351333157,7.296565715563787,6.104878595539332,2661.553121751245,0.06857317261521613,78.3352593047079,0.004484151179228238,COMPLETE
3251,0.0867,0.6513468880231849,5.567905002634853,6.875144787901625,0.07261268023359602,10.791302973400413,8.213868348493142,9.787752692175531e-12,COMPLETE
3252,0.0624,0.5100662933025389,5.989976616159035,6.641926976422129,0.07261268023359602,1.0531637429047382,76.57127726580364,2.2912868958096586e-10,COMPLETE
3253,0.076,0.6070813903499127,4.958426658725357,8.359124144204223,0.4634053899763641,1.2594502646806938,0.16557535881448426,3.0541645143911065e-11,COMPLETE
3254,0.08025,0.4949380710763835,5.686980021608849,6.60696431516307,1.9562826277387932,0.3280553413846859,59.2437895529571,3.962608036084666e-07,COMPLETE
3255,0.08165,0.1372471086524321,6.103623020551158,1.4455981347497096,0.07261268023359602,0.004569612957571183,0.04928357265630398,3.649569116806477e-06,COMPLETE
3256,0.0495,0.17806870385077556,3.7523591558107,1.0726049388472807,0.4634053899763641,0.008641859654177637,1.8704789250363583,5.6555095862365984e-08,COMPLETE
3257,0.1075,0.4881589748452492,1.0465686523328865,3.2994343010425364,12.412723646412944,107.59872434463156,3.6008094906658137,3.0541645143911065e-11,COMPLETE
3258,0.1086,0.5493400732889818,1.9433864191449381,6.641926976422129,12.412723646412944,107.59872434463156,43.8257529406747,1.2792199674929058e-14,COMPLETE
3259,0.0718,0.6000976073842083,7.051402036894628,6.875144787901625,0.07261268023359602,0.08143726543969673,0.12597514698667733,8.564477591299451e-11,COMPLETE
3260,0.0795,0.831194943561957,7.051402036894628,6.875144787901625,208.22607295194175,0.08755680934938086,0.49106969850296894,5.521087576123659e-10,COMPLETE
3261,0.11765,0.7879415534434564,6.022936378262156,8.741900816624833,2484.344497646969,0.06857317261521613,11.478928737247317,7.242135537625552e-11,COMPLETE
3262,0.10765,0.7678153665786691,7.296565715563787,9.860409890101222,208.22607295194175,0.047570004104159534,0.764092524644605,5.314026320276268e-08,COMPLETE
3263,0.09955,0.6263952209518242,6.103623020551158,3.1788912454430323,2661.553121751245,0.3710234766141632,80.46577679760097,7.242135537625552e-11,COMPLETE
3264,0.1036,0.8044581618156204,5.719667260978259,6.875144787901625,208.22607295194175,0.009707433566872849,0.010490863545892863,3.787929895519139e-07,COMPLETE
3265,0.05175,0.35392227270080984,6.943625321882633,1.0726049388472807,0.4634053899763641,1.5630282565660134,0.010117774078155787,7.242135537625552e-11,COMPLETE
3266,0.09085,0.6954493602031163,4.050574348074197,5.751620494688234,2661.553121751245,1.2594502646806938,17.543999742650467,3.0092675819548274e-09,COMPLETE
3267,0.07445,0.5865811114988547,6.019990742215804,7.8078637347278095,0.1784805460542277,0.5362196401258538,3.6008094906658137,1.9043961097477443e-12,COMPLETE
3268,0.0769,0.5023357637370609,4.050574348074197,5.751620494688234,0.1784805460542277,0.004569612957571183,1.1961286443235215,3.0092675819548274e-09,COMPLETE
3269,0.07075,0.5373079485414808,7.051402036894628,3.089855440933971,208.22607295194175,107.59872434463156,34.574222073764446,5.314026320276268e-08,COMPLETE
3270,0.0716,0.428156016283336,6.943625321882633,1.0726049388472807,3.9227007475742597,0.0026922351056679382,0.17017253430148058,5.314026320276268e-08,COMPLETE
3271,0.06435,0.2520644044942064,5.553661359325831,1.0726049388472807,2.2526238626393873,51.0531204742495,3.6008094906658137,5.432263014140687e-13,COMPLETE
3272,0.0526,0.4487967456779622,6.943625321882633,3.352073087367006,0.07261268023359602,0.4878712301792302,8.213868348493142,8.564477591299451e-11,COMPLETE
3273,0.0524,0.5484437444986616,7.051402036894628,7.8078637347278095,0.3474112486367053,0.06857317261521613,3.6008094906658137,1.9043961097477443e-12,COMPLETE
3274,0.1243,0.8204069728945298,6.943625321882633,9.890916012877245,3090.9457533461396,0.05564315315248067,0.04082369646290137,3.0141903956095145e-10,COMPLETE
3275,0.10475,0.7728823743795723,6.943625321882633,6.641926976422129,123.52077947060401,0.06857317261521613,0.01777158201797886,8.720647859508846e-11,COMPLETE
3276,0.0863,0.5781314183662745,6.019990742215804,9.890916012877245,0.014162338396506723,186.9306125540257,0.0247605531247782,3.811801850956625e-07,COMPLETE
3277,0.09595,0.5300956865341313,7.296565715563787,6.641926976422129,0.4634053899763641,0.006601667383648774,34.574222073764446,8.720647859508846e-11,COMPLETE
3278,0.08925,0.6571508926775044,4.2428818457335105,4.321151358036243,208.22607295194175,0.0020213785114349594,0.11060646004395691,3.407169759582504e-13,COMPLETE
3279,0.1162,0.7370691770148322,5.989976616159035,6.875144787901625,7843.277665583187,5.054984284069897,11.478928737247317,4.331365543927414e-05,COMPLETE
3280,0.04415,0.17846651433623534,5.553661359325831,1.0726049388472807,0.020558869688801117,0.20762205716797508,3.6008094906658137,5.432263014140687e-13,COMPLETE
3281,0.07265,0.6495441973596813,4.958426658725357,7.242098619980624,0.4634053899763641,186.9306125540257,34.574222073764446,1.7411112824373338e-14,COMPLETE
3282,0.0631,0.5120080813832848,4.335111916469993,2.2991799521485987,0.016767417635497637,110.16646134717259,1.4319257056175683,7.242135537625552e-11,COMPLETE
3283,0.07525,0.5776154238533047,4.958426658725357,2.6338329439397503,3090.9457533461396,1.5630282565660134,2.5245438758434986,3.407169759582504e-13,COMPLETE
3284,0.0785,0.5374314579111573,4.958426658725357,7.080037466632589,1.9562826277387932,3.858204027730059,3.6008094906658137,3.0541645143911065e-11,COMPLETE
3285,0.08515,0.6320821520794115,3.5676354813659974,6.875144787901625,0.07261268023359602,25.68969862316941,1.1961286443235215,8.564477591299451e-11,COMPLETE
3286,0.0508,0.2074228143631162,3.0455122299916,1.0726049388472807,0.07261268023359602,51.0531204742495,5.192615578479196,5.521087576123659e-10,COMPLETE
3287,0.05175,0.17722949540710306,2.8419789944755363,1.0726049388472807,12.412723646412944,107.59872434463156,34.574222073764446,3.0541645143911065e-11,COMPLETE
3288,0.05015,0.2048727406771061,5.553661359325831,1.0835512376089467,2.2526238626393873,107.59872434463156,34.574222073764446,8.720647859508846e-11,COMPLETE
3289,0.0796,0.42191636444774333,4.797597292147365,1.0726049388472807,8342.176590482359,4.006173959705789,0.764092524644605,3.407169759582504e-13,COMPLETE
3290,0.1004,0.7506587559196237,7.051402036894628,6.875144787901625,210.7662446170495,0.08755680934938086,4.007564443466227,8.564477591299451e-11,COMPLETE
3291,0.059,0.5950381756650033,7.051402036894628,6.875144787901625,72.40911250901483,3.858204027730059,45.787359832746695,8.564477591299451e-11,COMPLETE
3292,0.06765,0.5716694734917755,6.943625321882633,9.890916012877245,0.07261268023359602,30.559524864314103,0.016969270630838813,8.720647859508846e-11,COMPLETE
3293,0.04035,0.2897514254396948,6.943625321882633,1.0726049388472807,1.6347463481038622,546.754814234046,0.01777158201797886,6.555838850003487e-10,COMPLETE
3294,0.0441,0.31882513252475153,7.051402036894628,1.0726049388472807,12.412723646412944,107.59872434463156,0.49106969850296894,8.695864530899568e-12,COMPLETE
3295,0.0772,0.5054003249655797,4.050574348074197,8.9265971743892,0.016767417635497637,0.0013530105992991704,0.046089746381210744,1.7411112824373338e-14,COMPLETE
3296,0.07995,0.6151709149145151,5.989976616159035,5.751620494688234,0.2098970280293565,5.054984284069897,1.1961286443235215,7.242135537625552e-11,COMPLETE
3297,0.09,0.6648947012442326,7.296565715563787,8.359124144204223,2.2526238626393873,0.12480776742786713,0.1342175543155907,8.720647859508846e-11,COMPLETE
3298,0.0764,0.436916323026804,7.296565715563787,1.7519510271087413,12.412723646412944,0.047570004104159534,76.57127726580364,3.407169759582504e-13,COMPLETE
3299,0.09505,0.8049058618810399,6.943625321882633,9.890916012877245,23.181151488852354,0.047570004104159534,0.056497950226507464,3.407169759582504e-13,COMPLETE
3300,0.06935,0.702117127042313,7.051402036894628,6.875144787901625,12.412723646412944,107.59872434463156,34.574222073764446,3.0541645143911065e-11,COMPLETE
3301,0.08595,0.47424050876628987,4.958426658725357,7.242098619980624,1.8442663426239594,4.006173959705789,34.574222073764446,1.3499016141793616e-05,COMPLETE
3302,0.0649,0.4260453157174612,6.943625321882633,3.352073087367006,0.07261268023359602,0.4878712301792302,52.523299860948846,5.521087576123659e-10,COMPLETE
3303,0.0499,0.3284018375982771,4.958426658725357,1.7519510271087413,1.8442663426239594,5.054984284069897,76.57127726580364,9.259523065341816e-13,COMPLETE
3304,0.0895,0.6951429462793048,7.296565715563787,6.641926976422129,0.07261268023359602,0.12480776742786713,0.01777158201797886,8.564477591299451e-11,COMPLETE
3305,0.10965,0.8094937498119488,5.989976616159035,8.741900816624833,2484.344497646969,0.4878712301792302,8.213868348493142,8.564477591299451e-11,COMPLETE
3306,0.07575,0.5722852103794658,6.943625321882633,3.352073087367006,0.07261268023359602,39.91012723201641,8.213868348493142,8.564477591299451e-11,COMPLETE
3307,0.0704,0.021094282407647595,5.719667260978259,6.875144787901625,208.22607295194175,264.33663949979336,0.010490863545892863,9.692637145199052e-05,COMPLETE
3308,0.09705,0.6713190567944168,5.686980021608849,6.875144787901625,7843.277665583187,3.858204027730059,59.2437895529571,4.331365543927414e-05,COMPLETE
3309,0.10865,0.7467888701322755,7.051402036894628,6.641926976422129,123.52077947060401,0.06857317261521613,0.010348137451692118,3.0802213027039508e-12,COMPLETE
3310,0.1185,0.7793399716005375,5.719667260978259,6.875144787901625,208.22607295194175,0.009707433566872849,34.574222073764446,8.720647859508846e-11,COMPLETE
3311,0.12195,0.8600155344489365,7.051402036894628,9.890916012877245,3090.9457533461396,0.08755680934938086,0.764092524644605,5.314026320276268e-08,COMPLETE
3312,0.12585,0.3048296713262192,6.103623020551158,3.3801923275388828,104.61067826393281,0.005293153171393136,80.46577679760097,3.649569116806477e-06,COMPLETE
3313,0.08895,0.7258765096813822,6.019990742215804,6.641926976422129,123.52077947060401,0.06857317261521613,17.543999742650467,8.720647859508846e-11,COMPLETE
3314,0.0554,0.3773813714140423,5.686980021608849,2.5118580794078285,1.0478802166801144,3.858204027730059,6.044072061273831,2.1811143402963018e-10,COMPLETE
3315,0.1017,0.5927194164828663,7.051402036894628,8.359124144204223,123.52077947060401,51.0531204742495,0.11060646004395691,1.5335060532903536e-12,COMPLETE
3316,0.1063,0.5044548067634974,1.0181444973957394,3.3577620960066534,0.07261268023359602,546.754814234046,8.213868348493142,8.564477591299451e-11,COMPLETE
3317,0.11355,0.8575281810594823,7.296565715563787,9.890916012877245,2661.553121751245,1.2594502646806938,2.5245438758434986,8.720647859508846e-11,COMPLETE
3318,0.11735,0.5958393858114573,7.296565715563787,1.4931859313131794,2661.553121751245,0.12480776742786713,15.993906055812756,8.720647859508846e-11,COMPLETE
3319,0.0757,0.42206133957402464,3.7523591558107,2.2991799521485987,0.016767417635497637,509.2666023264527,2.606433764399818,4.331365543927414e-05,COMPLETE
3320,0.10645,0.741516711942994,1.887266813406421,6.641926976422129,3090.9457533461396,0.06857317261521613,0.01777158201797886,8.720647859508846e-11,COMPLETE
3321,0.13305,0.75069841613835,5.143704759654831,9.890916012877245,3090.9457533461396,0.047570004104159534,90.93175269338644,3.407169759582504e-13,COMPLETE
3322,0.0598,0.576215663799037,5.989976616159035,8.741900816624833,0.07261268023359602,0.08143726543969673,11.478928737247317,7.242135537625552e-11,COMPLETE
3323,0.1048,0.6522895819221408,6.943625321882633,6.641926976422129,0.07261268023359602,0.12480776742786713,0.010117774078155787,8.720647859508846e-11,COMPLETE
3324,0.0909,0.6605001507395001,6.109725889258237,6.641926976422129,0.4634053899763641,0.08755680934938086,0.010117774078155787,5.521087576123659e-10,COMPLETE
3325,0.06975,0.47021906088158666,6.103623020551158,2.19319667476288,0.4634053899763641,186.9306125540257,3.6008094906658137,3.649569116806477e-06,COMPLETE
3326,0.0914,0.8158136049584145,7.296565715563787,7.242098619980624,208.22607295194175,0.08755680934938086,34.574222073764446,8.720647859508846e-11,COMPLETE
3327,0.11175,0.8233812361331613,4.958426658725357,8.359124144204223,3090.9457533461396,0.047570004104159534,0.04082369646290137,1.9897264125379086e-06,COMPLETE
3328,0.1002,0.7732321722163602,7.051402036894628,5.751620494688234,208.22607295194175,0.08755680934938086,1.1961286443235215,5.521087576123659e-10,COMPLETE
3329,0.0542,0.23008872361581484,7.051402036894628,1.2296659616374817,0.3474112486367053,0.06857317261521613,3.6008094906658137,5.521087576123659e-10,COMPLETE
3330,0.05955,0.20608858279642664,5.553661359325831,1.0726049388472807,2.2526238626393873,0.06857317261521613,0.11060646004395691,3.407169759582504e-13,COMPLETE
3331,0.05775,0.23317412699833176,3.7523591558107,1.0726049388472807,2.2526238626393873,110.16646134717259,3.6008094906658137,5.432263014140687e-13,COMPLETE
3332,0.11225,0.7507639716322798,6.943625321882633,8.741900816624833,123.52077947060401,0.06857317261521613,3.6008094906658137,5.432263014140687e-13,COMPLETE
3333,0.07245,0.5467390924908628,6.943625321882633,9.890916012877245,0.0957570667738903,0.06857317261521613,2.5614663943557545,3.407169759582504e-13,COMPLETE
3334,0.09885,0.8846251879526285,7.051402036894628,9.890916012877245,1365.9795109508957,0.047570004104159534,0.49106969850296894,2.234326522814866e-10,COMPLETE
3335,0.11075,0.7639726841507056,7.051402036894628,3.1788912454430323,2661.553121751245,0.06857317261521613,0.11060646004395691,7.242135537625552e-11,COMPLETE
3336,0.1238,0.8084799334182763,7.296565715563787,9.890916012877245,3090.9457533461396,0.047570004104159534,0.764092524644605,3.407169759582504e-13,COMPLETE
3337,0.0531,0.32618305473242604,6.351039989269435,1.0726049388472807,0.016767417635497637,107.59872434463156,2.606433764399818,3.0541645143911065e-11,COMPLETE
3338,0.088,0.7526400465874391,7.051402036894628,6.875144787901625,2661.553121751245,0.08755680934938086,0.012219146594370785,8.720647859508846e-11,COMPLETE
3339,0.06215,0.5438541736964605,7.051402036894628,7.8078637347278095,0.3474112486367053,0.06857317261521613,3.6008094906658137,1.621364679176634e-08,COMPLETE
3340,0.0826,0.6688562410756728,7.051402036894628,7.8078637347278095,8.96098734821203,546.754814234046,3.6008094906658137,1.9043961097477443e-12,COMPLETE
3341,0.0496,0.2822604031719615,4.958426658725357,1.0726049388472807,2.2526238626393873,1.5630282565660134,0.013019525668720226,5.432263014140687e-13,COMPLETE
3342,0.0938,0.569945314413534,2.2222541602385153,6.641926976422129,12.412723646412944,107.59872434463156,34.574222073764446,8.720647859508846e-11,COMPLETE
3343,0.06805,0.5056666192019036,5.719667260978259,9.890916012877245,0.016767417635497637,0.047570004104159534,40.977335050693426,3.407169759582504e-13,COMPLETE
3344,0.0613,0.5797730057141401,7.051402036894628,5.6596699071572285,0.3474112486367053,0.047570004104159534,0.764092524644605,1.9043961097477443e-12,COMPLETE
3345,0.06515,0.4441431380823142,6.103623020551158,2.947211117258467,104.61067826393281,6.960257180873324,80.46577679760097,5.432263014140687e-13,COMPLETE
3346,0.0765,0.46528609380893615,3.6595373528175266,6.739211750462179,671.9314825823849,110.16646134717259,0.11060646004395691,1.7411112824373338e-14,COMPLETE
3347,0.0968,0.8423295196577468,6.943625321882633,9.890916012877245,123.52077947060401,0.047570004104159534,0.764092524644605,3.407169759582504e-13,COMPLETE
3348,0.0543,0.301042693140913,5.989976616159035,1.7519510271087413,0.4634053899763641,5.054984284069897,76.57127726580364,1.621364679176634e-08,COMPLETE
3349,0.11665,0.8156259797709604,7.296565715563787,8.589555334735461,2661.553121751245,0.004569612957571183,1.1961286443235215,8.720647859508846e-11,COMPLETE
3350,0.07425,0.3613059240580292,1.12492389940928,1.7519510271087413,8.480198819775108,51.0531204742495,0.764092524644605,5.521087576123659e-10,COMPLETE
3351,0.0662,0.2866220737633706,2.814100701907451,9.890916012877245,0.4634053899763641,1.5630282565660134,3.6008094906658137,0.0001090320341973249,COMPLETE
3352,0.07645,0.5291298386113475,6.943625321882633,9.890916012877245,0.036676075062017914,0.05564315315248067,14.732118064935978,2.2563515925025537e-09,COMPLETE
3353,0.07265,0.5327743908231138,7.051402036894628,6.875144787901625,0.07261268023359602,0.08143726543969673,80.32603802459504,8.564477591299451e-11,COMPLETE
3354,0.0871,0.6494845940846405,4.958426658725357,9.890916012877245,0.4634053899763641,186.9306125540257,34.574222073764446,3.649569116806477e-06,COMPLETE
3355,0.0562,0.3693537839282983,4.797597292147365,1.7519510271087413,1.8442663426239594,4.006173959705789,0.764092524644605,3.407169759582504e-13,COMPLETE
3356,0.05095,0.4515800631731698,7.296565715563787,1.7519510271087413,1557.8967506501506,5.054984284069897,76.57127726580364,8.720647859508846e-11,COMPLETE
3357,0.05405,0.31421071554488256,6.943625321882633,1.0726049388472807,0.016767417635497637,546.754814234046,2.606433764399818,1.7411112824373338e-14,COMPLETE
3358,0.07665,0.46717355546153994,5.686980021608849,2.5118580794078285,1.9562826277387932,3.858204027730059,0.012004866918631667,2.1811143402963018e-10,COMPLETE
3359,0.0903,0.19339578593377627,7.296565715563787,3.1788912454430323,2661.553121751245,71.06473792706723,0.764092524644605,5.022551806247666e-14,COMPLETE
3360,0.08295,0.2964486016270887,6.019990742215804,6.176714845716965,0.014162338396506723,186.9306125540257,0.0247605531247782,8.564477591299451e-11,COMPLETE
3361,0.10515,0.8239670260620476,5.686980021608849,6.875144787901625,7843.277665583187,3.858204027730059,10.01235243915526,1.4662518063433114e-13,COMPLETE
3362,0.09585,0.6435237956398643,3.7523591558107,7.242098619980624,10.219725282645827,186.9306125540257,2.606433764399818,1.7411112824373338e-14,COMPLETE
3363,0.0928,0.8105328888174496,7.051402036894628,6.875144787901625,123.52077947060401,0.06857317261521613,0.11060646004395691,5.521087576123659e-10,COMPLETE
3364,0.039,0.2818712237905744,6.943625321882633,1.0726049388472807,0.4634053899763641,0.003017951496519946,59.2437895529571,3.0092675819548274e-09,COMPLETE
3365,0.107,0.7021165710821538,5.686980021608849,9.890916012877245,1604.492452086918,3.858204027730059,59.2437895529571,2.1811143402963018e-10,COMPLETE
3366,0.052,0.18107145646841846,3.6495179056594464,1.1733735228572661,0.4634053899763641,1.5630282565660134,3.6008094906658137,1.5157208008321794e-07,COMPLETE
3367,0.07745,0.5768923417524776,6.019990742215804,9.890916012877245,0.1784805460542277,0.5362196401258538,3.6008094906658137,3.407169759582504e-13,COMPLETE
3368,0.07445,0.6182944906830796,7.051402036894628,2.5118580794078285,123.52077947060401,0.06857317261521613,59.2437895529571,2.1811143402963018e-10,COMPLETE
3369,0.06795,0.42592620108399143,7.296565715563787,6.641926976422129,1.8442663426239594,4.006173959705789,0.764092524644605,9.462313226872705e-05,COMPLETE
3370,0.0496,0.23170059334819593,6.019990742215804,1.0726049388472807,0.014162338396506723,0.1499303733196484,0.0247605531247782,3.811801850956625e-07,COMPLETE
3371,0.0913,0.552122888185251,4.958426658725357,3.9944594338373487,0.4634053899763641,186.9306125540257,0.3868165281470594,3.0541645143911065e-11,COMPLETE
3372,0.09565,0.6763697621983293,4.958426658725357,8.359124144204223,3704.3304025478938,1.5630282565660134,0.05230521801117489,5.432263014140687e-13,COMPLETE
3373,0.05705,0.17900233794553652,3.0455122299916,1.0726049388472807,123.52077947060401,51.0531204742495,12.549082694764847,1.9043961097477443e-12,COMPLETE
3374,0.079,0.4544895895706835,6.943625321882633,1.0726049388472807,2661.553121751245,1.2594502646806938,74.13366798676694,3.0092675819548274e-09,COMPLETE
3375,0.0699,0.35916853985147895,3.462128830196022,1.7888432124204454,7843.277665583187,546.754814234046,59.2437895529571,4.331365543927414e-05,COMPLETE
3376,0.06945,0.5209443138387444,3.7523591558107,9.890916012877245,0.016767417635497637,0.047570004104159534,0.764092524644605,3.407169759582504e-13,COMPLETE
3377,0.11485,0.8241417890102392,6.943625321882633,9.890916012877245,3090.9457533461396,0.002799054371712109,0.11060646004395691,3.407169759582504e-13,COMPLETE
3378,0.04805,0.3467834281128796,5.989976616159035,1.7519510271087413,0.07261268023359602,5.054984284069897,76.57127726580364,8.720647859508846e-11,COMPLETE
3379,0.08825,0.49934531601765636,4.958426658725357,6.641926976422129,24.24897019053138,1.2594502646806938,34.574222073764446,3.649569116806477e-06,COMPLETE
3380,0.08045,0.7629819463463621,7.296565715563787,9.270977541326223,12.412723646412944,0.047570004104159534,0.764092524644605,3.407169759582504e-13,COMPLETE
3381,0.06875,0.14104134403531282,5.989976616159035,8.741900816624833,2484.344497646969,622.9194867991597,0.3359486683616324,3.787929895519139e-07,COMPLETE
3382,0.0693,0.6901675111050487,5.719667260978259,9.890916012877245,0.016767417635497637,318.1893323529047,2.5245438758434986,5.1973423504804924e-14,COMPLETE
3383,0.0797,0.8242637387077671,7.051402036894628,6.641926976422129,123.52077947060401,0.06857317261521613,0.11060646004395691,8.720647859508846e-11,COMPLETE
3384,0.07965,0.14082057131353623,6.943625321882633,2.2991799521485987,3090.9457533461396,110.16646134717259,0.764092524644605,3.407169759582504e-13,COMPLETE
3385,0.0932,0.47668817427673454,5.719667260978259,7.8078637347278095,0.08674332869300426,0.06857317261521613,3.6008094906658137,3.787929895519139e-07,COMPLETE
3386,0.08005,0.5205066838979946,7.051402036894628,2.890579305270301,0.5853302180437225,78.40686125053242,0.49106969850296894,2.2563515925025537e-09,COMPLETE
3387,0.08495,0.527433820059333,6.943625321882633,7.019948844600154,0.4634053899763641,546.754814234046,0.32791743667168133,3.0092675819548274e-09,COMPLETE
3388,0.0885,0.4635782656549736,1.3641677303172186,6.875144787901625,0.07261268023359602,0.08143726543969673,1.1961286443235215,8.564477591299451e-11,COMPLETE
3389,0.07205,0.5073229097422369,6.019990742215804,6.641926976422129,0.1784805460542277,0.5362196401258538,17.543999742650467,1.9043961097477443e-12,COMPLETE
3390,0.09325,0.15575555848061046,4.958426658725357,1.584536916387757,208.22607295194175,0.009707433566872849,0.04082369646290137,6.669125977023365e-05,COMPLETE
3391,0.0772,0.7054735675663402,7.296565715563787,8.741900816624833,123.52077947060401,0.6274951642158411,14.732118064935978,2.2563515925025537e-09,COMPLETE
3392,0.07355,0.6964997401031785,7.296565715563787,6.641926976422129,1.8442663426239594,546.754814234046,76.57127726580364,1.621364679176634e-08,COMPLETE
3393,0.06195,0.3648942031161009,6.019990742215804,1.2997368745646833,0.4634053899763641,51.0531204742495,0.021638694431165926,3.122022240773995e-08,COMPLETE
3394,0.05575,0.18019335704887712,3.7523591558107,1.0726049388472807,0.4634053899763641,0.08755680934938086,2.606433764399818,5.314026320276268e-08,COMPLETE
3395,0.081,0.6612375241649444,7.051402036894628,6.875144787901625,10.627814363352309,0.06857317261521613,0.49106969850296894,1.9043961097477443e-12,COMPLETE
3396,0.06935,0.3965654527589821,4.321630019330213,6.875144787901625,0.016767417635497637,0.009707433566872849,0.010490863545892863,3.787929895519139e-07,COMPLETE
3397,0.0727,0.1708402962190102,2.9816632480356065,3.786492049701135,123.52077947060401,546.754814234046,0.010117774078155787,1.9043961097477443e-12,COMPLETE
3398,0.06215,0.37048351448713945,5.686980021608849,2.5118580794078285,123.52077947060401,3.858204027730059,59.2437895529571,5.521087576123659e-10,COMPLETE
3399,0.05965,0.3718634382156562,6.019990742215804,1.2997368745646833,0.016767417635497637,110.16646134717259,0.06703904597405395,6.995947324097544e-12,COMPLETE
3400,0.08875,0.6634801694399376,2.8467952672042545,6.875144787901625,208.22607295194175,0.08755680934938086,4.230818933588808,5.521087576123659e-10,COMPLETE
3401,0.0941,0.6638606402742163,7.296565715563787,9.890916012877245,12.412723646412944,546.754814234046,18.910830722120053,2.556898659242752e-09,COMPLETE
3402,0.0642,0.2043100528175671,3.0455122299916,1.1866576108137203,15.929643142878758,0.5546595843347364,5.192615578479196,5.521087576123659e-10,COMPLETE
3403,0.07615,0.5278262716179153,4.958426658725357,8.741900816624833,0.12096850935439275,0.23603914771237525,3.6008094906658137,5.432263014140687e-13,COMPLETE
3404,0.0775,0.5597538457409298,4.050574348074197,6.641926976422129,86.39727518510256,1.2594502646806938,1.1961286443235215,3.0092675819548274e-09,COMPLETE
3405,0.1195,0.808116693281197,5.989976616159035,9.198065585684791,2484.344497646969,0.047570004104159534,11.478928737247317,7.242135537625552e-11,COMPLETE
3406,0.0758,0.22404944833306173,5.719667260978259,6.875144787901625,208.22607295194175,110.16646134717259,0.01777158201797886,9.787752692175531e-12,COMPLETE
3407,0.08885,0.3714606605870448,5.719667260978259,6.875144787901625,9.799015719028443,0.001230753246192818,0.6189874847170729,3.787929895519139e-07,COMPLETE
3408,0.0994,0.7114717721608754,5.526685244611174,7.5917629130052084,0.07261268023359602,0.12480776742786713,0.010117774078155787,8.720647859508846e-11,COMPLETE
3409,0.1187,0.773805711292909,6.019990742215804,7.8078637347278095,2661.553121751245,0.5362196401258538,17.543999742650467,1.9043961097477443e-12,COMPLETE
3410,0.08425,0.7212539688846328,5.686980021608849,6.641926976422129,2661.553121751245,1.2594502646806938,59.2437895529571,8.720647859508846e-11,COMPLETE
3411,0.1021,0.778544099303087,7.051402036894628,9.890916012877245,123.52077947060401,0.4878712301792302,0.764092524644605,3.407169759582504e-13,COMPLETE
3412,0.12455,0.7960951032173461,7.051402036894628,7.010653012685627,1365.9795109508957,0.047570004104159534,0.764092524644605,3.407169759582504e-13,COMPLETE
3413,0.0865,0.6183937397317645,7.296565715563787,4.288637556519916,0.6975592224319972,0.0012885739530361744,0.01777158201797886,1.2055649966111017e-10,COMPLETE
3414,0.0504,0.2779687443614953,3.0455122299916,1.0726049388472807,3.9227007475742597,116.15721547372203,0.25906238183759617,5.521087576123659e-10,COMPLETE
3415,0.07085,0.47534531443669836,5.686980021608849,8.741900816624833,0.3624045883074671,3.858204027730059,59.2437895529571,4.331365543927414e-05,COMPLETE
3416,0.1049,0.71503593447825,5.686980021608849,6.875144787901625,7843.277665583187,3.858204027730059,2.606433764399818,4.331365543927414e-05,COMPLETE
3417,0.0759,0.5238712544354295,4.335111916469993,2.2991799521485987,668.4503153731549,1.2594502646806938,2.606433764399818,1.7411112824373338e-14,COMPLETE
3418,0.0559,0.3323712943757768,6.777787426629807,1.0726049388472807,0.4634053899763641,1.5630282565660134,0.010117774078155787,4.196130769219251e-09,COMPLETE
3419,0.0608,0.42339807305465277,7.296565715563787,2.2991799521485987,0.016767417635497637,186.9306125540257,0.01777158201797886,9.787752692175531e-12,COMPLETE
3420,0.06355,0.47138293625522604,4.050574348074197,5.751620494688234,0.07261268023359602,0.4878712301792302,8.213868348493142,8.564477591299451e-11,COMPLETE
3421,0.0868,0.5366332454438191,5.5423923934380985,8.741900816624833,0.3474112486367053,0.06857317261521613,3.6008094906658137,1.9043961097477443e-12,COMPLETE
3422,0.0943,0.6802065185436261,6.943625321882633,3.786492049701135,585.6437475304518,0.06857317261521613,12.549082694764847,3.0092675819548274e-09,COMPLETE
3423,0.09805,0.652638036755273,7.296565715563787,7.242098619980624,104.61067826393281,107.59872434463156,17.420723347107128,8.720647859508846e-11,COMPLETE
3424,0.0425,0.254545055474075,5.553661359325831,1.0726049388472807,2.2526238626393873,51.0531204742495,3.6008094906658137,5.432263014140687e-13,COMPLETE
3425,0.07035,0.2590069439775968,6.103623020551158,1.0726049388472807,104.61067826393281,0.3710234766141632,80.46577679760097,3.649569116806477e-06,COMPLETE
3426,0.0819,0.5121956584046841,4.889638421446748,6.875144787901625,0.6961673049430885,5.054984284069897,11.478928737247317,7.242135537625552e-11,COMPLETE
3427,0.1084,0.5965743320313912,7.051402036894628,1.6547378974750526,1365.9795109508957,0.05564315315248067,1.1373427243248657,4.700687406372716e-09,COMPLETE
3428,0.0808,0.5003145454927371,6.019990742215804,7.044236040144497,0.1784805460542277,0.5362196401258538,3.6008094906658137,1.9043961097477443e-12,COMPLETE
3429,0.08595,0.5195586062359254,6.019990742215804,7.8078637347278095,0.016767417635497637,110.16646134717259,0.010687518228591134,1.7411112824373338e-14,COMPLETE
3430,0.08945,0.6024784414788171,7.051402036894628,3.9944594338373487,2.1687692536607885,51.0531204742495,4.230818933588808,1.5335060532903536e-12,COMPLETE
3431,0.0698,0.567210576726955,6.019990742215804,3.786492049701135,0.016767417635497637,110.16646134717259,12.549082694764847,9.97748780940583e-14,COMPLETE
3432,0.04965,0.2876314252260152,5.025396110280092,1.0726049388472807,3.9227007475742597,186.9306125540257,0.010117774078155787,1.7411112824373338e-14,COMPLETE
3433,0.12795,0.8051639040535663,6.943625321882633,8.741900816624833,123.52077947060401,0.004569612957571183,1.1961286443235215,2.2563515925025537e-09,COMPLETE
3434,0.0674,0.5489985504950345,5.439590829177734,9.890916012877245,0.07134090273467313,1.2594502646806938,17.543999742650467,8.720647859508846e-11,COMPLETE
3435,0.1073,0.7800568847503971,6.943625321882633,8.741900816624833,123.52077947060401,0.08143726543969673,1.1961286443235215,8.215608347091641e-13,COMPLETE
3436,0.07875,0.5082740374773509,4.797597292147365,4.339925980905232,1.8442663426239594,4.006173959705789,0.764092524644605,1.7411112824373338e-14,COMPLETE
3437,0.06755,0.5153284061304375,2.7831909688117955,2.7762241978369846,7843.277665583187,3.858204027730059,59.2437895529571,4.331365543927414e-05,COMPLETE
3438,0.14115,0.7471869160836662,7.051402036894628,8.741900816624833,2484.344497646969,0.08143726543969673,11.478928737247317,7.242135537625552e-11,COMPLETE
3439,0.0973,0.5033805695967682,5.394946003343103,7.242098619980624,23.066713037720803,1.2594502646806938,17.543999742650467,8.720647859508846e-11,COMPLETE
3440,0.07305,0.7176441826103652,7.296565715563787,8.424478947638113,0.6975592224319972,0.12480776742786713,0.01777158201797886,8.720647859508846e-11,COMPLETE
3441,0.09915,0.69983223524175,7.296565715563787,6.641926976422129,208.22607295194175,1.2594502646806938,0.49106969850296894,5.314026320276268e-08,COMPLETE
3442,0.08,0.7072654065267024,7.296565715563787,6.641926976422129,3090.9457533461396,107.59872434463156,34.574222073764446,1.9897264125379086e-06,COMPLETE
3443,0.09825,0.06752624240296037,5.439590829177734,9.890916012877245,2484.344497646969,5.054984284069897,0.04082369646290137,7.242135537625552e-11,COMPLETE
3444,0.0621,0.25236937168365564,5.719667260978259,1.0726049388472807,2.2526238626393873,0.1013397086496358,0.01777158201797886,3.787929895519139e-07,COMPLETE
3445,0.08485,0.5106481396333974,7.051402036894628,6.875144787901625,0.058762762383888195,0.08143726543969673,1.1961286443235215,8.564477591299451e-11,COMPLETE
3446,0.04055,0.32788536378662525,6.943625321882633,1.0726049388472807,0.4634053899763641,546.754814234046,5.192615578479196,3.0092675819548274e-09,COMPLETE
3447,0.05155,0.023174359071048766,3.4064213866928528,5.780625390888407,0.4634053899763641,546.754814234046,0.010117774078155787,4.331365543927414e-05,COMPLETE
3448,0.1134,0.8354417333038775,7.204487065885792,6.875144787901625,3090.9457533461396,0.06857317261521613,0.11060646004395691,3.407169759582504e-13,COMPLETE
3449,0.04595,0.21089963761608943,7.296565715563787,1.0726049388472807,0.6975592224319972,0.12480776742786713,3.6008094906658137,8.720647859508846e-11,COMPLETE
3450,0.11035,0.6524617207278303,7.374508522163699,6.875144787901625,208.22607295194175,0.08755680934938086,0.010117774078155787,2.556898659242752e-09,COMPLETE
3451,0.0692,0.5601193939463769,7.051402036894628,6.875144787901625,0.3474112486367053,0.08755680934938086,0.49106969850296894,5.521087576123659e-10,COMPLETE
3452,0.0626,0.48095429050594,3.2741742980143815,6.875144787901625,0.07261268023359602,0.4878712301792302,8.213868348493142,8.564477591299451e-11,COMPLETE
3453,0.06635,0.35063479539711834,2.2309649890254017,2.4008221963299365,0.3474112486367053,1.2594502646806938,3.6008094906658137,1.9043961097477443e-12,COMPLETE
3454,0.08175,0.6066521821892942,1.2494594363236862,8.741900816624833,0.07261268023359602,0.06857317261521613,0.01777158201797886,8.720647859508846e-11,COMPLETE
3455,0.0901,0.09392743006051167,6.279201801273142,4.3226396684563655,7779.052572210202,107.59872434463156,0.13005016015435802,2.2823114985772594e-05,COMPLETE
3456,0.11125,0.7723745644476925,6.943625321882633,8.741900816624833,123.52077947060401,0.06857317261521613,80.46577679760097,2.2563515925025537e-09,COMPLETE
3457,0.05825,0.25459608943925555,5.1617956485669465,1.0726049388472807,2661.553121751245,107.59872434463156,17.543999742650467,8.325322589616938e-05,COMPLETE
3458,0.04665,0.3318962637600777,7.296565715563787,1.89587673095963,0.026143205811330637,0.06857317261521613,41.24601726153647,8.720647859508846e-11,COMPLETE
3459,0.0922,0.6540068664884873,4.958426658725357,8.359124144204223,0.4634053899763641,186.9306125540257,3.6008094906658137,3.649569116806477e-06,COMPLETE
3460,0.0636,0.3581186967048966,3.7523591558107,1.691083845193091,0.016767417635497637,110.16646134717259,0.0247605531247782,9.118757842057986e-11,COMPLETE
3461,0.03815,0.270393465327629,6.943625321882633,1.0726049388472807,0.4634053899763641,23.427101290292402,2.5245438758434986,3.407169759582504e-13,COMPLETE
3462,0.03885,0.14597087678694623,7.051402036894628,1.0726049388472807,0.4634053899763641,546.754814234046,0.010117774078155787,4.956330731084127e-11,COMPLETE
3463,0.0964,0.5824908705941989,2.165188698401233,6.875144787901625,123.52077947060401,0.1013397086496358,69.28610890269445,6.605880780062405e-09,COMPLETE
3464,0.08285,0.5223162318809573,3.7523591558107,2.2991799521485987,104.61067826393281,0.0920122765390898,80.46577679760097,4.6987671998942796e-11,COMPLETE
3465,0.05935,0.5494900966080043,4.958426658725357,8.359124144204223,2.2526238626393873,0.06857317261521613,3.6008094906658137,5.432263014140687e-13,COMPLETE
3466,0.08055,0.656761788979977,7.051402036894628,7.242098619980624,0.4634053899763641,186.9306125540257,8.213868348493142,8.564477591299451e-11,COMPLETE
3467,0.10945,0.7946679310046758,7.051402036894628,6.641926976422129,2661.553121751245,1.2594502646806938,17.543999742650467,5.521087576123659e-10,COMPLETE
3468,0.0615,0.42307877336313715,5.686980021608849,2.1171329518207394,0.4634053899763641,3.858204027730059,0.031541756191722635,3.0541645143911065e-11,COMPLETE
3469,0.0529,0.3987922161079336,5.686980021608849,2.5118580794078285,5.02660942321193,3.858204027730059,59.2437895529571,2.1811143402963018e-10,COMPLETE
3470,0.0633,0.5098381608772821,1.1135778993204337,8.359124144204223,4.491242393239462,0.4878712301792302,1.9317632431508287,3.0541645143911065e-11,COMPLETE
3471,0.0985,0.6189221515258044,4.958426658725357,7.242098619980624,2484.344497646969,186.9306125540257,34.574222073764446,7.242135537625552e-11,COMPLETE
3472,0.0661,0.4153705245235611,6.943625321882633,1.7519510271087413,3.9227007475742597,5.054984284069897,0.010117774078155787,1.7411112824373338e-14,COMPLETE
3473,0.0759,0.2865958331408563,6.019990742215804,6.875144787901625,0.1784805460542277,0.4878712301792302,3.6008094906658137,4.137167701273811e-05,COMPLETE
3474,0.121,0.7693041530277517,6.019990742215804,6.875144787901625,207.0769850663358,0.009707433566872849,19.78286059300011,3.787929895519139e-07,COMPLETE
3475,0.07195,0.49974633589397716,3.0455122299916,7.8078637347278095,0.3474112486367053,0.06857317261521613,5.192615578479196,5.521087576123659e-10,COMPLETE
3476,0.0807,0.5011699546637493,7.051402036894628,1.7519510271087413,208.22607295194175,0.08755680934938086,0.01081533909521244,5.521087576123659e-10,COMPLETE
3477,0.09895,0.11550570335762425,3.7523591558107,7.8078637347278095,0.016767417635497637,0.06857317261521613,3.6008094906658137,0.0010003527685947724,COMPLETE
3478,0.1061,0.6076153118656993,6.019990742215804,3.786492049701135,123.52077947060401,0.06857317261521613,12.549082694764847,3.649569116806477e-06,COMPLETE
3479,0.09075,0.7730814337156128,4.2294034380055034,9.890916012877245,2661.553121751245,0.06857317261521613,0.2871354274340327,7.242135537625552e-11,COMPLETE
3480,0.085,0.6665124839754755,4.958426658725357,8.359124144204223,3.290790612482992,186.9306125540257,76.57127726580364,2.3453864055123216e-08,COMPLETE
3481,0.0699,0.37066700156817595,5.686980021608849,2.5118580794078285,12.412723646412944,107.59872434463156,59.2437895529571,2.1811143402963018e-10,COMPLETE
3482,0.1064,0.8321289785770593,6.943625321882633,9.890916012877245,123.52077947060401,0.047570004104159534,0.764092524644605,3.407169759582504e-13,COMPLETE
3483,0.0408,0.19521189832669417,6.943625321882633,1.0726049388472807,0.4634053899763641,51.0531204742495,0.010117774078155787,7.242135537625552e-11,COMPLETE
3484,0.09745,0.6769379246079305,5.553661359325831,9.777716456062198,2.2526238626393873,51.0531204742495,3.6008094906658137,5.432263014140687e-13,COMPLETE
3485,0.0769,0.5330178144031297,2.792211205495524,6.875144787901625,123.52077947060401,5.054984284069897,11.478928737247317,7.242135537625552e-11,COMPLETE
3486,0.09695,0.5524042704674591,7.051402036894628,7.8078637347278095,0.3474112486367053,546.754814234046,0.021301223080871994,3.0092675819548274e-09,COMPLETE
3487,0.09385,0.5389357775843936,5.719667260978259,9.743864018448043,0.016767417635497637,110.16646134717259,0.01777158201797886,9.787752692175531e-12,COMPLETE
3488,0.0512,0.3067971029525894,2.80010220368001,1.0726049388472807,208.22607295194175,51.0531204742495,0.49106969850296894,5.432263014140687e-13,COMPLETE
3489,0.12325,0.7575005193991575,6.019990742215804,8.741900816624833,2484.344497646969,0.5362196401258538,11.478928737247317,1.9043961097477443e-12,COMPLETE
3490,0.09545,0.744122673514376,7.296565715563787,6.641926976422129,3090.9457533461396,0.12480776742786713,0.01777158201797886,3.407169759582504e-13,COMPLETE
3491,0.05665,0.2677230743689501,7.296565715563787,1.0726049388472807,3.9227007475742597,0.12480776742786713,0.01777158201797886,8.720647859508846e-11,COMPLETE
3492,0.09095,0.6398992569676204,5.719667260978259,6.875144787901625,0.07261268023359602,0.4878712301792302,0.010490863545892863,8.564477591299451e-11,COMPLETE
3493,0.1093,0.7353383108316459,5.989976616159035,8.741900816624833,2484.344497646969,5.054984284069897,11.478928737247317,1.621364679176634e-08,COMPLETE
3494,0.05725,0.014479987328470114,7.051402036894628,1.0726049388472807,208.22607295194175,546.754814234046,0.010117774078155787,7.242135537625552e-11,COMPLETE
3495,0.06325,0.2003007665264372,7.296565715563787,6.641926976422129,3090.9457533461396,454.5380013443715,0.733544937395448,8.720647859508846e-11,COMPLETE
3496,0.06,0.27783590555256216,3.7523591558107,1.0726049388472807,0.4634053899763641,110.16646134717259,3.6008094906658137,1.7411112824373338e-14,COMPLETE
3497,0.07875,0.6590538477557134,7.051402036894628,6.641926976422129,87.0446821097491,13.196540862554182,3.6008094906658137,1.9043961097477443e-12,COMPLETE
3498,0.05165,0.22622312639934836,5.553661359325831,1.0726049388472807,2.2526238626393873,0.34690773463953,0.12912377204487277,5.432263014140687e-13,COMPLETE
3499,0.08735,0.5985660192232928,6.019990742215804,3.786492049701135,123.52077947060401,0.06857317261521613,12.549082694764847,3.649569116806477e-06,COMPLETE
3500,0.1098,0.6055375763467987,6.943625321882633,9.890916012877245,7843.277665583187,3.858204027730059,0.11060646004395691,3.4081136242549416e-08,COMPLETE
3501,0.0492,0.3147170802719174,2.8467952672042545,1.7519510271087413,1.8442663426239594,8.394196853688406,4.230818933588808,1.5335060532903536e-12,COMPLETE
3502,0.0719,0.5507699971869648,7.051402036894628,7.8078637347278095,0.1784805460542277,0.06857317261521613,3.6008094906658137,1.9043961097477443e-12,COMPLETE
3503,0.0572,0.283253407299027,6.019990742215804,1.2997368745646833,2.2526238626393873,51.0531204742495,3.6008094906658137,3.811801850956625e-07,COMPLETE
3504,0.06585,0.5259212148537116,6.019990742215804,7.8078637347278095,0.1784805460542277,0.5362196401258538,3.6008094906658137,1.9043961097477443e-12,COMPLETE
3505,0.09165,0.5332158744870734,3.8676447164257093,7.8078637347278095,3.574618242126413,0.4585700152063676,3.6008094906658137,1.9043961097477443e-12,COMPLETE
3506,0.06505,0.49516541671841396,7.296565715563787,9.890916012877245,12.412723646412944,107.59872434463156,34.574222073764446,0.0022227311387210116,COMPLETE
3507,0.04745,0.5094456888192179,4.812614441890751,2.2991799521485987,0.016767417635497637,115.71255119018926,2.606433764399818,7.242135537625552e-11,COMPLETE
3508,0.04485,0.22757799878447962,6.943625321882633,1.0726049388472807,0.4634053899763641,4.006173959705789,0.764092524644605,3.340580896265526e-11,COMPLETE
3509,0.0882,0.7776858112194427,7.051402036894628,6.875144787901625,208.22607295194175,0.08143726543969673,0.49106969850296894,5.521087576123659e-10,COMPLETE
3510,0.07445,0.47463337226075125,3.7523591558107,2.2991799521485987,12.412723646412944,110.16646134717259,2.606433764399818,8.720647859508846e-11,COMPLETE
3511,0.07045,0.6858354360560552,7.296565715563787,9.890916012877245,0.4634053899763641,0.20773622156261484,0.764092524644605,9.283734102547479e-10,COMPLETE
3512,0.0908,0.5451273640166869,7.051402036894628,7.8078637347278095,0.3474112486367053,0.06857317261521613,0.11060646004395691,1.9043961097477443e-12,COMPLETE
3513,0.04535,0.3037992567108757,0.40361473089826916,1.0726049388472807,0.4634053899763641,546.754814234046,0.010117774078155787,9.787752692175531e-12,COMPLETE
3514,0.0666,0.22221882973695956,6.774364187267729,2.2991799521485987,0.028328233821644146,110.16646134717259,0.01777158201797886,4.710876379468397e-06,COMPLETE
3515,0.04225,0.20464392292651593,3.7523591558107,1.0726049388472807,0.4634053899763641,0.48332692499366325,0.08992866171717696,1.7411112824373338e-14,COMPLETE
3516,0.14045,0.7904191336823293,6.943625321882633,9.890916012877245,3090.9457533461396,0.009707433566872849,7.67120787334231,3.407169759582504e-13,COMPLETE
3517,0.1005,0.6558212743967051,7.296565715563787,6.641926976422129,12.412723646412944,0.047570004104159534,3.513275826593914,8.720647859508846e-11,COMPLETE
3518,0.0781,0.5472940337432297,6.351039989269435,3.1788912454430323,2661.553121751245,107.59872434463156,17.543999742650467,7.423057353111367e-13,COMPLETE
3519,0.07495,0.5238685204882044,5.737563905734309,9.890916012877245,0.05949423982407924,0.047570004104159534,2.606433764399818,2.234326522814866e-10,COMPLETE
3520,0.0586,0.302514575144301,5.439590829177734,1.4191848546290413,0.02699093822812187,1.5630282565660134,0.47643080785317476,1.9897264125379086e-06,COMPLETE
3521,0.0863,0.6479336786412287,6.943625321882633,3.786492049701135,123.52077947060401,0.06857317261521613,6.756704647801911,7.242135537625552e-11,COMPLETE
3522,0.0843,0.7091907806396271,5.686980021608849,6.875144787901625,123.52077947060401,0.06857317261521613,59.2437895529571,7.889041452908569e-08,COMPLETE
3523,0.1028,0.7104000739662216,7.296565715563787,6.641926976422129,1853.4729348688686,0.06857317261521613,0.010117774078155787,2.556898659242752e-09,COMPLETE
3524,0.0651,0.5273641354660922,4.958426658725357,7.8078637347278095,0.4634053899763641,0.5362196401258538,3.6008094906658137,1.9043961097477443e-12,COMPLETE
3525,0.1029,0.8038315424538323,7.051402036894628,6.875144787901625,208.22607295194175,0.08755680934938086,0.1548126775531122,5.432263014140687e-13,COMPLETE
3526,0.0615,0.2714706579732658,6.943625321882633,3.037897120979533,1.6501157194715061,546.754814234046,0.010117774078155787,1.7411112824373338e-14,COMPLETE
3527,0.1389,0.8370940790690995,6.943625321882633,9.890916012877245,3090.9457533461396,0.06857317261521613,0.11060646004395691,2.371534547441559e-13,COMPLETE
3528,0.0866,0.6973939624108544,7.051402036894628,3.9944594338373487,208.22607295194175,0.08755680934938086,0.49106969850296894,5.314026320276268e-08,COMPLETE
3529,0.0858,0.47629777114823535,1.6496111402634273,6.641926976422129,0.07261268023359602,0.06857317261521613,15.176827532136254,2.2563515925025537e-09,COMPLETE
3530,0.1143,0.6264358675424152,5.989976616159035,3.1788912454430323,2661.553121751245,5.054984284069897,0.7422217965057676,1.621364679176634e-08,COMPLETE
3531,0.1007,0.8491164138354181,4.335111916469993,9.890916012877245,2661.553121751245,0.06857317261521613,0.18553129556620213,7.242135537625552e-11,COMPLETE
3532,0.1068,0.647756952490354,4.958426658725357,8.359124144204223,2.2526238626393873,0.0022293411443320356,3.6008094906658137,1.082668647136393e-08,COMPLETE
3533,0.0636,0.5312316141716429,1.7168411112344564,8.359124144204223,1.9562826277387932,3.858204027730059,59.2437895529571,3.0541645143911065e-11,COMPLETE
3534,0.05925,0.3876712113558466,4.335111916469993,3.1788912454430323,0.4634053899763641,1.2594502646806938,3.6008094906658137,7.242135537625552e-11,COMPLETE
3535,0.05335,0.2537395347471828,6.943625321882633,1.0726049388472807,3.9227007475742597,0.06857317261521613,0.010117774078155787,1.7411112824373338e-14,COMPLETE
3536,0.1188,0.778344278628929,6.103623020551158,9.890916012877245,123.52077947060401,0.047570004104159534,80.46577679760097,4.28505824412308e-12,COMPLETE
3537,0.0862,0.5392971112398917,5.719667260978259,6.875144787901625,10.057975320702074,1.5630282565660134,3.6008094906658137,3.787929895519139e-07,COMPLETE
3538,0.09435,0.7868698319042268,7.296565715563787,6.641926976422129,2661.553121751245,5.054984284069897,11.478928737247317,7.242135537625552e-11,COMPLETE
3539,0.04645,0.3324285433432113,7.051402036894628,1.8737694239765987,0.07261268023359602,1.2594502646806938,17.543999742650467,7.242135537625552e-11,COMPLETE
3540,0.1024,0.7326908020198438,6.019990742215804,6.875144787901625,123.52077947060401,0.06857317261521613,3.6008094906658137,5.521087576123659e-10,COMPLETE
3541,0.101,0.6595166204785264,3.7523591558107,9.890916012877245,0.11862116357168734,110.16646134717259,2.606433764399818,4.555161903103474e-11,COMPLETE
3542,0.06815,0.04293631300860758,6.943625321882633,1.0726049388472807,165.62896911632876,114.90858580432828,0.010117774078155787,7.242135537625552e-11,COMPLETE
3543,0.0917,0.09156529132403107,6.943625321882633,7.242098619980624,2095.587057794697,186.9306125540257,0.11060646004395691,3.407169759582504e-13,COMPLETE
3544,0.07015,0.5663557343710206,7.296565715563787,6.875144787901625,0.07261268023359602,0.4878712301792302,3.220088949721492,8.720647859508846e-11,COMPLETE
3545,0.12295,0.7167090198656807,6.943625321882633,9.890916012877245,3090.9457533461396,0.5362196401258538,0.11060646004395691,3.407169759582504e-13,COMPLETE
3546,0.06315,0.4699225037673442,7.296565715563787,2.8381544709549926,0.6975592224319972,0.06857317261521613,0.01777158201797886,7.742831187650925e-12,COMPLETE
3547,0.09365,0.6001199799778411,4.797597292147365,3.3801923275388828,1.8442663426239594,0.3710234766141632,0.022339618305084064,3.407169759582504e-13,COMPLETE
3548,0.0679,0.15372746091923045,5.276988961598319,1.2988454855318023,208.22607295194175,6.899614302283617,2.606433764399818,0.0006815274324700364,COMPLETE
3549,0.0556,0.3886268014645736,6.351039989269435,2.5118580794078285,1.9562826277387932,3.858204027730059,34.574222073764446,3.0541645143911065e-11,COMPLETE
3550,0.1036,0.6902203005859143,3.1343949151900192,6.875144787901625,208.22607295194175,0.08755680934938086,0.49106969850296894,5.521087576123659e-10,COMPLETE
3551,0.1214,0.7733769188645632,4.797597292147365,9.890916012877245,3090.9457533461396,0.047570004104159534,0.764092524644605,1.9897264125379086e-06,COMPLETE
3552,0.08305,0.14631515201468193,7.491453905458799,2.069083884103123,0.1784805460542277,0.00676016359277298,0.013697656472074115,3.6471519078170324e-06,COMPLETE
3553,0.0564,0.2284780400200812,5.686980021608849,1.0726049388472807,0.4634053899763641,546.754814234046,59.2437895529571,4.331365543927414e-05,COMPLETE
3554,0.10475,0.6782584950822415,5.173583684614153,6.875144787901625,123.52077947060401,1.5630282565660134,0.3359486683616324,3.787929895519139e-07,COMPLETE
3555,0.03665,0.12284100971424261,6.943625321882633,1.0726049388472807,3.9227007475742597,546.754814234046,0.010117774078155787,1.7411112824373338e-14,COMPLETE
3556,0.06105,0.3719850530966099,4.812614441890751,2.2991799521485987,0.06250957461201935,0.00154055737752604,2.606433764399818,7.242135537625552e-11,COMPLETE
3557,0.0793,0.5824272656582951,4.958426658725357,8.359124144204223,2.2526238626393873,1.5630282565660134,3.6008094906658137,3.0541645143911065e-11,COMPLETE
3558,0.0934,0.66652553609813,4.3924555413160284,5.491083554135927,9.45532285319647,0.002016671616870569,34.574222073764446,8.720647859508846e-11,COMPLETE
3559,0.0777,0.5666024525499427,7.051402036894628,9.890916012877245,0.07261268023359602,0.08143726543969673,1.1961286443235215,1.2412483488179038e-07,COMPLETE
3560,0.0937,0.6646075304758091,7.296565715563787,9.890916012877245,12.412723646412944,107.59872434463156,34.574222073764446,8.720647859508846e-11,COMPLETE
3561,0.0773,0.5076186472493514,4.958426658725357,5.931656396581594,2.2526238626393873,1.5630282565660134,3.6008094906658137,5.432263014140687e-13,COMPLETE
3562,0.09125,0.566881775458379,3.7523591558107,8.359124144204223,0.4634053899763641,110.16646134717259,4.230818933588808,1.5335060532903536e-12,COMPLETE
3563,0.1015,0.5958015142132228,6.943625321882633,9.890916012877245,3090.9457533461396,186.9306125540257,2.5245438758434986,9.297074674879823e-08,COMPLETE
3564,0.0904,0.8117354707048131,7.491453905458799,6.875144787901625,123.52077947060401,0.06857317261521613,0.4537212433343251,8.564477591299451e-11,COMPLETE
3565,0.0554,0.4056616379142362,7.051402036894628,2.984566102364234,0.07261268023359602,0.08143726543969673,1.1961286443235215,8.564477591299451e-11,COMPLETE
3566,0.0604,0.20368424010057737,3.0455122299916,1.0726049388472807,0.07261268023359602,43.54051839557317,5.192615578479196,5.521087576123659e-10,COMPLETE
3567,0.06475,0.4628161020098921,6.019990742215804,3.786492049701135,0.3474112486367053,0.06857317261521613,12.549082694764847,1.9043961097477443e-12,COMPLETE
3568,0.0682,0.5371421858000995,7.296565715563787,7.242098619980624,0.4634053899763641,0.047570004104159534,34.574222073764446,1.3305764127640516e-11,COMPLETE
3569,0.0842,0.5823408244046218,7.296565715563787,9.890916012877245,0.0757058773646021,0.05564315315248067,2.5245438758434986,3.407169759582504e-13,COMPLETE
3570,0.11845,0.7391753326233942,6.943625321882633,6.375651389137384,208.22607295194175,0.047570004104159534,0.010490863545892863,3.407169759582504e-13,COMPLETE
3571,0.08955,0.56196030577185,3.4975851452248508,3.786492049701135,12.412723646412944,107.59872434463156,12.549082694764847,8.720647859508846e-11,COMPLETE
3572,0.07905,0.4165332311463442,1.7763567229987405,3.786492049701135,0.4634053899763641,0.06857317261521613,0.045294466165967565,1.9043961097477443e-12,COMPLETE
3573,0.0766,0.47672768125120357,5.686980021608849,6.875144787901625,0.4634053899763641,3.858204027730059,59.2437895529571,3.0092675819548274e-09,COMPLETE
3574,0.0533,0.2279493554485357,6.943625321882633,1.0726049388472807,0.4634053899763641,0.06857317261521613,5.192615578479196,3.0092675819548274e-09,COMPLETE
3575,0.0883,0.6161197412552358,7.296565715563787,7.242098619980624,12.412723646412944,115.71255119018926,34.574222073764446,7.242135537625552e-11,COMPLETE
3576,0.08955,0.5786447247454966,1.799887946672508,7.242098619980624,3090.9457533461396,107.59872434463156,34.574222073764446,1.82218856673294e-11,COMPLETE
3577,0.08325,0.78445067175575,5.553661359325831,8.741900816624833,2484.344497646969,5.054984284069897,11.478928737247317,7.242135537625552e-11,COMPLETE
3578,0.0869,0.4488453661531673,0.568376679880326,3.125186472270982,123.52077947060401,110.16646134717259,0.11060646004395691,5.521087576123659e-10,COMPLETE
3579,0.0517,0.3247350591579979,6.943625321882633,1.5221902309752111,0.022401936527729656,0.08755680934938086,0.49106969850296894,5.521087576123659e-10,COMPLETE
3580,0.0522,0.1817259500592907,7.051402036894628,1.0726049388472807,0.4634053899763641,546.754814234046,0.010117774078155787,2.234326522814866e-10,COMPLETE
3581,0.0723,0.3767466910096328,4.335111916469993,3.1788912454430323,0.017975949624016854,1.2594502646806938,17.543999742650467,7.242135537625552e-11,COMPLETE
3582,0.1014,0.5829369375025992,4.812614441890751,8.359124144204223,0.016767417635497637,186.9306125540257,3.6008094906658137,7.242135537625552e-11,COMPLETE
3583,0.04705,0.22878687375961232,6.943625321882633,1.0726049388472807,0.09769760899019762,0.047570004104159534,1.3982607209709945,7.242135537625552e-11,COMPLETE
3584,0.09095,0.633829658043877,4.797597292147365,7.8078637347278095,0.3474112486367053,32.65151083393804,0.764092524644605,3.407169759582504e-13,COMPLETE
3585,0.0352,0.14046220133732076,5.719667260978259,1.0726049388472807,0.016767417635497637,546.754814234046,0.01777158201797886,3.0092675819548274e-09,COMPLETE
3586,0.0682,0.4925159096093273,7.491453905458799,6.875144787901625,0.08936935767062652,0.06857317261521613,6.282393807857707,3.787929895519139e-07,COMPLETE
3587,0.0956,0.6396310139308571,6.943625321882633,6.641926976422129,0.07261268023359602,0.12480776742786713,0.01777158201797886,1.7025566103408043e-11,COMPLETE
3588,0.0698,0.47753218343299114,1.8093888508575895,8.359124144204223,2.2526238626393873,1.5630282565660134,14.732118064935978,2.2563515925025537e-09,COMPLETE
3589,0.10575,0.6072993314318464,5.967455074145009,8.359124144204223,0.3984952323663929,51.0531204742495,4.230818933588808,3.649569116806477e-06,COMPLETE
3590,0.08025,0.42792294595354513,6.351039989269435,2.119560204328685,12.412723646412944,0.06857317261521613,0.11060646004395691,5.521087576123659e-10,COMPLETE
3591,0.0605,0.32491930630091304,6.943625321882633,1.0726049388472807,8.848626160253092,5.584040944807099,0.01777158201797886,2.839414018376779e-07,COMPLETE
3592,0.0756,0.5698171188233814,6.943625321882633,9.890916012877245,0.4634053899763641,0.047570004104159534,5.4301111060934595,3.0092675819548274e-09,COMPLETE
3593,0.0986,0.522432603813038,6.943625321882633,6.875144787901625,3090.9457533461396,2.4241604798671252,0.28638625236688264,4.331365543927414e-05,COMPLETE
3594,0.08015,0.7013776094349559,7.051402036894628,8.359124144204223,208.22607295194175,1.5630282565660134,3.6008094906658137,3.0541645143911065e-11,COMPLETE
3595,0.0796,0.3934927554086163,5.719667260978259,2.2991799521485987,0.016767417635497637,110.16646134717259,0.01777158201797886,9.787752692175531e-12,COMPLETE
3596,0.0597,0.4159392654926081,6.760905475237823,1.0726049388472807,208.22607295194175,0.1013397086496358,0.01777158201797886,2.3105558352981655e-13,COMPLETE
3597,0.1001,0.7443808988474079,6.019990742215804,7.8078637347278095,1365.9795109508957,0.006348046891868086,0.18612956210891068,2.3588967315724986e-12,COMPLETE
3598,0.0773,0.11807964057552783,3.972147972321078,7.8078637347278095,208.22607295194175,4.303702534053087,0.01777158201797886,1.9043961097477443e-12,COMPLETE
3599,0.0678,0.23095109516624626,2.8467952672042545,1.0726049388472807,11.210143547439165,51.0531204742495,4.230818933588808,1.5335060532903536e-12,COMPLETE
3600,0.08855,0.5104096201331972,3.1292294406385848,7.989565637327375,55.690542744888425,1.2594502646806938,17.543999742650467,3.407169759582504e-13,COMPLETE
3601,0.1317,0.7875647288181415,7.491453905458799,9.890916012877245,123.52077947060401,0.047570004104159534,0.059873914385622784,3.787929895519139e-07,COMPLETE
3602,0.1237,0.5558734198950366,4.797597292147365,6.875144787901625,892.2969816917366,3.858204027730059,0.764092524644605,4.331365543927414e-05,COMPLETE
3603,0.1018,0.7424478896411795,1.5647361652668017,6.875144787901625,1578.975479978281,0.08755680934938086,0.026243069973063637,5.521087576123659e-10,COMPLETE
3604,0.07315,0.45575148579025426,5.686980021608849,2.5118580794078285,1.9562826277387932,3.858204027730059,1.1961286443235215,2.1811143402963018e-10,COMPLETE
3605,0.0454,0.22311991207699197,1.969929682603818,1.0726049388472807,0.4634053899763641,31.23737291514751,0.010117774078155787,3.0092675819548274e-09,COMPLETE
3606,0.0762,0.49837229952796713,1.1977206731601633,6.641926976422129,0.4634053899763641,1.2594502646806938,34.574222073764446,2.200625161432269e-11,COMPLETE
3607,0.10375,0.7942800807578482,7.296565715563787,6.641926976422129,2661.553121751245,1.2594502646806938,17.543999742650467,8.720647859508846e-11,COMPLETE
3608,0.06995,0.43056698202919014,6.943625321882633,2.081991355549592,104.61067826393281,0.3710234766141632,80.46577679760097,3.649569116806477e-06,COMPLETE
3609,0.05105,0.29998487146263086,6.351039989269435,1.0726049388472807,0.4634053899763641,107.59872434463156,0.0962631623695263,3.0541645143911065e-11,COMPLETE
3610,0.1013,0.7018864728965647,7.051402036894628,3.9944594338373487,123.52077947060401,0.08755680934938086,0.069695554382358,5.314026320276268e-08,COMPLETE
3611,0.1208,0.4954330640605483,6.351039989269435,1.0726049388472807,363.9778189191896,0.047570004104159534,34.574222073764446,2.234326522814866e-10,COMPLETE
3612,0.04285,0.36717305151157587,7.051402036894628,2.2991799521485987,0.016767417635497637,0.4878712301792302,8.213868348493142,8.564477591299451e-11,COMPLETE
3613,0.1025,0.6754011688884519,7.051402036894628,3.9944594338373487,2661.553121751245,0.0015101030961527518,0.49106969850296894,8.720647859508846e-11,COMPLETE
3614,0.10265,0.585315700039056,3.859604096962893,8.359124144204223,5.626680129521508,110.16646134717259,3.6008094906658137,3.0541645143911065e-11,COMPLETE
3615,0.0908,0.7704686744469548,5.075226180853811,9.890916012877245,3090.9457533461396,5.054984284069897,2.5245438758434986,3.407169759582504e-13,COMPLETE
3616,0.1122,0.7904271389554531,5.553661359325831,6.875144787901625,208.22607295194175,0.1013397086496358,0.44035739571937466,5.432263014140687e-13,COMPLETE
3617,0.0929,0.6025900438467793,6.019990742215804,7.8078637347278095,0.4634053899763641,546.754814234046,5.192615578479196,5.979756394926687e-11,COMPLETE
3618,0.0826,0.7496563170880443,6.943625321882633,7.660060737717503,12.412723646412944,0.047570004104159534,0.764092524644605,3.407169759582504e-13,COMPLETE
3619,0.07885,0.5085526068622431,5.004133350311897,6.641926976422129,0.07261268023359602,0.12480776742786713,0.4955938566643088,7.242135537625552e-11,COMPLETE
3620,0.10515,0.8971293554011045,7.051402036894628,9.890916012877245,1365.9795109508957,0.047570004104159534,0.49106969850296894,2.234326522814866e-10,COMPLETE
3621,0.07485,0.17871578459196724,6.943625321882633,9.890916012877245,3090.9457533461396,546.754814234046,0.11060646004395691,1.7411112824373338e-14,COMPLETE
3622,0.1047,0.5598661670664894,6.019990742215804,7.8078637347278095,0.1784805460542277,0.5362196401258538,0.01777158201797886,3.787929895519139e-07,COMPLETE
3623,0.03925,0.2045376087931121,6.019990742215804,1.0726049388472807,0.4634053899763641,0.5362196401258538,3.6008094906658137,6.054666140071687e-07,COMPLETE
3624,0.10525,0.47278285245789203,7.296565715563787,6.641926976422129,104.61067826393281,0.12480776742786713,0.01777158201797886,3.649569116806477e-06,COMPLETE
3625,0.0877,0.6798426078855873,7.491453905458799,6.875144787901625,123.52077947060401,110.16646134717259,2.8482969150400095,1.8155331503158389e-09,COMPLETE
3626,0.0835,0.7103140194175127,5.989976616159035,8.741900816624833,0.016767417635497637,110.16646134717259,11.478928737247317,7.242135537625552e-11,COMPLETE
3627,0.15105,0.8361288208506178,7.084828247944138,9.890916012877245,123.52077947060401,0.0036222772954126094,5.192615578479196,3.407169759582504e-13,COMPLETE
3628,0.0795,0.031564660854130525,5.989976616159035,2.2991799521485987,2484.344497646969,110.16646134717259,0.01777158201797886,0.0009371357404885486,COMPLETE
3629,0.0892,0.6595234321748904,7.296565715563787,6.641926976422129,12.412723646412944,600.7912611782664,17.543999742650467,3.407169759582504e-13,COMPLETE
3630,0.08325,0.3207942464910089,4.579206828017267,7.242098619980624,3.9227007475742597,0.19788177559916884,0.010117774078155787,3.649569116806477e-06,COMPLETE
3631,0.06965,0.039614608992577266,5.719667260978259,2.2991799521485987,208.22607295194175,110.16646134717259,0.010490863545892863,9.787752692175531e-12,COMPLETE
3632,0.08285,0.46620313976882244,5.719667260978259,2.914005294876021,2.2526238626393873,0.6534921917604861,0.01777158201797886,3.787929895519139e-07,COMPLETE
3633,0.09035,0.18093151578773176,6.943625321882633,7.242098619980624,0.4634053899763641,0.047570004104159534,0.764092524644605,1.97922145486153e-05,COMPLETE
3634,0.0854,0.566177088546624,7.051402036894628,7.8078637347278095,0.04554951978322279,0.06857317261521613,3.6008094906658137,3.0541645143911065e-11,COMPLETE
3635,0.0761,0.4764899015837389,7.051402036894628,4.607348055833254,0.4634053899763641,0.034901271135405816,1.1961286443235215,2.556898659242752e-09,COMPLETE
3636,0.07885,0.6281117156280442,6.732357099085157,9.890916012877245,3.159482501983647,0.047570004104159534,0.764092524644605,8.720647859508846e-11,COMPLETE
3637,0.0982,0.5718917015552958,6.103623020551158,6.875144787901625,208.22607295194175,0.1013397086496358,0.01777158201797886,3.649569116806477e-06,COMPLETE
3638,0.08845,0.6536386324966855,7.051402036894628,9.890916012877245,1365.9795109508957,929.6633627129753,34.574222073764446,2.234326522814866e-10,COMPLETE
3639,0.0622,0.37689806631633765,7.296565715563787,1.4518789275681732,2661.553121751245,403.50808676058165,17.543999742650467,8.564477591299451e-11,COMPLETE
3640,0.078,0.5675261772073825,6.019990742215804,9.890916012877245,0.1784805460542277,0.06857317261521613,3.6008094906658137,1.9043961097477443e-12,COMPLETE
3641,0.0568,0.1809629180261277,7.051402036894628,1.0726049388472807,0.4634053899763641,0.08143726543969673,1.1961286443235215,8.564477591299451e-11,COMPLETE
3642,0.09295,0.715907372956376,3.7523591558107,8.741900816624833,2484.344497646969,5.054984284069897,11.478928737247317,7.242135537625552e-11,COMPLETE
3643,0.0604,0.23626082896858558,3.6908645441818315,1.0726049388472807,0.4634053899763641,51.0531204742495,2.606433764399818,1.7411112824373338e-14,COMPLETE
3644,0.09695,0.57859381727222,2.8467952672042545,8.359124144204223,0.016767417635497637,51.0531204742495,0.01777158201797886,1.8984477547223754e-13,COMPLETE
3645,0.0718,0.48181912404700344,6.943625321882633,6.641926976422129,0.6975592224319972,546.754814234046,0.04828407606015354,8.720647859508846e-11,COMPLETE
3646,0.07985,0.16829525042151483,6.943625321882633,4.104615523185782,0.016767417635497637,546.754814234046,0.010117774078155787,2.038567370184007e-06,COMPLETE
3647,0.0825,0.5855590299841822,4.335111916469993,3.1788912454430323,7843.277665583187,1.2594502646806938,59.2437895529571,4.331365543927414e-05,COMPLETE
3648,0.0875,0.6977469967104072,7.051402036894628,9.890916012877245,0.3474112486367053,0.047570004104159534,0.01723519313338033,1.9043961097477443e-12,COMPLETE
3649,0.0785,0.5908044781784649,6.943625321882633,8.359124144204223,3.9227007475742597,546.754814234046,0.010117774078155787,1.5335060532903536e-12,COMPLETE
3650,0.0701,0.5176802807985336,6.943625321882633,6.875144787901625,123.52077947060401,7.54443912402199,59.2437895529571,4.331365543927414e-05,COMPLETE
3651,0.12685,0.7087578582806068,6.943625321882633,9.890916012877245,208.22607295194175,0.05564315315248067,0.010490863545892863,3.407169759582504e-13,COMPLETE
3652,0.1085,0.8373507062124376,5.719667260978259,6.875144787901625,208.22607295194175,0.009707433566872849,0.010490863545892863,3.787929895519139e-07,COMPLETE
3653,0.086,0.5308191177820779,4.958426658725357,4.335068794900392,104.61067826393281,186.9306125540257,0.9327439604378265,3.649569116806477e-06,COMPLETE
3654,0.0592,0.2539991290390927,6.943625321882633,1.0726049388472807,2.300631579940496,0.06857317261521613,0.010117774078155787,1.7411112824373338e-14,COMPLETE
3655,0.101,0.6506938726769159,2.187110978380949,6.875144787901625,123.52077947060401,0.12696464981494876,0.3359486683616324,8.564477591299451e-11,COMPLETE
3656,0.0956,0.6864838820876727,7.296565715563787,7.242098619980624,12.412723646412944,0.047570004104159534,34.574222073764446,3.5062421283129145e-08,COMPLETE
3657,0.0415,0.09376861977643319,5.05336751899353,1.0726049388472807,0.4634053899763641,110.16646134717259,0.04005500180765361,4.331365543927414e-05,COMPLETE
3658,0.08375,0.21399942538086003,4.958426658725357,8.359124144204223,2.2526238626393873,1.5630282565660134,0.764092524644605,0.00017349939556610846,COMPLETE
3659,0.12105,0.7590110766803168,6.103623020551158,7.8078637347278095,104.61067826393281,0.059059396688812806,4.4800100120613235,1.9043961097477443e-12,COMPLETE
3660,0.0738,0.5564277304817081,7.051402036894628,8.359124144204223,0.4634053899763641,0.08143726543969673,1.1961286443235215,2.6953452002080092e-14,COMPLETE
3661,0.08995,0.6487126658165892,6.351039989269435,9.890916012877245,12.412723646412944,107.59872434463156,34.574222073764446,3.0541645143911065e-11,COMPLETE
3662,0.0561,0.349526138796799,5.553661359325831,1.9812875090250557,12.412723646412944,5.054984284069897,0.764092524644605,7.242135537625552e-11,COMPLETE
3663,0.13065,0.8250327041186766,5.439590829177734,9.890916012877245,3090.9457533461396,0.047570004104159534,0.04082369646290137,1.9897264125379086e-06,COMPLETE
3664,0.07225,0.5912032256639075,5.439590829177734,9.890916012877245,1.8442663426239594,0.047570004104159534,76.57127726580364,1.0983401550485142e-14,COMPLETE
3665,0.08395,0.7287012886178404,7.051402036894628,6.641926976422129,0.14359886520401832,0.12480776742786713,0.01777158201797886,8.720647859508846e-11,COMPLETE
3666,0.11275,0.6968073461068232,5.439590829177734,9.890916012877245,123.52077947060401,0.06857317261521613,2.56538932579242,1.9897264125379086e-06,COMPLETE
3667,0.07655,0.5088720010111367,6.351039989269435,8.359124144204223,2.2526238626393873,1.5630282565660134,34.574222073764446,5.432263014140687e-13,COMPLETE
3668,0.0666,0.7109077657072429,7.491453905458799,6.875144787901625,123.52077947060401,4.006173959705789,0.764092524644605,3.407169759582504e-13,COMPLETE
3669,0.0768,0.5168124991348172,3.285951376553347,8.359124144204223,0.4634053899763641,0.02259033321231426,3.6008094906658137,8.720647859508846e-11,COMPLETE
3670,0.09325,0.6367673371044352,7.296565715563787,8.741900816624833,72.14553131982682,107.59872434463156,14.938528279104256,2.907203615713739e-06,COMPLETE
3671,0.10545,0.7393031715019347,5.553661359325831,6.875144787901625,2484.344497646969,5.054984284069897,1.1961286443235215,8.564477591299451e-11,COMPLETE
3672,0.10025,0.7014136715951884,6.786864390676342,6.641926976422129,618.6290304581248,0.12480776742786713,0.010490863545892863,3.787929895519139e-07,COMPLETE
3673,0.1334,0.7724291208411767,5.686980021608849,9.890916012877245,1124.386428641863,0.047570004104159534,0.764092524644605,4.9536232507804895e-09,COMPLETE
3674,0.10505,0.7870522023672876,6.943625321882633,9.890916012877245,123.52077947060401,0.08755680934938086,0.764092524644605,5.314026320276268e-08,COMPLETE
3675,0.05085,0.46311552971591474,5.553661359325831,3.9944594338373487,208.22607295194175,5.054984284069897,12.493569628483362,5.314026320276268e-08,COMPLETE
3676,0.08165,0.6128094020641838,7.296565715563787,6.641926976422129,2.2526238626393873,1.5630282565660134,0.01777158201797886,8.720647859508846e-11,COMPLETE
3677,0.0728,0.535410888012087,7.051402036894628,6.875144787901625,0.07261268023359602,0.4878712301792302,13.586487974904616,3.787929895519139e-07,COMPLETE
3678,0.0614,0.2735845084537858,6.351039989269435,1.0726049388472807,12.412723646412944,107.59872434463156,8.213868348493142,3.0541645143911065e-11,COMPLETE
3679,0.10275,0.18753465828357993,7.051402036894628,6.875144787901625,208.22607295194175,0.009707433566872849,0.11060646004395691,8.81688515993176e-05,COMPLETE
3680,0.1014,0.8079262928323118,6.943625321882633,9.890916012877245,123.52077947060401,0.047570004104159534,1.8194846176867283,3.407169759582504e-13,COMPLETE
3681,0.11925,0.8561754337853453,7.051402036894628,9.890916012877245,1365.9795109508957,0.047570004104159534,0.04082369646290137,1.9897264125379086e-06,COMPLETE
3682,0.1002,0.5917749010444253,7.051402036894628,3.0790289441750254,208.22607295194175,0.08755680934938086,34.574222073764446,3.2771456821232834e-06,COMPLETE
3683,0.09065,0.6213831315287798,4.812614441890751,6.875144787901625,0.016767417635497637,115.71255119018926,2.606433764399818,7.242135537625552e-11,COMPLETE
3684,0.11705,0.778052387028604,6.943625321882633,9.890916012877245,123.52077947060401,0.047570004104159534,0.764092524644605,3.407169759582504e-13,COMPLETE
3685,0.10015,0.46302478887464904,2.2609792202108214,9.890916012877245,3.9227007475742597,0.047570004104159534,0.764092524644605,1.7411112824373338e-14,COMPLETE
3686,0.06115,0.4697431528532893,5.472695532361089,1.1985999454577785,123.52077947060401,0.047570004104159534,0.764092524644605,1.9043961097477443e-12,COMPLETE
3687,0.08885,0.6051664636836004,5.719667260978259,6.875144787901625,0.4634053899763641,0.009707433566872849,0.010490863545892863,2.556898659242752e-09,COMPLETE
3688,0.10895,0.7843852226608212,5.686980021608849,6.875144787901625,7843.277665583187,3.858204027730059,3.6008094906658137,1.9043961097477443e-12,COMPLETE
3689,0.0933,0.559201682982966,5.553661359325831,3.240310746492471,2.2526238626393873,51.0531204742495,3.6008094906658137,5.432263014140687e-13,COMPLETE
3690,0.07955,0.541072408738098,4.335111916469993,3.1788912454430323,2661.553121751245,12.974808669037445,17.543999742650467,7.242135537625552e-11,COMPLETE
3691,0.0688,0.42817807340326663,5.553661359325831,2.5118580794078285,1.9562826277387932,3.858204027730059,0.3574239194963053,2.1811143402963018e-10,COMPLETE
3692,0.11015,0.8511442260438591,6.943625321882633,9.890916012877245,3090.9457533461396,0.08755680934938086,0.49106969850296894,5.314026320276268e-08,COMPLETE
3693,0.0864,0.6113744658501054,4.958426658725357,8.359124144204223,2.2526238626393873,1.5630282565660134,0.8025491353094317,3.0541645143911065e-11,COMPLETE
3694,0.05105,0.28036371768870477,5.439590829177734,1.2997368745646833,0.014162338396506723,186.9306125540257,13.91899640723714,1.9897264125379086e-06,COMPLETE
3695,0.07335,0.127691165856462,4.958426658725357,1.494029393092529,2.2526238626393873,1.5630282565660134,3.6008094906658137,0.002949605421704285,COMPLETE
3696,0.07065,0.7401301110363626,7.051402036894628,8.741900816624833,81.47238887672447,5.054984284069897,1.1961286443235215,8.564477591299451e-11,COMPLETE
3697,0.07985,0.6405221741225301,5.553661359325831,8.741900816624833,1.8442663426239594,5.054984284069897,11.478928737247317,1.621364679176634e-08,COMPLETE
3698,0.0984,0.6133799270494769,4.958426658725357,7.242098619980624,123.52077947060401,186.9306125540257,34.574222073764446,3.649569116806477e-06,COMPLETE
3699,0.08965,0.6844984502243996,5.719667260978259,8.359124144204223,0.17189191091491696,186.9306125540257,3.6008094906658137,3.0541645143911065e-11,COMPLETE
3700,0.0851,0.5049601258726878,6.943625321882633,8.741900816624833,0.4081655814818445,0.6881858946448333,14.732118064935978,7.242135537625552e-11,COMPLETE
3701,0.06285,0.15230101899114212,4.812614441890751,1.0726049388472807,2.2526238626393873,51.0531204742495,73.5799874714666,0.0016904977844085939,COMPLETE
3702,0.11,0.8204789320465797,6.943625321882633,9.890916012877245,123.52077947060401,0.047570004104159534,0.030553875203692554,3.407169759582504e-13,COMPLETE
3703,0.0603,0.32475620577240677,6.943625321882633,1.0726049388472807,0.4634053899763641,383.43057079552284,2.5245438758434986,3.407169759582504e-13,COMPLETE
3704,0.05925,0.16541266324167872,6.943625321882633,1.2997368745646833,0.4634053899763641,186.9306125540257,0.010117774078155787,3.811801850956625e-07,COMPLETE
3705,0.06075,0.27740746346974593,4.948195195609465,1.0726049388472807,0.07261268023359602,620.9890606889237,5.192615578479196,3.0092675819548274e-09,COMPLETE
3706,0.0943,0.5331913133555729,7.051402036894628,7.8078637347278095,0.3474112486367053,0.00941293524953946,3.6008094906658137,3.0541645143911065e-11,COMPLETE
3707,0.093,0.793188535958522,7.051402036894628,6.875144787901625,208.22607295194175,0.08755680934938086,0.49106969850296894,5.521087576123659e-10,COMPLETE
3708,0.09445,0.5246884389517268,0.7689364607497028,9.890916012877245,3090.9457533461396,0.047570004104159534,8.213868348493142,8.564477591299451e-11,COMPLETE
3709,0.05175,0.3475649888802721,6.943625321882633,1.8817971165855027,1.2589521443072373,0.06857317261521613,0.11060646004395691,3.407169759582504e-13,COMPLETE
3710,0.0909,0.04406767057228403,7.296565715563787,6.641926976422129,540.7900783013034,6.553752361869406,0.020183971933939032,8.720647859508846e-11,COMPLETE
3711,0.08985,0.661443009068941,4.958426658725357,7.242098619980624,0.4634053899763641,3.460221973000056,0.01777158201797886,9.787752692175531e-12,COMPLETE
3712,0.05855,0.30531837606185025,5.553661359325831,1.0726049388472807,2661.553121751245,51.0531204742495,3.6008094906658137,8.720647859508846e-11,COMPLETE
3713,0.1037,0.6268348962583519,1.891442630820134,6.875144787901625,0.07261268023359602,0.4878712301792302,0.038479442063098175,8.720647859508846e-11,COMPLETE
3714,0.0621,0.3604176692229795,5.989976616159035,1.7519510271087413,1.8442663426239594,5.054984284069897,0.764092524644605,1.298259319360076e-09,COMPLETE
3715,0.08065,0.4985412226722845,3.44125133859043,6.875144787901625,123.52077947060401,4.006173959705789,0.01777158201797886,8.720647859508846e-11,COMPLETE
3716,0.06195,0.17848639689322346,5.553661359325831,1.0726049388472807,2.2526238626393873,0.3710234766141632,3.6008094906658137,3.649569116806477e-06,COMPLETE
3717,0.1493,0.7876650506430091,5.439590829177734,9.890916012877245,3090.9457533461396,0.047570004104159534,0.04082369646290137,1.9897264125379086e-06,COMPLETE
3718,0.13405,0.7811938131887813,5.553661359325831,8.741900816624833,2484.344497646969,0.013852072006624104,0.010117774078155787,3.0092675819548274e-09,COMPLETE
3719,0.07465,0.4939869652247864,7.051402036894628,3.9944594338373487,0.9375618411875101,0.009707433566872849,0.49106969850296894,5.314026320276268e-08,COMPLETE
3720,0.11615,0.8327511933148275,7.296565715563787,6.875144787901625,208.22607295194175,0.009707433566872849,0.010490863545892863,3.787929895519139e-07,COMPLETE
3721,0.0772,0.556142676083939,7.491453905458799,8.359124144204223,2.2526238626393873,1.5630282565660134,0.021168269649633198,3.787929895519139e-07,COMPLETE
3722,0.0922,0.7865103706845182,4.958426658725357,8.359124144204223,2930.9205686200316,1.5630282565660134,3.6008094906658137,3.0541645143911065e-11,COMPLETE
3723,0.03885,0.19353626929222373,7.051402036894628,1.0726049388472807,0.3474112486367053,546.754814234046,0.010117774078155787,7.242135537625552e-11,COMPLETE
3724,0.06285,0.308125888956531,5.686980021608849,2.5118580794078285,1.9562826277387932,546.754814234046,0.010117774078155787,2.1811143402963018e-10,COMPLETE
3725,0.08625,0.6400301143182673,1.3730646004818834,7.242098619980624,0.4634053899763641,110.16646134717259,2.606433764399818,1.7411112824373338e-14,COMPLETE
3726,0.08585,0.5044207161687413,3.309379003463504,2.7763341479840578,2661.553121751245,5.054984284069897,11.478928737247317,7.242135537625552e-11,COMPLETE
3727,0.0918,0.6629178713646319,7.491453905458799,7.242098619980624,12.412723646412944,107.59872434463156,0.3359486683616324,4.971519616514026e-14,COMPLETE
3728,0.09035,0.722974953165232,7.051402036894628,7.8078637347278095,12.412723646412944,0.038687616275165676,0.764092524644605,3.407169759582504e-13,COMPLETE
3729,0.0938,0.6980904314767743,7.051402036894628,6.875144787901625,208.22607295194175,0.08755680934938086,0.010117774078155787,5.521087576123659e-10,COMPLETE
3730,0.08445,0.4215104544954171,0.6505212673736184,2.8104808029658854,123.52077947060401,0.047570004104159534,0.764092524644605,3.407169759582504e-13,COMPLETE
3731,0.08605,0.45528931854857535,4.2602610357196085,6.875144787901625,0.07261268023359602,0.5103500787560857,1.1961286443235215,8.564477591299451e-11,COMPLETE
3732,0.03145,0.031005659264311886,6.943625321882633,1.0726049388472807,0.4634053899763641,546.754814234046,0.010117774078155787,4.819620859627371e-05,COMPLETE
3733,0.07725,0.57720537403771,7.051402036894628,9.890916012877245,0.46407152921123107,0.047570004104159534,0.49106969850296894,2.234326522814866e-10,COMPLETE
3734,0.055,0.5615988640628378,7.051402036894628,6.875144787901625,0.09750978508651072,546.754814234046,0.010117774078155787,3.0092675819548274e-09,COMPLETE
3735,0.05095,0.22831933423122155,7.051402036894628,1.0726049388472807,0.5791821529062022,546.754814234046,95.38000118724145,2.6378016332782343e-05,COMPLETE
3736,0.0448,0.3269180507369564,6.943625321882633,1.0726049388472807,1.8442663426239594,5.054984284069897,0.04724228817485067,1.621364679176634e-08,COMPLETE
3737,0.094,0.7773494951104569,7.296565715563787,6.875144787901625,12.412723646412944,0.047570004104159534,0.01777158201797886,3.407169759582504e-13,COMPLETE
3738,0.05645,0.20536518232409826,4.335111916469993,1.0726049388472807,0.4634053899763641,123.62248067438074,17.543999742650467,7.242135537625552e-11,COMPLETE
3739,0.0893,0.5530382952181181,1.8372555711737624,8.359124144204223,123.52077947060401,0.07296834769236775,3.6008094906658137,3.376335199432529e-07,COMPLETE
3740,0.08405,0.6729751794836549,7.051402036894628,9.890916012877245,104.61067826393281,0.3710234766141632,80.46577679760097,2.234326522814866e-10,COMPLETE
3741,0.09345,0.715363920262121,6.943625321882633,6.633766272193786,123.52077947060401,0.12318995296729693,0.010117774078155787,3.0092675819548274e-09,COMPLETE
3742,0.03885,0.1179332189197096,6.943625321882633,1.2186148505353722,0.4634053899763641,546.754814234046,0.010117774078155787,3.0092675819548274e-09,COMPLETE
3743,0.0563,0.38013476140078767,5.719667260978259,2.2991799521485987,0.016767417635497637,0.0070010820997066315,6.270124213050574,9.787752692175531e-12,COMPLETE
3744,0.049,0.32344312773410255,5.719667260978259,1.0726049388472807,10.012774323027275,51.0531204742495,0.8399863630963859,9.787752692175531e-12,COMPLETE
3745,0.09085,0.667893627015258,4.958426658725357,8.359124144204223,0.4634053899763641,186.9306125540257,3.6008094906658137,1.5335060532903536e-12,COMPLETE
3746,0.09715,0.7294400047109453,4.621624918239847,6.875144787901625,123.52077947060401,0.047570004104159534,0.49106969850296894,3.787929895519139e-07,COMPLETE
3747,0.04895,0.2052124799253967,5.553661359325831,1.0726049388472807,0.8219907929162001,12.143000555711792,3.6008094906658137,5.432263014140687e-13,COMPLETE
3748,0.1048,0.7373245319840644,7.051402036894628,6.875144787901625,123.52077947060401,0.06857317261521613,0.11060646004395691,1.9897264125379086e-06,COMPLETE
3749,0.0749,0.5578802847231574,5.719667260978259,6.875144787901625,208.22607295194175,0.1679523843057958,0.01777158201797886,1.9897264125379086e-06,COMPLETE
3750,0.0934,0.5972862016361542,6.019990742215804,7.8078637347278095,0.1784805460542277,0.5362196401258538,0.12245105198787853,3.787929895519139e-07,COMPLETE
3751,0.1101,0.7677036176552999,6.943625321882633,6.875144787901625,208.22607295194175,0.0017296883170340035,2.5245438758434986,3.787929895519139e-07,COMPLETE
3752,0.07165,0.5001949872031475,7.296565715563787,6.875144787901625,0.25158089938572226,0.1013397086496358,82.5098794658547,8.720647859508846e-11,COMPLETE
3753,0.08415,0.6215779470031992,5.553661359325831,4.895165956961837,2.2526238626393873,51.0531204742495,5.192615578479196,5.432263014140687e-13,COMPLETE
3754,0.0429,0.21269122123450712,7.296565715563787,1.0726049388472807,0.4634053899763641,546.754814234046,0.010117774078155787,8.720647859508846e-11,COMPLETE
3755,0.0831,0.5495385105742192,7.051402036894628,9.890916012877245,0.3474112486367053,0.0037518248438985755,79.05077284475732,2.234326522814866e-10,COMPLETE
3756,0.0762,0.6154051778708386,4.958426658725357,8.359124144204223,2.2526238626393873,1.5630282565660134,3.6008094906658137,1.9043961097477443e-12,COMPLETE
3757,0.0526,0.2797111389768468,6.103623020551158,1.0726049388472807,104.61067826393281,546.754814234046,5.192615578479196,3.649569116806477e-06,COMPLETE
3758,0.0752,0.17771616337290058,0.7406707668525739,1.2997368745646833,0.014162338396506723,0.06857317261521613,0.3359486683616324,3.787929895519139e-07,COMPLETE
3759,0.06895,0.543640210540094,5.686980021608849,3.3873699137135773,12.412723646412944,107.59872434463156,34.574222073764446,8.720647859508846e-11,COMPLETE
3760,0.0584,0.7242504061375429,5.686980021608849,6.875144787901625,5566.2977925921405,34.74982443918535,68.68637664775686,2.1811143402963018e-10,COMPLETE
3761,0.05595,0.30052390646696325,7.296565715563787,1.0726049388472807,12.412723646412944,0.047570004104159534,0.764092524644605,3.0541645143911065e-11,COMPLETE
3762,0.0907,0.5687602582232053,0.8855925829889031,6.641926976422129,2661.553121751245,1.2594502646806938,17.543999742650467,3.787929895519139e-07,COMPLETE
3763,0.12165,0.6917439794472142,6.943625321882633,8.741900816624833,123.52077947060401,0.06857317261521613,0.010117774078155787,2.556898659242752e-09,COMPLETE
3764,0.08375,0.7474707183620286,4.335111916469993,6.641926976422129,2661.553121751245,1.2594502646806938,17.543999742650467,7.242135537625552e-11,COMPLETE
3765,0.1395,0.8288100010411237,7.296565715563787,9.890916012877245,1365.9795109508957,0.12480776742786713,0.2525067546774367,1.9897264125379086e-06,COMPLETE
3766,0.05845,0.4216557162254806,4.335111916469993,3.1788912454430323,0.6975592224319972,0.12480776742786713,2.7046461214993824,5.8324380367888804e-08,COMPLETE
3767,0.05295,0.016227935396645857,6.019990742215804,1.2997368745646833,0.014162338396506723,5.054984284069897,0.0247605531247782,0.0006578288476622151,COMPLETE
3768,0.0908,0.6466645020646837,3.640489887681252,6.641926976422129,0.6975592224319972,0.12480776742786713,0.01777158201797886,7.967228205962065e-13,COMPLETE
3769,0.0454,0.22990980740009098,7.491453905458799,1.0726049388472807,12.412723646412944,107.59872434463156,34.574222073764446,3.0541645143911065e-11,COMPLETE
3770,0.07065,0.6720173636547665,4.958426658725357,7.8078637347278095,0.3474112486367053,186.9306125540257,3.6008094906658137,3.0541645143911065e-11,COMPLETE
3771,0.0829,0.5527476048262794,5.989976616159035,7.8078637347278095,0.3474112486367053,5.054984284069897,11.478928737247317,7.242135537625552e-11,COMPLETE
3772,0.06655,0.3556376273302367,4.797597292147365,1.7519510271087413,1.8442663426239594,546.754814234046,0.010117774078155787,3.407169759582504e-13,COMPLETE
3773,0.12725,0.7170578259584913,7.051402036894628,9.890916012877245,208.22607295194175,0.047570004104159534,0.010490863545892863,3.787929895519139e-07,COMPLETE
3774,0.0958,0.8101425649686099,7.051402036894628,6.875144787901625,208.22607295194175,0.08755680934938086,0.49106969850296894,5.521087576123659e-10,COMPLETE
3775,0.0926,0.7295967204544366,5.686980021608849,6.875144787901625,7843.277665583187,3.858204027730059,2.2225713029468572,4.331365543927414e-05,COMPLETE
3776,0.04805,0.19358975199263176,6.943625321882633,1.0726049388472807,0.4634053899763641,546.754814234046,0.010117774078155787,3.0092675819548274e-09,COMPLETE
3777,0.0956,0.7910979644186957,6.943625321882633,6.875144787901625,208.22607295194175,0.08755680934938086,0.764092524644605,3.292372248308308e-11,COMPLETE
3778,0.06965,0.289013213250534,6.943625321882633,1.0726049388472807,0.07261268023359602,546.754814234046,5.192615578479196,5.521087576123659e-10,COMPLETE
3779,0.0466,0.38089580235216186,7.051402036894628,2.398799485838285,0.2104683296806297,0.08755680934938086,0.49106969850296894,5.521087576123659e-10,COMPLETE
3780,0.0927,0.6284462086947225,5.439590829177734,9.890916012877245,3.296334102909408,0.047570004104159534,0.04082369646290137,3.275904768115317e-14,COMPLETE
3781,0.1184,0.2996492085258337,1.7203116381748502,3.3801923275388828,123.52077947060401,0.06857317261521613,0.3359486683616324,3.649569116806477e-06,COMPLETE
3782,0.1026,0.7020716780765998,6.943625321882633,9.890916012877245,3090.9457533461396,0.06857317261521613,0.010117774078155787,3.407169759582504e-13,COMPLETE
3783,0.0828,0.5247374703028811,7.051402036894628,6.875144787901625,0.4634053899763641,0.4878712301792302,8.213868348493142,1.5335060532903536e-12,COMPLETE
3784,0.0721,0.5766929176491205,6.019990742215804,3.786492049701135,123.52077947060401,107.59872434463156,12.549082694764847,1.9043961097477443e-12,COMPLETE
3785,0.097,0.544438879033891,6.943625321882633,3.1788912454430323,0.4634053899763641,546.754814234046,0.010117774078155787,3.0092675819548274e-09,COMPLETE
3786,0.051,0.23418545938663587,5.553661359325831,1.0726049388472807,2.2526238626393873,51.0531204742495,3.6008094906658137,5.432263014140687e-13,COMPLETE
3787,0.10165,0.6856304569024866,7.051402036894628,6.875144787901625,104.61067826393281,0.06857317261521613,0.11060646004395691,3.649569116806477e-06,COMPLETE
3788,0.0699,0.6208673144648674,6.32852831417279,8.359124144204223,49.57768215733854,7.048358601207179,3.6008094906658137,3.0541645143911065e-11,COMPLETE
3789,0.07535,0.30471282539169836,2.8467952672042545,8.359124144204223,0.4634053899763641,546.754814234046,0.08385429601503971,1.7411112824373338e-14,COMPLETE
3790,0.0658,0.18084943997378458,0.11262456152155959,1.0726049388472807,2484.344497646969,0.24978747493640807,37.7989146219419,2.4322086974580394e-14,COMPLETE
3791,0.08075,0.6658272726106512,5.989976616159035,8.741900816624833,2484.344497646969,110.16646134717259,11.478928737247317,7.242135537625552e-11,COMPLETE
3792,0.08745,0.27970063945943063,6.351039989269435,9.890916012877245,12.412723646412944,0.0992174099101549,0.764092524644605,1.3863566941021755e-05,COMPLETE
3793,0.09095,0.6361893138265275,7.296565715563787,7.242098619980624,0.4634053899763641,186.9306125540257,7.314698546649336,1.0194855927870633e-11,COMPLETE
3794,0.0858,0.46676116315973376,7.051402036894628,7.242098619980624,0.09750978508651072,546.754814234046,0.010117774078155787,8.720647859508846e-11,COMPLETE
3795,0.0792,0.5519044040580676,4.797597292147365,8.741900816624833,1.8442663426239594,4.006173959705789,11.478928737247317,7.242135537625552e-11,COMPLETE
3796,0.08945,0.5506323947706169,7.296565715563787,6.641926976422129,0.07261268023359602,0.0035498358222560357,0.01777158201797886,8.720647859508846e-11,COMPLETE
3797,0.08935,0.6455379574188063,7.051402036894628,6.875144787901625,0.07261268023359602,0.4878712301792302,0.3359486683616324,3.787929895519139e-07,COMPLETE
3798,0.10705,0.6390919249455496,3.3045319109337865,6.875144787901625,3.6692234898496423,546.754814234046,34.574222073764446,8.640198235792326e-10,COMPLETE
3799,0.06775,0.5230972628089811,0.5283892511376543,8.359124144204223,208.22607295194175,0.08755680934938086,3.6008094906658137,5.521087576123659e-10,COMPLETE
3800,0.05125,0.20517821639132663,5.553661359325831,1.0726049388472807,2.2526238626393873,51.0531204742495,80.46577679760097,5.432263014140687e-13,COMPLETE
3801,0.0739,0.48623160228196555,7.051402036894628,1.8910184145243263,208.22607295194175,0.5362196401258538,0.49106969850296894,5.314026320276268e-08,COMPLETE
3802,0.1188,0.7239758771303862,7.296565715563787,6.641926976422129,3669.7847656822564,0.08755680934938086,0.010117774078155787,5.314026320276268e-08,COMPLETE
3803,0.0867,0.5864222213814093,7.491453905458799,6.875144787901625,0.4634053899763641,546.754814234046,0.3359486683616324,3.787929895519139e-07,COMPLETE
3804,0.0672,0.4200723764932796,6.019990742215804,2.319120603826277,0.014162338396506723,186.9306125540257,0.11060646004395691,3.407169759582504e-13,COMPLETE
3805,0.0913,0.15651250731938654,5.686980021608849,1.2997368745646833,7843.277665583187,3.858204027730059,59.2437895529571,0.006846693766433294,COMPLETE
3806,0.05675,0.3467050163367353,5.989976616159035,1.7519510271087413,1.8442663426239594,5.054984284069897,0.764092524644605,1.621364679176634e-08,COMPLETE
3807,0.08475,0.5705999233153292,6.943625321882633,3.7044493653147397,0.4634053899763641,546.754814234046,0.010117774078155787,2.2563515925025537e-09,COMPLETE
3808,0.05985,0.0415495789412018,7.051402036894628,2.2991799521485987,208.22607295194175,878.1210412153216,0.01777158201797886,5.521087576123659e-10,COMPLETE
3809,0.0725,0.06612330144418485,7.051402036894628,9.890916012877245,1365.9795109508957,134.17009362320715,0.04082369646290137,1.9897264125379086e-06,COMPLETE
3810,0.0958,0.6825210537848843,5.989976616159035,3.9317146295530976,2484.344497646969,0.5362196401258538,3.6008094906658137,1.2073214637949699e-13,COMPLETE
3811,0.0632,0.426687913935891,6.019990742215804,3.786492049701135,0.1784805460542277,0.5362196401258538,12.549082694764847,1.9043961097477443e-12,COMPLETE
3812,0.07705,0.7317899306240117,7.296565715563787,6.641926976422129,2661.553121751245,73.9565414206771,17.543999742650467,3.649569116806477e-06,COMPLETE
3813,0.09695,0.7791408345506731,7.051402036894628,8.359124144204223,123.52077947060401,0.06857317261521613,3.6008094906658137,3.0541645143911065e-11,COMPLETE
3814,0.04605,0.24723308277226602,7.233881954168647,1.0726049388472807,1.8442663426239594,546.754814234046,76.57127726580364,1.621364679176634e-08,COMPLETE
3815,0.0754,0.4529867798638296,7.491453905458799,1.0726049388472807,123.52077947060401,0.06857317261521613,0.3359486683616324,3.787929895519139e-07,COMPLETE
3816,0.0478,0.320493642633802,7.051402036894628,1.0726049388472807,70.0811340831119,110.16646134717259,2.606433764399818,2.234326522814866e-10,COMPLETE
3817,0.09625,0.5262113868611283,6.019990742215804,3.786492049701135,123.52077947060401,115.71255119018926,2.606433764399818,7.242135537625552e-11,COMPLETE
3818,0.04885,0.2806106509913835,6.019990742215804,1.7519510271087413,0.1784805460542277,4.006173959705789,3.6008094906658137,1.9043961097477443e-12,COMPLETE
3819,0.0848,0.014387359132815306,6.943625321882633,8.922243208129368,2191.4679744079535,546.754814234046,0.010117774078155787,9.814082754232276e-09,COMPLETE
3820,0.0459,0.03589631952069095,6.943625321882633,1.0726049388472807,0.4634053899763641,546.754814234046,0.01777158201797886,4.819620859627371e-05,COMPLETE
3821,0.09235,0.6212074989361795,2.669108659679384,8.359124144204223,0.014162338396506723,186.9306125540257,3.6008094906658137,3.811801850956625e-07,COMPLETE
3822,0.0641,0.5980788015360632,7.051402036894628,6.641926976422129,208.22607295194175,546.754814234046,0.49106969850296894,5.314026320276268e-08,COMPLETE
3823,0.0667,0.41947726641463196,6.103623020551158,3.3801923275388828,104.61067826393281,8.237383974059652,80.46577679760097,3.649569116806477e-06,COMPLETE
3824,0.1034,0.19668188701488248,5.989976616159035,7.242098619980624,575.4867286095123,186.9306125540257,0.023158448417606857,8.720647859508846e-11,COMPLETE
3825,0.08645,0.47592774059820075,7.051402036894628,6.641926976422129,2661.553121751245,1.2594502646806938,0.010117774078155787,8.720647859508846e-11,COMPLETE
3826,0.075,0.42173606407968234,3.0455122299916,2.2991799521485987,0.07261268023359602,51.0531204742495,2.606433764399818,7.242135537625552e-11,COMPLETE
3827,0.0614,0.34401055663413377,7.296565715563787,5.910509080924493,0.4634053899763641,546.754814234046,0.010117774078155787,3.5893466219229975e-13,COMPLETE
3828,0.0803,0.6196117788365801,3.7523591558107,6.641926976422129,0.6975592224319972,110.16646134717259,2.606433764399818,1.7411112824373338e-14,COMPLETE
3829,0.12235,0.7668334845475547,6.943625321882633,8.741900816624833,208.22607295194175,0.08755680934938086,14.732118064935978,2.2563515925025537e-09,COMPLETE
3830,0.07225,0.5041247869251612,5.719667260978259,2.2991799521485987,1.8442663426239594,0.003821024146786821,0.01777158201797886,1.621364679176634e-08,COMPLETE
3831,0.08795,0.6582487844891809,4.27230201402407,9.890916012877245,12.412723646412944,0.047570004104159534,0.49106969850296894,2.234326522814866e-10,COMPLETE
3832,0.10365,0.7636378812480132,5.719667260978259,5.413291236702326,208.22607295194175,0.06857317261521613,0.11060646004395691,3.407169759582504e-13,COMPLETE
3833,0.06565,0.5040048779004689,5.9746439969193705,6.875144787901625,48.79846040961405,3.858204027730059,75.74901896842798,2.4942959661792885e-14,COMPLETE
3834,0.0526,0.20575012979295879,6.351039989269435,1.0726049388472807,0.4634053899763641,1.5630282565660134,3.6008094906658137,3.0541645143911065e-11,COMPLETE
3835,0.05475,0.6302138602309861,7.491453905458799,6.875144787901625,0.4634053899763641,1.5630282565660134,3.6008094906658137,3.0541645143911065e-11,COMPLETE
3836,0.0399,0.2528308482121878,6.943625321882633,1.0726049388472807,3.9227007475742597,4.006173959705789,0.764092524644605,1.7411112824373338e-14,COMPLETE
3837,0.07815,0.605086833718759,6.943625321882633,3.786492049701135,123.52077947060401,195.43791875721456,12.549082694764847,2.2563515925025537e-09,COMPLETE
3838,0.09785,0.8536664572468033,7.051402036894628,9.890916012877245,208.22607295194175,0.08755680934938086,0.49106969850296894,5.521087576123659e-10,COMPLETE
3839,0.09465,0.7477758057846767,7.296565715563787,7.8078637347278095,154.54354204242253,0.06857317261521613,3.6008094906658137,6.9308639064212464e-12,COMPLETE
3840,0.09055,0.630711668313104,6.715978681984438,2.0998770523685315,2484.344497646969,0.06857317261521613,0.11060646004395691,7.242135537625552e-11,COMPLETE
3841,0.06785,0.5457824942852153,6.019990742215804,7.8078637347278095,0.1784805460542277,0.06857317261521613,3.6008094906658137,3.787929895519139e-07,COMPLETE
3842,0.04175,0.20149546028893844,6.357800796389835,1.008717742620664,0.07631700588327218,110.16646134717259,44.376091276558924,1.7411112824373338e-14,COMPLETE
3843,0.06505,0.45484616695361985,4.1355768474259005,4.169022703200762,1.8442663426239594,5.054984284069897,76.57127726580364,7.242135537625552e-11,COMPLETE
3844,0.069,0.3671377641401897,7.051402036894628,6.875144787901625,208.22607295194175,5.054984284069897,0.04724228817485067,7.855442470564522e-06,COMPLETE
3845,0.07755,0.5638319095492813,6.019990742215804,8.359124144204223,0.1784805460542277,0.5362196401258538,3.6008094906658137,1.9043961097477443e-12,COMPLETE
3846,0.09615,0.5937760930138796,4.812614441890751,6.875144787901625,5566.2977925921405,115.71255119018926,2.606433764399818,1.5072600015649494e-10,COMPLETE
3847,0.08135,0.6079213977166708,7.051402036894628,6.875144787901625,0.09750978508651072,0.047570004104159534,68.1528777422823,3.0092675819548274e-09,COMPLETE
3848,0.0555,0.3368360903804009,6.943625321882633,1.7519510271087413,3090.9457533461396,86.47736323086576,76.57127726580364,3.407169759582504e-13,COMPLETE
3849,0.06045,0.5441465097229699,5.719667260978259,6.875144787901625,0.07261268023359602,0.1013397086496358,1.1961286443235215,3.787929895519139e-07,COMPLETE
3850,0.0391,0.32185827138668455,7.051402036894628,1.0726049388472807,0.07261268023359602,51.0531204742495,0.013347468710543492,5.521087576123659e-10,COMPLETE
3851,0.1073,0.8648061937519009,7.051402036894628,9.890916012877245,1044.9811981338833,0.047570004104159534,0.11067376028452343,3.407169759582504e-13,COMPLETE
3852,0.0873,0.7566152366478871,5.719667260978259,6.875144787901625,797.3977859226554,0.1013397086496358,0.01777158201797886,3.787929895519139e-07,COMPLETE
3853,0.1193,0.754321831825123,5.439590829177734,9.890916012877245,1365.9795109508957,0.047570004104159534,3.826781650018344,1.9897264125379086e-06,COMPLETE
3854,0.0831,0.6633435308655122,7.4953257243873725,3.9973306274843674,208.22607295194175,10.13812598310631,0.3359486683616324,3.787929895519139e-07,COMPLETE
3855,0.092,0.7042647895393913,5.439590829177734,9.890916012877245,3090.9457533461396,475.737222657986,68.68637664775686,1.9897264125379086e-06,COMPLETE
3856,0.07435,0.3502833697866652,4.958426658725357,2.538691201866125,1.8442663426239594,5.054984284069897,76.57127726580364,3.0541645143911065e-11,COMPLETE
3857,0.10805,0.781695013013134,7.296565715563787,6.875144787901625,146.47619584397933,0.047570004104159534,0.49106969850296894,3.407169759582504e-13,COMPLETE
3858,0.04355,0.2133207027174301,6.943625321882633,1.0726049388472807,0.4634053899763641,5.054984284069897,11.478928737247317,7.242135537625552e-11,COMPLETE
3859,0.07335,0.37921794691879457,7.296565715563787,6.641926976422129,12.412723646412944,107.59872434463156,0.01777158201797886,3.0541645143911065e-11,COMPLETE
3860,0.0833,0.044952552477980544,4.678389217189202,9.890916012877245,1365.9795109508957,5.054984284069897,0.04082369646290137,1.9897264125379086e-06,COMPLETE
3861,0.05425,0.3788689417255122,6.943625321882633,1.7519510271087413,0.4634053899763641,546.754814234046,76.57127726580364,3.0092675819548274e-09,COMPLETE
3862,0.05605,0.3917102291093731,5.719667260978259,2.2991799521485987,0.016767417635497637,0.06857317261521613,0.01777158201797886,9.787752692175531e-12,COMPLETE
3863,0.05405,0.17879429606133518,2.812685233524143,1.0726049388472807,3.9227007475742597,0.3710234766141632,80.46577679760097,1.7411112824373338e-14,COMPLETE
3864,0.0535,0.38127842916875404,5.989976616159035,2.375991097381796,5.867353411976829,0.4878712301792302,8.213868348493142,1.621364679176634e-08,COMPLETE
3865,0.0503,0.3461336935155185,5.989976616159035,1.7519510271087413,1.8442663426239594,5.054984284069897,3.6008094906658137,1.621364679176634e-08,COMPLETE
3866,0.06195,0.3932607732663415,4.958426658725357,2.766692453087041,0.4634053899763641,0.06707437551596371,76.57127726580364,1.621364679176634e-08,COMPLETE
3867,0.1092,0.7253593661617016,6.019990742215804,7.8078637347278095,208.22607295194175,0.1013397086496358,3.6008094906658137,1.9043961097477443e-12,COMPLETE
3868,0.0737,0.5518083643268306,6.943625321882633,8.359124144204223,0.058083698370368524,1.5630282565660134,3.6008094906658137,7.242135537625552e-11,COMPLETE
3869,0.0835,0.541803596322145,5.103922061559302,8.359124144204223,0.016767417635497637,110.16646134717259,0.01777158201797886,3.0541645143911065e-11,COMPLETE
3870,0.08555,0.6254508459995597,4.958426658725357,8.359124144204223,0.011286797849052486,115.71255119018926,3.6008094906658137,3.0541645143911065e-11,COMPLETE
3871,0.06475,0.2122274151101282,7.296565715563787,1.0726049388472807,2661.553121751245,73.9565414206771,17.543999742650467,3.649569116806477e-06,COMPLETE
3872,0.10405,0.7435668996845979,7.296565715563787,6.875144787901625,7843.277665583187,1.2594502646806938,59.2437895529571,4.331365543927414e-05,COMPLETE
3873,0.0972,0.5595396947323914,1.1761503828443711,7.8078637347278095,2661.553121751245,1.2594502646806938,3.6008094906658137,8.720647859508846e-11,COMPLETE
3874,0.0921,0.6326256049973604,5.989976616159035,6.641926976422129,0.4634053899763641,546.754814234046,76.57127726580364,1.621364679176634e-08,COMPLETE
3875,0.05835,0.0817615138799052,7.051402036894628,3.950719157776376,3.9227007475742597,546.754814234046,0.010117774078155787,1.7411112824373338e-14,COMPLETE
3876,0.057,0.32354813123193493,6.351039989269435,1.0726049388472807,12.412723646412944,1.3405281602606647,0.0206355913428255,2.2563515925025537e-09,COMPLETE
3877,0.0576,0.2979581630592524,4.181602052539953,1.0726049388472807,0.4634053899763641,110.16646134717259,0.010117774078155787,1.7411112824373338e-14,COMPLETE
3878,0.0784,0.5246424676253728,7.296565715563787,6.641926976422129,0.3474112486367053,0.06857317261521613,3.6008094906658137,2.8231609956582056e-10,COMPLETE
3879,0.0939,0.8035453176114221,7.296565715563787,9.890916012877245,3090.9457533461396,0.05564315315248067,0.01777158201797886,8.720647859508846e-11,COMPLETE
3880,0.0399,0.22225678358158957,6.943625321882633,1.0726049388472807,0.4634053899763641,546.754814234046,0.010117774078155787,1.7411112824373338e-14,COMPLETE
3881,0.09125,0.585817353723485,7.051402036894628,6.385096187369466,0.21864361449057423,546.754814234046,0.010117774078155787,3.0092675819548274e-09,COMPLETE
3882,0.06175,0.023017678237672777,6.943625321882633,1.1319165388948504,156.30636852770533,546.754814234046,0.010117774078155787,1.9043961097477443e-12,COMPLETE
3883,0.128,0.791210772661348,7.051402036894628,9.890916012877245,208.22607295194175,0.08755680934938086,0.49106969850296894,5.521087576123659e-10,COMPLETE
3884,0.1152,0.778768376251223,5.439590829177734,9.890916012877245,208.22607295194175,0.047570004104159534,0.49106969850296894,3.7623480583644496e-14,COMPLETE
3885,0.049,0.17706530790699254,3.0455122299916,1.0726049388472807,1.8750291897500895,51.0531204742495,28.912224496532993,3.407169759582504e-13,COMPLETE
3886,0.09505,0.6776126614369449,7.296565715563787,9.890916012877245,12.412723646412944,0.06857317261521613,63.73176357907832,1.9043961097477443e-12,COMPLETE
3887,0.049,0.40696225843182504,7.051402036894628,3.4132708073510285,0.3474112486367053,0.06857317261521613,3.6008094906658137,1.9043961097477443e-12,COMPLETE
3888,0.11605,0.7847876503079891,4.7106285040701685,9.890916012877245,3090.9457533461396,0.08755680934938086,0.04082369646290137,5.314026320276268e-08,COMPLETE
3889,0.09005,0.6502734957328358,7.491453905458799,6.875144787901625,123.52077947060401,34.74982443918535,0.764092524644605,2.976947227565609e-10,COMPLETE
3890,0.0735,0.12077822392777159,6.943625321882633,8.741900816624833,123.52077947060401,546.754814234046,0.010117774078155787,2.2563515925025537e-09,COMPLETE
3891,0.1017,0.6736181306420258,4.216168352105994,6.641926976422129,208.22607295194175,0.08755680934938086,0.01777158201797886,5.314026320276268e-08,COMPLETE
3892,0.1267,0.7314632203951441,7.296565715563787,6.875144787901625,123.52077947060401,0.047570004104159534,65.1008318120623,5.521087576123659e-10,COMPLETE
3893,0.10125,0.6898750658546646,5.719667260978259,6.875144787901625,129.40402321774005,0.09648113669123666,0.01777158201797886,3.787929895519139e-07,COMPLETE
3894,0.108,0.48033005723907973,0.2299957579898674,8.75540293570609,1.8442663426239594,5.054984284069897,0.04724228817485067,8.720647859508846e-11,COMPLETE
3895,0.0699,0.47186828573355616,7.296565715563787,1.7519510271087413,2661.553121751245,4.006173959705789,18.79872392979599,3.649569116806477e-06,COMPLETE
3896,0.13095,0.8357928060482717,7.051402036894628,9.890916012877245,3219.930686518906,0.08755680934938086,0.49106969850296894,5.521087576123659e-10,COMPLETE
3897,0.10985,0.7321624560244336,7.051402036894628,6.641926976422129,1365.9795109508957,0.12480776742786713,0.01777158201797886,8.720647859508846e-11,COMPLETE
3898,0.0841,0.6868179414675343,7.051402036894628,7.8078637347278095,9.924103535045997,0.06857317261521613,0.11060646004395691,1.9043961097477443e-12,COMPLETE
3899,0.0901,0.6701679727490417,5.553661359325831,8.359124144204223,0.4634053899763641,186.9306125540257,3.6008094906658137,3.0541645143911065e-11,COMPLETE
3900,0.1364,0.7659431359007236,7.051402036894628,9.890916012877245,208.22607295194175,0.08755680934938086,76.57127726580364,5.521087576123659e-10,COMPLETE
3901,0.11835,0.7845623409812632,5.553661359325831,9.890916012877245,12.81601044649025,0.0033123572015520335,0.11060646004395691,7.242135537625552e-11,COMPLETE
3902,0.0727,0.6796315784618644,5.989976616159035,8.741900816624833,0.10490631659541416,24.437218744472965,0.7925711163426219,7.242135537625552e-11,COMPLETE
3903,0.0763,0.36837050765578777,6.943625321882633,9.890916012877245,0.07128094148085633,110.16646134717259,0.11060646004395691,5.084841033428791e-06,COMPLETE
3904,0.12735,0.8258968883171115,6.943625321882633,9.890916012877245,3090.9457533461396,0.05564315315248067,2.5245438758434986,3.407169759582504e-13,COMPLETE
3905,0.0771,0.791808985013984,5.553661359325831,8.741900816624833,2484.344497646969,5.054984284069897,11.478928737247317,4.5389374712295294e-08,COMPLETE
3906,0.0854,0.7218471519363407,7.296565715563787,6.875144787901625,0.07261268023359602,0.08953212198616124,0.01777158201797886,8.720647859508846e-11,COMPLETE
3907,0.0719,0.38811355929141295,5.686980021608849,2.3243395466560663,0.014162338396506723,186.9306125540257,48.78444940376289,4.3187930449778006e-13,COMPLETE
3908,0.10525,0.7603034257254205,5.439590829177734,9.890916012877245,208.22607295194175,0.047570004104159534,0.4753583525789421,5.521087576123659e-10,COMPLETE
3909,0.08465,0.6610114588185545,4.958426658725357,8.359124144204223,1.0995878129621477,153.116303158693,3.6008094906658137,3.0541645143911065e-11,COMPLETE
3910,0.08895,0.1598598300710627,7.491453905458799,6.875144787901625,0.1301017769129207,0.06857317261521613,0.3359486683616324,0.0005345140787520269,COMPLETE
3911,0.0488,0.328190912122681,6.943625321882633,1.0726049388472807,123.52077947060401,546.754814234046,5.192615578479196,2.2563515925025537e-09,COMPLETE
3912,0.11565,0.7686759533497072,5.686980021608849,6.875144787901625,123.52077947060401,0.06857317261521613,0.3359486683616324,2.1811143402963018e-10,COMPLETE
3913,0.098,0.6843964926376856,7.051402036894628,9.560730083492423,208.22607295194175,1.5630282565660134,0.49106969850296894,5.314026320276268e-08,COMPLETE
3914,0.03935,0.24782161593735982,7.296565715563787,1.3456181389931186,0.4634053899763641,5.054984284069897,34.574222073764446,7.242135537625552e-11,COMPLETE
3915,0.0788,0.7065228125143538,7.491453905458799,6.875144787901625,123.52077947060401,4.006173959705789,0.764092524644605,3.407169759582504e-13,COMPLETE
3916,0.08415,0.1071794126490458,7.051402036894628,6.875144787901625,0.09750978508651072,0.047570004104159534,0.04082369646290137,0.000227408818634579,COMPLETE
3917,0.05535,0.24919874513520263,6.943625321882633,1.0726049388472807,80.16148676066317,5.054984284069897,0.49106969850296894,5.521087576123659e-10,COMPLETE
3918,0.04925,0.23635222956951643,7.051402036894628,1.0726049388472807,0.4634053899763641,0.08755680934938086,0.010117774078155787,5.521087576123659e-10,COMPLETE
3919,0.0927,0.710427103043569,7.491453905458799,7.242098619980624,0.14477679301889662,186.9306125540257,3.6008094906658137,8.720647859508846e-11,COMPLETE
3920,0.0885,0.45403724996496264,3.7523591558107,1.0726049388472807,3090.9457533461396,0.06857317261521613,2.606433764399818,1.7411112824373338e-14,COMPLETE
3921,0.0881,0.5637841037337719,4.958426658725357,6.875144787901625,5566.2977925921405,34.74982443918535,68.68637664775686,2.1811143402963018e-10,COMPLETE
3922,0.05965,0.47795470006421864,7.106065185822324,6.641926976422129,0.6975592224319972,0.12480776742786713,2.472695961064656,8.720647859508846e-11,COMPLETE
3923,0.08205,0.3347459937694836,0.4441950821230788,1.844974289630367,0.4634053899763641,186.9306125540257,0.6354386964222589,3.0350963741721114e-05,COMPLETE
3924,0.109,0.8492973481114384,7.496422814319275,9.890916012877245,123.52077947060401,0.06857317261521613,1.8343294805522081,3.407169759582504e-13,COMPLETE
3925,0.04755,0.23180567035711425,3.7523591558107,1.0726049388472807,0.07405270673119634,51.0531204742495,2.606433764399818,1.7411112824373338e-14,COMPLETE
3926,0.12965,0.8019375842482848,7.051402036894628,9.890916012877245,1365.9795109508957,0.047570004104159534,0.04082369646290137,1.9897264125379086e-06,COMPLETE
3927,0.09575,0.5740972421632652,3.0455122299916,9.890916012877245,0.07261268023359602,51.0531204742495,0.11060646004395691,3.925119100588858e-14,COMPLETE
3928,0.09795,0.15532108140035755,5.686980021608849,6.875144787901625,123.52077947060401,0.06857317261521613,0.3359486683616324,0.0012383097000379134,COMPLETE
3929,0.0641,0.4619383478884907,4.958426658725357,6.875144787901625,2.2526238626393873,1.5630282565660134,59.2437895529571,5.432263014140687e-13,COMPLETE
3930,0.0985,0.7814186080209166,6.019990742215804,9.895435580796285,123.52077947060401,0.06857317261521613,3.6008094906658137,1.9043961097477443e-12,COMPLETE
3931,0.06765,0.27570001414189255,7.296565715563787,6.396161477470866,0.6975592224319972,73.9565414206771,0.01777158201797886,3.649569116806477e-06,COMPLETE
3932,0.08945,0.7122589126483007,7.491453905458799,8.359124144204223,123.52077947060401,1.5630282565660134,0.3359486683616324,3.787929895519139e-07,COMPLETE
3933,0.09355,0.6281461164015036,4.958426658725357,6.641926976422129,2.2526238626393873,73.9565414206771,17.543999742650467,5.432263014140687e-13,COMPLETE
3934,0.0804,0.6170885493543666,5.686980021608849,8.741900816624833,0.02152769527372006,5.054984284069897,5.78178932700982,2.1811143402963018e-10,COMPLETE
3935,0.08005,0.7695256546750279,5.686980021608849,5.764024618670887,7843.277665583187,3.858204027730059,2.606433764399818,4.331365543927414e-05,COMPLETE
3936,0.0738,0.5025020685097735,5.686980021608849,6.875144787901625,0.12636866184538015,3.858204027730059,59.2437895529571,3.5564424958673963e-05,COMPLETE
3937,0.074,0.6530549695580492,7.051402036894628,8.741900816624833,1365.9795109508957,815.4883112052337,14.732118064935978,2.2563515925025537e-09,COMPLETE
3938,0.1046,0.8271726144500557,7.296565715563787,6.641926976422129,208.22607295194175,0.009707433566872849,0.010490863545892863,8.720647859508846e-11,COMPLETE
3939,0.1036,0.7567828454414263,5.719667260978259,6.641926976422129,2661.553121751245,0.009707433566872849,0.010490863545892863,8.720647859508846e-11,COMPLETE
3940,0.06115,0.3470451445749535,6.019990742215804,1.2997368745646833,4852.569174680965,186.9306125540257,8.213868348493142,8.564477591299451e-11,COMPLETE
3941,0.08345,0.5484307177875686,3.7523591558107,3.9944594338373487,884.5945192822505,586.3202917182875,2.606433764399818,5.314026320276268e-08,COMPLETE
3942,0.0638,0.17963803249632254,3.588855111496803,1.0726049388472807,4.357249147035983,0.4878712301792302,3.4900137359342733,3.0092675819548274e-09,COMPLETE
3943,0.0619,0.09750538320364106,1.7346367121434425,1.0726049388472807,3.9227007475742597,186.9306125540257,0.010117774078155787,3.0541645143911065e-11,COMPLETE
3944,0.0941,0.6829580800660832,7.296565715563787,6.641926976422129,1.8442663426239594,73.9565414206771,17.543999742650467,1.621364679176634e-08,COMPLETE
3945,0.1045,0.7242746695760643,7.051402036894628,2.78135249575565,1365.9795109508957,0.047570004104159534,0.04082369646290137,1.9897264125379086e-06,COMPLETE
3946,0.08755,0.627484705686168,7.491453905458799,6.875144787901625,0.4634053899763641,30.485230658881715,0.49106969850296894,2.234326522814866e-10,COMPLETE
3947,0.0965,0.7841079991356162,7.076521705268861,9.890916012877245,12.412723646412944,0.047570004104159534,0.011575031346458299,3.407169759582504e-13,COMPLETE
3948,0.1201,0.7874300098201608,5.439590829177734,9.890916012877245,3090.9457533461396,0.08755680934938086,0.04082369646290137,1.2763233856767755e-09,COMPLETE
3949,0.0967,0.6844899567378191,6.019990742215804,3.786492049701135,123.52077947060401,0.06857317261521613,12.549082694764847,1.9043961097477443e-12,COMPLETE
3950,0.04155,0.2284099736187485,7.296565715563787,1.190311063860413,0.07261268023359602,6.0252214987052914,8.075494161432946,8.564477591299451e-11,COMPLETE
3951,0.11565,0.7005305530658474,1.3459692934282577,6.875144787901625,123.52077947060401,0.1013397086496358,0.01777158201797886,5.521087576123659e-10,COMPLETE
3952,0.0617,0.04244887988499998,7.296565715563787,6.641926976422129,164.95589305709754,546.754814234046,0.010117774078155787,4.819620859627371e-05,COMPLETE
3953,0.08805,0.7668099210246835,7.051402036894628,8.591723584316227,208.22607295194175,4.006173959705789,0.49106969850296894,5.314026320276268e-08,COMPLETE
3954,0.08645,0.6712561793882127,6.943625321882633,7.796011428516748,0.4634053899763641,546.754814234046,8.213868348493142,7.242135537625552e-11,COMPLETE
3955,0.10015,0.7165444718762698,5.553661359325831,8.741900816624833,5566.2977925921405,34.74982443918535,68.68637664775686,4.5389374712295294e-08,COMPLETE
3956,0.08095,0.06645815497946822,6.653627469475423,6.875144787901625,208.22607295194175,51.0531204742495,0.010490863545892863,5.521087576123659e-10,COMPLETE
3957,0.0874,0.6198773272251017,7.051402036894628,3.9944594338373487,23.35773041156462,0.08755680934938086,1.0580091643657512,9.694703469038262e-14,COMPLETE
3958,0.0693,0.08726536376599278,6.019990742215804,1.749533348231288,3090.9457533461396,6.215166493118805,0.0247605531247782,3.811801850956625e-07,COMPLETE
3959,0.07565,0.616727620854408,4.958426658725357,8.359124144204223,2.2526238626393873,1.5630282565660134,5.358139261954667,8.720647859508846e-11,COMPLETE
3960,0.0533,0.3142021889053122,5.719667260978259,1.0726049388472807,0.016767417635497637,110.16646134717259,0.01777158201797886,9.787752692175531e-12,COMPLETE
3961,0.0929,0.6979371059313384,7.296565715563787,8.741900816624833,0.6975592224319972,0.12480776742786713,0.01777158201797886,1.9658546626283532e-11,COMPLETE
3962,0.12135,0.8176607385928528,7.051402036894628,9.890916012877245,208.22607295194175,0.08755680934938086,0.49106969850296894,5.521087576123659e-10,COMPLETE
3963,0.07815,0.1675288719649246,1.4705813796687595,1.2997368745646833,0.014162338396506723,186.9306125540257,0.0247605531247782,3.811801850956625e-07,COMPLETE
3964,0.0705,0.6397683381581887,5.686980021608849,6.875144787901625,0.4634053899763641,546.754814234046,0.010117774078155787,3.0092675819548274e-09,COMPLETE
3965,0.0469,0.3164600106689735,6.943625321882633,1.0726049388472807,2.2526238626393873,546.754814234046,21.423673940875574,5.432263014140687e-13,COMPLETE
3966,0.0587,0.32503618539465107,6.351039989269435,1.0726049388472807,208.22607295194175,107.59872434463156,0.49106969850296894,5.521087576123659e-10,COMPLETE
3967,0.128,0.8834650512550699,7.051402036894628,8.458997448208544,1365.9795109508957,0.047570004104159534,0.49106969850296894,2.234326522814866e-10,COMPLETE
3968,0.0648,0.6138561195687174,7.296565715563787,6.641926976422129,0.07261268023359602,1.5630282565660134,3.6008094906658137,3.0541645143911065e-11,COMPLETE
3969,0.06205,0.33907837636517363,4.797597292147365,1.7519510271087413,1.8442663426239594,4.006173959705789,0.764092524644605,3.407169759582504e-13,COMPLETE
3970,0.0903,0.4812810754998801,5.719667260978259,8.741900816624833,0.016767417635497637,110.16646134717259,0.01777158201797886,4.5389374712295294e-08,COMPLETE
3971,0.05395,0.23031534772358594,6.351039989269435,1.0726049388472807,0.015804648631406053,107.59872434463156,34.574222073764446,3.0541645143911065e-11,COMPLETE
3972,0.0451,0.2812454589049793,4.552516604499742,1.0726049388472807,0.07261268023359602,186.9306125540257,5.192615578479196,5.521087576123659e-10,COMPLETE
3973,0.1043,0.5910784613961237,6.704630163691656,6.641926976422129,0.2482692295001989,73.9565414206771,17.543999742650467,3.649569116806477e-06,COMPLETE
3974,0.05905,0.27991531924126256,4.958426658725357,1.0726049388472807,0.4634053899763641,546.754814234046,3.6008094906658137,3.0092675819548274e-09,COMPLETE
3975,0.07385,0.3332787009499009,5.686980021608849,1.633437316927118,1.9562826277387932,0.018743287263695788,68.68637664775686,2.1811143402963018e-10,COMPLETE
3976,0.0451,0.2688532984274872,3.0455122299916,1.0726049388472807,1.665568146531617,51.0531204742495,1.2051423090974454,5.521087576123659e-10,COMPLETE
3977,0.08895,0.832337157127951,7.491453905458799,6.223646815956013,2661.553121751245,1.2594502646806938,17.543999742650467,3.0541645143911065e-11,COMPLETE
3978,0.05905,0.531188991868057,5.439590829177734,2.2991799521485987,0.016767417635497637,115.71255119018926,2.606433764399818,7.242135537625552e-11,COMPLETE
3979,0.07925,0.17411040350730903,7.296565715563787,9.890916012877245,12.412723646412944,0.047570004104159534,0.764092524644605,4.819620859627371e-05,COMPLETE
3980,0.0781,0.5027803120184909,6.943625321882633,6.210591211787568,0.4634053899763641,546.754814234046,0.010117774078155787,6.284201955471463e-08,COMPLETE
3981,0.0875,0.6631385057787805,5.719667260978259,8.359124144204223,0.4634053899763641,110.16646134717259,3.6008094906658137,1.7604543395459594e-13,COMPLETE
3982,0.10395,0.7833570269862241,5.921463044955618,9.890916012877245,208.22607295194175,0.08755680934938086,0.49106969850296894,3.787929895519139e-07,COMPLETE
3983,0.05755,0.5677452023295334,7.051402036894628,6.875144787901625,0.07261268023359602,0.4878712301792302,76.57127726580364,1.621364679176634e-08,COMPLETE
3984,0.10535,0.7898629200249181,6.673821436559412,6.641926976422129,2661.553121751245,1.2594502646806938,17.543999742650467,8.720647859508846e-11,COMPLETE
3985,0.09745,0.8015338352453003,5.719667260978259,6.875144787901625,2484.344497646969,0.009707433566872849,0.010490863545892863,7.242135537625552e-11,COMPLETE
3986,0.0657,0.5907721831996096,4.797597292147365,8.741900816624833,1.8442663426239594,5.054984284069897,11.478928737247317,4.5389374712295294e-08,COMPLETE
3987,0.09865,0.5227202432230611,7.051402036894628,1.2231325477180695,9728.434349699546,0.08755680934938086,0.49106969850296894,5.521087576123659e-10,COMPLETE
3988,0.0908,0.48479738220572255,5.686980021608849,6.875144787901625,7843.277665583187,3.858204027730059,0.012868437658265921,9.787752692175531e-12,COMPLETE
3989,0.11425,0.6307005120028157,5.989976616159035,2.215221898055086,3090.9457533461396,0.047570004104159534,0.04082369646290137,1.9897264125379086e-06,COMPLETE
3990,0.07465,0.6281027612663393,5.989976616159035,8.741900816624833,0.4634053899763641,5.054984284069897,2.606433764399818,1.2865792275117797e-14,COMPLETE
3991,0.08235,0.6764441602505809,7.051402036894628,9.890916012877245,0.016444976044628738,0.4878712301792302,0.49106969850296894,8.564477591299451e-11,COMPLETE
3992,0.11245,0.777663556784789,7.296565715563787,6.641926976422129,2661.553121751245,1.2594502646806938,17.543999742650467,8.720647859508846e-11,COMPLETE
3993,0.09045,0.6180329909635012,5.989976616159035,8.741900816624833,0.4634053899763641,186.9306125540257,3.6008094906658137,7.242135537625552e-11,COMPLETE
3994,0.05425,0.23209825196746764,6.943625321882633,1.0726049388472807,0.09750978508651072,0.04997089405278743,0.010117774078155787,7.242135537625552e-11,COMPLETE
3995,0.0516,0.3679006743784521,6.943625321882633,1.0726049388472807,1.8442663426239594,7.27818712870518,0.04724228817485067,2.234326522814866e-10,COMPLETE
3996,0.06955,0.32015294607798034,5.719667260978259,2.2991799521485987,0.016767417635497637,110.16646134717259,0.01777158201797886,9.787752692175531e-12,COMPLETE
3997,0.0673,0.5460488707803299,5.439590829177734,6.480010112109973,0.19746176987049865,0.047570004104159534,2.618361112768666,8.720647859508846e-11,COMPLETE
3998,0.0517,0.25531599258457266,2.3940420527281274,1.0726049388472807,0.4634053899763641,110.16646134717259,2.606433764399818,4.62065770280429e-11,COMPLETE
3999,0.10165,0.6667601918068833,6.943625321882633,2.5573889004686183,2214.9361957584692,0.06857317261521613,14.732118064935978,2.2563515925025537e-09,COMPLETE
4000,0.092,0.7759074177080938,5.553661359325831,8.741900816624833,2484.344497646969,5.054984284069897,11.478928737247317,7.242135537625552e-11,COMPLETE
4001,0.10735,0.7400069648824785,7.422508638634087,8.741900816624833,2484.344497646969,0.065440406798938,0.010117774078155787,7.242135537625552e-11,COMPLETE
4002,0.0732,0.6527294461065454,7.296565715563787,9.890916012877245,0.07261268023359602,0.12480776742786713,0.49106969850296894,5.521087576123659e-10,COMPLETE
4003,0.1006,0.8408920972521575,7.051402036894628,6.875144787901625,862.0878640047348,0.08751887221500926,0.18351186297609423,8.720647859508846e-11,COMPLETE
4004,0.08385,0.205950201563149,6.943625321882633,6.875144787901625,123.52077947060401,1.5630282565660134,3.6008094906658137,0.00033569627631011934,COMPLETE
4005,0.06915,0.5158643495744153,7.051402036894628,6.875144787901625,0.07261268023359602,0.06857317261521613,8.213868348493142,8.564477591299451e-11,COMPLETE
4006,0.08,0.49581357023645595,5.076276390037151,6.641926976422129,0.4634053899763641,546.754814234046,0.010117774078155787,3.0092675819548274e-09,COMPLETE
4007,0.07295,0.7453262115796335,5.553661359325831,8.741900816624833,1546.579377481222,5.054984284069897,11.478928737247317,4.5389374712295294e-08,COMPLETE
4008,0.07635,0.017419916648527635,6.943625321882633,1.0726049388472807,208.22607295194175,86.90437498427625,0.010117774078155787,5.2699250563299106e-08,COMPLETE
4009,0.10285,0.10415418738409196,1.848255225447198,6.875144787901625,7843.277665583187,0.08755680934938086,59.2437895529571,0.003120386927010262,COMPLETE
4010,0.07125,0.47165055705943615,4.958426658725357,2.2991799521485987,0.016767417635497637,110.16646134717259,3.6008094906658137,3.0541645143911065e-11,COMPLETE
4011,0.0416,0.34657144047017446,5.989976616159035,1.7519510271087413,1.8442663426239594,5.054984284069897,76.57127726580364,1.621364679176634e-08,COMPLETE
4012,0.0556,0.35449164456494586,4.797597292147365,1.7519510271087413,1.8442663426239594,5.054984284069897,0.26993392895718027,7.242135537625552e-11,COMPLETE
4013,0.05645,0.281445175904704,5.553661359325831,1.6740460944355011,2.2526238626393873,51.0531204742495,59.2437895529571,2.1811143402963018e-10,COMPLETE
4014,0.1019,0.6566131356827767,7.296565715563787,9.890916012877245,12.412723646412944,95.0414331874484,0.764092524644605,1.1959101228623094e-13,COMPLETE
4015,0.0674,0.2045133007615331,1.7351049510108343,1.0726049388472807,2484.344497646969,5.054984284069897,11.478928737247317,5.702254858902204e-09,COMPLETE
4016,0.0828,0.40335897544174903,5.989976616159035,1.7519510271087413,2484.344497646969,4.006173959705789,17.439084613584736,3.407169759582504e-13,COMPLETE
4017,0.06855,0.3280685182925204,4.812614441890751,2.2991799521485987,0.016767417635497637,0.12480776742786713,2.606433764399818,7.242135537625552e-11,COMPLETE
4018,0.071,0.47161547090439127,6.019990742215804,7.013702019503985,0.014162338396506723,186.9306125540257,0.0247605531247782,3.811801850956625e-07,COMPLETE
4019,0.06625,0.23167247728362822,6.943625321882633,1.0726049388472807,0.4634053899763641,546.754814234046,3.6008094906658137,0.0009542509204637081,COMPLETE
4020,0.10105,0.7920244069395013,7.482763490318015,9.890916012877245,208.22607295194175,0.08755680934938086,14.732118064935978,2.182595194877566e-06,COMPLETE
4021,0.04775,0.3159547538862667,5.989976616159035,1.0726049388472807,3.9227007475742597,5.054984284069897,0.010117774078155787,4.247556636958856e-11,COMPLETE
4022,0.0549,0.3401820848217914,4.797597292147365,1.7519510271087413,1.8442663426239594,4.006173959705789,0.764092524644605,3.0541645143911065e-11,COMPLETE
4023,0.08165,0.533304451114502,7.051402036894628,3.1456365869161007,0.4634053899763641,110.16646134717259,0.49106969850296894,5.314026320276268e-08,COMPLETE
4024,0.089,0.697419276899318,5.686980021608849,6.875144787901625,1.2903853765156061,73.9565414206771,17.543999742650467,3.649569116806477e-06,COMPLETE
4025,0.08035,0.6484432847798464,7.276399398969,8.359124144204223,0.4634053899763641,546.754814234046,0.1254012244873389,2.556898659242752e-09,COMPLETE
4026,0.0732,0.38727815909121266,6.943625321882633,6.641926976422129,0.07261268023359602,546.754814234046,0.010117774078155787,7.571953505189684e-14,COMPLETE
4027,0.06915,0.4731026231597036,7.051402036894628,3.9944594338373487,0.014162338396506723,0.08755680934938086,0.49106969850296894,5.314026320276268e-08,COMPLETE
4028,0.0859,0.8012750255199685,7.051402036894628,6.875144787901625,123.52077947060401,0.06857317261521613,0.11060646004395691,5.521087576123659e-10,COMPLETE
4029,0.1065,0.7808943942763614,7.296565715563787,6.641926976422129,12.412723646412944,0.001093211310281484,0.01777158201797886,8.720647859508846e-11,COMPLETE
4030,0.0835,0.7587747539687313,7.296565715563787,6.641926976422129,2484.344497646969,0.12480776742786713,0.01777158201797886,8.720647859508846e-11,COMPLETE
4031,0.06435,0.32003289105739957,0.6591950327658165,1.7519510271087413,7843.277665583187,5.054984284069897,76.57127726580364,4.331365543927414e-05,COMPLETE
4032,0.08455,0.7441572276843431,5.686980021608849,6.875144787901625,5566.2977925921405,4.006173959705789,68.68637664775686,2.1811143402963018e-10,COMPLETE
4033,0.04925,0.30632130571115374,6.943625321882633,1.0726049388472807,0.4634053899763641,546.754814234046,5.192615578479196,3.0092675819548274e-09,COMPLETE
4034,0.1133,0.804353256373851,4.639773976362606,9.890916012877245,1365.9795109508957,0.08755680934938086,0.49106969850296894,5.521087576123659e-10,COMPLETE
4035,0.04695,0.19900154661667271,6.351039989269435,1.0726049388472807,3.9227007475742597,107.59872434463156,0.010117774078155787,1.7411112824373338e-14,COMPLETE
4036,0.12135,0.8191517082564517,7.051402036894628,8.458997448208544,1365.9795109508957,0.047570004104159534,0.49106969850296894,4.887946306138812e-10,COMPLETE
4037,0.0907,0.6420316905674107,7.051402036894628,2.2733392384331452,3090.9457533461396,0.4878712301792302,8.213868348493142,8.564477591299451e-11,COMPLETE
4038,0.12805,0.789233210368946,6.943625321882633,9.890916012877245,3090.9457533461396,0.05564315315248067,2.5245438758434986,3.407169759582504e-13,COMPLETE
4039,0.0492,0.17963127377369,2.151063434578733,1.0726049388472807,2.2526238626393873,0.889186668474137,3.6008094906658137,5.432263014140687e-13,COMPLETE
4040,0.0607,0.3509079199864881,5.989976616159035,1.7519510271087413,150.61121202462022,5.054984284069897,0.764092524644605,3.407169759582504e-13,COMPLETE
4041,0.0497,0.17958763783725287,4.3535721104474066,1.021015750040668,0.4634053899763641,0.06857317261521613,3.6008094906658137,3.0541645143911065e-11,COMPLETE
4042,0.0846,0.6961277793040834,4.958426658725357,8.359124144204223,0.4634053899763641,51.0531204742495,3.6008094906658137,3.0541645143911065e-11,COMPLETE
4043,0.08205,0.5736350120832069,6.344293552738776,8.741900816624833,23.660716455661714,5.054984284069897,11.478928737247317,7.242135537625552e-11,COMPLETE
4044,0.0572,0.39647570244072156,5.719667260978259,2.2991799521485987,0.178467588740154,546.754814234046,0.021881224094720934,7.242135537625552e-11,COMPLETE
4045,0.0809,0.5734159567085095,5.719667260978259,9.05479377399265,0.016767417635497637,546.754814234046,0.01777158201797886,9.787752692175531e-12,COMPLETE
4046,0.0521,0.1777240912069577,6.019990742215804,1.0726049388472807,0.4634053899763641,0.06857317261521613,2.606433764399818,1.9043961097477443e-12,COMPLETE
4047,0.06695,0.29807882800749375,5.989976616159035,1.7519510271087413,162.01457995738605,5.054984284069897,76.57127726580364,1.621364679176634e-08,COMPLETE
4048,0.043,0.23109186735629447,3.680905351390474,1.0726049388472807,2.2526238626393873,51.0531204742495,3.6008094906658137,9.787752692175531e-12,COMPLETE
4049,0.0774,0.5398850073107243,6.943625321882633,7.391804490990958,0.03873886915577536,0.06857317261521613,87.78742796697176,3.407169759582504e-13,COMPLETE
4050,0.0786,0.6791272314856468,7.464476521393652,6.875144787901625,0.07261268023359602,186.9306125540257,8.213868348493142,8.564477591299451e-11,COMPLETE
4051,0.0913,0.537570008093032,7.051402036894628,8.741900816624833,0.3474112486367053,0.06857317261521613,3.6008094906658137,2.2563515925025537e-09,COMPLETE
4052,0.08835,0.49858879400925105,6.351039989269435,1.0726049388472807,7007.817277324902,0.08755680934938086,34.574222073764446,3.0541645143911065e-11,COMPLETE
4053,0.12395,0.7652469638662925,7.491453905458799,6.223646815956013,2661.553121751245,1.2594502646806938,17.543999742650467,6.784131331365008e-07,COMPLETE
4054,0.0848,0.639644444290045,6.019990742215804,7.8078637347278095,0.1784805460542277,0.5362196401258538,0.01777158201797886,1.9043961097477443e-12,COMPLETE
4055,0.09485,0.5427631348612035,5.719667260978259,7.536374104385381,0.4634053899763641,0.16091638184032528,0.010490863545892863,3.787929895519139e-07,COMPLETE
4056,0.08575,0.5623608506983231,3.7027292422239655,4.787453172516405,1.7974511295252606,140.2129844409397,11.478928737247317,2.556898659242752e-09,COMPLETE
4057,0.1262,0.8695202396694359,7.051402036894628,9.890916012877245,1365.9795109508957,0.047570004104159534,0.49106969850296894,2.234326522814866e-10,COMPLETE
4058,0.05625,0.32066981844148523,5.719667260978259,1.7519510271087413,1.8442663426239594,0.1013397086496358,76.57127726580364,1.621364679176634e-08,COMPLETE
4059,0.09135,0.5905822561085804,7.296565715563787,9.890916012877245,2.2526238626393873,1.5630282565660134,3.6008094906658137,5.432263014140687e-13,COMPLETE
4060,0.07185,0.4488374658109411,5.067953112515339,3.9944594338373487,5.9563163590076815,0.08755680934938086,20.559452940794596,8.720647859508846e-11,COMPLETE
4061,0.0617,0.2807213036878074,7.051402036894628,1.0726049388472807,208.22607295194175,546.754814234046,5.192615578479196,3.3870499875923294e-13,COMPLETE
4062,0.08785,0.43647605902379655,1.1538776993541422,4.626339962876441,1.8442663426239594,0.047570004104159534,0.04082369646290137,1.621364679176634e-08,COMPLETE
4063,0.05755,0.22478892274405876,3.0455122299916,1.0726049388472807,123.52077947060401,51.0531204742495,5.192615578479196,5.521087576123659e-10,COMPLETE
4064,0.07955,0.6810361412289653,7.491453905458799,9.890916012877245,3090.9457533461396,286.33579910193697,17.543999742650467,3.0541645143911065e-11,COMPLETE
4065,0.1062,0.6532597568620846,6.943625321882633,9.890916012877245,1.0460490914206102,4.006173959705789,0.11060646004395691,3.407169759582504e-13,COMPLETE
4066,0.06085,0.14704542039841065,6.943625321882633,1.0726049388472807,0.03817086492170631,546.754814234046,0.010117774078155787,7.242135537625552e-11,COMPLETE
4067,0.05855,0.29607051239587984,7.051402036894628,1.0726049388472807,0.4634053899763641,546.754814234046,8.213868348493142,7.242135537625552e-11,COMPLETE
4068,0.06755,0.30909436340441737,4.797597292147365,1.7519510271087413,2.2526238626393873,4.006173959705789,0.764092524644605,5.432263014140687e-13,COMPLETE
4069,0.0514,0.25730861257167453,5.686980021608849,1.0726049388472807,0.4634053899763641,34.74982443918535,2.606433764399818,2.1811143402963018e-10,COMPLETE
4070,0.09895,0.6447947637147048,6.351039989269435,3.0084506835008034,2484.344497646969,0.08740863007181203,34.574222073764446,5.7029635302129e-13,COMPLETE
4071,0.09095,0.439076605740007,4.958426658725357,2.6588912744618742,0.4634053899763641,186.9306125540257,0.30804483337673005,3.0541645143911065e-11,COMPLETE
4072,0.09755,0.5405716167379008,5.719667260978259,6.875144787901625,7843.277665583187,0.3583335715054067,0.010490863545892863,4.331365543927414e-05,COMPLETE
4073,0.0822,0.5372312616290432,7.051402036894628,7.8078637347278095,0.3474112486367053,0.06857317261521613,3.6008094906658137,1.9043961097477443e-12,COMPLETE
4074,0.0893,0.5884018606167788,7.491453905458799,5.389132008907074,123.52077947060401,4.006173959705789,0.764092524644605,4.842992494933768e-06,COMPLETE
4075,0.1058,0.5719047076274005,5.534010689045964,5.700043420824442,0.6975592224319972,425.9410883032538,3.6008094906658137,5.432263014140687e-13,COMPLETE
4076,0.05495,0.5841769455405592,5.686980021608849,6.875144787901625,2.0598523813930134,34.74982443918535,68.68637664775686,2.1811143402963018e-10,COMPLETE
4077,0.08085,0.3633274069270707,5.719667260978259,6.875144787901625,0.014162338396506723,588.7146614494611,0.053520312976687766,3.787929895519139e-07,COMPLETE
4078,0.07865,0.5842130229029333,7.296565715563787,6.641926976422129,0.014162338396506723,0.12480776742786713,0.01777158201797886,3.811801850956625e-07,COMPLETE
4079,0.1006,0.771702646679796,7.296565715563787,7.242098619980624,123.52077947060401,0.06857317261521613,34.574222073764446,8.720647859508846e-11,COMPLETE
4080,0.04565,0.20399685940740786,6.019990742215804,1.0726049388472807,1.8442663426239594,5.054984284069897,3.6008094906658137,1.621364679176634e-08,COMPLETE
4081,0.09215,0.6173800370110615,4.109585127644503,6.641926976422129,2661.553121751245,1.2594502646806938,0.01777158201797886,8.720647859508846e-11,COMPLETE
4082,0.0914,0.54869172683801,2.458254976923827,6.641926976422129,0.6975592224319972,0.12480776742786713,0.01777158201797886,8.720647859508846e-11,COMPLETE
4083,0.08455,0.194274705677996,7.296565715563787,6.875144787901625,0.08749602766361353,0.0013227827188013936,0.010490863545892863,3.787929895519139e-07,COMPLETE
4084,0.03585,0.17809227350948395,5.646090515155907,1.0726049388472807,0.4634053899763641,0.4878712301792302,8.213868348493142,8.564477591299451e-11,COMPLETE
4085,0.09055,0.6825909268337162,7.043615269017569,6.875144787901625,208.22607295194175,5.172919090752029,0.764092524644605,3.787929895519139e-07,COMPLETE
4086,0.0586,0.33747273517630977,6.019990742215804,1.7519510271087413,1.8442663426239594,0.06857317261521613,0.764092524644605,4.2376713111288165e-12,COMPLETE
4087,0.0674,0.4532055028299178,6.943625321882633,2.2715169220375997,3090.9457533461396,34.74982443918535,68.68637664775686,3.407169759582504e-13,COMPLETE
4088,0.05765,0.2565334914490942,5.553661359325831,1.0726049388472807,2.2526238626393873,51.0531204742495,3.6008094906658137,5.432263014140687e-13,COMPLETE
4089,0.0974,0.6597490770695523,7.296565715563787,5.53882021376787,0.07261268023359602,110.16646134717259,0.01777158201797886,9.787752692175531e-12,COMPLETE
4090,0.1191,0.8407405285948717,5.439590829177734,9.890916012877245,3090.9457533461396,0.047570004104159534,0.06606016307751765,4.309852986565738e-07,COMPLETE
4091,0.0352,0.2279238009798964,7.051402036894628,1.0726049388472807,0.4634053899763641,546.754814234046,0.010117774078155787,3.0757391285376654e-13,COMPLETE
4092,0.09205,0.6555630443660432,5.686980021608849,6.875144787901625,0.058440248539500216,229.64503997604098,68.68637664775686,6.344758008229889e-10,COMPLETE
4093,0.05605,0.39796129717904644,7.296565715563787,2.6559052128921823,0.07261268023359602,0.002856594816095845,5.192615578479196,5.521087576123659e-10,COMPLETE
4094,0.06525,0.5184611278665723,5.58563692847395,6.875144787901625,0.4634053899763641,0.4878712301792302,8.155840935584944,3.0092675819548274e-09,COMPLETE
4095,0.08235,0.1399705190482317,5.989976616159035,3.9037090907079772,0.4634053899763641,5.054984284069897,11.478928737247317,0.008059962010561207,COMPLETE
4096,0.0884,0.613333088581298,5.553661359325831,5.802936659838462,0.09750978508651072,546.754814234046,3.6008094906658137,3.0092675819548274e-09,COMPLETE
4097,0.0622,0.626744934785884,6.943625321882633,8.741900816624833,123.52077947060401,5.054984284069897,14.732118064935978,2.2563515925025537e-09,COMPLETE
4098,0.14855,0.7764657530906733,5.553661359325831,9.890916012877245,2484.344497646969,0.08755680934938086,11.478928737247317,4.5389374712295294e-08,COMPLETE
4099,0.06725,0.22627717633848693,3.7523591558107,1.0726049388472807,203.76979943191074,6.2543319044686125,2.606433764399818,3.0541645143911065e-11,COMPLETE
4100,0.0878,0.43152986634056434,6.351039989269435,1.0726049388472807,2661.553121751245,1.2594502646806938,17.543999742650467,3.0541645143911065e-11,COMPLETE
4101,0.0714,0.6059871410853183,7.491453905458799,6.641926976422129,0.6975592224319972,0.12480776742786713,0.764092524644605,4.649918706735056e-11,COMPLETE
4102,0.07395,0.6232791868102961,5.989976616159035,8.741900816624833,0.17730704153886437,5.054984284069897,2.5245438758434986,3.407169759582504e-13,COMPLETE
4103,0.10705,0.5537664107203158,1.412275146579869,6.875144787901625,123.52077947060401,11.464012684125779,0.11060646004395691,5.521087576123659e-10,COMPLETE
4104,0.0491,0.35509201223797743,6.943625321882633,1.0726049388472807,12.412723646412944,107.59872434463156,0.04724228817485067,3.0541645143911065e-11,COMPLETE
4105,0.0775,0.6184807165714548,7.051402036894628,3.9944594338373487,208.22607295194175,103.06509826445007,0.49106969850296894,1.7411112824373338e-14,COMPLETE
4106,0.0572,0.24376225175739832,7.080898380137817,1.2997368745646833,0.014162338396506723,186.9306125540257,0.0247605531247782,3.2901795328597713e-08,COMPLETE
4107,0.05185,0.22370105194826562,6.943625321882633,1.0726049388472807,0.4634053899763641,0.047570004104159534,5.192615578479196,3.0092675819548274e-09,COMPLETE
4108,0.0756,0.5455812613251675,5.719667260978259,6.641926976422129,1.6198007925633289,0.12480776742786713,10.075831129274722,8.720647859508846e-11,COMPLETE
4109,0.1216,0.8290770066061294,7.051402036894628,9.890916012877245,1365.9795109508957,0.047570004104159534,0.764092524644605,3.407169759582504e-13,COMPLETE
4110,0.05885,0.33515103846157573,5.989976616159035,1.7519510271087413,0.07261268023359602,0.12480776742786713,0.01777158201797886,8.720647859508846e-11,COMPLETE
4111,0.1202,0.8403711764422244,7.051402036894628,9.890916012877245,3090.9457533461396,0.047570004104159534,0.49106969850296894,1.9897264125379086e-06,COMPLETE
4112,0.0732,0.8315123505762242,6.412755325404686,8.741900816624833,2484.344497646969,5.054984284069897,11.478928737247317,4.5389374712295294e-08,COMPLETE
4113,0.09415,0.7323899543143559,5.719667260978259,8.741900816624833,2484.344497646969,5.054984284069897,11.478928737247317,3.787929895519139e-07,COMPLETE
4114,0.0751,0.5262976742229936,4.5483400328081505,6.875144787901625,0.07261268023359602,4.006173959705789,8.213868348493142,3.407169759582504e-13,COMPLETE
4115,0.08465,0.5512988503824694,5.989976616159035,2.6062508511117715,2484.344497646969,5.054984284069897,11.478928737247317,1.9897264125379086e-06,COMPLETE
4116,0.07245,0.39633600680821157,5.989976616159035,1.7519510271087413,1.8442663426239594,5.054984284069897,0.11242279993802923,3.0541645143911065e-11,COMPLETE
4117,0.07095,0.5443370138698455,7.296565715563787,6.641926976422129,0.4634053899763641,0.12480776742786713,5.192615578479196,8.720647859508846e-11,COMPLETE
4118,0.0578,0.577460766620176,7.491453905458799,6.875144787901625,0.4634053899763641,1.5630282565660134,2.606433764399818,3.0541645143911065e-11,COMPLETE
4119,0.12355,0.8891152936849208,7.051402036894628,9.890916012877245,1365.9795109508957,0.047570004104159534,0.49106969850296894,2.234326522814866e-10,COMPLETE
4120,0.06135,0.5871413820901465,7.051402036894628,6.875144787901625,5.233053453948649,0.4878712301792302,0.33191576683554497,8.564477591299451e-11,COMPLETE
4121,0.07505,0.6040908859703034,4.958426658725357,5.387857644978554,0.013791832726689521,1.5630282565660134,3.6008094906658137,1.790631252911391e-13,COMPLETE
4122,0.0712,0.47017386319494664,5.439590829177734,6.875144787901625,123.52077947060401,183.79932158628046,0.04082369646290137,1.9897264125379086e-06,COMPLETE
4123,0.07875,0.3852810189979747,6.943625321882633,1.0726049388472807,9744.498576415283,0.1013397086496358,0.010117774078155787,9.974741375906125e-12,COMPLETE
4124,0.05435,0.37651515556433085,7.051402036894628,2.2991799521485987,0.016767417635497637,0.4878712301792302,1.1831021802933184,8.564477591299451e-11,COMPLETE
4125,0.0803,0.7566194247916634,5.989976616159035,8.741900816624833,2484.344497646969,5.054984284069897,59.2437895529571,7.242135537625552e-11,COMPLETE
4126,0.0508,0.1741938316633257,5.686980021608849,1.0726049388472807,2.2526238626393873,34.74982443918535,68.68637664775686,2.1811143402963018e-10,COMPLETE
4127,0.09585,0.647153285611288,4.958426658725357,8.359124144204223,0.4634053899763641,186.9306125540257,3.6008094906658137,3.0541645143911065e-11,COMPLETE
4128,0.10775,0.6617927854988034,4.130300386003686,3.9944594338373487,208.22607295194175,0.06857317261521613,0.11060646004395691,3.407169759582504e-13,COMPLETE
4129,0.1044,0.7240057859552166,7.296565715563787,6.641926976422129,355.68317623464435,0.12480776742786713,0.01777158201797886,8.720647859508846e-11,COMPLETE
4130,0.0759,0.6570946929706666,4.958426658725357,8.359124144204223,0.4634053899763641,186.9306125540257,3.6008094906658137,2.234326522814866e-10,COMPLETE
4131,0.0856,0.5860211219855239,7.051402036894628,7.8078637347278095,0.3474112486367053,0.06857317261521613,8.213868348493142,8.564477591299451e-11,COMPLETE
4132,0.0861,0.19191450262612797,5.397743977598297,6.875144787901625,208.22607295194175,5.054984284069897,0.04724228817485067,3.787929895519139e-07,COMPLETE
4133,0.08775,0.21298767559984622,7.051402036894628,1.4844703565506605,2484.344497646969,5.054984284069897,0.11060646004395691,5.521087576123659e-10,COMPLETE
4134,0.0902,0.6720933786977535,7.296565715563787,6.641926976422129,0.4634053899763641,0.12480776742786713,0.01777158201797886,8.720647859508846e-11,COMPLETE
4135,0.09065,0.17103800056006355,7.051402036894628,9.890916012877245,0.08020123281867628,0.08755680934938086,11.478928737247317,4.8174929945951194e-05,COMPLETE
4136,0.0477,0.32674450074629396,6.81900887333369,1.7519510271087413,1.8442663426239594,5.054984284069897,3.6008094906658137,3.0541645143911065e-11,COMPLETE
4137,0.10555,0.6492652531982314,5.989976616159035,8.741900816624833,3090.9457533461396,149.0413817199495,10.435929431001554,3.407169759582504e-13,COMPLETE
4138,0.06325,0.2802292953368938,5.553661359325831,1.0726049388472807,0.4634053899763641,546.754814234046,3.6008094906658137,3.088112083958546e-12,COMPLETE
4139,0.07535,0.691347825535534,7.296565715563787,6.641926976422129,0.07261268023359602,0.12480776742786713,0.01777158201797886,8.720647859508846e-11,COMPLETE
4140,0.07855,0.43297294275291703,1.259810617279872,6.875144787901625,0.07261268023359602,0.4878712301792302,8.213868348493142,8.564477591299451e-11,COMPLETE
4141,0.11095,0.7099076409331521,4.2578069246878485,9.890916012877245,123.52077947060401,0.05564315315248067,42.94688197877331,3.407169759582504e-13,COMPLETE
4142,0.09365,0.7856970745298674,7.051402036894628,8.741900816624833,123.52077947060401,0.06857317261521613,14.732118064935978,5.521087576123659e-10,COMPLETE
4143,0.05315,0.2881526123411145,1.2315856347623635,2.2991799521485987,2.2526238626393873,1.5630282565660134,3.6008094906658137,7.242135537625552e-11,COMPLETE
4144,0.08945,0.7778490903713632,7.051402036894628,6.875144787901625,1365.9795109508957,4.13361475319606,0.764092524644605,2.234326522814866e-10,COMPLETE
4145,0.0549,0.26489060597393693,6.019990742215804,1.4468847703539518,208.22607295194175,186.9306125540257,0.0247605531247782,5.521087576123659e-10,COMPLETE
4146,0.08935,0.5317745001878161,5.686980021608849,6.875144787901625,7843.277665583187,3.858204027730059,0.2440178570399517,4.331365543927414e-05,COMPLETE
4147,0.06885,0.34079147234993756,5.989976616159035,1.7519510271087413,1.8442663426239594,0.06857317261521613,12.549082694764847,4.0942171799622256e-14,COMPLETE
4148,0.0829,0.6967124626139762,6.943625321882633,9.890916012877245,2.2526238626393873,51.0531204742495,3.6008094906658137,5.432263014140687e-13,COMPLETE
4149,0.1089,0.6307368570583949,7.296565715563787,6.641926976422129,0.4634053899763641,115.71255119018926,2.0304544846538595,7.242135537625552e-11,COMPLETE
4150,0.08355,0.5137679827656968,7.051402036894628,6.875144787901625,0.07261268023359602,0.04654643887709354,8.213868348493142,8.564477591299451e-11,COMPLETE
4151,0.0631,0.18005150939059866,0.6742385049616184,1.0726049388472807,2484.344497646969,23.16890281014121,3.6008094906658137,7.242135537625552e-11,COMPLETE
4152,0.0817,0.693801007492464,7.051402036894628,3.9944594338373487,123.52077947060401,0.0501875276998019,0.49106969850296894,5.314026320276268e-08,COMPLETE
4153,0.06725,0.4147272432130555,7.296565715563787,1.974518744838263,265.6430706152523,186.9306125540257,34.574222073764446,8.720647859508846e-11,COMPLETE
4154,0.07105,0.46030037693851117,3.151125291075834,3.786492049701135,123.52077947060401,0.844542822215403,12.549082694764847,8.570657088030008e-10,COMPLETE
4155,0.04775,0.3058890932662698,6.164600558261091,1.0726049388472807,0.4634053899763641,186.9306125540257,3.6008094906658137,5.432263014140687e-13,COMPLETE
4156,0.08515,0.6537962620352179,5.989976616159035,6.641926976422129,0.07261268023359602,0.12480776742786713,0.01777158201797886,1.621364679176634e-08,COMPLETE
4157,0.1131,0.6503139636766442,1.1722720355705585,9.020488494688548,1365.9795109508957,0.047570004104159534,0.0247605531247782,3.811801850956625e-07,COMPLETE
4158,0.0884,0.6354428001226545,5.719667260978259,6.875144787901625,3.325750380191966,0.1013397086496358,0.01777158201797886,8.759806115057245e-09,COMPLETE
4159,0.04545,0.2232630021635875,7.491453905458799,1.0726049388472807,0.4634053899763641,1.5630282565660134,3.6008094906658137,3.0092675819548274e-09,COMPLETE
4160,0.0903,0.6339844432735362,5.553661359325831,8.741900816624833,1365.9795109508957,5.054984284069897,93.98966524122203,2.234326522814866e-10,COMPLETE
4161,0.09765,0.06945927867057995,6.943625321882633,9.890916012877245,3090.9457533461396,5.054984284069897,0.04724228817485067,1.621364679176634e-08,COMPLETE
4162,0.04505,0.26345225538495537,6.019990742215804,1.2997368745646833,0.4634053899763641,546.754814234046,0.0247605531247782,3.811801850956625e-07,COMPLETE
4163,0.08985,0.7165127212469778,7.051402036894628,7.8078637347278095,0.5329280982003224,0.06857317261521613,0.016471771476997438,1.9043961097477443e-12,COMPLETE
4164,0.11385,0.8247318875415194,7.491453905458799,8.03385745277823,3090.9457533461396,0.02638778947460711,2.5245438758434986,3.407169759582504e-13,COMPLETE
4165,0.0438,0.3026865605399171,7.296565715563787,1.086245695829819,0.4634053899763641,546.754814234046,0.2897800959779997,2.556898659242752e-09,COMPLETE
4166,0.0756,0.5991839983027683,7.051402036894628,3.9605412524149086,0.4634053899763641,110.16646134717259,2.606433764399818,1.7411112824373338e-14,COMPLETE
4167,0.07785,0.5778808926506266,4.958426658725357,8.359124144204223,2.2526238626393873,1.5630282565660134,3.6008094906658137,4.847622395409031e-09,COMPLETE
4168,0.09595,0.13394158869102565,6.943625321882633,1.0726049388472807,0.4634053899763641,0.08755680934938086,0.49106969850296894,0.007964927792235305,COMPLETE
4169,0.0931,0.6966257291451868,5.686980021608849,9.69887308467804,7843.277665583187,276.55199886872185,17.543999742650467,8.720647859508846e-11,COMPLETE
4170,0.08985,0.6015099640263802,6.222431426221833,8.741900816624833,0.07261268023359602,5.054984284069897,8.213868348493142,8.875284590965877e-14,COMPLETE
4171,0.09215,0.17845365681418573,6.943625321882633,8.741900816624833,123.52077947060401,0.06857317261521613,14.732118064935978,0.00019428163729823172,COMPLETE
4172,0.0873,0.5485216557761399,4.812614441890751,2.2991799521485987,123.52077947060401,0.09801440794959468,2.606433764399818,7.242135537625552e-11,COMPLETE
4173,0.06955,0.549233463935742,4.958426658725357,8.741900816624833,0.4634053899763641,1.2226441387980365,11.478928737247317,7.242135537625552e-11,COMPLETE
4174,0.05775,0.4234731350763511,7.051402036894628,2.4040412677104,47.33248295002835,34.74982443918535,68.68637664775686,2.1811143402963018e-10,COMPLETE
4175,0.03745,0.2291691445277333,7.491453905458799,1.0726049388472807,0.4634053899763641,107.59872434463156,34.574222073764446,3.307908356857381e-08,COMPLETE
4176,0.11245,0.7767807351166622,6.943625321882633,9.890916012877245,55.86953905666421,0.047570004104159534,0.49106969850296894,2.234326522814866e-10,COMPLETE
4177,0.0514,0.30146892771453676,6.4285958833703365,1.0726049388472807,0.4634053899763641,110.16646134717259,2.606433764399818,1.7411112824373338e-14,COMPLETE
4178,0.1321,0.7686800343825453,5.553661359325831,8.741900816624833,2484.344497646969,0.047570004104159534,11.478928737247317,2.234326522814866e-10,COMPLETE
4179,0.08785,0.6640630580429955,6.943625321882633,6.223646815956013,0.4634053899763641,1.2594502646806938,0.6216384964619603,3.0541645143911065e-11,COMPLETE
4180,0.1021,0.41911329421185667,6.943625321882633,1.0726049388472807,3090.9457533461396,0.047570004104159534,0.010117774078155787,3.0092675819548274e-09,COMPLETE
4181,0.08575,0.328354485772471,3.7523591558107,1.0726049388472807,74.09597152815236,0.06253465806973413,2.606433764399818,5.521087576123659e-10,COMPLETE
4182,0.09285,0.5966985764440532,5.686980021608849,5.4789582382535755,1.9562826277387932,3.858204027730059,0.49106969850296894,5.521087576123659e-10,COMPLETE
4183,0.08695,0.729230903698879,7.296565715563787,9.890916012877245,12.412723646412944,0.047570004104159534,0.764092524644605,3.407169759582504e-13,COMPLETE
4184,0.0472,0.14627382352249227,6.019990742215804,1.0726049388472807,0.014162338396506723,186.9306125540257,0.010117774078155787,3.811801850956625e-07,COMPLETE
4185,0.1084,0.6839468041256348,7.051402036894628,8.741900816624833,2484.344497646969,102.76482422735135,11.478928737247317,4.5389374712295294e-08,COMPLETE
4186,0.0705,0.5139028403397466,7.051402036894628,2.2991799521485987,0.016767417635497637,115.71255119018926,0.49106969850296894,1.3355151060383856e-13,COMPLETE
4187,0.1069,0.7397534678421754,4.088195410010223,8.458997448208544,1365.9795109508957,0.047570004104159534,0.49106969850296894,2.234326522814866e-10,COMPLETE
4188,0.1089,0.8058983948386126,7.051402036894628,7.8078637347278095,2484.344497646969,0.06857317261521613,3.6008094906658137,1.9043961097477443e-12,COMPLETE
4189,0.0907,0.8110055979792021,7.051402036894628,6.875144787901625,123.52077947060401,0.06857317261521613,0.11060646004395691,2.234326522814866e-10,COMPLETE
4190,0.10315,0.6801593640805041,5.686980021608849,6.875144787901625,0.4634053899763641,1.5630282565660134,0.16353555094158786,3.0541645143911065e-11,COMPLETE
4191,0.0728,0.17733063173052074,6.943625321882633,6.875144787901625,123.52077947060401,546.754814234046,0.010117774078155787,3.407169759582504e-13,COMPLETE
4192,0.13325,0.7965350202590396,7.051402036894628,9.890916012877245,1365.9795109508957,0.047570004104159534,0.49106969850296894,2.234326522814866e-10,COMPLETE
4193,0.0737,0.015120425179500708,6.943625321882633,9.890916012877245,3090.9457533461396,546.754814234046,0.010117774078155787,0.0019083526920108487,COMPLETE
4194,0.10595,0.7525121275920543,7.491453905458799,6.875144787901625,208.22607295194175,0.009707433566872849,0.764092524644605,3.787929895519139e-07,COMPLETE
4195,0.09655,0.5997956047674861,6.942729637021463,6.641926976422129,1.8442663426239594,5.054984284069897,0.8788959280046755,1.621364679176634e-08,COMPLETE
4196,0.10845,0.7707288240682355,6.019990742215804,9.890916012877245,123.52077947060401,0.06857317261521613,0.04082369646290137,1.9043961097477443e-12,COMPLETE
4197,0.10425,0.6247437246861677,6.019990742215804,8.741900816624833,2484.344497646969,889.0904211258207,11.478928737247317,3.811801850956625e-07,COMPLETE
4198,0.1053,0.7479728915844274,5.686980021608849,9.890916012877245,3090.9457533461396,3.858204027730059,6.725889792520425,2.1811143402963018e-10,COMPLETE
4199,0.08965,0.5380912778627182,4.958426658725357,6.333178715754945,1365.9795109508957,186.9306125540257,0.49106969850296894,3.0541645143911065e-11,COMPLETE
4200,0.09205,0.09060799012049008,5.315596438843208,6.205029239698762,187.88475116916274,17.19524691327356,0.010490863545892863,8.720647859508846e-11,COMPLETE
4201,0.10825,0.8705419048862306,6.943625321882633,9.890916012877245,3090.9457533461396,0.39080409335103344,0.764092524644605,3.407169759582504e-13,COMPLETE
4202,0.08925,0.6339285257345022,7.051402036894628,6.875144787901625,123.52077947060401,0.4878712301792302,8.213868348493142,1.9043961097477443e-12,COMPLETE
4203,0.06955,0.5370960529199191,7.051402036894628,6.875144787901625,0.07261268023359602,0.4878712301792302,2.606433764399818,8.564477591299451e-11,COMPLETE
4204,0.0965,0.8172243829749353,7.051402036894628,6.875144787901625,208.22607295194175,0.06857317261521613,0.11060646004395691,5.521087576123659e-10,COMPLETE
4205,0.05525,0.29985580690969943,5.989976616159035,1.7519510271087413,1.8442663426239594,5.054984284069897,11.478928737247317,4.5389374712295294e-08,COMPLETE
4206,0.0944,0.6165957397088524,7.051402036894628,2.5118580794078285,123.52077947060401,0.06857317261521613,59.2437895529571,1.3346695756946405e-06,COMPLETE
4207,0.08175,0.5610641789691233,5.719667260978259,7.014752535079111,0.016767417635497637,110.16646134717259,0.01777158201797886,1.9043961097477443e-12,COMPLETE
4208,0.0592,0.3301024030693042,5.989976616159035,1.0726049388472807,2484.344497646969,7.778353503039583,11.478928737247317,3.0541645143911065e-11,COMPLETE
4209,0.0857,0.41746680735743075,0.33343731916626607,6.875144787901625,2.0598523813930134,0.4878712301792302,8.213868348493142,2.1811143402963018e-10,COMPLETE
4210,0.0697,0.732986704001592,5.686980021608849,6.875144787901625,5566.2977925921405,34.74982443918535,68.68637664775686,8.720647859508846e-11,COMPLETE
4211,0.09985,0.8215339270432963,7.051402036894628,9.890916012877245,3090.9457533461396,0.047570004104159534,0.04082369646290137,9.713109668305159e-08,COMPLETE
4212,0.11375,0.8340876456483471,7.051402036894628,6.875144787901625,208.22607295194175,0.009707433566872849,0.010490863545892863,3.787929895519139e-07,COMPLETE
4213,0.09555,0.6376763881785907,6.943625321882633,9.890916012877245,0.14437608323232792,107.59872434463156,34.574222073764446,3.407169759582504e-13,COMPLETE
4214,0.0658,0.29295972730363434,6.943625321882633,1.0726049388472807,0.4634053899763641,546.754814234046,0.764092524644605,3.0092675819548274e-09,COMPLETE
4215,0.1324,0.8387063222567142,7.051402036894628,9.890916012877245,3090.9457533461396,0.08755680934938086,0.49106969850296894,5.521087576123659e-10,COMPLETE
4216,0.06235,0.45819567082723117,5.686980021608849,2.5118580794078285,330.709409453498,3.858204027730059,59.2437895529571,2.1811143402963018e-10,COMPLETE
4217,0.088,0.6168944865323851,6.943625321882633,6.875144787901625,0.4634053899763641,828.2402992287851,8.213868348493142,4.819620859627371e-05,COMPLETE
4218,0.0646,0.39305440382488527,4.812614441890751,1.7519510271087413,0.016767417635497637,115.71255119018926,2.606433764399818,3.407169759582504e-13,COMPLETE
4219,0.0897,0.4727695798114448,4.812614441890751,2.2991799521485987,0.016767417635497637,115.71255119018926,2.606433764399818,9.787752692175531e-12,COMPLETE
4220,0.0656,0.49937397407697726,6.351039989269435,6.875144787901625,12.412723646412944,0.4878712301792302,34.574222073764446,8.564477591299451e-11,COMPLETE
4221,0.067,0.39580515929373306,6.943625321882633,2.221068298995954,0.4634053899763641,186.9306125540257,0.010117774078155787,3.811801850956625e-07,COMPLETE
4222,0.07435,0.0468478793892752,5.553661359325831,1.0726049388472807,2484.344497646969,51.0531204742495,0.09846106890784673,5.432263014140687e-13,COMPLETE
4223,0.047,0.3279015816156235,6.943625321882633,1.0726049388472807,7843.277665583187,546.754814234046,5.192615578479196,1.5989151049124946e-12,COMPLETE
4224,0.0716,0.7836454585738309,7.051402036894628,6.875144787901625,43.4020929550414,0.08755680934938086,0.49106969850296894,5.521087576123659e-10,COMPLETE
4225,0.0626,0.5514515384251798,7.051402036894628,6.875144787901625,0.4634053899763641,0.08755680934938086,0.49106969850296894,2.906752429790981e-14,COMPLETE
4226,0.05465,0.3979630563718983,7.051402036894628,2.5118580794078285,0.629078625084406,0.06857317261521613,59.2437895529571,5.521087576123659e-10,COMPLETE
4227,0.1035,0.16975726589723103,7.051402036894628,3.786492049701135,123.52077947060401,0.047570004104159534,3.16179132557681,0.00020057088253209543,COMPLETE
4228,0.0489,0.23866728424634304,6.351039989269435,1.0726049388472807,12.412723646412944,120.49787659635021,0.010117774078155787,3.0541645143911065e-11,COMPLETE
4229,0.0624,0.20246705361016654,6.943625321882633,8.458997448208544,118.37290952675552,546.754814234046,0.010117774078155787,4.407827356677053e-12,COMPLETE
4230,0.11495,0.8119991278010098,7.051402036894628,9.890916012877245,208.22607295194175,0.08755680934938086,0.49106969850296894,2.234326522814866e-10,COMPLETE
4231,0.0754,0.6713479356102569,5.439590829177734,9.890916012877245,0.4634053899763641,546.754814234046,0.6732940538709068,7.242135537625552e-11,COMPLETE
4232,0.07215,0.46064558442388026,7.296565715563787,6.875144787901625,0.05908451495583695,546.754814234046,0.010117774078155787,3.787929895519139e-07,COMPLETE
4233,0.08,0.5787369406271073,6.943625321882633,3.1768801734769934,161.2240087877301,0.9176066894857725,0.04724228817485067,1.6867456004154425e-11,COMPLETE
4234,0.08705,0.6737090255716913,7.296565715563787,6.641926976422129,0.014162338396506723,1.2594502646806938,0.0247605531247782,8.915537944040262e-14,COMPLETE
4235,0.07825,0.6048276506258407,7.491453905458799,6.875144787901625,0.4634053899763641,1.5630282565660134,3.6008094906658137,3.0541645143911065e-11,COMPLETE
4236,0.1128,0.7970805648393275,5.439590829177734,6.875144787901625,3090.9457533461396,0.047570004104159534,0.04082369646290137,8.564477591299451e-11,COMPLETE
4237,0.1334,0.7890667743527267,7.051402036894628,9.890916012877245,1365.9795109508957,0.047570004104159534,3.4168356562381925,2.234326522814866e-10,COMPLETE
4238,0.0808,0.04327295510388001,7.051402036894628,1.2997368745646833,3090.9457533461396,186.9306125540257,0.0247605531247782,1.9897264125379086e-06,COMPLETE
4239,0.07455,0.47422557173334856,5.439590829177734,9.890916012877245,2.0598523813930134,34.74982443918535,0.04082369646290137,1.9897264125379086e-06,COMPLETE
4240,0.10645,0.6248580541792621,5.719667260978259,1.8849916127748607,208.22607295194175,0.009707433566872849,0.010117774078155787,2.2283288969238702e-11,COMPLETE
4241,0.0405,0.18025913278763137,3.26934319625026,1.0726049388472807,0.5508595480121837,107.59872434463156,71.21795364171327,3.407169759582504e-13,COMPLETE
4242,0.0434,0.25414480510293513,6.019990742215804,1.2997368745646833,1.8442663426239594,186.9306125540257,76.57127726580364,5.388506802098508e-08,COMPLETE
4243,0.0971,0.45338140659744625,0.6409629809465351,6.875144787901625,0.17747209970909308,0.1013397086496358,0.01777158201797886,3.787929895519139e-07,COMPLETE
4244,0.09975,0.436230238009528,2.8078802239488563,1.2278833825794002,2484.344497646969,0.047570004104159534,0.764092524644605,4.5389374712295294e-08,COMPLETE
4245,0.1247,0.8163289933313286,7.051402036894628,8.458997448208544,1365.9795109508957,0.047570004104159534,0.49106969850296894,2.234326522814866e-10,COMPLETE
4246,0.0467,0.1690300923388819,6.019990742215804,1.2997368745646833,0.014162338396506723,186.9306125540257,0.04612588142847097,3.811801850956625e-07,COMPLETE
4247,0.0885,0.5531115008340626,5.553661359325831,6.875144787901625,0.7323666079255353,5.054984284069897,11.478928737247317,2.5193409914266457e-06,COMPLETE
4248,0.075,0.4378373628282476,5.686980021608849,2.2991799521485987,0.0116319538039377,34.74982443918535,2.606433764399818,2.1811143402963018e-10,COMPLETE
4249,0.0812,0.5226988887104241,5.686980021608849,6.875144787901625,1.9562826277387932,0.1013397086496358,59.2437895529571,3.787929895519139e-07,COMPLETE
4250,0.0907,0.5538945410229187,6.943625321882633,4.477400934684581,2.2526238626393873,546.754814234046,3.6008094906658137,7.242135537625552e-11,COMPLETE
4251,0.1055,0.7239928714204233,5.719667260978259,6.641926976422129,2661.553121751245,1.2594502646806938,17.543999742650467,3.787929895519139e-07,COMPLETE
4252,0.05715,0.3640021189305543,5.686980021608849,1.7519510271087413,5566.2977925921405,34.74982443918535,68.68637664775686,3.4807870746088774e-11,COMPLETE
4253,0.11405,0.7251874209311749,5.813813326532773,6.223646815956013,2661.553121751245,0.06857317261521613,12.549082694764847,1.9043961097477443e-12,COMPLETE
4254,0.09565,0.5982793708447213,7.491453905458799,6.875144787901625,0.4634053899763641,186.9306125540257,3.6008094906658137,8.720647859508846e-11,COMPLETE
4255,0.05915,0.35846394760280975,6.351039989269435,1.0726049388472807,0.4634053899763641,7.05804177326983,0.010661116567131434,2.556898659242752e-09,COMPLETE
4256,0.07435,0.5238123651667326,4.812614441890751,2.2991799521485987,2484.344497646969,115.71255119018926,2.606433764399818,7.242135537625552e-11,COMPLETE
4257,0.1002,0.7303095639018637,3.537294092456258,9.890916012877245,3090.9457533461396,0.06857317261521613,19.498223037952453,3.407169759582504e-13,COMPLETE
4258,0.0517,0.27603831393437767,7.491453905458799,1.3282222847082001,0.4634053899763641,1.5630282565660134,0.21385988952554574,3.0541645143911065e-11,COMPLETE
4259,0.10155,0.7741845968667249,7.051402036894628,6.875144787901625,208.22607295194175,0.08755680934938086,82.12149275290963,2.378023842092755e-12,COMPLETE
4260,0.0676,0.3876028724215382,3.5726913140484013,1.7519510271087413,1.8442663426239594,186.9306125540257,3.440862914025211,3.0541645143911065e-11,COMPLETE
4261,0.1142,0.8496919164137087,7.491453905458799,9.890916012877245,3090.9457533461396,0.05564315315248067,3.6008094906658137,1.243411183144902e-12,COMPLETE
4262,0.07995,0.5912135909305142,5.553661359325831,6.641926976422129,0.4634053899763641,546.754814234046,3.6008094906658137,5.432263014140687e-13,COMPLETE
4263,0.06175,0.14382076372142666,5.231811011056749,6.641926976422129,2661.553121751245,546.754814234046,0.010117774078155787,8.720647859508846e-11,COMPLETE
4264,0.0877,0.768817519527655,5.989976616159035,8.741900816624833,2484.344497646969,5.054984284069897,11.478928737247317,7.242135537625552e-11,COMPLETE
4265,0.09475,0.6807961360385375,5.519885748217479,6.641926976422129,2661.553121751245,110.16646134717259,17.543999742650467,9.787752692175531e-12,COMPLETE
4266,0.05075,0.2547032850884435,5.553661359325831,1.0726049388472807,2.2526238626393873,51.0531204742495,3.6008094906658137,5.432263014140687e-13,COMPLETE
4267,0.0857,0.647849390538105,6.943625321882633,9.890916012877245,1.8442663426239594,0.39080409335103344,0.04724228817485067,3.407169759582504e-13,COMPLETE
4268,0.10245,0.08228703507326074,1.4098324615386175,6.875144787901625,0.07261268023359602,0.4878712301792302,8.213868348493142,0.0008389435206319141,COMPLETE
4269,0.11545,0.7623232349113896,7.051402036894628,6.875144787901625,7843.277665583187,0.047570004104159534,0.49106969850296894,1.8916660522440979e-10,COMPLETE
4270,0.0883,0.6500395232933607,7.051402036894628,2.931651529419465,1365.9795109508957,0.047570004104159534,0.010524733327151448,2.234326522814866e-10,COMPLETE
4271,0.07845,0.6184633630608597,7.051402036894628,6.875144787901625,43.4020929550414,2.5384837918763363,0.01777158201797886,8.283690198340015e-12,COMPLETE
4272,0.06965,0.5829446143358281,7.051402036894628,9.828636818153269,0.4634053899763641,0.047570004104159534,0.49106969850296894,2.234326522814866e-10,COMPLETE
4273,0.0738,0.2219288255678499,1.1255795423611237,1.0726049388472807,0.4634053899763641,546.754814234046,0.49106969850296894,4.819620859627371e-05,COMPLETE
4274,0.06475,0.5888526315672485,7.439107785753316,6.875144787901625,0.3474112486367053,34.74982443918535,68.68637664775686,1.9043961097477443e-12,COMPLETE
4275,0.0927,0.6297305203837978,7.051402036894628,3.786492049701135,123.52077947060401,0.06857317261521613,12.549082694764847,5.521087576123659e-10,COMPLETE
4276,0.08685,0.6743676526607193,7.051402036894628,6.875144787901625,0.6975592224319972,0.12480776742786713,0.01777158201797886,8.720647859508846e-11,COMPLETE
4277,0.0965,0.6513035207967901,7.051402036894628,5.255351277030058,0.4634053899763641,0.0010514991930284654,0.49106969850296894,2.556898659242752e-09,COMPLETE
4278,0.0959,0.5731074553863619,3.425846503294141,6.875144787901625,5566.2977925921405,34.74982443918535,68.68637664775686,2.1811143402963018e-10,COMPLETE
4279,0.1039,0.5796104835211482,2.401001046830175,5.4533696539809275,1365.9795109508957,1.0983646623869554,8.213868348493142,8.564477591299451e-11,COMPLETE
4280,0.0372,0.2799246189878751,5.719667260978259,1.0726049388472807,1.8442663426239594,110.16646134717259,0.04724228817485067,9.787752692175531e-12,COMPLETE
4281,0.0971,0.16749759676158693,6.943625321882633,9.890916012877245,3.502188273571163,0.4878712301792302,8.213868348493142,0.0006587879003520009,COMPLETE
4282,0.0641,0.07084334548049306,7.491453905458799,6.875144787901625,123.52077947060401,5.054984284069897,0.0112688040272664,3.307300116625144e-05,COMPLETE
4283,0.07075,0.5397176019567737,7.296565715563787,2.7692861888326843,3.9227007475742597,0.12480776742786713,0.010117774078155787,1.7411112824373338e-14,COMPLETE
4284,0.06985,0.5756948146859752,7.051402036894628,4.432384931218644,43.4020929550414,5.054984284069897,2.068633476104198,4.5389374712295294e-08,COMPLETE
4285,0.11335,0.7529051665276012,4.958426658725357,9.890916012877245,1365.9795109508957,0.0020350376925954224,0.49106969850296894,2.234326522814866e-10,COMPLETE
4286,0.0761,0.24203009707294754,6.351039989269435,1.0726049388472807,12.412723646412944,0.06857317261521613,34.574222073764446,3.0541645143911065e-11,COMPLETE
4287,0.08365,0.44803243695048833,7.051402036894628,1.6636855329523161,43.4020929550414,0.08755680934938086,0.11060646004395691,5.521087576123659e-10,COMPLETE
4288,0.0773,0.6475534633752328,5.686980021608849,8.359124144204223,1.9562826277387932,307.92381823186616,59.2437895529571,1.2753361556579423e-08,COMPLETE
4289,0.04635,0.25416661053447615,6.019990742215804,1.2997368745646833,0.014162338396506723,0.1013397086496358,0.0247605531247782,3.811801850956625e-07,COMPLETE
4290,0.1022,0.043245408007237474,5.719667260978259,2.2991799521485987,2484.344497646969,110.16646134717259,0.01777158201797886,4.5389374712295294e-08,COMPLETE
4291,0.13365,0.7782558302773246,7.491453905458799,6.223646815956013,2661.553121751245,0.047570004104159534,4.359071261478174,2.234326522814866e-10,COMPLETE
4292,0.1177,0.8728121881389912,7.051402036894628,9.890916012877245,1365.9795109508957,0.1183068643397547,0.49106969850296894,2.234326522814866e-10,COMPLETE
4293,0.08665,0.6583671174919118,6.943625321882633,6.875144787901625,0.4634053899763641,16.799060199405744,3.6008094906658137,4.42218742606455e-08,COMPLETE
4294,0.1178,0.8313553968391818,7.0822066661478775,9.890916012877245,2661.553121751245,0.047570004104159534,17.543999742650467,3.407169759582504e-13,COMPLETE
4295,0.0567,0.22971222210553083,5.449439262608876,1.0726049388472807,0.020748461995848937,51.0531204742495,5.192615578479196,4.0946313887965096e-05,COMPLETE
4296,0.1055,0.7546216187139657,7.051402036894628,8.35925794454654,208.22607295194175,0.40299087094439257,30.123844563858306,5.435962516587438e-08,COMPLETE
4297,0.05125,0.3552070691782538,7.051402036894628,1.6124301406155326,0.3474112486367053,0.013487150096100594,0.01777158201797886,3.2423656044145015e-13,COMPLETE
4298,0.0796,0.6704305954306636,6.019990742215804,3.786492049701135,123.52077947060401,0.032489339424060765,12.549082694764847,1.9043961097477443e-12,COMPLETE
4299,0.0579,0.35112245647867296,7.296565715563787,1.0726049388472807,0.6975592224319972,546.754814234046,6.109927516386971,8.720647859508846e-11,COMPLETE
4300,0.1041,0.3424195190917509,5.719667260978259,5.264868174603456,0.01886978503685123,110.16646134717259,0.01777158201797886,9.787752692175531e-12,COMPLETE
4301,0.0726,0.6078078699958278,7.051402036894628,9.890916012877245,0.4634053899763641,0.047570004104159534,0.49106969850296894,3.0092675819548274e-09,COMPLETE
4302,0.08745,0.7521511020862088,6.122973634421436,6.875144787901625,123.52077947060401,0.08755680934938086,0.764092524644605,5.521087576123659e-10,COMPLETE
4303,0.0576,0.047946209798041727,5.719667260978259,8.741900816624833,2484.344497646969,110.16646134717259,0.01777158201797886,9.787752692175531e-12,COMPLETE
4304,0.0967,0.8203891988175467,7.051402036894628,9.890916012877245,208.22607295194175,0.08755680934938086,0.6732940538709068,5.521087576123659e-10,COMPLETE
4305,0.0893,0.7409726838869685,6.943625321882633,9.890916012877245,3090.9457533461396,0.39080409335103344,0.018020795635412763,3.407169759582504e-13,COMPLETE
4306,0.06035,0.11815252849706888,7.051402036894628,1.0726049388472807,3.9227007475742597,546.754814234046,0.010117774078155787,1.3245730670144419e-11,COMPLETE
4307,0.09365,0.5721159500855182,3.788237929517848,6.875144787901625,0.16593353120815788,0.06857317261521613,0.01777158201797886,6.701844527818249e-12,COMPLETE
4308,0.0768,0.5991729618508547,7.491453905458799,6.223646815956013,1.8442663426239594,1.2594502646806938,0.764092524644605,3.0541645143911065e-11,COMPLETE
4309,0.04835,0.34828082866488075,6.943625321882633,1.0726049388472807,7843.277665583187,546.754814234046,5.192615578479196,1.5989151049124946e-12,COMPLETE
4310,0.06895,0.5123397773075703,4.958426658725357,8.359124144204223,0.4634053899763641,0.08755680934938086,0.49106969850296894,3.0541645143911065e-11,COMPLETE
4311,0.0487,0.43382209624381357,6.943625321882633,2.2991799521485987,0.016767417635497637,0.047570004104159534,0.01777158201797886,3.407169759582504e-13,COMPLETE
4312,0.07815,0.618228308912296,7.491453905458799,6.875144787901625,0.4634053899763641,546.754814234046,3.6008094906658137,3.0092675819548274e-09,COMPLETE
4313,0.0802,0.4478620197402589,5.719667260978259,2.2991799521485987,0.4634053899763641,110.16646134717259,0.01777158201797886,9.787752692175531e-12,COMPLETE
4314,0.0543,0.3879866029955611,4.812614441890751,1.4760189562835049,0.07984053403314888,115.71255119018926,2.606433764399818,7.242135537625552e-11,COMPLETE
4315,0.047,0.3464537264498168,7.491453905458799,1.0726049388472807,123.52077947060401,546.754814234046,0.764092524644605,1.8600504757815016e-06,COMPLETE
4316,0.0772,0.5695022653489488,5.553661359325831,8.741900816624833,79.79839822326583,5.054984284069897,11.478928737247317,4.5389374712295294e-08,COMPLETE
4317,0.0892,0.6175057926736182,2.4996214348596046,6.875144787901625,7691.62941695241,1.5630282565660134,34.574222073764446,3.0541645143911065e-11,COMPLETE
4318,0.0752,0.4183029239450324,7.051402036894628,3.056397117224239,0.5012909589496314,0.06857317261521613,17.543999742650467,3.0541645143911065e-11,COMPLETE
4319,0.0588,0.3514745631484056,5.686980021608849,2.5118580794078285,1.9562826277387932,34.74982443918535,59.2437895529571,8.720647859508846e-11,COMPLETE
4320,0.0804,0.8129551252172988,6.351039989269435,8.741900816624833,2484.344497646969,5.054984284069897,11.478928737247317,3.0541645143911065e-11,COMPLETE
4321,0.10295,0.8463494387594618,7.051402036894628,9.890916012877245,123.52077947060401,0.047570004104159534,0.49106969850296894,5.521087576123659e-10,COMPLETE
4322,0.0876,0.1800804648744254,1.8939030145465052,6.875144787901625,0.4634053899763641,1.5630282565660134,3.6008094906658137,0.00014949789237753911,COMPLETE
4323,0.07175,0.2791955008163648,1.347134111897113,1.1028979619159323,4416.705263044181,269.4865031398329,5.192615578479196,5.432263014140687e-13,COMPLETE
4324,0.04375,0.05896441311641131,6.943625321882633,1.0726049388472807,0.4634053899763641,2.887967104990631,0.010117774078155787,4.819620859627371e-05,COMPLETE
4325,0.0929,0.6878677281694419,7.296565715563787,6.641926976422129,0.07261268023359602,0.06857317261521613,0.01777158201797886,8.107612518882864e-09,COMPLETE
4326,0.05835,0.16465795847181894,0.4508357097183727,2.2991799521485987,0.016767417635497637,115.71255119018926,0.01777158201797886,8.720647859508846e-11,COMPLETE
4327,0.06095,0.37832466928590663,5.686980021608849,1.5231092234257555,1179.5007424388077,3.858204027730059,3.393131281476133,2.1811143402963018e-10,COMPLETE
4328,0.068,0.5706315280677231,7.051402036894628,6.875144787901625,0.4634053899763641,0.08755680934938086,0.49106969850296894,1.3517558533943714e-08,COMPLETE
4329,0.0962,0.5640074021856806,7.491453905458799,6.875144787901625,1.8442663426239594,116.08954132889538,0.04724228817485067,1.621364679176634e-08,COMPLETE
4330,0.0671,0.5275794931879635,7.051402036894628,2.2991799521485987,0.016767417635497637,115.71255119018926,0.49106969850296894,5.521087576123659e-10,COMPLETE
4331,0.10095,0.8702299246191418,7.051402036894628,8.458997448208544,1365.9795109508957,0.047570004104159534,0.49106969850296894,2.234326522814866e-10,COMPLETE
4332,0.08075,0.6231496703622387,5.989976616159035,2.8859476208268777,123.52077947060401,0.047570004104159534,76.57127726580364,3.407169759582504e-13,COMPLETE
4333,0.08135,0.6880360184236356,7.051402036894628,6.875144787901625,0.07261268023359602,0.4878712301792302,0.05130365928546606,1.7411112824373338e-14,COMPLETE
4334,0.0902,0.4741236191676093,1.362070427991492,3.786492049701135,123.52077947060401,0.19893247793239355,12.549082694764847,9.342013993920842e-12,COMPLETE
4335,0.0984,0.7716702980464887,7.491453905458799,6.875144787901625,3090.9457533461396,1.5630282565660134,0.764092524644605,3.407169759582504e-13,COMPLETE
4336,0.07075,0.5121218326796259,4.958426658725357,8.359124144204223,2.2526238626393873,1.5630282565660134,3.6008094906658137,5.432263014140687e-13,COMPLETE
4337,0.09655,0.6416774237380011,5.686980021608849,6.875144787901625,5566.2977925921405,34.74982443918535,68.68637664775686,1.7411112824373338e-14,COMPLETE
4338,0.07355,0.5222844179980964,6.019990742215804,6.875144787901625,0.014162338396506723,0.0031718608773055987,0.764092524644605,8.413340910359164e-13,COMPLETE
4339,0.0804,0.42340098477243726,7.296565715563787,6.875144787901625,0.4634053899763641,546.754814234046,0.010117774078155787,3.787929895519139e-07,COMPLETE
4340,0.05275,0.25232451925653876,3.0455122299916,1.0726049388472807,43.4020929550414,51.0531204742495,5.192615578479196,5.521087576123659e-10,COMPLETE
4341,0.06105,0.4547941430329858,7.051402036894628,2.5118580794078285,1.9562826277387932,3.858204027730059,0.49106969850296894,2.234326522814866e-10,COMPLETE
4342,0.0828,0.6203017899196718,6.943362991582681,8.19108849040871,1.8442663426239594,4.006173959705789,0.764092524644605,8.564477591299451e-11,COMPLETE
4343,0.0517,0.3206099800297519,6.943625321882633,1.0726049388472807,0.4634053899763641,546.754814234046,5.192615578479196,3.0092675819548274e-09,COMPLETE
4344,0.07235,0.5524598450877427,7.051402036894628,9.890916012877245,0.4634053899763641,0.047570004104159534,0.49106969850296894,2.234326522814866e-10,COMPLETE
4345,0.0755,0.5895110987529245,7.051402036894628,4.410055463217125,2.2526238626393873,1.5630282565660134,0.49106969850296894,5.432263014140687e-13,COMPLETE
4346,0.0829,0.6292615836420058,5.719667260978259,7.8078637347278095,1.8442663426239594,110.16646134717259,3.6008094906658137,1.9043961097477443e-12,COMPLETE
4347,0.13355,0.8092951110483431,6.943625321882633,9.890916012877245,571.4985187456356,0.06857317261521613,0.11060646004395691,5.521087576123659e-10,COMPLETE
4348,0.0585,0.3521071508536084,5.553661359325831,1.1277550463326125,0.4634053899763641,0.0010721412447862505,3.6008094906658137,5.432263014140687e-13,COMPLETE
4349,0.1075,0.7335485278673896,7.051402036894628,5.2135030518438805,1365.9795109508957,0.013382491734246098,0.49106969850296894,2.234326522814866e-10,COMPLETE
4350,0.06655,0.5557163670444653,7.051402036894628,7.8078637347278095,0.014162338396506723,0.06857317261521613,3.6008094906658137,3.811801850956625e-07,COMPLETE
4351,0.11555,0.7464558639911371,7.296565715563787,9.890916012877245,1365.9795109508957,0.047570004104159534,0.01777158201797886,8.720647859508846e-11,COMPLETE
4352,0.07145,0.4258359004338453,6.943625321882633,2.2976288045564877,31.931388793600988,110.16646134717259,5.192615578479196,3.0092675819548274e-09,COMPLETE
4353,0.0844,0.4624169601992555,5.719667260978259,5.985269246461273,0.07261268023359602,0.8378170483846279,5.192615578479196,5.521087576123659e-10,COMPLETE
4354,0.0754,0.6544927696063843,2.6710217660989133,9.890916012877245,1365.9795109508957,4.006173959705789,79.0012086001498,2.234326522814866e-10,COMPLETE
4355,0.08885,0.6780596391176393,7.296565715563787,6.641926976422129,0.07261268023359602,110.16646134717259,2.606433764399818,8.720647859508846e-11,COMPLETE
4356,0.11845,0.8891667771474755,7.051402036894628,9.890916012877245,1365.9795109508957,0.047570004104159534,0.49106969850296894,2.234326522814866e-10,COMPLETE
4357,0.07815,0.6052091359130496,7.051402036894628,6.875144787901625,208.22607295194175,34.74982443918535,0.49106969850296894,5.521087576123659e-10,COMPLETE
4358,0.10855,0.7792764355070275,7.296565715563787,6.641926976422129,2661.553121751245,1.2594502646806938,17.543999742650467,8.720647859508846e-11,COMPLETE
4359,0.10015,0.8575108833898252,7.051402036894628,6.875144787901625,1365.9795109508957,0.1122669744411982,0.49106969850296894,1.4847420250811467e-14,COMPLETE
4360,0.0859,0.10885494832976228,7.051402036894628,8.612862071672874,208.22607295194175,173.55665130407718,0.010117774078155787,3.0092675819548274e-09,COMPLETE
4361,0.0985,0.7917261911695399,6.412755325404686,8.741900816624833,2484.344497646969,5.054984284069897,11.478928737247317,4.5389374712295294e-08,COMPLETE
4362,0.0867,0.5056430843349445,4.958426658725357,8.359124144204223,0.4634053899763641,1.5630282565660134,84.08333862127024,2.556898659242752e-09,COMPLETE
4363,0.0899,0.6816964086471667,7.296565715563787,6.641926976422129,0.4634053899763641,546.754814234046,58.16147091409274,8.09366847303588e-10,COMPLETE
4364,0.0712,0.514768692762434,6.019990742215804,2.2991799521485987,0.13345672067720832,1.301167894913182,0.0247605531247782,5.074140564976713e-08,COMPLETE
4365,0.07355,0.6523184162264118,5.719667260978259,3.2129222721782327,208.22607295194175,0.08755680934938086,0.49106969850296894,5.521087576123659e-10,COMPLETE
4366,0.13415,0.847452400928807,5.865596254145887,9.890916012877245,3090.9457533461396,0.047570004104159534,0.11060646004395691,3.407169759582504e-13,COMPLETE
4367,0.0794,0.6543860952329412,6.943625321882633,9.890916012877245,1365.9795109508957,18.312357725860384,57.482756199222024,1.621364679176634e-08,COMPLETE
4368,0.0691,0.348380307490129,4.958426658725357,1.7519510271087413,0.4634053899763641,186.9306125540257,3.6008094906658137,3.407169759582504e-13,COMPLETE
4369,0.12,0.7904056195261624,4.958426658725357,8.359124144204223,2484.344497646969,1.5630282565660134,11.478928737247317,5.432263014140687e-13,COMPLETE
4370,0.11555,0.524845460333254,6.943625321882633,1.0726049388472807,3090.9457533461396,0.06857317261521613,34.574222073764446,3.407169759582504e-13,COMPLETE
4371,0.1,0.6263737947230134,7.491453905458799,6.223646815956013,2661.553121751245,1.2594502646806938,0.02064721228168251,2.1811143402963018e-10,COMPLETE
4372,0.0725,0.40032569868165346,5.719667260978259,2.2991799521485987,2.2526238626393873,110.16646134717259,0.01777158201797886,5.432263014140687e-13,COMPLETE
4373,0.0638,0.029342287182081237,6.943625321882633,6.223646815956013,0.4634053899763641,1.2594502646806938,0.010117774078155787,0.0011278938476830377,COMPLETE
4374,0.06075,0.2584939240345646,6.019990742215804,1.2997368745646833,0.8098255298872874,0.1013397086496358,17.543999742650467,3.811801850956625e-07,COMPLETE
4375,0.07345,0.5718804020376619,5.719667260978259,6.875144787901625,1.8442663426239594,1.5630282565660134,3.6008094906658137,9.787752692175531e-12,COMPLETE
4376,0.1285,0.8042568889671222,6.943625321882633,9.890916012877245,3090.9457533461396,0.06857317261521613,68.68637664775686,3.407169759582504e-13,COMPLETE
4377,0.0874,0.6179227872098915,7.296565715563787,5.025210689448813,2.2526238626393873,44.45592115785204,3.6008094906658137,7.64597387460597e-09,COMPLETE
4378,0.07935,0.46353427276335324,7.051402036894628,6.223646815956013,0.07261268023359602,0.4878712301792302,17.543999742650467,8.564477591299451e-11,COMPLETE
4379,0.08175,0.5843722464373002,5.686980021608849,6.875144787901625,1365.9795109508957,34.74982443918535,0.49106969850296894,2.234326522814866e-10,COMPLETE
4380,0.05175,0.12106862418931892,7.487004607534404,1.0726049388472807,0.4634053899763641,186.9306125540257,0.010117774078155787,3.811801850956625e-07,COMPLETE
4381,0.07475,0.49464203234450443,7.491453905458799,1.0726049388472807,3761.068940572955,1.2594502646806938,17.543999742650467,3.0541645143911065e-11,COMPLETE
4382,0.08015,0.14158489778120364,5.989976616159035,6.686131862366932,1365.9795109508957,0.1183068643397547,0.49106969850296894,0.009471481762195026,COMPLETE
4383,0.09225,0.6496682777815314,7.41459285790513,9.890916012877245,0.4634053899763641,0.39080409335103344,0.010117774078155787,3.407169759582504e-13,COMPLETE
4384,0.09625,0.574624054497234,6.943625321882633,1.5495935315074323,3090.9457533461396,0.39080409335103344,0.764092524644605,1.6042119228850147e-05,COMPLETE
4385,0.09545,0.6926027989467792,7.491453905458799,6.875144787901625,123.52077947060401,4.006173959705789,0.764092524644605,3.407169759582504e-13,COMPLETE
4386,0.08355,0.5277910170004997,6.412755325404686,8.741900816624833,36.28836748443355,5.054984284069897,11.478928737247317,3.695710555403913e-13,COMPLETE
4387,0.03735,0.20050953009453876,6.943625321882633,1.0726049388472807,0.4634053899763641,0.08755680934938086,66.96633642643508,7.242135537625552e-11,COMPLETE
4388,0.05245,0.27242154385427453,3.0455122299916,1.7519510271087413,1.8442663426239594,5.054984284069897,5.192615578479196,1.621364679176634e-08,COMPLETE
4389,0.0863,0.5341888763407409,6.047690532673129,9.890916012877245,0.3474112486367053,0.00550514182485659,3.6008094906658137,1.9043961097477443e-12,COMPLETE
4390,0.0562,0.3473815987670033,6.019990742215804,1.2997368745646833,0.014162338396506723,186.9306125540257,0.0247605531247782,3.811801850956625e-07,COMPLETE
4391,0.09625,0.7479480177657536,6.412755325404686,8.741900816624833,2484.344497646969,5.054984284069897,17.543999742650467,4.5389374712295294e-08,COMPLETE
4392,0.10395,0.5470517729147648,7.296565715563787,6.641926976422129,2661.553121751245,1.2594502646806938,0.01777158201797886,3.0541645143911065e-11,COMPLETE
4393,0.1027,0.6753227400315169,5.553661359325831,6.875144787901625,208.22607295194175,0.1013397086496358,0.01777158201797886,3.787929895519139e-07,COMPLETE
4394,0.0549,0.06529029982228785,0.8010198493915979,1.0726049388472807,2484.344497646969,546.754814234046,0.010117774078155787,2.7704160598763897e-08,COMPLETE
4395,0.0768,0.6781238222525182,7.296565715563787,3.6027357429860456,2484.344497646969,5.054984284069897,11.478928737247317,4.7197666676124755e-09,COMPLETE
4396,0.04615,0.2753491214618455,7.051402036894628,1.2997368745646833,0.19811341146847147,2.467064269356907,1.2346590123053005,3.811801850956625e-07,COMPLETE
4397,0.10315,0.74334624772786,6.943625321882633,9.754000728724064,123.52077947060401,0.39080409335103344,0.764092524644605,3.407169759582504e-13,COMPLETE
4398,0.08085,0.5359843974045757,6.281035138213339,6.875144787901625,6.686048842450181,0.1013397086496358,59.2437895529571,3.811801850956625e-07,COMPLETE
4399,0.09235,0.648779817378086,6.351039989269435,6.223646815956013,12.412723646412944,107.59872434463156,34.574222073764446,3.0541645143911065e-11,COMPLETE
4400,0.0453,0.23203887395762762,6.019990742215804,1.2997368745646833,0.014162338396506723,1.2594502646806938,17.543999742650467,3.811801850956625e-07,COMPLETE
4401,0.05665,0.3143150751712948,6.943625321882633,1.0726049388472807,0.4634053899763641,110.16646134717259,2.606433764399818,7.242135537625552e-11,COMPLETE
4402,0.05845,0.41868670167292255,5.686980021608849,2.2991799521485987,0.016767417635497637,115.71255119018926,68.68637664775686,3.742991644475886e-07,COMPLETE
4403,0.072,0.37656408393600516,6.943625321882633,9.300994018612291,0.4634053899763641,546.754814234046,0.010117774078155787,3.0092675819548274e-09,COMPLETE
4404,0.0399,0.18477661110221355,6.943625321882633,1.0726049388472807,0.4634053899763641,0.06857317261521613,3.6008094906658137,7.242135537625552e-11,COMPLETE
4405,0.04875,0.2553654100853342,7.051402036894628,1.117484058064833,79.48862993175679,1.2594502646806938,8.213868348493142,3.0541645143911065e-11,COMPLETE
4406,0.0677,0.22423305710805544,5.553661359325831,1.0726049388472807,2.2526238626393873,0.08755680934938086,0.49106969850296894,5.521087576123659e-10,COMPLETE
4407,0.0506,0.06413961122615447,2.7041097840860377,1.0827374641031249,0.4634053899763641,546.754814234046,0.010117774078155787,3.0092675819548274e-09,COMPLETE
4408,0.0518,0.06987261286960036,6.943625321882633,1.8613876130867444,0.4634053899763641,34.74982443918535,0.010117774078155787,4.819620859627371e-05,COMPLETE
4409,0.08895,0.6514934359670468,6.412755325404686,6.875144787901625,2.0598523813930134,34.74982443918535,11.478928737247317,4.5389374712295294e-08,COMPLETE
4410,0.0642,0.5756182143266778,5.989976616159035,6.875144787901625,19.39451653550326,5.054984284069897,11.478928737247317,8.564477591299451e-11,COMPLETE
4411,0.0662,0.4926716622622939,5.719667260978259,2.8206304739816486,0.016767417635497637,110.16646134717259,27.471429810348134,4.5389374712295294e-08,COMPLETE
4412,0.05265,0.2637146581577933,7.296565715563787,1.0726049388472807,479.90339593532843,51.0531204742495,3.6008094906658137,8.720647859508846e-11,COMPLETE
4413,0.0954,0.7166357377101634,6.943625321882633,6.875144787901625,3090.9457533461396,4.006173959705789,0.6895245374832669,3.156500019334438e-07,COMPLETE
4414,0.0486,0.026028829940061723,6.943625321882633,3.2078672924690075,208.22607295194175,546.754814234046,0.010117774078155787,4.819620859627371e-05,COMPLETE
4415,0.079,0.5987136244326475,5.719667260978259,6.875144787901625,0.016767417635497637,34.74982443918535,0.01777158201797886,2.485601893789286e-07,COMPLETE
4416,0.08455,0.6289074158987661,2.1482390569692096,6.875144787901625,0.4634053899763641,14.681399638779428,3.6008094906658137,1.4803899682650718e-08,COMPLETE
4417,0.04885,0.2902339961098462,4.190327793516243,1.0726049388472807,1.8442663426239594,5.054984284069897,0.11392174867775326,1.694606245068702e-14,COMPLETE
4418,0.0743,0.5004012740701621,4.797597292147365,6.400794168331009,0.08945473663473028,4.006173959705789,8.213868348493142,8.564477591299451e-11,COMPLETE
4419,0.11425,0.8184111020283036,6.943625321882633,9.890916012877245,123.52077947060401,0.047570004104159534,3.6008094906658137,6.844680523801779e-14,COMPLETE
4420,0.09045,0.6417618855656305,7.051402036894628,6.875144787901625,123.52077947060401,4.006173959705789,0.764092524644605,5.521087576123659e-10,COMPLETE
4421,0.11255,0.81563763745137,6.019990742215804,9.890916012877245,3090.9457533461396,0.06857317261521613,12.549082694764847,3.407169759582504e-13,COMPLETE
4422,0.06365,0.30050322847948735,4.797597292147365,1.1508473174282217,1.8442663426239594,4.006173959705789,0.010117774078155787,3.407169759582504e-13,COMPLETE
4423,0.1164,0.7665250392913653,7.051402036894628,5.017228971631251,4329.3643956475735,0.06857317261521613,1.0857024010101808,5.521087576123659e-10,COMPLETE
4424,0.0782,0.834738765359427,6.943625321882633,9.890916012877245,123.52077947060401,0.06857317261521613,0.764092524644605,5.521087576123659e-10,COMPLETE
4425,0.094,0.6102375277914321,2.5280602105628662,7.8078637347278095,2661.553121751245,1.2594502646806938,17.543999742650467,3.0541645143911065e-11,COMPLETE
4426,0.12395,0.802383966723785,5.686980021608849,6.875144787901625,5566.2977925921405,1.5630282565660134,3.6008094906658137,2.1811143402963018e-10,COMPLETE
4427,0.0991,0.7203677944657783,2.90171269376787,9.890916012877245,208.22607295194175,0.08755680934938086,0.49106969850296894,2.234326522814866e-10,COMPLETE
4428,0.083,0.2506475247454354,6.019990742215804,3.786492049701135,0.6975592224319972,213.04745622818209,0.01777158201797886,8.720647859508846e-11,COMPLETE
4429,0.10285,0.872769022112309,7.051402036894628,9.890916012877245,1365.9795109508957,0.1183068643397547,0.49106969850296894,2.234326522814866e-10,COMPLETE
4430,0.08665,0.6415288619989151,4.184267991463899,8.741900816624833,0.4634053899763641,186.9306125540257,11.478928737247317,7.242135537625552e-11,COMPLETE
4431,0.10665,0.682771561160398,6.019990742215804,3.786492049701135,1365.9795109508957,0.047570004104159534,0.49106969850296894,3.0770251788588996e-11,COMPLETE
4432,0.0487,0.2782966902866593,4.797597292147365,1.7519510271087413,1.8442663426239594,34.74982443918535,68.68637664775686,3.407169759582504e-13,COMPLETE
4433,0.08545,0.47730458294556327,5.719667260978259,2.2991799521485987,852.0098667026236,0.4878712301792302,0.01777158201797886,1.821861441603418e-13,COMPLETE
4434,0.09645,0.5970274086864245,6.019990742215804,2.1719270048466814,123.52077947060401,0.017999598553897062,0.49106969850296894,1.9043961097477443e-12,COMPLETE
4435,0.05005,0.4447580499505104,7.491453905458799,1.029228808556646,1588.561058909169,1.5630282565660134,0.49106969850296894,3.0541645143911065e-11,COMPLETE
4436,0.0742,0.4767111270372005,4.958426658725357,3.070121969279675,3090.9457533461396,186.9306125540257,0.764092524644605,3.407169759582504e-13,COMPLETE
4437,0.1246,0.7525013495463696,7.051402036894628,6.875144787901625,4684.8077196438735,0.1183068643397547,68.68637664775686,2.1811143402963018e-10,COMPLETE
4438,0.04005,0.023637938318422265,4.958426658725357,1.0726049388472807,2.2526238626393873,546.754814234046,0.010117774078155787,4.819620859627371e-05,COMPLETE
4439,0.0656,0.07030168503032794,6.412755325404686,1.4939761494252524,208.22607295194175,5.054984284069897,0.01777158201797886,3.787929895519139e-07,COMPLETE
4440,0.0871,0.5099085092077231,7.051402036894628,7.8078637347278095,0.4284771633598006,0.06857317261521613,3.6008094906658137,2.234326522814866e-10,COMPLETE
4441,0.09835,0.6481697345332796,3.0455122299916,8.741900816624833,2484.344497646969,51.0531204742495,5.192615578479196,4.5389374712295294e-08,COMPLETE
4442,0.08495,0.650472775341666,6.351039989269435,7.8078637347278095,8.014994496103006,107.59872434463156,34.574222073764446,1.9043961097477443e-12,COMPLETE
4443,0.10525,0.6261246910648217,5.553661359325831,6.875144787901625,43.4020929550414,51.0531204742495,1.2587779006718056,5.521087576123659e-10,COMPLETE
4444,0.08975,0.4977528759451928,3.0745641039746934,8.741900816624833,1.8799684856587866,0.08755680934938086,11.478928737247317,5.521087576123659e-10,COMPLETE
4445,0.04425,0.057391640656705,7.491453905458799,1.0726049388472807,2661.553121751245,546.754814234046,0.010117774078155787,4.4109255185964947e-10,COMPLETE
4446,0.08125,0.483937328537139,7.051402036894628,6.641926976422129,0.6975592224319972,0.12480776742786713,18.928123947718714,2.234326522814866e-10,COMPLETE
4447,0.1049,0.8600358461854934,7.051402036894628,8.458997448208544,1365.9795109508957,0.047570004104159534,0.49106969850296894,9.823060677837954e-08,COMPLETE
4448,0.10775,0.4388216701992449,5.553661359325831,1.0726049388472807,2484.344497646969,0.005148501886829111,3.6008094906658137,4.5389374712295294e-08,COMPLETE
4449,0.0808,0.5885099395880907,6.019990742215804,8.359124144204223,0.014162338396506723,186.9306125540257,0.0247605531247782,3.0541645143911065e-11,COMPLETE
4450,0.08795,0.6220246734773431,3.7523591558107,5.362005019827082,5566.2977925921405,110.16646134717259,2.606433764399818,1.7411112824373338e-14,COMPLETE
4451,0.0917,0.6698209232280209,4.797597292147365,6.641926976422129,1.8442663426239594,0.12480776742786713,0.01777158201797886,8.720647859508846e-11,COMPLETE
4452,0.05565,0.24262255209895392,5.553661359325831,1.1836836669173842,0.016767417635497637,39.345424197227395,2.606433764399818,7.242135537625552e-11,COMPLETE
4453,0.09305,0.5928799755739115,3.982956090145,6.641926976422129,0.07261268023359602,0.06857317261521613,0.01777158201797886,1.9043961097477443e-12,COMPLETE
4454,0.10145,0.6598575396430656,5.686980021608849,4.280462956399293,7843.277665583187,3.858204027730059,59.2437895529571,4.331365543927414e-05,COMPLETE
4455,0.09525,0.6416442650792418,6.943625321882633,9.890916012877245,123.52077947060401,62.242337721935236,0.764092524644605,3.407169759582504e-13,COMPLETE
4456,0.05665,0.022468353034500097,4.958426658725357,8.359124144204223,1.8442663426239594,110.16646134717259,0.04724228817485067,0.0011009794698351142,COMPLETE
4457,0.0556,0.2529606803682755,3.0455122299916,1.0726049388472807,87.58424366854693,110.16646134717259,5.192615578479196,5.521087576123659e-10,COMPLETE
4458,0.1014,0.674579896826561,6.412755325404686,6.875144787901625,2484.344497646969,5.054984284069897,68.68637664775686,4.5389374712295294e-08,COMPLETE
4459,0.04755,0.24141835804147546,5.719667260978259,1.0726049388472807,1.8442663426239594,546.754814234046,0.04724228817485067,3.0092675819548274e-09,COMPLETE
4460,0.10075,0.7974787353243856,6.019990742215804,6.875144787901625,123.52077947060401,0.08755680934938086,0.49106969850296894,1.9043961097477443e-12,COMPLETE
4461,0.0593,0.23016051559512557,3.7523591558107,1.0726049388472807,451.97089336898057,4.006173959705789,0.764092524644605,3.407169759582504e-13,COMPLETE
4462,0.04375,0.3476786047799842,5.719667260978259,1.0726049388472807,1.8442663426239594,51.0531204742495,0.08760821671008018,9.787752692175531e-12,COMPLETE
4463,0.06395,0.5794525249473923,7.491453905458799,9.890916012877245,0.4634053899763641,0.047570004104159534,3.6008094906658137,4.374164210338606e-11,COMPLETE
4464,0.04015,0.02258143913200254,6.943625321882633,1.0726049388472807,3.9227007475742597,546.754814234046,0.010117774078155787,4.819620859627371e-05,COMPLETE
4465,0.0626,0.27376651066684693,6.943625321882633,1.2997368745646833,0.4634053899763641,0.027261335789961292,0.0247605531247782,3.0092675819548274e-09,COMPLETE
4466,0.089,0.7874229818212493,7.051402036894628,6.875144787901625,1365.9795109508957,2.436796621229964,0.49106969850296894,2.234326522814866e-10,COMPLETE
4467,0.06915,0.497142510220638,5.686980021608849,3.786492049701135,1.9562826277387932,3.858204027730059,12.549082694764847,2.1811143402963018e-10,COMPLETE
4468,0.1211,0.8571722204054218,7.296565715563787,9.890916012877245,1365.9795109508957,0.1183068643397547,0.49106969850296894,2.234326522814866e-10,COMPLETE
4469,0.0751,0.6543686168137743,7.491453905458799,6.875144787901625,0.4634053899763641,9.523702703539692,3.6008094906658137,4.819620859627371e-05,COMPLETE
4470,0.06075,0.7205348154124345,7.051402036894628,7.8078637347278095,0.3474112486367053,10.023385401310824,0.764092524644605,1.9043961097477443e-12,COMPLETE
4471,0.0706,0.6436033380014284,7.491453905458799,6.620169788246476,213.10151400007007,114.59883073770212,76.57127726580364,1.621364679176634e-08,COMPLETE
4472,0.0919,0.6449269746988715,5.553661359325831,8.359124144204223,2484.344497646969,186.9306125540257,11.478928737247317,3.0541645143911065e-11,COMPLETE
4473,0.0897,0.6486491408024955,4.958426658725357,8.359124144204223,2.2526238626393873,1.5630282565660134,0.43816960272837496,5.432263014140687e-13,COMPLETE
4474,0.06985,0.6918612691330852,7.491453905458799,6.875144787901625,123.52077947060401,4.006173959705789,0.764092524644605,3.407169759582504e-13,COMPLETE
4475,0.1208,0.7899345918419722,6.943625321882633,9.890916012877245,3090.9457533461396,0.39080409335103344,59.2437895529571,2.1811143402963018e-10,COMPLETE
4476,0.0838,0.5086382927527527,4.958426658725357,8.359124144204223,0.016767417635497637,110.16646134717259,0.018116798930008754,9.787752692175531e-12,COMPLETE
4477,0.10615,0.7100607512638705,7.051402036894628,9.890916012877245,2661.553121751245,1.2594502646806938,0.25104904653244464,2.234326522814866e-10,COMPLETE
4478,0.09025,0.11692984336365587,6.943625321882633,1.2997368745646833,4663.47415411454,5.054984284069897,0.0247605531247782,3.811801850956625e-07,COMPLETE
4479,0.1065,0.7072522068994077,7.296565715563787,9.818675533459475,12.412723646412944,0.12480776742786713,0.01777158201797886,3.0541645143911065e-11,COMPLETE
4480,0.06635,0.4571760031989169,5.686980021608849,2.5118580794078285,1.9562826277387932,0.0054211566242638185,3.6008094906658137,2.1811143402963018e-10,COMPLETE
4481,0.0675,0.49324067063136345,5.686980021608849,7.8078637347278095,0.3474112486367053,9.505759934036497,68.68637664775686,1.9043961097477443e-12,COMPLETE
4482,0.0688,0.6588966494226881,7.296565715563787,6.641926976422129,0.6975592224319972,0.4878712301792302,0.01777158201797886,1.0674016435675443e-12,COMPLETE
4483,0.03775,0.0311761654997667,6.943625321882633,1.0726049388472807,0.4634053899763641,546.754814234046,0.010117774078155787,4.819620859627371e-05,COMPLETE
4484,0.07345,0.3055227090999959,0.7672766432271432,2.537783693607811,0.016767417635497637,110.16646134717259,76.57127726580364,1.621364679176634e-08,COMPLETE
4485,0.08005,0.21933571666901347,7.051402036894628,6.875144787901625,0.2404103168964367,0.4878712301792302,17.543999742650467,0.00010813061662522279,COMPLETE
4486,0.0534,0.30922084661828037,7.296565715563787,1.5862515419860592,2.2526238626393873,0.06374321434701352,3.6008094906658137,8.720647859508846e-11,COMPLETE
4487,0.1018,0.7556343520458028,7.051402036894628,6.875144787901625,208.22607295194175,0.1122669744411982,0.027353636928197467,3.787929895519139e-07,COMPLETE
4488,0.0833,0.6501630779491334,6.019990742215804,3.786492049701135,123.52077947060401,0.06857317261521613,12.549082694764847,1.9043961097477443e-12,COMPLETE
4489,0.08815,0.11823583441319306,3.534763507739066,6.641926976422129,0.07261268023359602,0.12480776742786713,0.49106969850296894,0.0010555098567858285,COMPLETE
4490,0.06375,0.23418409421628936,4.812614441890751,2.2991799521485987,0.014162338396506723,0.006240967385133289,0.0247605531247782,3.811801850956625e-07,COMPLETE
4491,0.11165,0.6950826505906119,6.412755325404686,8.741900816624833,2484.344497646969,0.12480776742786713,0.01777158201797886,8.720647859508846e-11,COMPLETE
4492,0.07415,0.1459982884355298,7.491453905458799,6.875144787901625,1.881768004046213,4.006173959705789,0.764092524644605,0.0013894987097738943,COMPLETE
4493,0.0943,0.4786623160484027,0.9876058536647411,6.875144787901625,0.016767417635497637,110.16646134717259,0.11060646004395691,9.787752692175531e-12,COMPLETE
4494,0.0762,0.5497960086010072,6.019990742215804,4.783193109181188,0.014162338396506723,186.9306125540257,0.49106969850296894,3.811801850956625e-07,COMPLETE
4495,0.0898,0.791712541203029,7.051402036894628,6.875144787901625,123.52077947060401,0.06857317261521613,0.11060646004395691,1.7184088263567657e-09,COMPLETE
4496,0.0436,0.26838797515672574,6.943625321882633,1.0726049388472807,0.4634053899763641,30.666523463054645,0.010117774078155787,5.521087576123659e-10,COMPLETE
4497,0.0459,0.10561807020802302,5.719667260978259,1.2329865053985478,0.016767417635497637,110.16646134717259,0.01777158201797886,1.208888770103435e-05,COMPLETE
4498,0.08895,0.7192110978592303,7.051402036894628,6.875144787901625,43.4020929550414,0.08755680934938086,59.2437895529571,5.521087576123659e-10,COMPLETE
4499,0.0611,0.3059382224891742,5.553661359325831,1.0726049388472807,2484.344497646969,5.054984284069897,11.478928737247317,1.621364679176634e-08,COMPLETE
4500,0.0923,0.7525696356877597,7.051402036894628,6.875144787901625,15.21185901303978,0.06857317261521613,0.11060646004395691,5.521087576123659e-10,COMPLETE
4501,0.12505,0.839798057893684,7.491453905458799,6.875144787901625,1365.9795109508957,0.02529474750655389,0.1481250639946212,1.4847420250811467e-14,COMPLETE
4502,0.10155,0.7922707370326393,5.989976616159035,6.875144787901625,7843.277665583187,3.858204027730059,11.478928737247317,7.242135537625552e-11,COMPLETE
4503,0.09435,0.6326282107276404,5.553661359325831,5.180279328665364,0.014162338396506723,186.9306125540257,3.6008094906658137,3.811801850956625e-07,COMPLETE
4504,0.0916,0.4432923524022884,7.051402036894628,9.890916012877245,1365.9795109508957,0.047570004104159534,0.49106969850296894,2.3661405913892602e-05,COMPLETE
4505,0.05135,0.21876439811746368,5.719667260978259,1.0726049388472807,0.4634053899763641,0.1013397086496358,0.013009350200232424,3.787929895519139e-07,COMPLETE
4506,0.05285,0.24863861075154137,5.553661359325831,1.0726049388472807,2484.344497646969,107.59872434463156,34.574222073764446,3.0541645143911065e-11,COMPLETE
4507,0.04335,0.2265539296431982,3.0455122299916,1.0726049388472807,1.2364538538218608,51.0531204742495,5.192615578479196,7.242135537625552e-11,COMPLETE
4508,0.0874,0.6890559568708217,4.85718583353589,6.875144787901625,21.85632999933902,51.0531204742495,8.213868348493142,9.787752692175531e-12,COMPLETE
4509,0.08135,0.6458421121998462,7.051402036894628,6.875144787901625,0.014162338396506723,0.3467457342322367,0.11060646004395691,3.811801850956625e-07,COMPLETE
4510,0.05295,0.2719620599502019,5.719667260978259,1.0726049388472807,0.022456879645434632,110.16646134717259,0.04724228817485067,1.7411112824373338e-14,COMPLETE
4511,0.05555,0.2298934264901315,3.7523591558107,1.0726049388472807,0.4634053899763641,110.16646134717259,17.543999742650467,1.7411112824373338e-14,COMPLETE
4512,0.0629,0.2894651770186899,6.943625321882633,2.018997759001972,0.4634053899763641,546.754814234046,0.010117774078155787,8.454054876899742e-09,COMPLETE
4513,0.04685,0.20082835790110068,5.553661359325831,1.0726049388472807,0.07261268023359602,5.054984284069897,11.478928737247317,5.521087576123659e-10,COMPLETE
4514,0.08035,0.07507519406617576,5.719667260978259,8.741900816624833,2484.344497646969,5.054984284069897,0.04724228817485067,5.182664397935807e-12,COMPLETE
4515,0.036,0.23036105283313713,6.351039989269435,1.0726049388472807,0.4634053899763641,546.754814234046,0.010117774078155787,7.242135537625552e-11,COMPLETE
4516,0.0481,0.17714135193477162,3.0455122299916,1.0726049388472807,0.07261268023359602,0.1183068643397547,0.49106969850296894,5.521087576123659e-10,COMPLETE
4517,0.0742,0.04566958356744378,5.686980021608849,1.029228808556646,5566.2977925921405,34.74982443918535,0.11785987926249784,3.0541645143911065e-11,COMPLETE
4518,0.04475,0.29737378528951236,5.553661359325831,1.0726049388472807,2.2526238626393873,546.754814234046,3.6008094906658137,3.0092675819548274e-09,COMPLETE
4519,0.08135,0.7788554483713606,7.051402036894628,6.875144787901625,123.52077947060401,0.06857317261521613,0.01777158201797886,5.521087576123659e-10,COMPLETE
4520,0.1033,0.7140902753935056,4.517438757680782,6.875144787901625,123.52077947060401,0.06857317261521613,0.49106969850296894,1.4847420250811467e-14,COMPLETE
4521,0.0804,0.8197694804526502,7.491453905458799,6.240360399284202,2661.553121751245,1.2594502646806938,3.6008094906658137,4.072994270736077e-09,COMPLETE
4522,0.0837,0.6711086431414657,5.686980021608849,8.359124144204223,2.2526238626393873,531.4326134771194,3.6008094906658137,2.1811143402963018e-10,COMPLETE
4523,0.067,0.3820416886909269,7.491453905458799,1.0726049388472807,1098.8931208228646,1.5630282565660134,5.192615578479196,3.0541645143911065e-11,COMPLETE
4524,0.07315,0.6667614251091726,7.051402036894628,7.327239601434045,1.8442663426239594,126.94844472343655,0.764092524644605,1.9043961097477443e-12,COMPLETE
4525,0.1453,0.8034514483685748,6.943625321882633,8.497773143399806,1365.9795109508957,0.047570004104159534,0.49106969850296894,9.541180739683615e-11,COMPLETE
4526,0.092,0.5501507872314094,6.019990742215804,9.610738735085462,0.014162338396506723,186.9306125540257,0.0247605531247782,3.811801850956625e-07,COMPLETE
4527,0.0794,0.4080143212389083,0.4106955577633459,3.786492049701135,123.52077947060401,0.06857317261521613,12.549082694764847,5.432263014140687e-13,COMPLETE
4528,0.10605,0.0453118270717556,5.719667260978259,6.875144787901625,2484.344497646969,5.054984284069897,0.01777158201797886,3.787929895519139e-07,COMPLETE
4529,0.1284,0.7396399195183917,5.686980021608849,6.875144787901625,7843.277665583187,0.1122669744411982,11.833963683445466,1.4847420250811467e-14,COMPLETE
4530,0.0814,0.7182372333138717,7.051402036894628,7.8078637347278095,0.3474112486367053,0.0014775477588787672,5.192615578479196,1.9043961097477443e-12,COMPLETE
4531,0.05945,0.36697876310811495,4.812614441890751,2.2991799521485987,0.06258303605190015,0.06857317261521613,2.606433764399818,7.058427296292674e-12,COMPLETE
4532,0.09465,0.6035391163654088,6.943625321882633,1.808574602186646,1365.9795109508957,0.1183068643397547,0.49106969850296894,3.407169759582504e-13,COMPLETE
4533,0.1079,0.8055559319393726,5.0960460458919865,9.890916012877245,2558.5347186194226,0.1183068643397547,0.49106969850296894,2.1811143402963018e-10,COMPLETE
4534,0.0795,0.44317431516162453,7.051402036894628,1.0726049388472807,460.64865965037967,0.047570004104159534,0.010045535363380903,7.282184391178e-06,COMPLETE
4535,0.0671,0.4151559912373119,5.719667260978259,2.2991799521485987,0.016767417635497637,110.16646134717259,0.01777158201797886,7.242135537625552e-11,COMPLETE
4536,0.11145,0.7609317305961044,6.019990742215804,6.875144787901625,123.52077947060401,0.06857317261521613,0.22453899750317394,1.9043961097477443e-12,COMPLETE
4537,0.04945,0.3471633278854889,7.051402036894628,1.0726049388472807,43.4020929550414,87.73403628545881,0.49106969850296894,3.0092675819548274e-09,COMPLETE
4538,0.04305,0.3039057041111778,5.719667260978259,1.0726049388472807,0.07261268023359602,110.16646134717259,0.04724228817485067,9.787752692175531e-12,COMPLETE
4539,0.07055,0.4501240227085825,6.351039989269435,2.2926408160761294,12.412723646412944,0.1013397086496358,62.641030214733945,3.0541645143911065e-11,COMPLETE
4540,0.0737,0.40153029338810187,7.051402036894628,1.029228808556646,1588.561058909169,1.5630282565660134,0.49106969850296894,1.0922229665949619e-05,COMPLETE
4541,0.0905,0.6493470591122988,6.943625321882633,7.061307349250317,1.4421724643980234,546.754814234046,0.5591199285499105,1.621364679176634e-08,COMPLETE
4542,0.0725,0.565572289595369,7.296565715563787,7.8078637347278095,0.3474112486367053,0.06857317261521613,17.543999742650467,8.720647859508846e-11,COMPLETE
4543,0.0885,0.6342551082597075,4.812614441890751,6.875144787901625,0.8312044570547689,171.78934824554287,2.606433764399818,7.242135537625552e-11,COMPLETE
4544,0.10095,0.8367572655793638,4.655230518208244,9.890916012877245,1365.9795109508957,0.1183068643397547,0.49106969850296894,2.234326522814866e-10,COMPLETE
4545,0.10855,0.7557055800110404,2.9919369437736756,9.890916012877245,1365.9795109508957,0.047570004104159534,0.49106969850296894,8.564477591299451e-11,COMPLETE
4546,0.08265,0.747559009362083,5.553661359325831,6.875144787901625,2484.344497646969,3.858204027730059,11.478928737247317,4.5389374712295294e-08,COMPLETE
4547,0.07365,0.5507017634478886,4.797597292147365,6.875144787901625,0.019398183703193007,34.74982443918535,68.68637664775686,3.407169759582504e-13,COMPLETE
4548,0.0465,0.15388263690932222,0.3839547952201303,1.0726049388472807,0.07261268023359602,0.12480776742786713,0.14464565651113942,8.720647859508846e-11,COMPLETE
4549,0.10915,0.7846799456109589,7.051402036894628,9.890916012877245,1365.9795109508957,0.047570004104159534,0.010117774078155787,4.027199008412661e-11,COMPLETE
4550,0.1168,0.865210836000167,7.051402036894628,6.875144787901625,4409.126773678948,0.08755680934938086,0.49106969850296894,5.521087576123659e-10,COMPLETE
4551,0.09725,0.5735289068705967,5.686980021608849,2.2991799521485987,3.084909473001111,0.00164296951317145,68.68637664775686,8.720647859508846e-11,COMPLETE
4552,0.0835,0.12160667571770628,5.686980021608849,4.184926549660749,3570.318278639866,34.74982443918535,0.49106969850296894,2.081095645508335e-05,COMPLETE
4553,0.05025,0.2729832021107271,7.051402036894628,1.0726049388472807,0.4634053899763641,11.736959381932063,0.010117774078155787,3.0092675819548274e-09,COMPLETE
4554,0.05315,0.3229581456918194,5.989976616159035,1.7519510271087413,0.4790219505906723,5.054984284069897,76.57127726580364,1.621364679176634e-08,COMPLETE
4555,0.0471,0.32559957668703093,5.989976616159035,1.7519510271087413,1.8442663426239594,4.006173959705789,76.57127726580364,3.407169759582504e-13,COMPLETE
4556,0.0815,0.3048930471655336,0.8305997373636388,2.5118580794078285,13.732730049080677,3.858204027730059,59.2437895529571,4.5389374712295294e-08,COMPLETE
4557,0.08235,0.650470376574807,5.686980021608849,7.8078637347278095,1.9562826277387932,3.858204027730059,0.764092524644605,1.9043961097477443e-12,COMPLETE
4558,0.0701,0.48801477775839874,6.019990742215804,4.271733847309467,0.014162338396506723,186.9306125540257,0.0247605531247782,3.811801850956625e-07,COMPLETE
4559,0.0549,0.16845684271100575,5.553661359325831,1.0726049388472807,2.2526238626393873,538.4990262104196,0.010117774078155787,5.432263014140687e-13,COMPLETE
4560,0.09255,0.7668865381341822,5.686980021608849,8.741900816624833,5566.2977925921405,5.054984284069897,68.68637664775686,4.5389374712295294e-08,COMPLETE
4561,0.06065,0.20586708578858287,6.019990742215804,1.0726049388472807,1.8442663426239594,0.06857317261521613,44.75759534787291,1.9043961097477443e-12,COMPLETE
4562,0.0463,0.22985442634775086,6.019990742215804,1.0726049388472807,0.4634053899763641,0.08769760856296853,0.010117774078155787,3.0092675819548274e-09,COMPLETE
4563,0.06765,0.5381934864174581,5.686980021608849,6.875144787901625,2.0598523813930134,5.054984284069897,11.478928737247317,2.1811143402963018e-10,COMPLETE
4564,0.1047,0.529077226825286,6.351039989269435,1.7391932394447949,123.52077947060401,0.06857317261521613,12.549082694764847,3.0541645143911065e-11,COMPLETE
4565,0.0408,0.2530800135373137,6.019990742215804,1.0726049388472807,12.412723646412944,221.3673860335604,12.549082694764847,5.426264373213423e-12,COMPLETE
4566,0.06645,0.12031323185397043,7.491453905458799,2.2991799521485987,0.4634053899763641,1.5630282565660134,2.606433764399818,0.0014221987078029243,COMPLETE
4567,0.0932,0.6143201943772366,6.943625321882633,5.445317513641414,2.0598523813930134,34.74982443918535,0.010117774078155787,2.1811143402963018e-10,COMPLETE
4568,0.08,0.830789240932975,7.051402036894628,6.875144787901625,208.22607295194175,0.1122669744411982,0.49106969850296894,5.521087576123659e-10,COMPLETE
4569,0.10765,0.6307550252035664,1.9714863801936275,8.741900816624833,2484.344497646969,110.16646134717259,11.478928737247317,1.6971829756373558e-10,COMPLETE
4570,0.1073,0.8129672677761518,5.989976616159035,9.890916012877245,123.52077947060401,0.06857317261521613,0.764092524644605,7.242135537625552e-11,COMPLETE
4571,0.0962,0.16295880313589736,6.412755325404686,3.786492049701135,2484.344497646969,0.06857317261521613,12.549082694764847,0.0016345418055375984,COMPLETE
4572,0.0684,0.8145191635605631,7.051402036894628,9.890916012877245,1365.9795109508957,3.3682866376182563,5.192615578479196,1.3211332254113168e-05,COMPLETE
4573,0.1304,0.7973301042835358,5.719667260978259,9.890916012877245,1365.9795109508957,0.047570004104159534,0.04724228817485067,9.787752692175531e-12,COMPLETE
4574,0.0736,0.4855326755071742,7.051402036894628,6.875144787901625,2.2526238626393873,0.1122669744411982,0.8372153917404835,1.4847420250811467e-14,COMPLETE
4575,0.073,0.5745314648926758,4.958426658725357,3.783650513932911,77.8244268549123,1.5630282565660134,0.7588539253261725,5.432263014140687e-13,COMPLETE
4576,0.1373,0.7968368380573434,7.051402036894628,6.875144787901625,1365.9795109508957,0.06857317261521613,0.49106969850296894,5.521087576123659e-10,COMPLETE
4577,0.0894,0.6998237431556456,5.989976616159035,6.875144787901625,2484.344497646969,5.054984284069897,11.478928737247317,7.242135537625552e-11,COMPLETE
4578,0.08065,0.6741959490662854,7.051402036894628,8.741900816624833,0.2746182883074883,5.054984284069897,0.49106969850296894,5.521087576123659e-10,COMPLETE
4579,0.0962,0.7403030245555076,7.051402036894628,6.875144787901625,43.4020929550414,0.08755680934938086,0.49106969850296894,5.521087576123659e-10,COMPLETE
4580,0.08415,0.644805684983934,7.051402036894628,6.841550227877497,0.6982353112197273,0.10053837880228404,0.08760821671008018,8.564477591299451e-11,COMPLETE
4581,0.11055,0.7715814071512092,4.517828485422202,9.890916012877245,1365.9795109508957,1.880775125345474,0.764092524644605,2.234326522814866e-10,COMPLETE
4582,0.0478,0.2537600202173347,7.051402036894628,1.0726049388472807,0.3080551749002561,0.08755680934938086,0.010117774078155787,7.242135537625552e-11,COMPLETE
4583,0.0762,0.5236808249916619,7.051402036894628,2.2991799521485987,43.4020929550414,0.08755680934938086,2.606433764399818,7.242135537625552e-11,COMPLETE
4584,0.0682,0.3036389591390506,6.54634358159272,1.0726049388472807,3.9227007475742597,3.858204027730059,0.010117774078155787,2.1811143402963018e-10,COMPLETE
4585,0.08385,0.5475786454863446,6.019990742215804,3.786492049701135,0.014162338396506723,186.9306125540257,12.549082694764847,1.9043961097477443e-12,COMPLETE
4586,0.12845,0.8003321419793927,6.943625321882633,9.890916012877245,1365.9795109508957,0.047570004104159534,5.192615578479196,2.234326522814866e-10,COMPLETE
4587,0.04195,0.32638916816671276,7.051402036894628,1.0726049388472807,0.07261268023359602,110.16646134717259,0.49106969850296894,2.234326522814866e-10,COMPLETE
4588,0.07055,0.42900577402468326,6.943625321882633,2.2991799521485987,0.4634053899763641,110.16646134717259,5.192615578479196,9.787752692175531e-12,COMPLETE
4589,0.10375,0.6711621551945061,7.051402036894628,3.43106801180018,208.22607295194175,0.08755680934938086,0.01777158201797886,5.521087576123659e-10,COMPLETE
4590,0.0491,0.28805411718523394,5.313082312359661,1.7519510271087413,1.8442663426239594,4.006173959705789,76.57127726580364,3.407169759582504e-13,COMPLETE
4591,0.11475,0.6756726432609196,4.1434003284005705,6.641926976422129,2661.553121751245,5.054984284069897,11.478928737247317,8.720647859508846e-11,COMPLETE
4592,0.0684,0.6785926952683781,7.296565715563787,6.641926976422129,0.6975592224319972,0.12480776742786713,0.07088291265735581,5.209003662322073e-11,COMPLETE
4593,0.07715,0.5739455101648511,7.296565715563787,7.365896567511892,2.2526238626393873,1.2594502646806938,17.543999742650467,5.432263014140687e-13,COMPLETE
4594,0.07945,0.6555618685067924,5.555869629198394,6.240360399284202,2661.553121751245,3.858204027730059,59.2437895529571,4.072994270736077e-09,COMPLETE
4595,0.0779,0.4827327038815496,6.255365596356223,1.0726049388472807,6973.176893295061,1.5630282565660134,34.574222073764446,3.0541645143911065e-11,COMPLETE
4596,0.06175,0.28736089462697983,6.943625321882633,1.0726049388472807,0.4634053899763641,546.754814234046,12.549082694764847,7.242135537625552e-11,COMPLETE
4597,0.06305,0.3772993753149515,6.943625321882633,1.96507456784411,0.4634053899763641,0.1013397086496358,0.010117774078155787,3.787929895519139e-07,COMPLETE
4598,0.09025,0.4832538243435576,1.894667447661958,6.875144787901625,1.8442663426239594,5.054984284069897,3.6008094906658137,3.0541645143911065e-11,COMPLETE
4599,0.0494,0.30677111970995513,5.989976616159035,1.7519510271087413,1.8442663426239594,34.74982443918535,68.68637664775686,2.1811143402963018e-10,COMPLETE
4600,0.1282,0.8592623231923462,6.943625321882633,9.890916012877245,1365.9795109508957,0.047570004104159534,0.49106969850296894,2.234326522814866e-10,COMPLETE
4601,0.055,0.45780818380258487,7.491453905458799,3.9432997616514096,0.3474112486367053,1.2594502646806938,3.6008094906658137,1.9043961097477443e-12,COMPLETE
4602,0.06235,0.28778066150284587,7.051402036894628,1.0726049388472807,123.52077947060401,0.5816859705880667,34.574222073764446,3.0541645143911065e-11,COMPLETE
4603,0.11715,0.7818616639901226,5.686980021608849,9.890916012877245,5566.2977925921405,0.7682452820153245,0.764092524644605,5.521087576123659e-10,COMPLETE
4604,0.04135,0.02120191907373493,6.943625321882633,1.0726049388472807,23.893635686950056,546.754814234046,0.010117774078155787,4.819620859627371e-05,COMPLETE
4605,0.08015,0.7624248298130674,7.051402036894628,8.741900816624833,2484.344497646969,5.054984284069897,11.478928737247317,5.521087576123659e-10,COMPLETE
4606,0.09875,0.6883388299101594,7.296565715563787,6.641926976422129,2661.553121751245,5.054984284069897,17.543999742650467,1.621364679176634e-08,COMPLETE
4607,0.05985,0.2671583675108091,7.491453905458799,1.0726049388472807,1.8442663426239594,1.2594502646806938,0.04724228817485067,9.787752692175531e-12,COMPLETE
4608,0.0762,0.48752745982302387,5.989976616159035,2.2991799521485987,2484.344497646969,110.16646134717259,11.478928737247317,7.242135537625552e-11,COMPLETE
4609,0.0461,0.32882213222391676,6.943625321882633,1.0726049388472807,0.17838921090240656,546.754814234046,5.192615578479196,4.819620859627371e-05,COMPLETE
4610,0.1007,0.8777879421929069,7.051402036894628,9.890916012877245,1365.9795109508957,0.1183068643397547,0.49106969850296894,2.234326522814866e-10,COMPLETE
4611,0.0399,0.1440750954372749,3.785260097488497,1.0726049388472807,0.4634053899763641,546.754814234046,0.010117774078155787,7.242135537625552e-11,COMPLETE
4612,0.0533,0.34051534003083683,5.989976616159035,1.7519510271087413,0.32703070777516435,110.16646134717259,76.57127726580364,9.787752692175531e-12,COMPLETE
4613,0.09475,0.8457305062992838,6.019990742215804,8.458997448208544,1365.9795109508957,0.06857317261521613,0.49106969850296894,1.9043961097477443e-12,COMPLETE
4614,0.0647,0.7092646569779534,7.296565715563787,6.875144787901625,43.4020929550414,1.2594502646806938,0.49106969850296894,8.720647859508846e-11,COMPLETE
4615,0.08945,0.4977152544542057,5.719667260978259,1.0726049388472807,485.7614074231987,0.1122669744411982,0.04724228817485067,9.787752692175531e-12,COMPLETE
4616,0.04685,0.018743591922639066,6.351039989269435,1.0726049388472807,0.4634053899763641,546.754814234046,0.010117774078155787,8.556671413555337e-05,COMPLETE
4617,0.11765,0.75669687309422,7.491453905458799,6.058034082073051,2661.553121751245,1.2594502646806938,17.543999742650467,3.0541645143911065e-11,COMPLETE
4618,0.07815,0.751649587630353,5.989976616159035,6.240360399284202,2661.553121751245,1.2594502646806938,76.57127726580364,3.2375353670675824e-12,COMPLETE
4619,0.04785,0.2816072418750836,6.351039989269435,1.0726049388472807,12.412723646412944,0.08755680934938086,34.574222073764446,5.521087576123659e-10,COMPLETE
4620,0.0648,0.39781815986084684,5.719667260978259,2.02308533621044,0.016767417635497637,110.16646134717259,0.764092524644605,9.787752692175531e-12,COMPLETE
4621,0.09155,0.38655734337272085,7.051402036894628,4.2773648492902385,1365.9795109508957,546.754814234046,0.49106969850296894,2.234326522814866e-10,COMPLETE
4622,0.08475,0.3397725926619385,7.296565715563787,6.641926976422129,0.4634053899763641,546.754814234046,0.010117774078155787,2.556898659242752e-09,COMPLETE
4623,0.0557,0.22546586947488723,5.686980021608849,1.5099853367216358,1.8442663426239594,5.054984284069897,76.57127726580364,4.331365543927414e-05,COMPLETE
4624,0.07835,0.5558782539030455,7.051402036894628,1.2355315983433468,1365.9795109508957,0.30842915391835135,0.49106969850296894,1.4847420250811467e-14,COMPLETE
4625,0.0754,0.5441435460901973,5.686980021608849,6.875144787901625,1.2085360484967678,34.74982443918535,68.68637664775686,8.720647859508846e-11,COMPLETE
4626,0.07705,0.5438944930965713,6.019990742215804,1.2997368745646833,1365.9795109508957,0.1122669744411982,0.0247605531247782,3.811801850956625e-07,COMPLETE
4627,0.06035,0.24243305457675052,2.2047765418107335,1.0726049388472807,0.4634053899763641,546.754814234046,0.49106969850296894,4.819620859627371e-05,COMPLETE
4628,0.05095,0.25817418391508873,7.051402036894628,1.0726049388472807,0.4634053899763641,0.003803046474241014,0.08099162080014817,3.0092675819548274e-09,COMPLETE
4629,0.06965,0.32753868587386503,3.7126819784803535,1.2997368745646833,2.0598523813930134,186.9306125540257,0.0247605531247782,3.811801850956625e-07,COMPLETE
4630,0.08135,0.5266150545897696,5.553661359325831,3.7929793671283507,2484.344497646969,51.0531204742495,11.478928737247317,4.5389374712295294e-08,COMPLETE
4631,0.04415,0.19325318754610535,5.719667260978259,1.0726049388472807,1.8442663426239594,546.754814234046,0.04724228817485067,9.787752692175531e-12,COMPLETE
4632,0.08995,0.11416160330914078,2.8402147664959614,8.741900816624833,2484.344497646969,0.06857317261521613,12.549082694764847,0.0006444535464171395,COMPLETE
4633,0.081,0.13050550847910164,5.553661359325831,1.0726049388472807,0.6975592224319972,0.12480776742786713,3.6008094906658137,0.0009439709751727814,COMPLETE
4634,0.0482,0.2545630516706704,5.553661359325831,1.0726049388472807,0.03570703885763201,51.0531204742495,3.6008094906658137,8.843679285832121e-12,COMPLETE
4635,0.0661,0.3252080733467039,5.719667260978259,2.2991799521485987,0.016767417635497637,110.16646134717259,0.01777158201797886,9.787752692175531e-12,COMPLETE
4636,0.08415,0.5771084563727905,7.296565715563787,6.641926976422129,144.06079779337645,1.2594502646806938,34.574222073764446,8.720647859508846e-11,COMPLETE
4637,0.0844,0.6510718967157473,4.797597292147365,7.8078637347278095,13.311255644141665,10.023385401310824,0.764092524644605,1.9043961097477443e-12,COMPLETE
4638,0.0907,0.5574561039893792,3.697800912566472,6.875144787901625,0.016767417635497637,34.74982443918535,0.018404308463128866,7.242135537625552e-11,COMPLETE
4639,0.0738,0.7614828403797268,7.051402036894628,6.875144787901625,43.4020929550414,0.08755680934938086,0.49106969850296894,5.262936443851837e-14,COMPLETE
4640,0.07425,0.07556325787246196,0.8552356701177339,1.0726049388472807,0.4634053899763641,0.047570004104159534,0.010117774078155787,4.819620859627371e-05,COMPLETE
4641,0.06335,0.29854137270750497,7.114358365128398,1.0726049388472807,0.4634053899763641,546.754814234046,3.6008094906658137,3.0092675819548274e-09,COMPLETE
4642,0.1051,0.7432971764617744,5.719667260978259,3.9246220219708197,123.52077947060401,0.06857317261521613,0.08760821671008018,1.8862041377795294e-09,COMPLETE
4643,0.09525,0.5035505394508959,4.812614441890751,6.641926976422129,0.016767417635497637,1.2594502646806938,2.606433764399818,5.4199757198917384e-08,COMPLETE
4644,0.0545,0.20268345806304724,4.797597292147365,1.0726049388472807,1.8442663426239594,4.006173959705789,0.764092524644605,3.407169759582504e-13,COMPLETE
4645,0.09235,0.6438401609091793,6.351039989269435,9.890916012877245,12.412723646412944,107.59872434463156,1.9597329366549396,3.0541645143911065e-11,COMPLETE
4646,0.069,0.4927108793894335,6.019990742215804,3.786492049701135,123.52077947060401,1.2594502646806938,17.543999742650467,8.000833624191762e-06,COMPLETE
4647,0.06525,0.3309237972246437,7.051402036894628,1.0726049388472807,0.046174633023985556,51.0531204742495,0.49106969850296894,5.432263014140687e-13,COMPLETE
4648,0.1182,0.7978729015674538,7.051402036894628,7.8078637347278095,1365.9795109508957,0.047570004104159534,0.764092524644605,1.9043961097477443e-12,COMPLETE
4649,0.0688,0.06850571425264004,7.296565715563787,1.0726049388472807,0.020256137249893804,0.12480776742786713,0.010117774078155787,0.00025725125435396547,COMPLETE
4650,0.0612,0.5518535485459027,7.051402036894628,6.641926976422129,0.6975592224319972,0.08755680934938086,0.49106969850296894,5.521087576123659e-10,COMPLETE
4651,0.08405,0.5688070353854907,7.296565715563787,6.641926976422129,0.4634053899763641,546.754814234046,0.010117774078155787,2.556898659242752e-09,COMPLETE
4652,0.0678,0.29821139623452914,2.0000957431049575,1.0726049388472807,2.2526238626393873,546.754814234046,5.192615578479196,9.667836921724016e-07,COMPLETE
4653,0.07305,0.02340966412695268,7.491453905458799,8.741900816624833,2661.553121751245,5.054984284069897,0.013459263082459589,3.838878249869022e-14,COMPLETE
4654,0.14825,0.8100017607978145,7.051402036894628,9.890916012877245,1365.9795109508957,0.047570004104159534,0.49106969850296894,2.234326522814866e-10,COMPLETE
4655,0.05535,0.25078546044584604,6.943625321882633,1.0726049388472807,0.4634053899763641,546.754814234046,93.12030781471864,7.242135537625552e-11,COMPLETE
4656,0.13635,0.8162513088278687,7.051402036894628,9.836134702495038,1365.9795109508957,0.047570004104159534,0.49106969850296894,5.521087576123659e-10,COMPLETE
4657,0.0619,0.36458565934673365,6.351039989269435,2.2991799521485987,0.016767417635497637,110.16646134717259,0.01777158201797886,7.242135537625552e-11,COMPLETE
4658,0.07135,0.35099531897017217,4.797597292147365,1.7519510271087413,163.73255774818753,4.006173959705789,0.764092524644605,3.407169759582504e-13,COMPLETE
4659,0.06695,0.4748424566273984,6.07822343119631,2.2991799521485987,0.016767417635497637,115.71255119018926,2.606433764399818,1.9043961097477443e-12,COMPLETE
4660,0.1009,0.5626229004863854,0.5254815834984184,6.641926976422129,2484.344497646969,0.012198281853505777,0.010117774078155787,2.556898659242752e-09,COMPLETE
4661,0.0689,0.7113470993922408,7.296565715563787,6.875144787901625,43.4020929550414,1.2594502646806938,0.49106969850296894,8.720647859508846e-11,COMPLETE
4662,0.0722,0.056418292733905695,7.051402036894628,1.7519510271087413,1365.9795109508957,4.006173959705789,0.01086622304104927,2.4252152999280014e-14,COMPLETE
4663,0.0789,0.5809216215385784,5.286123174522021,7.8078637347278095,0.016767417635497637,0.06857317261521613,3.6008094906658137,1.9468687164673652e-10,COMPLETE
4664,0.09845,0.6239496522100747,5.553661359325831,9.890916012877245,1365.9795109508957,9.502541405075533,0.49106969850296894,4.5389374712295294e-08,COMPLETE
4665,0.0785,0.09549873604256444,5.686980021608849,1.2997368745646833,7843.277665583187,17.98706010590754,0.0247605531247782,3.811801850956625e-07,COMPLETE
4666,0.089,0.47088200791671686,6.943625321882633,6.875144787901625,0.4634053899763641,10.089868272492492,0.01777158201797886,3.787929895519139e-07,COMPLETE
4667,0.0619,0.17122049530531258,1.276663508060981,1.0726049388472807,0.014162338396506723,186.9306125540257,0.0247605531247782,3.811801850956625e-07,COMPLETE
4668,0.0667,0.09430861550941282,7.051402036894628,9.890916012877245,1365.9795109508957,110.16646134717259,0.04192975988609492,2.234326522814866e-10,COMPLETE
4669,0.07805,0.5541710937814094,7.051402036894628,8.458997448208544,0.07261268023359602,0.4878712301792302,8.213868348493142,8.564477591299451e-11,COMPLETE
4670,0.11695,0.7287769019934172,5.719667260978259,6.641926976422129,369.6009902600085,0.1013397086496358,0.010117774078155787,1.3404839830361645e-12,COMPLETE
4671,0.07615,0.4681917059858645,5.719667260978259,2.2991799521485987,0.016767417635497637,51.0531204742495,0.01777158201797886,9.787752692175531e-12,COMPLETE
4672,0.06235,0.3708252890609695,6.351039989269435,2.1868204717261173,12.412723646412944,107.59872434463156,34.574222073764446,3.0541645143911065e-11,COMPLETE
4673,0.0815,0.042485490131000066,6.049898760634285,9.890916012877245,1365.9795109508957,546.754814234046,0.010117774078155787,2.234326522814866e-10,COMPLETE
4674,0.0531,0.3430664980627805,6.351039989269435,1.0726049388472807,208.22607295194175,546.754814234046,0.49106969850296894,5.521087576123659e-10,COMPLETE
4675,0.10835,0.8246299545324178,7.491453905458799,8.890006462791709,2661.553121751245,0.047570004104159534,3.6008094906658137,4.072994270736077e-09,COMPLETE
4676,0.0937,0.7713033073517102,5.553661359325831,6.875144787901625,2484.344497646969,1.5630282565660134,11.478928737247317,4.5389374712295294e-08,COMPLETE
4677,0.04785,0.2433879979287049,5.719667260978259,1.0726049388472807,104.88342864713962,110.16646134717259,0.04724228817485067,9.787752692175531e-12,COMPLETE
4678,0.04915,0.30285943547744804,6.351039989269435,1.0726049388472807,12.412723646412944,51.0531204742495,0.08760821671008018,3.0541645143911065e-11,COMPLETE
4679,0.05655,0.18204523606486622,6.351039989269435,1.0726049388472807,0.3474112486367053,0.02150438567788419,1.0946179045371487,1.9043961097477443e-12,COMPLETE
4680,0.0559,0.31752449979465597,3.6668136490101393,1.0726049388472807,0.4634053899763641,1.2594502646806938,0.010117774078155787,7.242135537625552e-11,COMPLETE
4681,0.10275,0.6968848027843535,7.051402036894628,8.741900816624833,2484.344497646969,5.054984284069897,0.49106969850296894,4.5389374712295294e-08,COMPLETE
4682,0.0925,0.2877859832623612,0.6905188571842302,6.240360399284202,2661.553121751245,1.2594502646806938,3.6008094906658137,4.819620859627371e-05,COMPLETE
4683,0.1124,0.7902963568456872,6.943625321882633,9.890916012877245,123.52077947060401,0.1183068643397547,0.505415952086693,2.234326522814866e-10,COMPLETE
4684,0.03805,0.2043542716221936,6.351039989269435,1.0726049388472807,12.412723646412944,107.59872434463156,34.574222073764446,3.0541645143911065e-11,COMPLETE
4685,0.0589,0.3963804175223283,4.812614441890751,2.2991799521485987,0.016767417635497637,1.2594502646806938,2.606433764399818,8.720647859508846e-11,COMPLETE
4686,0.0598,0.31923059155524686,7.491453905458799,1.0726049388472807,0.4634053899763641,546.754814234046,3.6008094906658137,0.000450207423895967,COMPLETE
4687,0.08675,0.17244200133750207,6.943625321882633,7.8078637347278095,0.3474112486367053,0.06857317261521613,0.2020890647253902,4.819620859627371e-05,COMPLETE
4688,0.07065,0.6763561551732651,6.019990742215804,3.587497389124168,2095.064439264595,0.06857317261521613,0.010117774078155787,1.9043961097477443e-12,COMPLETE
4689,0.06425,0.27930317234535107,5.9981863089183305,1.0726049388472807,3.9227007475742597,1.2594502646806938,0.010117774078155787,1.7411112824373338e-14,COMPLETE
4690,0.13485,0.7408773871211521,5.989976616159035,7.410474567665492,1365.9795109508957,0.047570004104159534,11.478928737247317,2.234326522814866e-10,COMPLETE
4691,0.1155,0.8598876625113122,7.051402036894628,9.890916012877245,1365.9795109508957,0.1183068643397547,0.49106969850296894,2.234326522814866e-10,COMPLETE
4692,0.0678,0.4993192456344646,4.812614441890751,2.2991799521485987,0.016767417635497637,115.71255119018926,2.606433764399818,1.2810802689424157e-14,COMPLETE
4693,0.08285,0.638893621150031,4.812614441890751,6.875144787901625,43.4020929550414,115.71255119018926,0.49106969850296894,5.812214841787119e-10,COMPLETE
4694,0.07785,0.42387635631841575,4.812614441890751,2.2991799521485987,893.2611794618655,115.71255119018926,2.606433764399818,7.242135537625552e-11,COMPLETE
4695,0.08125,0.683065610633441,7.051402036894628,6.240511256624477,43.4020929550414,1.2594502646806938,0.49106969850296894,2.234326522814866e-10,COMPLETE
4696,0.08635,0.5324809600420415,7.051402036894628,3.786492049701135,123.52077947060401,514.5975825596256,0.49106969850296894,5.521087576123659e-10,COMPLETE
4697,0.06285,0.5266518965456847,7.051402036894628,6.875144787901625,7.162610335013471,0.4878712301792302,34.574222073764446,3.0541645143911065e-11,COMPLETE
4698,0.08505,0.6853311068636375,7.051402036894628,9.890916012877245,0.07261268023359602,15.641676836295588,0.49106969850296894,5.521087576123659e-10,COMPLETE
4699,0.09705,0.6592616275907175,7.051402036894628,6.641926976422129,1365.9795109508957,9.164486831979373,0.49106969850296894,8.720647859508846e-11,COMPLETE
4700,0.08815,0.6411186527265962,4.3500765050397625,9.890916012877245,1365.9795109508957,34.74982443918535,0.49106969850296894,2.234326522814866e-10,COMPLETE
4701,0.07415,0.6720889276996787,5.686980021608849,6.875144787901625,43.4020929550414,34.74982443918535,0.49106969850296894,2.1811143402963018e-10,COMPLETE
4702,0.1003,0.040690776097942555,5.989976616159035,8.741900816624833,2484.344497646969,110.16646134717259,0.01777158201797886,7.242135537625552e-11,COMPLETE
4703,0.06185,0.35144104270815196,5.553661359325831,1.0726049388472807,208.22607295194175,51.0531204742495,0.49106969850296894,5.432263014140687e-13,COMPLETE
4704,0.03265,0.2571446846943995,6.943625321882633,1.0726049388472807,12.412723646412944,107.59872434463156,0.010117774078155787,1.0541219629001365e-07,COMPLETE
4705,0.0869,0.6253768729971418,3.866507616801316,8.741900816624833,2484.344497646969,107.59872434463156,34.574222073764446,3.0541645143911065e-11,COMPLETE
4706,0.0772,0.6501215675338321,7.296565715563787,3.786492049701135,123.52077947060401,1.2594502646806938,0.49189293988114646,1.9043961097477443e-12,COMPLETE
4707,0.073,0.5453640761960794,7.051402036894628,9.890916012877245,0.016767417635497637,0.047570004104159534,0.49106969850296894,2.234326522814866e-10,COMPLETE
4708,0.0585,0.47945141810852737,6.019990742215804,3.786492049701135,123.52077947060401,3.858204027730059,12.549082694764847,4.992360926072699e-07,COMPLETE
4709,0.03585,0.1912302257829686,7.267032018245925,1.0726049388472807,3.9227007475742597,51.0531204742495,0.010117774078155787,1.7411112824373338e-14,COMPLETE
4710,0.1079,0.7396993300984231,7.296565715563787,3.786492049701135,957.6830702454131,0.06857317261521613,0.034149350003532065,8.720647859508846e-11,COMPLETE
4711,0.07085,0.5697415802561749,6.019990742215804,3.786492049701135,351.14561551274767,1.2594502646806938,3.6008094906658137,1.9043961097477443e-12,COMPLETE
4712,0.0917,0.6480503322977518,3.777191650967886,9.890916012877245,2.9132487032459102,5.054984284069897,0.49106969850296894,2.234326522814866e-10,COMPLETE
4713,0.06385,0.17740467558407255,4.46422476222163,1.0726049388472807,0.4634053899763641,1.2594502646806938,17.543999742650467,4.819620859627371e-05,COMPLETE
4714,0.0845,0.6016221740896933,7.296565715563787,6.875144787901625,43.4020929550414,34.74982443918535,68.68637664775686,2.1811143402963018e-10,COMPLETE
4715,0.08965,0.7964349215443788,7.051402036894628,8.458997448208544,208.22607295194175,0.08755680934938086,0.49106969850296894,2.234326522814866e-10,COMPLETE
4716,0.0807,0.4552111842949618,5.816138990019176,1.0726049388472807,208.22607295194175,0.08755680934938086,0.04724228817485067,5.521087576123659e-10,COMPLETE
4717,0.1024,0.4530774335523722,5.553661359325831,1.2997368745646833,93.96174005243807,0.001844711734094924,11.478928737247317,4.5389374712295294e-08,COMPLETE
4718,0.0678,0.40255137134286223,7.296565715563787,2.2991799521485987,43.4020929550414,115.71255119018926,0.06372851622492412,7.242135537625552e-11,COMPLETE
4719,0.0485,0.29072639530981076,5.686980021608849,1.0726049388472807,0.4634053899763641,110.16646134717259,4.772746656341574,1.7411112824373338e-14,COMPLETE
4720,0.13715,0.8492216645753082,6.019990742215804,8.458997448208544,1365.9795109508957,0.06857317261521613,0.49106969850296894,1.9043961097477443e-12,COMPLETE
4721,0.09175,0.7511921959625464,5.553661359325831,8.741900816624833,2484.344497646969,5.054984284069897,11.478928737247317,4.5389374712295294e-08,COMPLETE
4722,0.05555,0.3034927185976527,5.719667260978259,1.0726049388472807,1.8442663426239594,51.0531204742495,0.08760821671008018,7.43796468245668e-08,COMPLETE
4723,0.09055,0.45618301195034955,0.48543478277539953,8.741900816624833,1.9562826277387932,3.858204027730059,11.478928737247317,7.242135537625552e-11,COMPLETE
4724,0.13465,0.743015754806507,7.051402036894628,6.875144787901625,1365.9795109508957,0.047570004104159534,0.49106969850296894,2.234326522814866e-10,COMPLETE
4725,0.11685,0.5762266315533053,7.051402036894628,2.166619744024107,1365.9795109508957,0.1183068643397547,0.018309114436317442,1.5489222988030206e-13,COMPLETE
4726,0.0805,0.6011332331885918,5.686980021608849,6.875144787901625,2.0598523813930134,34.74982443918535,68.68637664775686,2.1811143402963018e-10,COMPLETE
4727,0.04595,0.23009127119681466,6.351039989269435,1.0726049388472807,12.412723646412944,107.59872434463156,34.574222073764446,8.164909152341166e-11,COMPLETE
4728,0.08655,0.4259226092415922,2.460543347416021,2.2991799521485987,1365.9795109508957,88.11379589597144,0.49106969850296894,1.2009850423170551e-08,COMPLETE
4729,0.07365,0.47291908283157036,4.958426658725357,3.9432997616514096,2.2526238626393873,1.5630282565660134,3.6008094906658137,1.9043961097477443e-12,COMPLETE
4730,0.0526,0.2039450120707649,5.686980021608849,1.0726049388472807,0.4634053899763641,546.754814234046,68.68637664775686,2.1811143402963018e-10,COMPLETE
4731,0.05265,0.026136721008444424,6.943625321882633,1.0726049388472807,3515.595143536467,51.0531204742495,0.010117774078155787,5.743560765641662e-09,COMPLETE
4732,0.05625,0.3005562816708231,6.019990742215804,1.2997368745646833,12.412723646412944,186.9306125540257,0.0247605531247782,3.811801850956625e-07,COMPLETE
4733,0.102,0.7940169047775073,7.491453905458799,6.223646815956013,2661.553121751245,1.2594502646806938,17.543999742650467,3.0541645143911065e-11,COMPLETE
4734,0.10755,0.8266820410352113,7.296565715563787,8.458997448208544,1365.9795109508957,0.047570004104159534,22.38384219036578,2.234326522814866e-10,COMPLETE
4735,0.09525,0.453137136884017,7.296565715563787,1.0726049388472807,2661.553121751245,1.2594502646806938,17.543999742650467,4.819620859627371e-05,COMPLETE
4736,0.1018,0.39633359827525216,0.7035178046942754,2.116510094546171,0.4634053899763641,1.334235569270014,0.010117774078155787,1.0957197945874033e-14,COMPLETE
4737,0.0599,0.43837053631631506,5.686980021608849,2.5118580794078285,1.9562826277387932,34.74982443918535,3.9943838671083256,8.720647859508846e-11,COMPLETE
4738,0.084,0.16613309852113387,6.943625321882633,8.914168288789424,0.4634053899763641,0.0014615405573370718,0.010117774078155787,4.819620859627371e-05,COMPLETE
4739,0.06825,0.2308617431789089,5.719667260978259,1.0726049388472807,3.9227007475742597,0.1013397086496358,0.010117774078155787,3.787929895519139e-07,COMPLETE
4740,0.0759,0.3859565242407309,5.232749027329155,2.2991799521485987,3.9227007475742597,115.71255119018926,0.010117774078155787,1.7411112824373338e-14,COMPLETE
4741,0.0846,0.7046887006902148,5.872501198153645,6.875144787901625,2.2526238626393873,0.20054592435018578,0.07879444685655167,5.432263014140687e-13,COMPLETE
4742,0.13035,0.853256254926477,7.051402036894628,9.890916012877245,1365.9795109508957,0.08755680934938086,0.49106969850296894,2.234326522814866e-10,COMPLETE
4743,0.09,0.772478005108022,4.681538892687827,6.875144787901625,7843.277665583187,3.858204027730059,59.2437895529571,1.7411112824373338e-14,COMPLETE
4744,0.09,0.7822468875479894,5.553661359325831,9.890916012877245,2484.344497646969,5.054984284069897,11.478928737247317,4.5389374712295294e-08,COMPLETE
4745,0.1115,0.7331971825135314,5.686980021608849,8.741900816624833,5566.2977925921405,0.08777372143144205,0.013296459352320449,4.5389374712295294e-08,COMPLETE
4746,0.03475,0.24066998008807444,6.943625321882633,1.0726049388472807,1.8442663426239594,546.754814234046,0.010117774078155787,1.7411112824373338e-14,COMPLETE
4747,0.0712,0.6596604767360185,7.296565715563787,6.875144787901625,0.07261268023359602,0.4878712301792302,0.49106969850296894,1.5970276303954819e-09,COMPLETE
4748,0.089,0.7263837719205808,5.686980021608849,8.741900816624833,2484.344497646969,5.054984284069897,68.68637664775686,2.1811143402963018e-10,COMPLETE
4749,0.0879,0.16575863163348137,5.989976616159035,8.741900816624833,2484.344497646969,0.027554739223548615,11.478928737247317,0.00146275235395748,COMPLETE
4750,0.08435,0.7457898855136079,7.051402036894628,8.890006462791709,1365.9795109508957,15.324524954829702,3.6008094906658137,4.072994270736077e-09,COMPLETE
4751,0.05475,0.29298278020805135,6.019990742215804,1.2997368745646833,0.014162338396506723,186.9306125540257,0.0247605531247782,8.720647859508846e-11,COMPLETE
4752,0.10005,0.2925892851012757,5.686980021608849,6.875144787901625,2661.553121751245,0.047570004104159534,1.1855035705171626,4.331365543927414e-05,COMPLETE
4753,0.0595,0.23128910878075318,6.943625321882633,6.875144787901625,43.4020929550414,107.59872434463156,0.010117774078155787,8.720647859508846e-11,COMPLETE
4754,0.1383,0.7796040079934382,7.051402036894628,8.890006462791709,2661.553121751245,0.08755680934938086,3.6008094906658137,5.521087576123659e-10,COMPLETE
4755,0.0736,0.5245684531879665,3.364919629868394,8.458997448208544,0.015488060798589576,0.01827206862835049,0.49106969850296894,5.521087576123659e-10,COMPLETE
4756,0.10335,0.7752399746078515,7.051402036894628,6.223646815956013,2661.553121751245,1.2594502646806938,0.5841957919111189,1.9043961097477443e-12,COMPLETE
4757,0.0698,0.09994399621024547,6.943625321882633,6.875144787901625,208.22607295194175,546.754814234046,0.010117774078155787,1.7411112824373338e-14,COMPLETE
4758,0.07745,0.47217812953203886,7.051402036894628,1.7519510271087413,1365.9795109508957,4.006173959705789,0.49106969850296894,2.234326522814866e-10,COMPLETE
4759,0.1301,0.6930815597370489,5.686980021608849,6.875144787901625,5566.2977925921405,0.008745748292990201,68.68637664775686,9.916627610544696e-13,COMPLETE
4760,0.0706,0.46342327164611763,5.686980021608849,2.5118580794078285,1.9562826277387932,0.24089880468600464,0.01741609187709794,3.5136813120746134e-07,COMPLETE
4761,0.0459,0.38165285764375967,3.7523591558107,2.5118580794078285,1.9562826277387932,3.858204027730059,59.2437895529571,2.1811143402963018e-10,COMPLETE
4762,0.1064,0.7760697221098403,7.051402036894628,9.890916012877245,43.4020929550414,0.08755680934938086,0.49106969850296894,5.521087576123659e-10,COMPLETE
4763,0.04545,0.0357247398116156,7.051402036894628,1.0726049388472807,43.4020929550414,107.59872434463156,0.010117774078155787,3.168123784037851e-05,COMPLETE
4764,0.10165,0.6495857766145474,5.686980021608849,6.875144787901625,208.22607295194175,34.74982443918535,0.49106969850296894,5.521087576123659e-10,COMPLETE
4765,0.0856,0.1412364553071869,4.812614441890751,9.890916012877245,0.016767417635497637,0.1183068643397547,0.49106969850296894,5.063884841270115e-05,COMPLETE
4766,0.1332,0.7610491235088532,5.686980021608849,6.875144787901625,5566.2977925921405,0.047570004104159534,68.68637664775686,2.1811143402963018e-10,COMPLETE
4767,0.094,0.5218033108931505,1.3111099480724444,7.8078637347278095,5566.2977925921405,34.74982443918535,68.68637664775686,8.720647859508846e-11,COMPLETE
4768,0.06205,0.3823645058335464,4.958426658725357,2.4894612907721245,2.2526238626393873,0.16483926833353305,3.6008094906658137,4.072994270736077e-09,COMPLETE
4769,0.09515,0.6311881557915611,7.051402036894628,6.875144787901625,208.22607295194175,110.16646134717259,0.49106969850296894,5.521087576123659e-10,COMPLETE
4770,0.08865,0.7565592698646446,7.051402036894628,7.124984414629885,43.4020929550414,0.08755680934938086,0.49106969850296894,1.5560635914081963e-07,COMPLETE
4771,0.05345,0.41216535860536324,5.719667260978259,2.2991799521485987,0.016767417635497637,110.16646134717259,0.01777158201797886,9.787752692175531e-12,COMPLETE
4772,0.07735,0.5574056676821336,3.7523591558107,3.667376838269172,0.4634053899763641,110.16646134717259,2.606433764399818,1.7411112824373338e-14,COMPLETE
4773,0.09805,0.19122691564654717,7.296565715563787,1.185564133564072,2661.553121751245,1.2594502646806938,0.010117774078155787,3.0092675819548274e-09,COMPLETE
4774,0.0535,0.2966657640266013,3.3218737013691038,1.0726049388472807,0.4634053899763641,546.754814234046,5.192615578479196,9.787752692175531e-12,COMPLETE
4775,0.0595,0.2550724478434439,7.051402036894628,1.0726049388472807,12.412723646412944,0.08755680934938086,0.49106969850296894,2.1420441153180778e-14,COMPLETE
4776,0.07445,0.5513470860858979,6.943625321882633,6.875144787901625,0.4634053899763641,1.5630282565660134,3.6008094906658137,3.0092675819548274e-09,COMPLETE
4777,0.08955,0.7568345108829999,5.989976616159035,8.741900816624833,2484.344497646969,5.054984284069897,11.478928737247317,7.242135537625552e-11,COMPLETE
4778,0.0597,0.6332204409595095,6.943625321882633,9.28786190407374,0.4634053899763641,34.74982443918535,68.68637664775686,8.720647859508846e-11,COMPLETE
4779,0.13905,0.8066527504801173,6.019990742215804,6.875144787901625,5566.2977925921405,0.06857317261521613,0.49106969850296894,8.720647859508846e-11,COMPLETE
4780,0.07135,0.5177246139407803,3.7523591558107,9.890916012877245,0.4634053899763641,0.047570004104159534,2.606433764399818,2.234326522814866e-10,COMPLETE
4781,0.0868,0.6640721965512866,7.296565715563787,7.8078637347278095,0.3474112486367053,1.2594502646806938,0.49106969850296894,9.05168210606491e-14,COMPLETE
4782,0.0833,0.4756746471321682,6.943625321882633,1.2645576793951903,123.52077947060401,0.06857317261521613,0.764092524644605,5.521087576123659e-10,COMPLETE
4783,0.08725,0.6196477220235379,4.812614441890751,2.2991799521485987,241.4119767525246,0.047570004104159534,0.013600265202574869,7.242135537625552e-11,COMPLETE
4784,0.07215,0.5803954045978288,5.989976616159035,8.741900816624833,2.0598523813930134,34.74982443918535,68.68637664775686,2.1811143402963018e-10,COMPLETE
4785,0.0646,0.10377212409589318,6.943625321882633,1.0726049388472807,1365.9795109508957,546.754814234046,0.15453406290799057,4.709697959516565e-10,COMPLETE
4786,0.102,0.7668714945118466,7.491453905458799,6.240360399284202,5566.2977925921405,0.4462700376917684,68.68637664775686,2.1811143402963018e-10,COMPLETE
4787,0.07665,0.4204459905213452,7.051402036894628,2.2991799521485987,0.3474112486367053,0.06857317261521613,0.01777158201797886,8.544687336406053e-08,COMPLETE
4788,0.0921,0.6994974420109997,3.7523591558107,6.875144787901625,0.4634053899763641,59.25751203520182,2.606433764399818,2.4229854720435575e-10,COMPLETE
4789,0.07805,0.5207741141331649,7.051402036894628,9.890916012877245,0.011385218893670819,0.047570004104159534,7.5061121307117,2.234326522814866e-10,COMPLETE
4790,0.08655,0.7613470031085716,7.296565715563787,6.928819119460156,377.3894589503088,1.2594502646806938,3.6008094906658137,4.072994270736077e-09,COMPLETE
4791,0.1093,0.6246670002963172,7.051402036894628,7.8078637347278095,0.3474112486367053,0.0013385670429729493,0.764092524644605,1.9043961097477443e-12,COMPLETE
4792,0.07865,0.6592507736391099,6.338328679285938,6.641926976422129,2659.89856071253,110.16646134717259,2.606433764399818,5.4579107088638054e-08,COMPLETE
4793,0.0444,0.26244045371055125,6.943625321882633,1.0726049388472807,0.07261268023359602,110.16646134717259,5.192615578479196,2.234326522814866e-10,COMPLETE
4794,0.04315,0.322869824037399,6.943625321882633,1.0726049388472807,0.3474112486367053,546.754814234046,3.6008094906658137,1.9043961097477443e-12,COMPLETE
4795,0.0912,0.7213884174321773,7.051402036894628,6.875144787901625,43.4020929550414,0.08755680934938086,0.764092524644605,3.407169759582504e-13,COMPLETE
4796,0.0956,0.3971657326223885,1.233831875383608,2.2991799521485987,208.22607295194175,0.21424397483645616,0.6161013730569583,3.787929895519139e-07,COMPLETE
4797,0.08245,0.420217064246398,7.051402036894628,1.0316021471973245,123.52077947060401,0.08755680934938086,0.49106969850296894,5.521087576123659e-10,COMPLETE
4798,0.11545,0.8494044053007422,7.491453905458799,8.890006462791709,2661.553121751245,0.047570004104159534,3.6008094906658137,9.787752692175531e-12,COMPLETE
4799,0.08015,0.6421227248386349,7.051402036894628,7.8078637347278095,2661.553121751245,77.14988627120108,17.543999742650467,1.9043961097477443e-12,COMPLETE
4800,0.07315,0.5382019272449285,4.797597292147365,3.747896198309143,1.8442663426239594,4.006173959705789,0.764092524644605,3.407169759582504e-13,COMPLETE
4801,0.0795,0.5981867357925976,6.019990742215804,2.5118580794078285,1.9562826277387932,0.0012894689439193793,0.0247605531247782,2.1811143402963018e-10,COMPLETE
4802,0.0812,0.5603453359008106,7.051402036894628,6.875144787901625,0.07261268023359602,34.74982443918535,68.68637664775686,8.720647859508846e-11,COMPLETE
4803,0.04785,0.2696653645389727,3.7523591558107,1.0726049388472807,0.4634053899763641,110.16646134717259,5.192615578479196,1.7411112824373338e-14,COMPLETE
4804,0.0588,0.5193201235573429,3.9874975705204476,6.875144787901625,2.0598523813930134,0.15445717800428832,68.68637664775686,2.1811143402963018e-10,COMPLETE
4805,0.10075,0.7809227907267257,7.051402036894628,6.875144787901625,208.22607295194175,0.08755680934938086,0.49106969850296894,5.521087576123659e-10,COMPLETE
4806,0.0895,0.525391230042481,7.051402036894628,1.162780209209674,1365.9795109508957,0.08755680934938086,0.49106969850296894,5.521087576123659e-10,COMPLETE
4807,0.0524,0.2968279687779494,6.943625321882633,1.0726049388472807,0.013432831020433902,107.59872434463156,3.6008094906658137,1.0541219629001365e-07,COMPLETE
4808,0.0924,0.5296487642836876,5.719667260978259,8.741900816624833,0.016767417635497637,5.054984284069897,65.22765146025917,9.787752692175531e-12,COMPLETE
4809,0.0666,0.5997226508872179,5.686980021608849,9.890916012877245,1.9562826277387932,0.047570004104159534,0.49106969850296894,7.186853737417199e-11,COMPLETE
4810,0.0923,0.5240693615998373,7.051402036894628,1.0726049388472807,1365.9795109508957,0.047570004104159534,1.3968056229734263,2.234326522814866e-10,COMPLETE
4811,0.1011,0.7821842021281147,7.051402036894628,6.240360399284202,131.01923680640272,0.01362117564531099,3.6008094906658137,1.4847420250811467e-14,COMPLETE
4812,0.1035,0.09857751735435874,2.5801166918442497,1.0726049388472807,1365.9795109508957,0.047570004104159534,0.49106969850296894,0.002577696964359181,COMPLETE
4813,0.1138,0.7009219033000224,4.812614441890751,6.104394253424203,0.4634053899763641,115.71255119018926,1.0967837027856762,7.242135537625552e-11,COMPLETE
4814,0.07855,0.5335881778294068,4.596373457909606,9.890916012877245,0.014162338396506723,0.047570004104159534,0.49463701508330743,2.234326522814866e-10,COMPLETE
4815,0.12315,0.7557437020052501,7.3793823846486655,6.875144787901625,2661.553121751245,0.08755680934938086,3.6008094906658137,5.521087576123659e-10,COMPLETE
4816,0.0908,0.19317663622037143,5.719667260978259,6.875144787901625,208.22607295194175,110.16646134717259,0.01777158201797886,3.787929895519139e-07,COMPLETE
4817,0.1173,0.8184428929338557,6.217076238225485,6.875144787901625,1365.9795109508957,0.1013397086496358,0.49106969850296894,3.787929895519139e-07,COMPLETE
4818,0.06895,0.4225141241899887,6.412755325404686,1.5174491255239377,2484.344497646969,3.858204027730059,11.478928737247317,2.1811143402963018e-10,COMPLETE
4819,0.0704,0.5536737208843738,7.051402036894628,6.223646815956013,0.3474112486367053,10.023385401310824,17.543999742650467,3.0541645143911065e-11,COMPLETE
4820,0.09725,0.6086767937202054,2.5127626746702187,4.713977053614658,5566.2977925921405,1.1570129035356156,68.68637664775686,7.242135537625552e-11,COMPLETE
4821,0.06075,0.3263351459384468,3.622928576129828,2.215404427044682,2.2526238626393873,0.7100495078506358,3.6008094906658137,3.787929895519139e-07,COMPLETE
4822,0.0727,0.5426268278735874,6.943625321882633,2.0036592253757046,43.4020929550414,0.08755680934938086,0.04677169664561324,1.7411112824373338e-14,COMPLETE
4823,0.1064,0.7557762108288937,7.296565715563787,6.641926976422129,1365.9795109508957,1.2594502646806938,0.49106969850296894,1.3463305094348712e-12,COMPLETE
4824,0.0957,0.7115853827186142,7.051402036894628,8.741900816624833,2484.344497646969,42.54322469680117,11.478928737247317,2.234326522814866e-10,COMPLETE
4825,0.093,0.6636094422281167,7.491453905458799,6.875144787901625,2484.344497646969,60.081117380234076,3.6008094906658137,4.5389374712295294e-08,COMPLETE
4826,0.0896,0.7946883195342456,5.686980021608849,9.890916012877245,123.52077947060401,0.06857317261521613,0.764092524644605,2.1811143402963018e-10,COMPLETE
4827,0.10335,0.7108612645168461,5.686980021608849,6.875144787901625,5566.2977925921405,34.74982443918535,24.165633804367847,5.432263014140687e-13,COMPLETE
4828,0.06455,0.45018975492860464,3.7523591558107,2.5118580794078285,208.22607295194175,38.917183095184825,0.05987657309559155,2.1811143402963018e-10,COMPLETE
4829,0.10265,0.4621233388004175,6.943625321882633,9.890916012877245,1.8442663426239594,546.754814234046,0.010117774078155787,1.7411112824373338e-14,COMPLETE
4830,0.08945,0.6553639564264803,6.943625321882633,8.359124144204223,1.8442663426239594,1.5630282565660134,0.010117774078155787,5.432263014140687e-13,COMPLETE
4831,0.0669,0.34523258317542266,4.797597292147365,1.7519510271087413,1.8442663426239594,4.006173959705789,0.764092524644605,3.407169759582504e-13,COMPLETE
4832,0.06765,0.22519186133619443,7.102112417062549,1.0726049388472807,1.8442663426239594,0.10872824200611152,0.04724228817485067,9.787752692175531e-12,COMPLETE
4833,0.03735,0.35398013534434364,6.943625321882633,1.0787119892723038,0.4634053899763641,546.754814234046,2.070814542445428,3.407169759582504e-13,COMPLETE
4834,0.0987,0.16597301349795665,6.943625321882633,8.741900816624833,2484.344497646969,5.054984284069897,0.04647230530373237,4.5389374712295294e-08,COMPLETE
4835,0.086,0.7911198158768673,5.686980021608849,8.890006462791709,7843.277665583187,3.858204027730059,59.2437895529571,1.7629602815945873e-13,COMPLETE
4836,0.0498,0.27493669348346345,5.686980021608849,1.0726049388472807,88.01194175662026,34.74982443918535,1.1683568663900565,5.432263014140687e-13,COMPLETE
4837,0.10315,0.8583818919103305,6.943625321882633,9.890916012877245,123.52077947060401,0.047570004104159534,0.764092524644605,5.521087576123659e-10,COMPLETE
4838,0.088,0.6887688511537511,7.491453905458799,8.890006462791709,0.4634053899763641,546.754814234046,46.877710771140364,4.072994270736077e-09,COMPLETE
4839,0.0728,0.6992825272740218,7.051402036894628,7.8078637347278095,0.3670824443421073,110.16646134717259,0.04724228817485067,9.787752692175531e-12,COMPLETE
4840,0.05735,0.44837571933726156,5.686980021608849,1.6079229967627675,2.6975879561723097,34.74982443918535,0.49106969850296894,2.1811143402963018e-10,COMPLETE
4841,0.0886,0.01892224808323327,5.686980021608849,6.875144787901625,7843.277665583187,110.16646134717259,0.01777158201797886,9.787752692175531e-12,COMPLETE
4842,0.0398,0.09474292339328044,6.019990742215804,1.0726049388472807,123.52077947060401,107.59872434463156,0.010117774078155787,1.0541219629001365e-07,COMPLETE
4843,0.06145,0.5624698451304223,4.797597292147365,7.6530530337258496,3.9227007475742597,0.09084218801147632,0.764092524644605,1.7411112824373338e-14,COMPLETE
4844,0.07255,0.5773482953405139,6.943625321882633,6.875144787901625,0.4634053899763641,34.74982443918535,42.831001667198436,3.0092675819548274e-09,COMPLETE
4845,0.10405,0.7145498696207032,3.471577214972611,8.741900816624833,2484.344497646969,1.2594502646806938,17.543999742650467,1.4120240933222247e-14,COMPLETE
4846,0.11525,0.7199252554317103,7.051402036894628,7.8078637347278095,208.22607295194175,0.1013397086496358,3.6008094906658137,3.787929895519139e-07,COMPLETE
4847,0.04665,0.2943570238038595,5.553661359325831,1.0726049388472807,0.4634053899763641,51.0531204742495,0.018726717625821794,3.8380015685553784e-08,COMPLETE
4848,0.06905,0.5005815532715879,7.051402036894628,6.641926976422129,0.31304525462422805,0.12480776742786713,0.49106969850296894,2.234326522814866e-10,COMPLETE
4849,0.13105,0.707579828771319,4.958426658725357,8.359124144204223,292.37588128762417,0.1122669744411982,3.6008094906658137,1.4847420250811467e-14,COMPLETE
4850,0.0635,0.4352263503527096,3.7523591558107,2.5118580794078285,0.4634053899763641,3.858204027730059,2.606433764399818,1.7411112824373338e-14,COMPLETE
4851,0.07635,0.5544595567940394,7.491453905458799,6.240360399284202,0.4634053899763641,1.2594502646806938,3.6008094906658137,4.072994270736077e-09,COMPLETE
4852,0.1122,0.6824025244038692,5.719667260978259,6.875144787901625,208.22607295194175,0.1013397086496358,0.013746001054657437,3.787929895519139e-07,COMPLETE
4853,0.05265,0.25173726903275895,7.051402036894628,1.0726049388472807,0.07261268023359602,107.59872434463156,34.574222073764446,3.0541645143911065e-11,COMPLETE
4854,0.13505,0.8108413180423861,7.051402036894628,9.890916012877245,1365.9795109508957,0.047570004104159534,0.49106969850296894,2.234326522814866e-10,COMPLETE
4855,0.12665,0.7988164528525278,7.491453905458799,6.240360399284202,2485.44022037946,0.047570004104159534,0.49106969850296894,2.234326522814866e-10,COMPLETE
4856,0.05245,0.22462854329195034,7.051402036894628,1.0726049388472807,2.2526238626393873,0.047570004104159534,3.6008094906658137,2.234326522814866e-10,COMPLETE
4857,0.07915,0.8063216832979878,7.051402036894628,8.741900816624833,1365.9795109508957,5.054984284069897,11.478928737247317,4.5389374712295294e-08,COMPLETE
4858,0.08635,0.7803748961815292,6.943625321882633,9.28786190407374,17.93486966586711,0.02725983588360197,68.68637664775686,8.720647859508846e-11,COMPLETE
4859,0.0554,0.046043608812578046,6.943625321882633,1.0726049388472807,3467.6544505987863,546.754814234046,0.010117774078155787,1.263418412715402e-12,COMPLETE
4860,0.07205,0.7418512558192332,7.491453905458799,8.890006462791709,2661.553121751245,68.72222497389903,68.68637664775686,4.072994270736077e-09,COMPLETE
4861,0.11645,0.8332761606753395,7.051402036894628,9.890916012877245,1365.9795109508957,0.047570004104159534,0.49106969850296894,2.234326522814866e-10,COMPLETE
4862,0.0422,0.27133311281433836,6.943625321882633,1.0726049388472807,1.8442663426239594,546.754814234046,0.010117774078155787,1.7411112824373338e-14,COMPLETE
4863,0.05945,0.35564585034805946,6.943625321882633,1.0726049388472807,2484.344497646969,5.054984284069897,11.478928737247317,4.819620859627371e-05,COMPLETE
4864,0.08475,0.5511000613130355,4.812614441890751,9.890916012877245,0.016767417635497637,0.08755680934938086,2.606433764399818,5.521087576123659e-10,COMPLETE
4865,0.066,0.3115270433998061,6.351039989269435,1.0726049388472807,43.4020929550414,0.08755680934938086,34.574222073764446,5.521087576123659e-10,COMPLETE
4866,0.04505,0.2944213914969107,6.019990742215804,1.0726049388472807,0.014162338396506723,51.0531204742495,0.0247605531247782,3.811801850956625e-07,COMPLETE
4867,0.12,0.8137487520666338,6.943625321882633,6.875144787901625,43.4020929550414,0.005494809493405295,0.010117774078155787,8.39140132517807e-11,COMPLETE
4868,0.086,0.6495515424770419,7.051402036894628,9.890916012877245,0.3474112486367053,10.023385401310824,0.49106969850296894,3.6307031988893104e-07,COMPLETE
4869,0.0759,0.4936374272162626,6.311321883771407,8.359124144204223,2.2526238626393873,546.754814234046,0.010117774078155787,2.556898659242752e-09,COMPLETE
4870,0.09145,0.6668739002297588,5.39685688674637,6.641926976422129,5566.2977925921405,546.754814234046,68.68637664775686,2.1811143402963018e-10,COMPLETE
4871,0.07185,0.4011902342973632,5.719667260978259,2.2991799521485987,0.016767417635497637,110.16646134717259,0.01777158201797886,9.787752692175531e-12,COMPLETE
4872,0.12005,0.8288795601947886,4.812614441890751,9.890916012877245,1365.9795109508957,0.1183068643397547,0.49106969850296894,5.793003277371019e-09,COMPLETE
4873,0.04325,0.17967178787689725,3.7523591558107,1.057829366064995,1.9562826277387932,3.858204027730059,59.2437895529571,2.1811143402963018e-10,COMPLETE
4874,0.1144,0.8058959573166256,6.019990742215804,8.458997448208544,1365.9795109508957,0.06857317261521613,0.49106969850296894,1.9043961097477443e-12,COMPLETE
4875,0.06465,0.42261145127879146,5.719667260978259,2.2991799521485987,0.4634053899763641,0.24140158174480325,0.01777158201797886,2.556898659242752e-09,COMPLETE
4876,0.08945,0.19611510072410224,7.051402036894628,6.875144787901625,43.4020929550414,0.08755680934938086,59.2437895529571,4.331365543927414e-05,COMPLETE
4877,0.0807,0.6986068732163406,7.051402036894628,6.875144787901625,208.22607295194175,32.327289859557595,0.49106969850296894,5.521087576123659e-10,COMPLETE
4878,0.0638,0.374677218636202,7.051402036894628,1.2357281506266582,43.4020929550414,0.08755680934938086,0.49106969850296894,7.242135537625552e-11,COMPLETE
4879,0.0857,0.7984794294303674,7.051402036894628,6.875144787901625,208.22607295194175,0.31928221916960103,0.49106969850296894,5.521087576123659e-10,COMPLETE
4880,0.12315,0.7741718672895709,7.051402036894628,8.458997448208544,1365.9795109508957,0.047570004104159534,1.044777551289966,3.606274002988392e-07,COMPLETE
4881,0.0849,0.794853490260714,4.81812293726806,8.741900816624833,1365.9795109508957,0.1122669744411982,11.478928737247317,1.4847420250811467e-14,COMPLETE
4882,0.09725,0.5678667306439935,7.491453905458799,6.875144787901625,0.3474112486367053,1.5630282565660134,3.6008094906658137,1.9043961097477443e-12,COMPLETE
4883,0.0439,0.3558447794992793,5.686980021608849,2.0980746951804803,1.9562826277387932,3.858204027730059,59.2437895529571,2.1811143402963018e-10,COMPLETE
4884,0.1079,0.6266089538697038,6.019990742215804,3.786492049701135,123.52077947060401,0.06857317261521613,12.549082694764847,1.9043961097477443e-12,COMPLETE
4885,0.08755,0.6093939381833454,4.812614441890751,6.875144787901625,0.016767417635497637,34.74982443918535,2.606433764399818,7.242135537625552e-11,COMPLETE
4886,0.0863,0.6978961388192226,5.686980021608849,9.890916012877245,5566.2977925921405,34.74982443918535,7.8381698932401624,2.234326522814866e-10,COMPLETE
4887,0.04235,0.07202658891288409,6.943625321882633,1.0726049388472807,12.412723646412944,546.754814234046,0.010117774078155787,1.3113184361191454e-08,COMPLETE
4888,0.0333,0.3124747253271417,6.943625321882633,1.2997368745646833,1.8442663426239594,546.754814234046,0.0247605531247782,1.7411112824373338e-14,COMPLETE
4889,0.05005,0.5781107430765863,4.812614441890751,2.7880471518398893,123.52077947060401,115.71255119018926,12.549082694764847,1.9043961097477443e-12,COMPLETE
4890,0.10505,0.7475102676068227,7.051402036894628,9.890916012877245,43.4020929550414,0.08755680934938086,44.07640367306234,5.521087576123659e-10,COMPLETE
4891,0.07115,0.36262734681661135,7.491453905458799,1.4689098823285098,2661.553121751245,10.023385401310824,0.764092524644605,1.9043961097477443e-12,COMPLETE
4892,0.05695,0.40259647938292303,7.112469745069554,2.2991799521485987,0.016767417635497637,110.16646134717259,59.2437895529571,2.1811143402963018e-10,COMPLETE
4893,0.0878,0.39775941413088195,5.716539933999876,2.369191316302906,12.412723646412944,107.59872434463156,34.574222073764446,3.0541645143911065e-11,COMPLETE
4894,0.08945,0.5419306800867657,5.686980021608849,9.890916012877245,1.9562826277387932,0.06857317261521613,0.764092524644605,2.1811143402963018e-10,COMPLETE
4895,0.04455,0.21733839050682105,6.943625321882633,1.0726049388472807,0.014162338396506723,186.9306125540257,0.0247605531247782,1.0541219629001365e-07,COMPLETE
4896,0.05295,0.2551931021139203,7.051402036894628,1.0726049388472807,43.4020929550414,2.7821241290493,0.010117774078155787,1.7411112824373338e-14,COMPLETE
4897,0.1385,0.8174240969693797,7.051402036894628,9.890916012877245,5566.2977925921405,0.047570004104159534,3.875219523000611,2.1811143402963018e-10,COMPLETE
4898,0.09855,0.5940856661178286,5.719667260978259,6.875144787901625,0.4634053899763641,1.5630282565660134,0.01777158201797886,3.787929895519139e-07,COMPLETE
4899,0.0605,0.32477689491663647,7.051402036894628,1.0370950034544215,0.2533739759723465,120.84440236141198,0.49106969850296894,5.521087576123659e-10,COMPLETE
4900,0.0768,0.8090183685360305,7.051402036894628,6.161888714076582,208.22607295194175,0.1013397086496358,0.49106969850296894,5.521087576123659e-10,COMPLETE
4901,0.06985,0.44164234612874964,4.812614441890751,2.2991799521485987,1.8442663426239594,115.71255119018926,0.08760821671008018,9.787752692175531e-12,COMPLETE
4902,0.08615,0.6223714608012962,6.943625321882633,9.28786190407374,0.4634053899763641,0.06857317261521613,0.764092524644605,8.720647859508846e-11,COMPLETE
4903,0.08235,0.6124499612974259,5.686980021608849,6.875144787901625,2.0598523813930134,34.74982443918535,0.010117774078155787,1.7411112824373338e-14,COMPLETE
4904,0.1294,0.6843477179321341,6.019990742215804,8.458997448208544,7843.277665583187,0.06857317261521613,0.49106969850296894,4.331365543927414e-05,COMPLETE
4905,0.1096,0.7665566064567665,7.051402036894628,6.875144787901625,1365.9795109508957,0.047570004104159534,3.6008094906658137,3.0541645143911065e-11,COMPLETE
4906,0.10105,0.5975927197665993,5.686980021608849,2.1577137813910228,1365.9795109508957,0.06857317261521613,0.49106969850296894,2.1811143402963018e-10,COMPLETE
4907,0.1124,0.7708186905517475,7.051402036894628,9.890916012877245,208.22607295194175,0.08755680934938086,6.681606847264298,9.787752692175531e-12,COMPLETE
4908,0.0781,0.642413023890938,6.943625321882633,7.589823477100721,8.134170807715309,546.754814234046,0.010117774078155787,2.556898659242752e-09,COMPLETE
4909,0.07705,0.6980170474118045,6.794707535833707,8.995513550990662,0.016767417635497637,115.71255119018926,0.764092524644605,1.9043961097477443e-12,COMPLETE
4910,0.0874,0.5745297999288131,7.491453905458799,6.875144787901625,0.946319085618214,527.2833488135889,8.213868348493142,0.000330250175616567,COMPLETE
4911,0.081,0.38261830227365934,2.4741609640598856,6.875144787901625,6400.948254059571,3.858204027730059,0.04458813412639787,4.331365543927414e-05,COMPLETE
4912,0.10095,0.6995207918888096,4.774801920669698,6.875144787901625,1365.9795109508957,1.2594502646806938,17.543999742650467,1.4847420250811467e-14,COMPLETE
4913,0.0704,0.6515281285453238,7.491453905458799,7.8078637347278095,1.1374417180197147,68.72222497389903,46.92512104175946,4.072994270736077e-09,COMPLETE
4914,0.08705,0.6148158904972589,7.051402036894628,8.890006462791709,208.22607295194175,68.72222497389903,68.68637664775686,5.521087576123659e-10,COMPLETE
4915,0.07785,0.5519579597221599,7.051402036894628,6.875144787901625,0.4634053899763641,0.08755680934938086,0.49106969850296894,5.521087576123659e-10,COMPLETE
4916,0.1305,0.7734217620985446,4.958426658725357,8.359124144204223,5566.2977925921405,0.15011214432818784,68.68637664775686,2.1811143402963018e-10,COMPLETE
4917,0.0592,0.278655310942412,7.051402036894628,1.543675600384161,0.4634053899763641,34.74982443918535,68.68637664775686,8.720647859508846e-11,COMPLETE
4918,0.12485,0.6612189877443072,0.35265350665648854,9.890916012877245,7843.277665583187,3.858204027730059,0.49106969850296894,2.55451654045657e-09,COMPLETE
4919,0.05985,0.17882028674607403,5.686980021608849,1.0726049388472807,2.2526238626393873,34.74982443918535,68.68637664775686,3.5994163768071687e-13,COMPLETE
4920,0.06045,0.22772852125873855,5.719667260978259,1.0726049388472807,1.8442663426239594,0.01993052114185104,0.04724228817485067,9.787752692175531e-12,COMPLETE
4921,0.09535,0.6251506470157232,6.943625321882633,6.875144787901625,0.4634053899763641,546.754814234046,42.831001667198436,1.7411112824373338e-14,COMPLETE
4922,0.05415,0.19947481531495329,5.553661359325831,1.0726049388472807,99.59247162238702,5.054984284069897,11.478928737247317,7.242135537625552e-11,COMPLETE
4923,0.152,0.8213730554094348,7.491453905458799,8.458997448208544,1365.9795109508957,0.047570004104159534,0.49106969850296894,4.072994270736077e-09,COMPLETE
4924,0.08615,0.6290193739257623,5.883183198038435,6.223646815956013,0.1589255012347984,107.59872434463156,17.543999742650467,3.0541645143911065e-11,COMPLETE
4925,0.11285,0.644568023363793,5.686980021608849,3.9401988261028356,7843.277665583187,3.858204027730059,59.2437895529571,3.0541645143911065e-11,COMPLETE
4926,0.07325,0.04978283107829648,4.812614441890751,2.2991799521485987,1365.9795109508957,115.71255119018926,0.053830640549813236,1.9043961097477443e-12,COMPLETE
4927,0.04775,0.20258238250201432,5.686980021608849,1.0726049388472807,12.412723646412944,34.74982443918535,98.7421975512634,8.720647859508846e-11,COMPLETE
4928,0.08585,0.3237118994177473,6.943625321882633,6.875144787901625,0.314426276880156,218.42508356621576,0.04264319002098964,8.720647859508846e-11,COMPLETE
4929,0.10775,0.8059353057792368,7.051402036894628,6.875144787901625,2484.344497646969,0.4878712301792302,8.213868348493142,4.5389374712295294e-08,COMPLETE
4930,0.0829,0.7898905507139818,5.686980021608849,8.741900816624833,2484.344497646969,5.054984284069897,11.478928737247317,2.1811143402963018e-10,COMPLETE
4931,0.11155,0.7047760105600406,7.051402036894628,9.890916012877245,208.22607295194175,0.08755680934938086,0.017283663937189987,6.166934157039208e-09,COMPLETE
4932,0.11455,0.8428287875693675,6.943625321882633,9.890916012877245,5566.2977925921405,0.06857317261521613,0.1359659863081148,1.5463400818822022e-11,COMPLETE
4933,0.0567,0.4057322510396404,6.943625321882633,1.6079229967627675,1.8442663426239594,34.74982443918535,0.49106969850296894,2.1811143402963018e-10,COMPLETE
4934,0.08225,0.5911118764488612,7.491453905458799,8.890006462791709,0.4634053899763641,68.72222497389903,68.68637664775686,3.407169759582504e-13,COMPLETE
4935,0.11245,0.7730507231401431,7.491453905458799,6.875144787901625,1365.9795109508957,1.2594502646806938,17.543999742650467,3.0541645143911065e-11,COMPLETE
4936,0.0868,0.7713882284676864,7.051402036894628,9.890916012877245,43.4020929550414,0.08755680934938086,0.49106969850296894,2.234326522814866e-10,COMPLETE
4937,0.05205,0.29270421279370523,6.003396921697794,1.0726049388472807,3.2682531670108097,34.74982443918535,0.49106969850296894,9.787752692175531e-12,COMPLETE
4938,0.04625,0.33430625154229765,5.719667260978259,1.0726049388472807,1.8442663426239594,51.0531204742495,0.08760821671008018,9.787752692175531e-12,COMPLETE
4939,0.0725,0.6085671628137324,7.051402036894628,9.890916012877245,1.8442663426239594,0.047570004104159534,0.49106969850296894,9.787752692175531e-12,COMPLETE
4940,0.0693,0.014183646397939129,6.943625321882633,1.0726049388472807,1333.9842529552363,966.2031848037096,0.010117774078155787,4.819620859627371e-05,COMPLETE
4941,0.08335,0.6735980289596402,6.412755325404686,8.741900816624833,3.6692206875736586,0.013227422967598072,0.2823050440854717,1.9043961097477443e-12,COMPLETE
4942,0.08325,0.6658733965689374,6.943625321882633,8.741900816624833,2495.016801119479,546.754814234046,11.478928737247317,7.242135537625552e-11,COMPLETE
4943,0.0441,0.2569308011123169,5.553661359325831,1.0726049388472807,2.2526238626393873,51.0531204742495,3.6008094906658137,4.5389374712295294e-08,COMPLETE
4944,0.1082,0.5882016834873612,5.719667260978259,7.8078637347278095,0.3474112486367053,110.16646134717259,0.764092524644605,1.9043961097477443e-12,COMPLETE
4945,0.12115,0.8052792240296045,7.491453905458799,9.890916012877245,2661.553121751245,1.2594502646806938,0.764092524644605,1.5058649260604908e-09,COMPLETE
4946,0.05195,0.34386850267997526,7.296565715563787,2.1522400220310383,0.04397231118521956,0.047570004104159534,17.543999742650467,5.521087576123659e-10,COMPLETE
4947,0.09195,0.5918013756205807,7.051402036894628,9.890916012877245,1.9562826277387932,3.858204027730059,59.2437895529571,2.234326522814866e-10,COMPLETE
4948,0.05105,0.25844725345089076,7.051402036894628,1.0726049388472807,0.3066330187138372,0.08755680934938086,0.010117774078155787,3.41854450706124e-14,COMPLETE
4949,0.08145,0.7838159234028633,5.989976616159035,6.223646815956013,2661.553121751245,1.2594502646806938,11.478928737247317,7.242135537625552e-11,COMPLETE
4950,0.0718,0.5107547507892861,5.686980021608849,2.6778787140949976,2.6975879561723097,34.74982443918535,0.49106969850296894,8.720647859508846e-11,COMPLETE
4951,0.0842,0.5839727089446635,7.051402036894628,9.890916012877245,2.0598523813930134,0.08755680934938086,0.49106969850296894,5.521087576123659e-10,COMPLETE
4952,0.1037,0.7384548197449752,5.719667260978259,6.875144787901625,208.22607295194175,0.1013397086496358,0.01777158201797886,3.787929895519139e-07,COMPLETE
4953,0.08525,0.14568560948661316,6.412755325404686,8.741900816624833,1173.8791255454653,5.054984284069897,0.01777158201797886,4.5389374712295294e-08,COMPLETE
4954,0.0808,0.7419710274626331,6.412755325404686,8.741900816624833,1365.9795109508957,5.054984284069897,11.478928737247317,4.5389374712295294e-08,COMPLETE
4955,0.07185,0.27829439641793446,4.251938449569474,1.6079229967627675,2.6975879561723097,0.06857317261521613,0.49106969850296894,2.1811143402963018e-10,COMPLETE
4956,0.0567,0.23288856055974894,6.943625321882633,1.0787119892723038,0.4634053899763641,12.592383276038712,2.070814542445428,3.407169759582504e-13,COMPLETE
4957,0.09335,0.662404580824119,5.686980021608849,6.875144787901625,0.07261268023359602,34.74982443918535,0.15035883199434294,8.564477591299451e-11,COMPLETE
4958,0.05335,0.36062008021459835,5.686980021608849,1.9256227039794567,4.476343518555286,0.08755680934938086,68.68637664775686,2.1811143402963018e-10,COMPLETE
4959,0.08045,0.7020908731451492,7.296565715563787,6.641926976422129,252.2985241163533,546.754814234046,59.2437895529571,4.331365543927414e-05,COMPLETE
4960,0.06835,0.4123015157713683,6.943625321882633,2.1563210269803643,1.8442663426239594,4.006173959705789,0.764092524644605,3.407169759582504e-13,COMPLETE
4961,0.05275,0.40172858267416583,5.686980021608849,2.5118580794078285,0.3474112486367053,3.858204027730059,59.2437895529571,1.9043961097477443e-12,COMPLETE
4962,0.077,0.59767099622572,3.7246783973229807,2.2991799521485987,1365.9795109508957,0.047570004104159534,0.49106969850296894,3.4199141123923717e-12,COMPLETE
4963,0.08515,0.6320759719518992,2.307734109490477,6.875144787901625,0.07261268023359602,546.754814234046,0.010117774078155787,1.0926038460657844e-13,COMPLETE
4964,0.061,0.1479521061465009,6.036525339266391,1.0787119892723038,7843.277665583187,546.754814234046,2.070814542445428,4.331365543927414e-05,COMPLETE
4965,0.08135,0.6717859698459847,7.491453905458799,8.890006462791709,123.52077947060401,68.72222497389903,12.549082694764847,1.2245955139867084e-11,COMPLETE
4966,0.07935,0.5418808661203809,5.719667260978259,5.622446642042832,0.016767417635497637,110.16646134717259,0.01777158201797886,8.720647859508846e-11,COMPLETE
4967,0.0853,0.8072498885232118,7.238607783075848,6.875144787901625,208.22607295194175,0.08755680934938086,0.49106969850296894,5.521087576123659e-10,COMPLETE
4968,0.0757,0.534889952161248,6.185582283298008,2.2991799521485987,0.4634053899763641,115.71255119018926,2.606433764399818,7.242135537625552e-11,COMPLETE
4969,0.066,0.30124227487948035,5.719667260978259,1.0726049388472807,0.016767417635497637,110.16646134717259,0.3076364403920102,9.787752692175531e-12,COMPLETE
4970,0.1017,0.7948589377174895,4.8472295454394905,8.741900816624833,2484.344497646969,5.054984284069897,11.478928737247317,7.242135537625552e-11,COMPLETE
4971,0.0502,0.30834855637139663,6.943625321882633,1.0726049388472807,15.131306076761144,546.754814234046,3.6008094906658137,5.432263014140687e-13,COMPLETE
4972,0.0752,0.6005895745473516,5.719667260978259,9.28786190407374,0.4634053899763641,34.74982443918535,68.68637664775686,3.787929895519139e-07,COMPLETE
4973,0.0757,0.6007973578001146,5.719667260978259,9.353376534607882,0.016767417635497637,34.74982443918535,68.68637664775686,9.787752692175531e-12,COMPLETE
4974,0.0505,0.1772297363670879,4.974074398359207,1.0726049388472807,12.412723646412944,107.59872434463156,59.2437895529571,1.0541219629001365e-07,COMPLETE
4975,0.0816,0.7061197641334992,7.051402036894628,6.875144787901625,43.4020929550414,0.10403086367086663,0.49106969850296894,2.900997783157103e-07,COMPLETE
4976,0.0421,0.20862941213736239,5.686980021608849,1.0726049388472807,1.2443484107041183,34.74982443918535,68.68637664775686,2.1811143402963018e-10,COMPLETE
4977,0.06045,0.1876969568661118,3.3434824986792515,1.0726049388472807,0.4634053899763641,546.754814234046,68.68637664775686,3.0092675819548274e-09,COMPLETE
4978,0.06215,0.33270219798582445,6.943625321882633,1.0726049388472807,0.3474112486367053,546.754814234046,0.764092524644605,3.0092675819548274e-09,COMPLETE
4979,0.08995,0.6575191099167198,5.553661359325831,8.741900816624833,2.2526238626393873,51.0531204742495,3.6008094906658137,5.432263014140687e-13,COMPLETE
4980,0.0409,0.19888245907764407,7.296565715563787,1.0726049388472807,0.4634053899763641,0.3718736212917251,2.606433764399818,8.720647859508846e-11,COMPLETE
4981,0.0993,0.61454271142275,7.051402036894628,9.890916012877245,1.8442663426239594,546.754814234046,0.49106969850296894,2.234326522814866e-10,COMPLETE
4982,0.1251,0.7799588546404954,6.019990742215804,8.458997448208544,1365.9795109508957,0.047570004104159534,0.49106969850296894,1.9043961097477443e-12,COMPLETE
4983,0.11285,0.8181456577729784,6.943625321882633,9.890916012877245,123.52077947060401,0.06857317261521613,0.764092524644605,1.9043961097477443e-12,COMPLETE
4984,0.0379,0.1967514479617973,4.812614441890751,1.0726049388472807,0.4634053899763641,546.754814234046,0.010117774078155787,3.0092675819548274e-09,COMPLETE
4985,0.1112,0.663424883422673,2.0978392161622623,7.937751060836266,2661.553121751245,1.5630282565660134,3.6008094906658137,3.0541645143911065e-11,COMPLETE
4986,0.0859,0.5845514574251136,5.686980021608849,6.875144787901625,2.0598523813930134,34.74982443918535,68.68637664775686,2.1811143402963018e-10,COMPLETE
4987,0.0989,0.7038038067000584,7.491453905458799,8.890006462791709,2.2526238626393873,51.0531204742495,3.6008094906658137,4.072994270736077e-09,COMPLETE
4988,0.0338,0.2768669196168246,6.943625321882633,1.0726049388472807,0.03985091962876208,10.023385401310824,0.010117774078155787,1.0541219629001365e-07,COMPLETE
4989,0.09495,0.6510076018317227,1.0633063724324416,8.458997448208544,2.6975879561723097,10.051032605636687,0.49106969850296894,2.234326522814866e-10,COMPLETE
4990,0.05775,0.300178517773155,5.719667260978259,2.2991799521485987,0.016767417635497637,110.16646134717259,0.01777158201797886,3.0092675819548274e-09,COMPLETE
4991,0.04155,0.37404074792346753,6.943625321882633,1.0726049388472807,1.8442663426239594,51.0531204742495,0.08760821671008018,9.787752692175531e-12,COMPLETE
4992,0.07545,0.6641968960335454,7.051402036894628,9.890916012877245,3.022670989305793,0.047570004104159534,0.49106969850296894,2.556898659242752e-09,COMPLETE
4993,0.044,0.2601270138665327,5.686980021608849,1.0726049388472807,2.0598523813930134,546.754814234046,68.68637664775686,3.695531438502717e-07,COMPLETE
4994,0.06525,0.06447797583203695,5.719667260978259,1.7082868738904728,489.2014253223572,5.054984284069897,0.01777158201797886,4.5389374712295294e-08,COMPLETE
4995,0.0369,0.29937619564863066,4.430719096665829,1.0726049388472807,0.4634053899763641,546.754814234046,1.2300565939636767,2.6781960253261075e-14,COMPLETE
4996,0.08055,0.044785569495937386,7.296565715563787,6.641926976422129,2661.553121751245,546.754814234046,0.010117774078155787,1.7411112824373338e-14,COMPLETE
4997,0.0761,0.6797156593288142,7.051402036894628,7.8078637347278095,0.3474112486367053,10.023385401310824,0.764092524644605,2.234326522814866e-10,COMPLETE
4998,0.0814,0.6413889662204347,6.943625321882633,9.890916012877245,0.4634053899763641,546.754814234046,0.49106969850296894,3.0092675819548274e-09,COMPLETE
4999,0.13885,0.7909190348906092,7.491453905458799,9.890916012877245,1365.9795109508957,0.004179818620831071,0.5323765491740605,3.0541645143911065e-11,COMPLETE
