number,values_0,values_1,params_lambda1,params_lambda3,state
0,0.1245250316645557,0.03440938559309344,808.8727991202325,17.834127276399954,COMPLETE
1,0.12765815612292514,0.041949911305909,30.365334693765934,0.030490411254467303,COMPLETE
2,0.12599160055996267,0.03756869397166987,7.890121920560137,0.08473612462972009,COMPLETE
3,0.12605826278248117,0.0402402197606833,1634.1615671296283,0.08714211108832386,COMPLETE
4,0.12572495166988867,0.047835851496551285,3.676145151602411,0.7921591618691878,COMPLETE
5,0.1243917072195187,0.041691890334233955,0.7901249555599935,0.04627101997199999,COMPLETE
6,0.12719152056529565,0.03302278477103269,0.055373495891902096,0.031427194083351186,COMPLETE
7,0.12645823611759216,0.04249952936898972,9.878666303290279,22.841846439688357,COMPLETE
8,0.13139124058396107,0.03440991945343379,0.9716765151498357,5.053282973829414,COMPLETE
9,0.12739150723285114,0.03991405187069299,3.2913069438701132,0.00034357875000040324,COMPLETE
10,0.12579161389240717,0.03868434504905083,671.8169036755344,69.49274760159713,COMPLETE
11,0.13292447170188654,0.037867723747514244,0.0441942554524634,0.0005914818358565772,COMPLETE
12,0.1289914005732951,0.0410093262043134,0.27018631708665314,0.0037971659912415705,COMPLETE
13,0.11985867608826078,0.043948041962618284,5440.716116144768,0.0182193293404572,COMPLETE
14,0.12392507166188921,0.04368169452319119,13.48879574005236,33.29557347371372,COMPLETE
15,0.12632491167255516,0.039652891557290376,1.102117843824613,1.8606270338609645,COMPLETE
16,0.12665822278514766,0.0398341095710933,0.054882358480199823,0.5516031242897317,COMPLETE
17,0.13119125391640557,0.03540620777585218,0.05755655464210781,5.13516542441317,COMPLETE
18,0.13039130724618359,0.035850700513990225,49.24989561094253,0.057704892870580206,COMPLETE
19,0.13105792947136857,0.03840577610937309,2.709740411557776,63.282226782251485,COMPLETE
20,0.12479168055462969,0.0468116958097914,246.82820973942975,0.00034757359836652576,COMPLETE
21,0.12552496500233318,0.03584497374995,2.101322354860211,0.0004507798760241601,COMPLETE
22,0.13319112059196053,0.04293007237723001,118.7533221357915,4.3187199015396,COMPLETE
23,0.12619158722751816,0.02823198911727677,5734.259237000179,0.000120164807151561,COMPLETE
24,0.12052529831344577,0.03711017558873402,0.43885327585778605,1.9451088505340488,COMPLETE
25,0.12852476501566562,0.03611119551154505,0.5451553856656874,25.570926279295207,COMPLETE
26,0.12679154723018465,0.038181249934315556,3516.9728262765652,2.9153744943204787,COMPLETE
27,0.12672488500766615,0.03536035246477721,913.8809593933204,0.7304878150897232,COMPLETE
28,0.1294580361309246,0.03406037708425304,144.77861404386843,1.3369286693688067,COMPLETE
29,0.13399106726218252,0.0364147978012821,87.92736769517239,26.005167939037563,COMPLETE
30,0.13225784947670155,0.039387509540515696,0.45118523285661294,5.593008173696133,COMPLETE
31,0.12792480501299913,0.033414308623651925,119.82815976907132,71.08491831443914,COMPLETE
32,0.12752483167788814,0.03934751399108437,2.068051566016688,0.00034498676364518217,COMPLETE
33,0.12559162722485168,0.03889064239601527,434.48244677680384,1.8260367829949498,COMPLETE
34,0.12579161389240717,0.034768711019905786,3600.3784265435024,0.015346440693342137,COMPLETE
35,0.12785814279048063,0.04040350498687953,49.5180034612426,0.04163400506091563,COMPLETE
36,0.1295246983534431,0.038442663349670524,26.17844228229662,0.0021623835503839475,COMPLETE
37,0.12632491167255516,0.04172133434761022,46.31237328542682,26.774342616228378,COMPLETE
38,0.1293247116858876,0.039977557403259284,1.1048528441523338,0.7806142183324031,COMPLETE
39,0.12485834277714819,0.04005128742182863,0.0391062901314768,22.785464936065758,COMPLETE
40,0.12659156056262916,0.04046460149750852,928.2552071569077,0.02508646425851849,COMPLETE
41,0.12739150723285114,0.03672459673647813,0.6871973988180545,0.0002651025370295353,COMPLETE
42,0.1299246716885541,0.04181054771732749,475.56563592421855,41.6103590392096,COMPLETE
43,0.13212452503166455,0.03323365535662962,7.388334956697404,0.0010001255303588629,COMPLETE
44,0.12645823611759216,0.0360418792388759,14.296040876447016,47.947701102220435,COMPLETE
45,0.13079128058129458,0.0373471344032615,0.17217533490910938,0.13003417891305835,COMPLETE
46,0.1250583294447037,0.04216670064643005,5818.748964702126,77.11216245820361,COMPLETE
47,0.12539164055729618,0.03815441197604579,1585.8431515181996,0.08156646537130367,COMPLETE
48,0.12165855609626025,0.036391522159910185,0.10458178769690506,0.2590649667263686,COMPLETE
49,0.12632491167255516,0.042170559468109194,13.94390621388943,7.074133236337211,COMPLETE
50,0.1301246583561096,0.03960721453526318,0.04238372474373237,15.425786840969312,COMPLETE
51,0.13192453836410906,0.03057269097494351,8.246611092209319,0.21942866439419406,COMPLETE
52,0.12492500499966669,0.03785287133136716,0.09474989993090378,0.0010758680938073683,COMPLETE
53,0.1243917072195187,0.04145360542219893,0.02001908037970179,45.292203501743515,COMPLETE
54,0.12012532497833478,0.042673165867571174,1.0158714352724916,0.03481357625788941,COMPLETE
55,0.12659156056262916,0.0407868840278668,8.948639219899277,17.527966441280565,COMPLETE
56,0.12539164055729618,0.037629819818336775,6882.289782646093,0.0001293289993687124,COMPLETE
57,0.12472501833211119,0.046286288495822794,724.5165027239617,5.5743222949385975,COMPLETE
58,0.13085794280381308,0.028690402766992425,340.2247125481715,0.07295900416218315,COMPLETE
59,0.13199120058662756,0.04247116187589081,0.1572305204225784,46.61673389781434,COMPLETE
60,0.12352509832677822,0.04372424796641191,0.17317254757208853,45.07013723711659,COMPLETE
61,0.1245250316645557,0.037085918355775155,0.4022962716525607,0.1497486422514885,COMPLETE
62,0.12619158722751816,0.03836147784666609,0.09272483236279186,0.0007761253285127927,COMPLETE
63,0.12585827611492567,0.04199149911110683,311.9960518330008,8.160890677789478,COMPLETE
64,0.12819145390307313,0.04034313449100379,1910.9490467685775,0.1509424666267076,COMPLETE
65,0.1299913339110726,0.032130959199113567,837.8144691713915,0.0003379902006245961,COMPLETE
66,0.12279181387907473,0.04305216998418352,103.6090934787515,0.7522408221980773,COMPLETE
67,0.134857676154923,0.03425558431383306,472.53609314925245,0.00013794989942892186,COMPLETE
68,0.12845810279314712,0.03258015418297834,771.1706661451329,0.5116851622906798,COMPLETE
69,0.13039130724618359,0.03311386478520078,42.794842457633756,0.00814477336439929,COMPLETE
70,0.1299246716885541,0.031110798450960826,6.5958437032102335,0.008731177687499826,COMPLETE
71,0.1246583561095927,0.038135399309288324,0.7266659936963414,0.008117955788194221,COMPLETE
72,0.12519165388974068,0.0390994549221589,0.16673528167831214,26.702599147434967,COMPLETE
73,0.12785814279048063,0.04272243438824425,2.966263640211375,0.004002599194302446,COMPLETE
74,0.1242583827744817,0.03901907911828549,0.4895537116988258,0.028548684770139634,COMPLETE
75,0.13059129391373908,0.03700531498153624,487.18691909788924,0.0020654440348756953,COMPLETE
76,0.12732484501033264,0.0465394588857378,0.01933908449156094,14.098972195122762,COMPLETE
77,0.13119125391640557,0.03857147565151646,0.015908404344354112,0.5811287480974127,COMPLETE
78,0.1244583694420372,0.03809353478358678,51.47220162866704,0.09750463922366254,COMPLETE
79,0.12592493833744417,0.03545085750857632,359.0542449896439,0.00034757359836652576,COMPLETE
80,0.1349243383774415,0.04348233534868791,98.12797560394557,0.0021623835503839475,COMPLETE
81,0.13199120058662756,0.03976737886781851,23.027629267202435,0.08156646537130367,COMPLETE
82,0.1240583961069262,0.03491053460991617,5440.716116144768,0.0004622549118778262,COMPLETE
83,0.12212519165388974,0.039513307256761845,5734.259237000179,0.000120164807151561,COMPLETE
84,0.12839144057062862,0.04040733572359234,475.56563592421855,41.6103590392096,COMPLETE
85,0.12732484501033264,0.04061218183489872,0.17258256375956363,22.785464936065758,COMPLETE
86,0.1300579961335911,0.03358948231654614,434.48244677680384,0.000120164807151561,COMPLETE
87,0.12525831611225918,0.044460264064096346,6670.508363966324,74.57604929366062,COMPLETE
88,0.13412439170721951,0.034716221674099275,26.17844228229662,0.0021623835503839475,COMPLETE
89,0.12879141390573962,0.03779063845808841,475.56563592421855,22.785464936065758,COMPLETE
90,0.13125791613892407,0.03750730348926862,119.82815976907132,63.282226782251485,COMPLETE
91,0.12519165388974068,0.03951689879745327,30.365334693765934,0.0037971659912415705,COMPLETE
92,0.12592493833744417,0.04604832918820281,0.055373495891902096,0.02626512734972538,COMPLETE
93,0.12645823611759216,0.037850222025985265,671.8169036755344,0.0003411644612900277,COMPLETE
94,0.12525831611225918,0.03935003349148275,7.890121920560137,69.49274760159713,COMPLETE
95,0.12532497833477768,0.03680468532032596,13.48879574005236,33.29557347371372,COMPLETE
96,0.12112525831611226,0.03826019597187135,0.10767201399975104,0.5516031242897317,COMPLETE
97,0.12859142723818412,0.044394829865493625,497.35457466058205,0.0182193293404572,COMPLETE
98,0.1295913605759616,0.040552494486351495,0.0855017599271356,0.0670878628738652,COMPLETE
99,0.12485834277714819,0.04528485479377252,82.74378490530653,0.0005914818358565772,COMPLETE
100,0.12305846276914872,0.04511462928308489,0.06102105854091819,1.8606270338609645,COMPLETE
101,0.12599160055996267,0.03962129317671846,1682.8152651708326,0.003250308456617511,COMPLETE
102,0.12239184054396374,0.03759836379475739,3110.1377470169305,9.711433843795191,COMPLETE
103,0.1303246450236651,0.04034481655898077,0.014445456385136803,7.074133236337211,COMPLETE
104,0.1243250449970002,0.033327502347697525,671.8169036755344,69.49274760159713,COMPLETE
105,0.1239917338844077,0.04470369368329938,0.050249094574372814,0.0182193293404572,COMPLETE
106,0.12659156056262916,0.04205822110988283,1585.8431515181996,0.986974665418611,COMPLETE
107,0.12252516498900073,0.03507053440048697,475.56563592421855,0.01979727956496571,COMPLETE
108,0.12745816945536964,0.038647594143195615,1788.1879317900843,77.11216245820361,COMPLETE
109,0.1301913205786281,0.040660238495599035,14.296040876447016,47.947701102220435,COMPLETE
110,0.12785814279048063,0.03617097571450262,2.0903006621512006,41.6103590392096,COMPLETE
111,0.12352509832677822,0.03372048497207105,0.5319518758235104,1.8606270338609645,COMPLETE
112,0.12332511165922272,0.03775665471643038,0.02741972945648418,2.2122516383156734,COMPLETE
113,0.1291913872408506,0.043439914265217615,8.246611092209319,96.82410003855314,COMPLETE
114,0.12485834277714819,0.038458508189709306,9.878666303290279,17.527966441280565,COMPLETE
115,0.12685820945270315,0.04257066899457526,0.054882358480199823,26.307960966707327,COMPLETE
116,0.12192520498633425,0.03954393917505237,542.0592554024744,0.01903583169666511,COMPLETE
117,0.12559162722485168,0.04015770598551534,13.94390621388943,30.876662081533432,COMPLETE
118,0.1245916938870742,0.040652739397292276,0.1393169249256595,21.381648827478855,COMPLETE
119,0.12879141390573962,0.036554301779085904,118.38366696332798,81.9052574938201,COMPLETE
120,0.12819145390307313,0.0370699427582534,6.9359698726275605,0.015346440693342137,COMPLETE
121,0.13139124058396107,0.039434643947612154,0.38400931008371386,33.29557347371372,COMPLETE
122,0.12779148056796213,0.039801390581835544,0.026491227849659436,60.45701166224268,COMPLETE
123,0.1245916938870742,0.044653978520809066,3.2913069438701132,0.00034357875000040324,COMPLETE
124,0.12159189387374175,0.03476837836129171,475.56563592421855,41.6103590392096,COMPLETE
125,0.1289914005732951,0.03793643411939565,52.93356512907982,0.0015739284713247557,COMPLETE
126,0.12879141390573962,0.037917107528197554,32.68913479041735,4.3187199015396,COMPLETE
127,0.12799146723551763,0.03937054039311507,0.6253148142346395,0.013548530974473292,COMPLETE
128,0.12345843610425972,0.039300459506728724,0.14506730163112047,9.562640632296402,COMPLETE
129,0.1240583961069262,0.04012859692068507,0.9716765151498357,5.053282973829414,COMPLETE
130,0.1297246850209986,0.03577041871956266,20.38121442619406,0.3234779049068294,COMPLETE
131,0.13385774281714552,0.03542051625832499,1.9519905923168734,0.031427194083351186,COMPLETE
132,0.12212519165388974,0.03834503933295588,1.5816327544194893,0.008701614593954398,COMPLETE
133,0.12319178721418572,0.04394465975421621,0.02650461294894344,1.8973147647143604,COMPLETE
134,0.13045796946870208,0.03797763449954779,0.7901249555599935,0.0053388373010406715,COMPLETE
135,0.12625824945003666,0.040088280523423066,1205.2297856968141,41.13849984831673,COMPLETE
136,0.12245850276648224,0.02888184882066671,928.2552071569077,0.02508646425851849,COMPLETE
137,0.11539230717952137,0.05956446115305462,4827.656326365642,0.04627101997199999,COMPLETE
138,0.1301246583561096,0.03873221552111687,767.6454054460252,0.012089994388564127,COMPLETE
139,0.12705819612025865,0.036346898689317446,3.676145151602411,91.63171215680556,COMPLETE
140,0.1302579828011466,0.039141620623969774,2.101322354860211,0.02535997586130116,COMPLETE
141,0.13065795613625758,0.03795965487821028,1.2096130324322663,0.00034357875000040324,COMPLETE
142,0.12565828944737018,0.040726057858675606,1585.8431515181996,0.2268767705974267,COMPLETE
143,0.12885807612825811,0.03465035983756062,201.58569347979673,71.08491831443914,COMPLETE
144,0.12705819612025865,0.04078049412840103,0.27018631708665314,0.0037971659912415705,COMPLETE
145,0.12485834277714819,0.03967292100571537,26.17844228229662,66.37191525358756,COMPLETE
146,0.12512499166722219,0.04929621804380309,0.0441942554524634,0.00012875839747684406,COMPLETE
147,0.12372508499433371,0.04003867721761644,553.2144878942786,0.04627101997199999,COMPLETE
148,0.12639157389507366,0.03470681374739806,2.101322354860211,29.49200538122278,COMPLETE
149,0.12572495166988867,0.0380534116583255,4936.57913922744,0.02968871646065416,COMPLETE
150,0.13412439170721951,0.03862994710448036,49.5180034612426,0.0006398979928537975,COMPLETE
151,0.13379108059462702,0.03779872495617271,13.94390621388943,0.5892555336913244,COMPLETE
152,0.12685820945270315,0.05101511663073012,0.055373495891902096,0.08473612462972009,COMPLETE
153,0.12619158722751816,0.03690186949303997,7.143629226603208,0.08714211108832386,COMPLETE
154,0.1296580227984801,0.03836402669650255,0.39219663599890464,0.2590649667263686,COMPLETE
155,0.12579161389240717,0.040230339142803474,27.26969838849572,1.9451088505340488,COMPLETE
156,0.12632491167255516,0.04212422623755678,125.64097853669074,1.9451088505340488,COMPLETE
157,0.1299246716885541,0.03815568520465901,246.82820973942975,22.841846439688357,COMPLETE
158,0.12225851609892674,0.03723289565346326,0.054882358480199823,0.13963815515126293,COMPLETE
159,0.12852476501566562,0.04920915304485385,0.050249094574372814,2.313493567936231,COMPLETE
160,0.13292447170188654,0.041610269800622816,30.365334693765934,0.0006881290374886725,COMPLETE
161,0.12519165388974068,0.03972454884281336,0.04024114812462531,0.19842351122687385,COMPLETE
162,0.13072461835877608,0.038278464153400873,272.33148793085405,0.0037971659912415705,COMPLETE
163,0.12285847610159323,0.03328416581226418,0.050249094574372814,0.0003588219345931029,COMPLETE
164,0.13105792947136857,0.03851940913150364,0.0825809372751136,2.2122516383156734,COMPLETE
165,0.11859209386040931,0.05001001481926342,4414.188047957258,0.013369753411955218,COMPLETE
166,0.13199120058662756,0.0330456883271237,1.8549745343510937,0.0182193293404572,COMPLETE
167,0.12632491167255516,0.035733293686251194,5.168111996393157,0.00034357875000040324,COMPLETE
168,0.12499166722218519,0.04526316541277567,1634.1615671296283,0.8867573547203698,COMPLETE
169,0.12532497833477768,0.030705429657963572,0.0391062901314768,96.82410003855314,COMPLETE
170,0.1297913472435171,0.03249749249235025,0.055373495891902096,0.02626512734972538,COMPLETE
171,0.1246583561095927,0.04332682886983384,13.94390621388943,30.876662081533432,COMPLETE
172,0.1242583827744817,0.045823015349000865,190.6407695569932,9.711433843795191,COMPLETE
173,0.12299180054663023,0.03988855098962664,0.08606199055895718,96.82410003855314,COMPLETE
174,0.12479168055462969,0.04543274019802344,0.19117039749381867,0.038714063499072915,COMPLETE
175,0.1242583827744817,0.042882771568692954,475.56563592421855,41.6103590392096,COMPLETE
176,0.1292580494633691,0.041633515872851176,1870.9993854557383,0.06437051825281367,COMPLETE
177,0.11959202719818679,0.034385184680897775,8.246611092209319,96.82410003855314,COMPLETE
178,0.13345776948203453,0.036886146400644956,1585.8431515181996,33.29557347371372,COMPLETE
179,0.13105792947136857,0.034988741473474375,2228.53762605514,0.0012253931170421728,COMPLETE
180,0.1298580094660356,0.03711732621185625,475.56563592421855,26.774342616228378,COMPLETE
181,0.1301246583561096,0.03249593067572429,82.74378490530653,0.10791213925491999,COMPLETE
182,0.1346576894873675,0.03932950185650497,542.0592554024744,2.798004891419723,COMPLETE
183,0.13385774281714552,0.045328104146610905,0.11567910293885114,0.03067151782040252,COMPLETE
184,0.12232517832144524,0.04749320473213799,0.06033273675464055,0.0182193293404572,COMPLETE
185,0.12479168055462969,0.042638528382195666,10.310490462962518,0.0009623379169840094,COMPLETE
186,0.12572495166988867,0.04516847929899296,7241.81202587964,9.598636694649226,COMPLETE
187,0.12639157389507366,0.04943576341395443,475.56563592421855,0.0037971659912415705,COMPLETE
188,0.12712485834277715,0.03907692162092147,174.70559454898302,1.8606270338609645,COMPLETE
189,0.12005866275581628,0.03643633377109617,30.365334693765934,22.841846439688357,COMPLETE
190,0.13085794280381308,0.03832634589158191,4.697060598950344,0.00017672221217797238,COMPLETE
191,0.13219118725418305,0.036089841503170544,46.31237328542682,0.03517282316641634,COMPLETE
192,0.12365842277181521,0.04356963913165734,8767.94227631701,0.20459361358484757,COMPLETE
193,0.1299913339110726,0.04085502013636888,0.09961042160002152,96.82410003855314,COMPLETE
194,0.12259182721151923,0.04321915645052557,30.79383366023682,0.0005873620680294338,COMPLETE
195,0.12552496500233318,0.03864740834187279,6670.508363966324,0.00034357875000040324,COMPLETE
196,0.12105859609359376,0.04762502815611117,0.012041999032677284,0.0037971659912415705,COMPLETE
197,0.12765815612292514,0.03701930995976753,10.928873172675825,77.11216245820361,COMPLETE
198,0.12485834277714819,0.05100546828402794,3110.1377470169305,9.711433843795191,COMPLETE
199,0.12665822278514766,0.040901804909299504,0.10458178769690506,0.0038143902203140014,COMPLETE
200,0.12845810279314712,0.039247489014828885,475.56563592421855,1.8973147647143604,COMPLETE
201,0.12552496500233318,0.041149783840310615,0.1393169249256595,0.004739150396473392,COMPLETE
202,0.12592493833744417,0.03814121430954996,808.8727991202325,0.7921591618691878,COMPLETE
203,0.12605826278248117,0.039910479678060364,7.754881716990778,0.00044190060807384253,COMPLETE
204,0.1295246983534431,0.034442727878211295,13.48879574005236,0.10899536459522542,COMPLETE
205,0.12872475168322112,0.03929687645615036,1716.2286107533075,41.6103590392096,COMPLETE
206,0.13259116058929404,0.04300705083777336,0.02650461294894344,16.826177443921008,COMPLETE
207,0.12605826278248117,0.03598366517133142,9.878666303290279,9.711433843795191,COMPLETE
208,0.12065862275848277,0.04786692401385847,2.4575845897548034,0.00789850176680219,COMPLETE
209,0.13312445836944203,0.02798637775316437,2.2948966739813037,2.6711219667267745,COMPLETE
210,0.12525831611225918,0.03434005013599535,73.05764760827054,1.8606270338609645,COMPLETE
211,0.1241250583294447,0.043214883057646016,246.82820973942975,0.041213498100413026,COMPLETE
212,0.12752483167788814,0.03555710784350967,3.676145151602411,0.0037971659912415705,COMPLETE
213,0.1241250583294447,0.04046484102095827,0.6685646215931419,81.80124522468789,COMPLETE
214,0.12805812945803613,0.0460069452210231,5440.716116144768,0.03931896073856437,COMPLETE
215,0.1243250449970002,0.03589050812896685,1.6067663544676967,1.9451088505340488,COMPLETE
216,0.1245250316645557,0.045089856383166545,3110.1377470169305,2.2942910630025595,COMPLETE
217,0.12579161389240717,0.0358548477238093,742.5517702713046,4.346335839769921,COMPLETE
218,0.11692553829744684,0.04964895750612904,9326.750267332465,0.6454776511994327,COMPLETE
219,0.1290580627958136,0.045435040728256625,497.35457466058205,1.5425422271676736,COMPLETE
220,0.12512499166722219,0.039462081107821866,0.01124156232758925,1.8606270338609645,COMPLETE
221,0.12292513832411173,0.030747206716397614,11.951988181485646,0.8478635501672788,COMPLETE
222,0.12472501833211119,0.04375063852031657,13.48879574005236,94.07757294719057,COMPLETE
223,0.12019198720085328,0.03896566793971858,82.74378490530653,0.0003211587641758482,COMPLETE
224,0.12199186720885274,0.03207057717636308,3738.055076437825,0.000120164807151561,COMPLETE
225,0.12265848943403773,0.04045055870650885,0.9716765151498357,5.053282973829414,COMPLETE
226,0.12205852943137124,0.035597206950986046,13.48879574005236,2.2122516383156734,COMPLETE
227,0.1250583294447037,0.03995641095814393,0.4083698386596619,72.10183626312092,COMPLETE
228,0.12392507166188921,0.03678530094864736,3.2913069438701132,0.006216271182784483,COMPLETE
229,0.12305846276914872,0.034779409933638275,671.8169036755344,0.08505120396863354,COMPLETE
230,0.12752483167788814,0.03570742954716639,0.1393169249256595,0.0037971659912415705,COMPLETE
231,0.12305846276914872,0.04381371319085859,1.0042755025362669,0.7921591618691878,COMPLETE
232,0.12379174721685221,0.02800078994928766,0.1655766001553847,69.49274760159713,COMPLETE
233,0.12172521831877875,0.04075068991432152,27.31799959532127,0.0021623835503839475,COMPLETE
234,0.13272448503433104,0.03923124257280874,9.878666303290279,0.02512692907868985,COMPLETE
235,0.13365775614959002,0.040707162692802654,46.31237328542682,6.6769062424585055,COMPLETE
236,0.11765882274515033,0.04864685533412166,2303.2610440428275,0.0024832056782741812,COMPLETE
237,0.12539164055729618,0.051773076019835045,8767.94227631701,1.834530898067978,COMPLETE
238,0.1290580627958136,0.03834187824751568,0.10436723723954426,0.0005873620680294338,COMPLETE
239,0.13292447170188654,0.03390658015656952,0.013085348882185183,0.18261317005419916,COMPLETE
240,0.13205786280914605,0.02697028224372519,823.6467389542902,0.000200543441122356,COMPLETE
241,0.12619158722751816,0.04085124701467832,0.29063102667707374,0.0039418337671792,COMPLETE
242,0.12125858276114926,0.03473344790121741,0.10767201399975104,0.5516031242897317,COMPLETE
243,0.12059196053596427,0.03824176464122635,0.19117039749381867,0.006869748542953307,COMPLETE
244,0.12285847610159323,0.03998747694752523,5693.1973751478445,0.002644592901848355,COMPLETE
245,0.13199120058662756,0.04229095884938711,735.9015297269495,32.45493467095101,COMPLETE
246,0.1245916938870742,0.04150110390614932,0.06033273675464055,0.0182193293404572,COMPLETE
247,0.12485834277714819,0.04403056799112221,6670.508363966324,0.010477076490567,COMPLETE
248,0.12025864942337178,0.04322420758829756,82.74378490530653,15.659063361009094,COMPLETE
249,0.12645823611759216,0.046611805715871986,3178.775809052605,45.88984825886697,COMPLETE
250,0.12705819612025865,0.03711355623460072,0.029038712365047105,0.0037971659912415705,COMPLETE
251,0.12639157389507366,0.03228030022831566,1575.4550097750114,0.00029938862649879353,COMPLETE
252,0.12665822278514766,0.03924720881820473,0.43885327585778605,1.9451088505340488,COMPLETE
253,0.12585827611492567,0.03798031877495929,30.365334693765934,0.00034757359836652576,COMPLETE
254,0.1243250449970002,0.03909624256133223,370.6631473708678,0.0025533184885906278,COMPLETE
255,0.1300579961335911,0.037270234940254866,1.45966113327156,0.0002127227408252266,COMPLETE
256,0.12585827611492567,0.039526610007475385,0.43885327585778605,3.362703024399068,COMPLETE
257,0.12705819612025865,0.03746890704451187,1.171078267721499,0.0016503661782973549,COMPLETE
258,0.12519165388974068,0.03808946917476426,613.2174787968048,0.013470074792280289,COMPLETE
259,0.12839144057062862,0.041704123734093136,3.2913069438701132,0.00034357875000040324,COMPLETE
260,0.12325844943670422,0.04342411619439179,97.71803640591632,0.0010722610207248961,COMPLETE
261,0.1250583294447037,0.03739461219479336,497.35457466058205,0.0182193293404572,COMPLETE
262,0.1239917338844077,0.04198562510869565,0.054882358480199823,6.872012043623408,COMPLETE
263,0.11685887607492834,0.04724022885425929,66.38686159886589,0.005973330656741422,COMPLETE
264,0.12825811612559163,0.04511882668139621,4414.188047957258,0.5228219571608775,COMPLETE
265,0.13199120058662756,0.04165782696760316,0.43885327585778605,1.9451088505340488,COMPLETE
266,0.12372508499433371,0.039920682177469496,0.2254069128308554,96.82410003855314,COMPLETE
267,0.12825811612559163,0.041826808376053716,0.16130946270620303,0.02626512734972538,COMPLETE
268,0.13119125391640557,0.03347279735713282,0.08606199055895718,15.254502739154368,COMPLETE
269,0.13119125391640557,0.041886412272627294,0.17369165092000904,0.02626512734972538,COMPLETE
270,0.1289247383507766,0.0388615744817435,2127.8931374127287,9.301917870397897,COMPLETE
271,0.1293247116858876,0.03845292250111359,69.81109557869107,0.01584363462070513,COMPLETE
272,0.1242583827744817,0.042097395590753935,5440.716116144768,0.0182193293404572,COMPLETE
273,0.134591027264849,0.034596264487130456,4.415914697341418,0.0036447618697404297,COMPLETE
274,0.12692487167522165,0.03714781229864001,0.02741972945648418,0.06375581677311609,COMPLETE
275,0.11959202719818679,0.04451074546570527,8.246611092209319,0.01979727956496571,COMPLETE
276,0.1246583561095927,0.028750214482146087,5294.42310925227,0.0011060028852273806,COMPLETE
277,0.12272515165655623,0.04029750491126785,14.22252991776188,43.031341529714034,COMPLETE
278,0.12272515165655623,0.035763548476321724,2.4464583661799044,9.711433843795191,COMPLETE
279,0.12025864942337178,0.03960164203735283,0.26458837202059327,0.007661486697498361,COMPLETE
280,0.13065795613625758,0.03363988921647451,0.4804388700348218,0.0182193293404572,COMPLETE
281,0.12879141390573962,0.04297150639417971,0.06813931388455587,0.42811379416442497,COMPLETE
282,0.11785880941270582,0.04496067439435308,0.06508888551429474,9.711433843795191,COMPLETE
283,0.12125858276114926,0.0419835947753982,2777.4769928415967,11.566372977181612,COMPLETE
284,0.13105792947136857,0.035377553694975666,0.050249094574372814,0.0019077772161404216,COMPLETE
285,0.12285847610159323,0.04014966882351869,0.020064946509538453,0.03154715985811884,COMPLETE
286,0.12492500499966669,0.04196896777379425,13.48879574005236,0.09972621738354882,COMPLETE
287,0.13165788947403506,0.03689881805464304,0.43885327585778605,8.503057712343368,COMPLETE
288,0.12632491167255516,0.0417338758993516,0.10767201399975104,0.03067151782040252,COMPLETE
289,0.12759149390040664,0.039775796044846136,0.011054833244955186,96.82410003855314,COMPLETE
290,0.12832477834811012,0.04344925036361634,3.2913069438701132,0.00034357875000040324,COMPLETE
291,0.12385840943937071,0.0411258636461799,0.13380172675477875,33.29557347371372,COMPLETE
292,0.12099193387107526,0.04381152570648752,291.94604269923906,0.20459361358484757,COMPLETE
293,0.12832477834811012,0.029833173649955053,5337.483335132491,0.00023376364198257895,COMPLETE
294,0.13265782281181254,0.035193063083273274,0.02741972945648418,0.0012466224857225889,COMPLETE
295,0.1291247250183321,0.032394882693045315,0.02650461294894344,1.8973147647143604,COMPLETE
296,0.134857676154923,0.039017142179642215,2417.5882668015156,96.82410003855314,COMPLETE
297,0.12139190720618626,0.04550920234745096,77.5633244686736,39.024933060042166,COMPLETE
298,0.13205786280914605,0.041952878881249565,0.19117039749381867,43.905828631154534,COMPLETE
299,0.1297913472435171,0.03818549085968256,55.70044162504394,0.0182193293404572,COMPLETE
300,0.1250583294447037,0.04682662945938451,8767.94227631701,0.20459361358484757,COMPLETE
301,0.12665822278514766,0.044397655890825984,5440.716116144768,0.03067151782040252,COMPLETE
302,0.1298580094660356,0.038473443345481736,0.2767567777577065,0.0037971659912415705,COMPLETE
303,0.11819212052529832,0.04452275199283181,602.2228936948435,0.01903583169666511,COMPLETE
304,0.135124325044997,0.03758927609702229,0.24612684139932636,0.000201904680960422,COMPLETE
305,0.12865808946070262,0.03207044789790727,0.050249094574372814,2.313493567936231,COMPLETE
306,0.12245850276648224,0.033143326056334584,1634.1615671296283,0.0003060825752878509,COMPLETE
307,0.12352509832677822,0.04509239696089866,2416.982364156807,9.711433843795191,COMPLETE
308,0.12512499166722219,0.03886950200495225,2.4575845897548034,16.190421656036452,COMPLETE
309,0.11839210719285381,0.041086267939529506,8338.33040803578,0.0007802717206655139,COMPLETE
310,0.1289247383507766,0.03679612757073414,0.10458178769690506,0.0065295569483238185,COMPLETE
311,0.13579094727018198,0.042459888285023416,0.06321146144033991,69.49274760159713,COMPLETE
312,0.13632424505032997,0.032113397220630065,0.06102105854091819,0.1613073487824587,COMPLETE
313,0.12179188054129725,0.04586495432017459,9726.728546711998,0.0182193293404572,COMPLETE
314,0.1245250316645557,0.04152296505941172,4.696159224928396,0.0009626206207010591,COMPLETE
315,0.12592493833744417,0.03792261234476906,242.2543384748411,1.8606270338609645,COMPLETE
316,0.12559162722485168,0.043943719656312934,401.79792487931013,0.23414533339999546,COMPLETE
317,0.12805812945803613,0.03648068153412762,0.06508888551429474,0.3366482427828058,COMPLETE
318,0.12645823611759216,0.03849215852787098,2.4575845897548034,0.02626512734972538,COMPLETE
319,0.12512499166722219,0.038016942417164405,33.90105182655598,96.82410003855314,COMPLETE
320,0.11692553829744684,0.041413935750689176,5693.1973751478445,0.013517858172829945,COMPLETE
321,0.12492500499966669,0.03999082881736847,0.06508888551429474,0.018548027786277784,COMPLETE
322,0.12492500499966669,0.04052947648029689,5440.716116144768,0.02433509145492863,COMPLETE
323,0.12339177388174122,0.03642857767747403,13.48879574005236,33.29557347371372,COMPLETE
324,0.13392440503966402,0.04093449672933567,2.5671165957778004,0.0005914818358565772,COMPLETE
325,0.13192453836410906,0.04304549224838531,30.365334693765934,22.841846439688357,COMPLETE
326,0.12739150723285114,0.03694245683447501,27.90476476455456,4.802734953406332,COMPLETE
327,0.12632491167255516,0.03687437098434216,55.493103419305264,0.03067151782040252,COMPLETE
328,0.12752483167788814,0.038739260733376024,0.07827505686125624,0.014566206198732001,COMPLETE
329,0.1294580361309246,0.048819307858724216,475.56563592421855,41.6103590392096,COMPLETE
330,0.1301246583561096,0.03596698405080719,0.050249094574372814,0.009341370336953227,COMPLETE
331,0.1291913872408506,0.04819707518680385,2.4575845897548034,0.00789850176680219,COMPLETE
332,0.12685820945270315,0.03918001839195881,0.06102105854091819,22.841846439688357,COMPLETE
333,0.12479168055462969,0.03754886135789453,1.0455650562523895,0.01249529991568458,COMPLETE
334,0.13172455169655356,0.0365426367093597,0.8732803667748644,0.025778103916462847,COMPLETE
335,0.13159122725151656,0.03743050433263593,82.74378490530653,9.711433843795191,COMPLETE
336,0.1244583694420372,0.03868488179760223,13.526313524204072,0.01979727956496571,COMPLETE
337,0.1299246716885541,0.036153643180760066,8.246611092209319,0.0001949995115888581,COMPLETE
338,0.12672488500766615,0.03805846907924422,37.06173228220227,0.02039867495186122,COMPLETE
339,0.12679154723018465,0.035017156407850615,2.4575845897548034,0.006159959220051672,COMPLETE
340,0.12559162722485168,0.03529278760507543,143.2031895908826,0.0002512545783744548,COMPLETE
341,0.12805812945803613,0.037938387641682884,3.2913069438701132,0.07541382249131783,COMPLETE
342,0.13652423171788547,0.038179156938871125,117.37523272306714,0.029805695134757195,COMPLETE
343,0.12332511165922272,0.04222696163063895,475.56563592421855,9.711433843795191,COMPLETE
344,0.13405772948470102,0.033372547655715526,27.47271497592542,0.0037971659912415705,COMPLETE
345,0.12592493833744417,0.047758280210444294,0.43885327585778605,0.20459361358484757,COMPLETE
346,0.1291913872408506,0.03649688905679038,166.37274910781878,23.26116436559253,COMPLETE
347,0.12285847610159323,0.04096458406856326,0.10458178769690506,0.0007154837294541583,COMPLETE
348,0.12272515165655623,0.044242325506757225,5593.632645921561,1.8606270338609645,COMPLETE
349,0.12325844943670422,0.04467113529469773,0.16995976177956715,0.013369753411955218,COMPLETE
350,0.12239184054396374,0.04198405744653384,657.9387974770806,0.0031625769920390085,COMPLETE
351,0.13145790280647957,0.04328574944317244,0.02650461294894344,87.3565485573383,COMPLETE
352,0.1296580227984801,0.02914341303594796,2.4575845897548034,15.659063361009094,COMPLETE
353,0.12579161389240717,0.04473142836618784,2114.020996404874,96.82410003855314,COMPLETE
354,0.12839144057062862,0.03418948031528176,0.04898417705744045,0.0005914818358565772,COMPLETE
355,0.12539164055729618,0.04148218586431244,542.0592554024744,0.8867573547203698,COMPLETE
356,0.13412439170721951,0.039586027251677376,16.33709394540842,0.1760177235133633,COMPLETE
357,0.1243250449970002,0.035780605639219906,5734.259237000179,0.000120164807151561,COMPLETE
358,0.12712485834277715,0.04224970314294805,475.56563592421855,0.0068650182104250616,COMPLETE
359,0.13152456502899806,0.03920474339687859,23.491348568348922,0.007661486697498361,COMPLETE
360,0.12579161389240717,0.03845037424861659,0.050249094574372814,0.13963815515126293,COMPLETE
361,0.12632491167255516,0.0420477028013094,2.4575845897548034,0.0005873620680294338,COMPLETE
362,0.1301246583561096,0.03347826268579942,30.365334693765934,22.841846439688357,COMPLETE
363,0.12772481834544364,0.03941710471993093,8.246611092209319,0.39171139811649996,COMPLETE
364,0.12359176054929671,0.03543285746172634,2.3223658545828343,0.11984383586228507,COMPLETE
365,0.13265782281181254,0.03159683195994201,0.06508888551429474,0.0005914818358565772,COMPLETE
366,0.12332511165922272,0.037121593765075095,8.246611092209319,0.000608581182940982,COMPLETE
367,0.11959202719818679,0.04125333101487645,0.12280710068968559,0.02892909031063995,COMPLETE
368,0.12859142723818412,0.03736473004570246,0.012041999032677284,0.0037971659912415705,COMPLETE
369,0.12632491167255516,0.030848840771839574,0.017321508181252214,23.85489349400995,COMPLETE
370,0.1242583827744817,0.03869035285383001,8767.94227631701,0.0011193371837328733,COMPLETE
371,0.13059129391373908,0.041360173193266556,97.71803640591632,56.834955706765086,COMPLETE
372,0.12745816945536964,0.03871502922293651,0.06033273675464055,96.82410003855314,COMPLETE
373,0.12845810279314712,0.03842950697408508,475.56563592421855,8.779580281334047,COMPLETE
374,0.12532497833477768,0.04007490640424927,0.10767201399975104,0.5516031242897317,COMPLETE
375,0.1246583561095927,0.03797340040290548,0.018364990926600284,9.711433843795191,COMPLETE
376,0.1239917338844077,0.04105996636919973,0.6827780464127836,0.010477076490567,COMPLETE
377,0.12612492500499967,0.037239842792886654,14.22252991776188,43.031341529714034,COMPLETE
378,0.13172455169655356,0.03482723021846407,5734.259237000179,0.000120164807151561,COMPLETE
379,0.1303246450236651,0.03674750837299246,0.05896802157666456,3.512099124583811,COMPLETE
380,0.12752483167788814,0.04081115763807086,0.26458837202059327,0.00972561055609973,COMPLETE
381,0.12785814279048063,0.03422315248253942,3980.2395349926214,0.0005914818358565772,COMPLETE
382,0.12772481834544364,0.03763266382452333,0.19117039749381867,0.005973330656741422,COMPLETE
383,0.12319178721418572,0.035226200056769,0.19117039749381867,0.00034757359836652576,COMPLETE
384,0.13299113392440504,0.043944103180979924,1.3914428434263924,0.038714063499072915,COMPLETE
385,0.1244583694420372,0.039611882116868224,1459.925116953542,2.617876842410096,COMPLETE
386,0.12645823611759216,0.038847438991757716,0.012829941362701743,41.6103590392096,COMPLETE
387,0.1296580227984801,0.042175985252627154,2.1329198945924994,0.015506741538253693,COMPLETE
388,0.12272515165655623,0.04187181766068235,190.6407695569932,82.44804251873987,COMPLETE
389,0.1295246983534431,0.03862947157686219,32.187113434463384,2.313493567936231,COMPLETE
390,0.13085794280381308,0.04209796628329444,175.51836418247828,12.550543020437894,COMPLETE
391,0.13052463169122058,0.03134465375635532,0.1291989846902497,0.0002098644533018476,COMPLETE
392,0.13225784947670155,0.0444284127408159,12.398070157094908,0.11256203287306452,COMPLETE
393,0.12872475168322112,0.04125674618552054,0.10458178769690506,9.598636694649226,COMPLETE
394,0.13172455169655356,0.037177079776651877,97.71803640591632,0.013369753411955218,COMPLETE
395,0.13099126724885007,0.03862057147953352,82.74378490530653,0.000634950360534744,COMPLETE
396,0.12759149390040664,0.03968483976175399,0.19117039749381867,58.11872653153501,COMPLETE
397,0.12699153389774015,0.03497689376330702,0.26458837202059327,0.00459247157094213,COMPLETE
398,0.1244583694420372,0.038411583995388916,95.05920560866797,0.838151275352443,COMPLETE
399,0.12652489834011066,0.047920009602872876,2.119226995033251,0.0031625769920390085,COMPLETE
400,0.13039130724618359,0.03340081896947556,0.02650461294894344,0.0651386760990749,COMPLETE
401,0.1293913739084061,0.0351263144169914,236.03253668460314,0.00034757359836652576,COMPLETE
402,0.12152523165122325,0.03921342081382402,8.246611092209319,2.124085445488151,COMPLETE
403,0.12545830277981468,0.03692771717814527,0.050249094574372814,0.00034757359836652576,COMPLETE
404,0.12065862275848277,0.0448692506264397,5593.632645921561,1.834530898067978,COMPLETE
405,0.12865808946070262,0.03047683658859643,8.246611092209319,9.711433843795191,COMPLETE
406,0.13365775614959002,0.03779800764489426,5440.716116144768,0.00016483944830405372,COMPLETE
407,0.1293913739084061,0.04355213273717531,0.20421680278472054,1.9451088505340488,COMPLETE
408,0.12679154723018465,0.039123571150427215,0.12316353113990029,0.013369753411955218,COMPLETE
409,0.13245783614425705,0.034388262050015495,246.82820973942975,0.7071460506399209,COMPLETE
410,0.12205852943137124,0.03711399819310912,8.246611092209319,0.00034757359836652576,COMPLETE
411,0.12665822278514766,0.04095403581572506,4414.188047957258,0.013369753411955218,COMPLETE
412,0.13065795613625758,0.038120226463212795,17.02653045376545,0.0037971659912415705,COMPLETE
413,0.12179188054129725,0.040194441957175565,3.2523087020331123,0.002313672578812394,COMPLETE
414,0.1301913205786281,0.039225248509795786,0.10036533434938764,0.01903583169666511,COMPLETE
415,0.1292580494633691,0.041190120775930116,3.2913069438701132,0.5516031242897317,COMPLETE
416,0.12339177388174122,0.0415349613086662,8.246611092209319,0.006419562302138155,COMPLETE
417,0.1299246716885541,0.031751346826008185,14.15713753105587,0.0008475043406421287,COMPLETE
418,0.12885807612825811,0.040763465068423835,0.10767201399975104,0.5516031242897317,COMPLETE
419,0.12599160055996267,0.03822310315578993,475.56563592421855,0.038714063499072915,COMPLETE
420,0.12472501833211119,0.03692437798071145,0.050249094574372814,2.313493567936231,COMPLETE
421,0.13052463169122058,0.040708834671698085,8767.94227631701,0.4564509175108971,COMPLETE
422,0.1299913339110726,0.03705651557733877,9.014541466846376,0.20459361358484757,COMPLETE
423,0.12345843610425972,0.035881251644273394,5440.716116144768,0.0182193293404572,COMPLETE
424,0.12572495166988867,0.04098247794655838,358.8815644249371,0.05947741508399724,COMPLETE
425,0.12492500499966669,0.03831768101838301,0.16995976177956715,0.013369753411955218,COMPLETE
426,0.12825811612559163,0.03728890227885917,0.05296924796766418,0.03067151782040252,COMPLETE
427,0.12272515165655623,0.03875981946627813,0.10767201399975104,0.0004037257484778296,COMPLETE
428,0.13332444503699753,0.04595900534503508,3.2913069438701132,0.5879593313365123,COMPLETE
429,0.12365842277181521,0.0324120976246839,2210.607635061447,0.0182193293404572,COMPLETE
430,0.13325778281447903,0.03497627766011408,1185.7156691656817,1.9451088505340488,COMPLETE
431,0.1295913605759616,0.04075375446034093,475.56563592421855,9.711433843795191,COMPLETE
432,0.11525898273448437,0.044042739101731024,4414.188047957258,0.013369753411955218,COMPLETE
433,0.12385840943937071,0.03925669158366974,889.0636401737228,0.013517858172829945,COMPLETE
434,0.12532497833477768,0.03768294017611796,0.050249094574372814,0.0182193293404572,COMPLETE
435,0.12705819612025865,0.03692176391289547,3605.55400526677,16.126609986126404,COMPLETE
436,0.1250583294447037,0.03549436490644608,0.2898759610845176,3.2964182872542644,COMPLETE
437,0.12472501833211119,0.03577430682897948,30.365334693765934,17.66992713271058,COMPLETE
438,0.12745816945536964,0.03915147372219435,5.383525621432666,0.008318661411708535,COMPLETE
439,0.1244583694420372,0.03794239259295458,3110.1377470169305,0.5516031242897317,COMPLETE
440,0.13065795613625758,0.03783231452987424,11.751373195913708,0.005973330656741422,COMPLETE
441,0.11979201386574229,0.04349318398687114,6283.120401032437,0.16207729309253507,COMPLETE
442,0.12345843610425972,0.0448620601336225,0.050249094574372814,0.018737554575547696,COMPLETE
443,0.12819145390307313,0.03450977265811458,0.4761361112373363,0.0010722610207248961,COMPLETE
444,0.12479168055462969,0.039207310796532516,0.02650461294894344,43.031341529714034,COMPLETE
445,0.13412439170721951,0.042500237810349104,17.698681941228234,0.001099313050822538,COMPLETE
446,0.12032531164589028,0.0329511360321545,4.369491295700426,13.254184707788548,COMPLETE
447,0.11825878274781682,0.03263447521552705,97.71803640591632,0.0010722610207248961,COMPLETE
448,0.12139190720618626,0.04648069588967287,0.26458837202059327,0.007661486697498361,COMPLETE
449,0.1299246716885541,0.04295151890164801,1634.1615671296283,0.0013901532569110988,COMPLETE
450,0.11772548496766883,0.040720997955566246,1467.7115392852163,0.013369753411955218,COMPLETE
451,0.12772481834544364,0.04410270448539127,372.72943022569865,0.02626512734972538,COMPLETE
452,0.12785814279048063,0.03457498254128009,190.6407695569932,0.001746212901457679,COMPLETE
453,0.12565828944737018,0.04248750905003544,0.4341451554964747,0.0031625769920390085,COMPLETE
454,0.12752483167788814,0.036610405441705615,190.6407695569932,0.025502080106979227,COMPLETE
455,0.12672488500766615,0.038627658300979854,92.95575758952496,1.71710348741636,COMPLETE
456,0.13239117392173855,0.032494560338529696,0.07503256979113888,0.8867573547203698,COMPLETE
457,0.1243917072195187,0.03145451117674767,0.16823326500780672,22.841846439688357,COMPLETE
458,0.1289247383507766,0.039050701198247446,5734.259237000179,4.031145422401387,COMPLETE
459,0.1300579961335911,0.03873007911400228,475.56563592421855,0.008778894300230444,COMPLETE
460,0.12319178721418572,0.04250795853408441,0.06033273675464055,0.0182193293404572,COMPLETE
461,0.12472501833211119,0.03841506390223324,0.3980794204488925,0.2590649667263686,COMPLETE
462,0.12359176054929671,0.035810903925185274,0.04276104103799609,0.019277635020889732,COMPLETE
463,0.12705819612025865,0.037879083762694436,5.4516382595313,0.04604410565012526,COMPLETE
464,0.12099193387107526,0.04243683833278544,542.0592554024744,0.01979727956496571,COMPLETE
465,0.1302579828011466,0.03837932425325767,82.74378490530653,0.0037971659912415705,COMPLETE
466,0.12732484501033264,0.04361976428108433,8767.94227631701,0.20459361358484757,COMPLETE
467,0.1293247116858876,0.042533278534790206,0.11567910293885114,55.031357128329155,COMPLETE
468,0.135257649490034,0.03890361520395098,0.01185413935021794,22.528888288488005,COMPLETE
469,0.12239184054396374,0.04444153395371831,4832.835787143552,22.841846439688357,COMPLETE
470,0.13232451169922005,0.04044471800736744,8767.94227631701,0.0001594988059033506,COMPLETE
471,0.12639157389507366,0.04320207620197529,252.9850189222385,0.00013303441807052284,COMPLETE
472,0.13152456502899806,0.03377988736057809,1634.1615671296283,1.7397214175627356,COMPLETE
473,0.13205786280914605,0.04106684996053801,108.75165877005797,0.010207378812044919,COMPLETE
474,0.12679154723018465,0.03435385356395178,0.020367072154226118,0.20459361358484757,COMPLETE
475,0.12825811612559163,0.043341030360328964,0.10767201399975104,8.71148740502224,COMPLETE
476,0.12652489834011066,0.039031918299873125,475.56563592421855,0.5944796125582857,COMPLETE
477,0.12792480501299913,0.038074571719936515,5593.632645921561,0.0010031937913504982,COMPLETE
478,0.13072461835877608,0.039965551253116696,0.011510039188580595,0.0006313137527074603,COMPLETE
479,0.12765815612292514,0.03980569718913419,13.19165513777544,0.007661486697498361,COMPLETE
480,0.1298580094660356,0.04006062760782353,0.012041999032677284,0.0037971659912415705,COMPLETE
481,0.12352509832677822,0.03983543632996617,106.42614626739777,0.20735477518784096,COMPLETE
482,0.13252449836677554,0.0314281274128115,0.43817376039322947,0.01979727956496571,COMPLETE
483,0.13292447170188654,0.03563102646255521,3.2523087020331123,0.0014871804864411812,COMPLETE
484,0.12339177388174122,0.03465121884381082,62.366881757635795,0.0235766607515325,COMPLETE
485,0.12632491167255516,0.03907464964221607,1.8869768473726958,0.0182193293404572,COMPLETE
486,0.12799146723551763,0.0418800179371906,8.246611092209319,96.82410003855314,COMPLETE
487,0.1243250449970002,0.03210811978220282,5693.1973751478445,0.0005873620680294338,COMPLETE
488,0.12605826278248117,0.03994743407519749,0.07318292168602569,0.005973330656741422,COMPLETE
489,0.12819145390307313,0.040303194966921384,2.4575845897548034,0.00789850176680219,COMPLETE
490,0.12799146723551763,0.03863778826753895,0.11651681488871934,1.6771601822519924,COMPLETE
491,0.12032531164589028,0.04249943286008022,475.56563592421855,70.62434065921288,COMPLETE
492,0.1296580227984801,0.045055685803672606,2.9770735315764525,0.005973330656741422,COMPLETE
493,0.12572495166988867,0.040776715010665765,246.82820973942975,0.01099697644015738,COMPLETE
494,0.1245916938870742,0.042147651480092,5593.632645921561,0.08081393236016558,COMPLETE
495,0.134857676154923,0.0395186362915117,110.76542721742192,0.10447166453437638,COMPLETE
496,0.12225851609892674,0.0370715544952853,0.38960921627726836,0.0009683679556562994,COMPLETE
497,0.12472501833211119,0.03749944473562638,542.0592554024744,0.01903583169666511,COMPLETE
498,0.12552496500233318,0.04448515543194427,66.38686159886589,2.2800052624873084,COMPLETE
499,0.12685820945270315,0.044828405119781374,0.017164425901013882,0.13968084492170402,COMPLETE
500,0.12825811612559163,0.043331996515429475,0.16995976177956715,0.013369753411955218,COMPLETE
501,0.1295246983534431,0.03416647058144692,0.016963189447046972,0.013369753411955218,COMPLETE
502,0.1297913472435171,0.03672261856411385,0.19117039749381867,0.006869748542953307,COMPLETE
503,0.12812479168055463,0.036043473616998174,384.2346863241915,0.000141378414468384,COMPLETE
504,0.12712485834277715,0.043107657341646406,8.246611092209319,0.01979727956496571,COMPLETE
505,0.12105859609359376,0.032122843508404504,0.050249094574372814,2.313493567936231,COMPLETE
506,0.12632491167255516,0.04122449020186101,66.38686159886589,0.09302624995749469,COMPLETE
507,0.1405239650689954,0.034590538092587456,6.94203175558516,0.002560326728242915,COMPLETE
508,0.12059196053596427,0.03968622709702166,0.10458178769690506,33.29557347371372,COMPLETE
509,0.1291913872408506,0.03979540917950708,66.38686159886589,37.41433175431353,COMPLETE
510,0.1293913739084061,0.04713335110189365,30.931563399870733,0.013369753411955218,COMPLETE
511,0.1297246850209986,0.030610403626860752,0.050249094574372814,0.0182193293404572,COMPLETE
512,0.13099126724885007,0.03734771709706991,2850.890711934491,9.711433843795191,COMPLETE
513,0.12299180054663023,0.04222648128782956,0.022705370882701033,22.841846439688357,COMPLETE
514,0.13239117392173855,0.03719346529261772,2.4575845897548034,0.04561716798440101,COMPLETE
515,0.13159122725151656,0.034933473564499426,4414.188047957258,0.031340531204357126,COMPLETE
516,0.1250583294447037,0.0441660482481591,475.02714411058645,43.031341529714034,COMPLETE
517,0.12392507166188921,0.03536046011816222,478.2317460492878,0.0013727649888188999,COMPLETE
518,0.1301246583561096,0.03872932875356441,8.246611092209319,0.01979727956496571,COMPLETE
519,0.1289914005732951,0.04436541221752014,0.4332015926891954,0.00789850176680219,COMPLETE
520,0.12545830277981468,0.040202834625181566,97.71803640591632,0.0010722610207248961,COMPLETE
521,0.12252516498900073,0.03768450369986234,0.7555465722571421,0.00789850176680219,COMPLETE
522,0.12852476501566562,0.030432876597429402,49.81423985139598,0.00276111230518919,COMPLETE
523,0.1296580227984801,0.03526032627218713,0.16112703062505443,96.82410003855314,COMPLETE
524,0.1345243650423305,0.03547156507393589,97.71803640591632,0.0001062101974417803,COMPLETE
525,0.13345776948203453,0.04664989544901902,4414.188047957258,9.711433843795191,COMPLETE
526,0.12725818278781414,0.040623218627065534,60.64490515335619,0.0031625769920390085,COMPLETE
527,0.12352509832677822,0.04782916818490756,8767.94227631701,0.7218367322605694,COMPLETE
528,0.12659156056262916,0.032327459595502595,3178.775809052605,0.11455070186990708,COMPLETE
529,0.12085860942603827,0.03666238531472412,776.7062979624534,0.00044519571948106604,COMPLETE
530,0.1297913472435171,0.041834348278572686,0.021554140577655177,1.834530898067978,COMPLETE
531,0.12779148056796213,0.031665490679166935,654.6413664730773,0.013369753411955218,COMPLETE
532,0.12239184054396374,0.048054257681287425,4290.714198803618,92.94701800863031,COMPLETE
533,0.12692487167522165,0.0358898363119248,14.22252991776188,0.0023473332744507144,COMPLETE
534,0.12239184054396374,0.036589614819042646,0.050249094574372814,2.313493567936231,COMPLETE
535,0.1297246850209986,0.04378532691952869,2.4575845897548034,0.07741257703144522,COMPLETE
536,0.12772481834544364,0.03907999817243963,0.01438661402130867,0.00017600211222717439,COMPLETE
537,0.12725818278781414,0.038631300760902286,2.4575845897548034,96.82410003855314,COMPLETE
538,0.11952536497566829,0.04206668994727313,4.669890941163115,3.136685654920792,COMPLETE
539,0.1244583694420372,0.04301588799706132,3.2913069438701132,0.5879593313365123,COMPLETE
540,0.12305846276914872,0.04085868435515541,0.15073105406474852,0.002313672578812394,COMPLETE
541,0.1302579828011466,0.03986994692130689,5.1350730645682905,9.711433843795191,COMPLETE
542,0.13192453836410906,0.04043833518835532,2.4575845897548034,0.01903583169666511,COMPLETE
543,0.12059196053596427,0.04105614242329025,30.365334693765934,5.374069274285152,COMPLETE
544,0.12832477834811012,0.041300311907638367,0.21062256775375107,0.02796211493731449,COMPLETE
545,0.12725818278781414,0.03651693714558454,0.2387369990277318,0.19596231038198933,COMPLETE
546,0.12559162722485168,0.042667789366638245,3.2523087020331123,0.00010231782918892313,COMPLETE
547,0.12712485834277715,0.03306345439389787,0.15834113184456775,43.031341529714034,COMPLETE
548,0.12639157389507366,0.03904819631500141,196.6156311895181,0.013369753411955218,COMPLETE
549,0.13212452503166455,0.041942648161659796,158.93092373638797,0.28068215144862435,COMPLETE
550,0.12585827611492567,0.04448908914603914,104.59288264889139,0.02626512734972538,COMPLETE
551,0.12699153389774015,0.029978431318651872,113.10210683319467,0.000666634984998786,COMPLETE
552,0.1295913605759616,0.03684027466272528,0.050249094574372814,0.0182193293404572,COMPLETE
553,0.12665822278514766,0.043184155700058915,60.17294950459364,9.711433843795191,COMPLETE
554,0.13272448503433104,0.03429172820948232,521.4478949091903,0.0005914818358565772,COMPLETE
555,0.13412439170721951,0.041162388382025725,16.710950722635047,0.038714063499072915,COMPLETE
556,0.12485834277714819,0.034522300781569704,2.0558738075116545,1.834530898067978,COMPLETE
557,0.12359176054929671,0.04057598244525855,0.022705370882701033,8.385060993006372,COMPLETE
558,0.12825811612559163,0.044857247647992135,475.56563592421855,0.0037971659912415705,COMPLETE
559,0.13085794280381308,0.03590778194542011,5.397722618618105,0.00023748323743854577,COMPLETE
560,0.13159122725151656,0.03262509114918563,0.85588773335519,0.15374582915748258,COMPLETE
561,0.12865808946070262,0.04740003925263805,6578.3061298688435,0.12888523076440253,COMPLETE
562,0.1250583294447037,0.03693426899509819,54.61387565580674,0.00034757359836652576,COMPLETE
563,0.12312512499166722,0.034114413699305686,4414.188047957258,0.012522021484950236,COMPLETE
564,0.1245250316645557,0.03717665052382188,0.055373495891902096,0.02626512734972538,COMPLETE
565,0.12732484501033264,0.04000777955311835,0.05994144048508899,1.8606270338609645,COMPLETE
566,0.13179121391907206,0.03001117168493552,0.050249094574372814,21.24603888594739,COMPLETE
567,0.1250583294447037,0.04399314888763005,0.43885327585778605,0.20459361358484757,COMPLETE
568,0.12339177388174122,0.037621722468846736,0.02650461294894344,18.380784408517577,COMPLETE
569,0.12259182721151923,0.0412062735263426,475.56563592421855,3.3226017749059245,COMPLETE
570,0.12472501833211119,0.04130342611923575,6871.7518359729465,0.011907670242337132,COMPLETE
571,0.13232451169922005,0.04122215304742695,44.454669718235216,1.177985966890296,COMPLETE
572,0.12332511165922272,0.035204063616519524,475.56563592421855,96.82410003855314,COMPLETE
573,0.12759149390040664,0.04207619795012366,2.4575845897548034,0.002313672578812394,COMPLETE
574,0.12059196053596427,0.03855240904968288,0.3884505424283487,0.3627713915625595,COMPLETE
575,0.1289247383507766,0.04115690469564687,475.56563592421855,0.0037971659912415705,COMPLETE
576,0.12719152056529565,0.02950972897776092,2658.465615289061,0.00033309927336915924,COMPLETE
577,0.12805812945803613,0.037899746150827106,0.027984619068982013,0.04303409758664709,COMPLETE
578,0.13785747616825544,0.03688030540086425,0.050249094574372814,0.0182193293404572,COMPLETE
579,0.1345243650423305,0.04056600508045832,2267.68766310791,1.8606270338609645,COMPLETE
580,0.12832477834811012,0.040957071706104,8.246611092209319,33.21264338310113,COMPLETE
581,0.12859142723818412,0.03917350259156026,4414.188047957258,0.013369753411955218,COMPLETE
582,0.11859209386040931,0.03313450996257642,9552.092947795103,0.0010722610207248961,COMPLETE
583,0.13079128058129458,0.042981154592880766,16.12186147520807,0.00020128215794495378,COMPLETE
584,0.13092460502633158,0.03474235126867085,82.74378490530653,0.0056034348187433865,COMPLETE
585,0.1191253916405573,0.03542460983820172,8.246611092209319,0.003949182031077511,COMPLETE
586,0.12785814279048063,0.04107857465903947,0.055373495891902096,0.022399137989179196,COMPLETE
587,0.12265848943403773,0.044364138508110176,3590.0280366016113,0.013517858172829945,COMPLETE
588,0.13325778281447903,0.04300408662368478,2694.30010693048,0.0182193293404572,COMPLETE
589,0.12879141390573962,0.03991890493221699,0.055373495891902096,0.5251045934770285,COMPLETE
590,0.12799146723551763,0.037361749963515684,2.4575845897548034,0.7218367322605694,COMPLETE
591,0.12492500499966669,0.04172633194093743,8.246611092209319,0.01979727956496571,COMPLETE
592,0.12799146723551763,0.043091220041442876,0.03511601364121078,22.841846439688357,COMPLETE
593,0.12125858276114926,0.03602938854181323,3.0593252492758096,0.007482089649924796,COMPLETE
594,0.12692487167522165,0.03289112967885707,82.74378490530653,1.834530898067978,COMPLETE
595,0.12085860942603827,0.037853886216928354,37.5960425089581,96.82410003855314,COMPLETE
596,0.12532497833477768,0.043643512471405445,475.56563592421855,0.03469396273148289,COMPLETE
597,0.1289247383507766,0.039163320465604494,0.050249094574372814,9.711433843795191,COMPLETE
598,0.13239117392173855,0.04259362616004407,0.022705370882701033,9.364444705676496,COMPLETE
599,0.12745816945536964,0.042563724818864945,0.06536544774828897,0.0037971659912415705,COMPLETE
600,0.12772481834544364,0.041117196316449875,720.4984518903212,0.0037971659912415705,COMPLETE
601,0.1243917072195187,0.04020141674221548,1.9227781251342395,1.8973147647143604,COMPLETE
602,0.12319178721418572,0.042049002018878213,475.56563592421855,0.011827747287445045,COMPLETE
603,0.12632491167255516,0.038597768198281764,51.42565656281109,0.009887728977946509,COMPLETE
604,0.12219185387640824,0.034740801180962476,657.9387974770806,0.007473234549972707,COMPLETE
605,0.1243917072195187,0.04265487766791111,5440.716116144768,0.0182193293404572,COMPLETE
606,0.13865742283847743,0.03735521133742441,2.4575845897548034,10.173867435377717,COMPLETE
607,0.12365842277181521,0.03853351142077879,30.01528144025498,0.00789850176680219,COMPLETE
608,0.12692487167522165,0.042194869535761105,0.055373495891902096,3.5095970311187106,COMPLETE
609,0.12632491167255516,0.03759081491160398,0.014033717943719706,0.0002584790393028366,COMPLETE
610,0.1290580627958136,0.03586362030230622,0.4495531720645129,0.02626512734972538,COMPLETE
611,0.12772481834544364,0.04246593419979415,0.012041999032677284,0.013369753411955218,COMPLETE
612,0.12825811612559163,0.036770283690646804,30.79383366023682,0.00017242001774779865,COMPLETE
613,0.12592493833744417,0.039596316922133196,82.74378490530653,15.659063361009094,COMPLETE
614,0.12585827611492567,0.04163891419092738,2.6722343409004843,0.0005873620680294338,COMPLETE
615,0.12692487167522165,0.04566919054092848,97.71803640591632,0.018102213062047498,COMPLETE
616,0.1297246850209986,0.04792049279938365,65.31657324330558,0.0029967863969060284,COMPLETE
617,0.12479168055462969,0.046913804982742384,1468.1493762058744,70.62434065921288,COMPLETE
618,0.12079194720351977,0.042702936779506345,410.8795746707579,0.0040913584223240115,COMPLETE
619,0.12112525831611226,0.04427852481927319,3216.3039358251576,96.82410003855314,COMPLETE
620,0.12085860942603827,0.035833485372828135,235.28069537334508,0.00018509345239349316,COMPLETE
621,0.13345776948203453,0.043585176818649644,1906.1641517347728,38.249641374495916,COMPLETE
622,0.1298580094660356,0.035723795379624536,0.013798321745801284,0.0875888352177406,COMPLETE
623,0.13212452503166455,0.03537133946114247,0.16995976177956715,1.9451088505340488,COMPLETE
624,0.13059129391373908,0.04222426835803105,29.33471302824356,23.624441032535707,COMPLETE
625,0.1241250583294447,0.04125799298543411,5440.716116144768,0.0182193293404572,COMPLETE
626,0.1296580227984801,0.03693899527801336,582.7976240382188,0.01979727956496571,COMPLETE
627,0.12239184054396374,0.03970826679954613,0.19117039749381867,1.9451088505340488,COMPLETE
628,0.12572495166988867,0.041584250976822126,5593.632645921561,1.8606270338609645,COMPLETE
629,0.12545830277981468,0.03897572758140421,1.5654915170754062,0.8056305000688538,COMPLETE
630,0.12525831611225918,0.04120778611772386,3187.8538862106548,1.1286235325723795,COMPLETE
631,0.13332444503699753,0.033460476280485735,1.0319750066001068,0.00789850176680219,COMPLETE
632,0.12492500499966669,0.040350521229742524,142.92475514370088,0.0012298837431140442,COMPLETE
633,0.12865808946070262,0.04105916037746829,85.51002403919651,18.954994706438217,COMPLETE
634,0.12472501833211119,0.04470303536130856,8767.94227631701,0.0031625769920390085,COMPLETE
635,0.13045796946870208,0.036757617440793644,27.888061396183236,0.0182193293404572,COMPLETE
636,0.12372508499433371,0.043260761907963276,22.245787523357954,0.03690827114693574,COMPLETE
637,0.12785814279048063,0.031832942316437095,0.02650461294894344,0.00789850176680219,COMPLETE
638,0.1250583294447037,0.04078808298027038,657.9387974770806,4.478114354342905,COMPLETE
639,0.13412439170721951,0.03650183359476839,8.246611092209319,70.71353370385008,COMPLETE
640,0.1242583827744817,0.04197474265224989,100.43738701362912,0.01822196070529215,COMPLETE
641,0.1301246583561096,0.0352049820003828,4414.188047957258,74.7251334236678,COMPLETE
642,0.12145856942870475,0.035887476651122574,2.4575845897548034,20.068585857768017,COMPLETE
643,0.12579161389240717,0.03677276024623851,4414.188047957258,0.0014867971147481385,COMPLETE
644,0.12832477834811012,0.03832463998255165,767.5198129503035,15.492312102676449,COMPLETE
645,0.12845810279314712,0.040776404235944474,6.823347003241762,0.5059628643140616,COMPLETE
646,0.13165788947403506,0.03909666635801556,10.376850391587254,9.346938788301765,COMPLETE
647,0.12552496500233318,0.036160259071583024,8.246611092209319,0.018737554575547696,COMPLETE
648,0.13132457836144257,0.03937552647933875,0.06279990345152499,0.018737554575547696,COMPLETE
649,0.1294580361309246,0.03381670115197893,0.055373495891902096,0.20459361358484757,COMPLETE
650,0.12565828944737018,0.046984137538104515,2.5814205131864316,0.02626512734972538,COMPLETE
651,0.12372508499433371,0.03660522512478254,1139.6331211698905,62.726300682827684,COMPLETE
652,0.13499100059996,0.039592154498289546,63.98861812372546,0.013369753411955218,COMPLETE
653,0.12872475168322112,0.045504798336838855,0.43885327585778605,0.20459361358484757,COMPLETE
654,0.12305846276914872,0.040150632873739545,0.02650461294894344,1.8973147647143604,COMPLETE
655,0.1239917338844077,0.04206706075834614,54.24916757776016,0.01979727956496571,COMPLETE
656,0.13612425838277448,0.03405517269912222,2.4575845897548034,1.834530898067978,COMPLETE
657,0.12392507166188921,0.03854067433290191,82.74378490530653,0.5879593313365123,COMPLETE
658,0.12739150723285114,0.03835157085760115,66.38686159886589,0.005973330656741422,COMPLETE
659,0.12232517832144524,0.04809532066528138,8767.94227631701,1.834530898067978,COMPLETE
660,0.12765815612292514,0.04585548298716459,2855.438870712896,0.08933427592897175,COMPLETE
661,0.12785814279048063,0.0422707730616493,0.19640110823228915,0.013369753411955218,COMPLETE
662,0.13912405839610692,0.035860475515945706,82.74378490530653,7.123493811524808,COMPLETE
663,0.12825811612559163,0.04240892840647081,8.246611092209319,15.659063361009094,COMPLETE
664,0.1241917205519632,0.04024508023181798,5593.632645921561,41.6103590392096,COMPLETE
665,0.13625758282781147,0.03762258942183503,3.833580828446307,0.001398306090276745,COMPLETE
666,0.1302579828011466,0.02969475024371519,610.3396749049132,0.00016035435547512465,COMPLETE
667,0.1245250316645557,0.03754563013176048,82.74378490530653,70.62434065921288,COMPLETE
668,0.13292447170188654,0.03858709548315043,0.43885327585778605,1.9451088505340488,COMPLETE
669,0.135524298380108,0.03577904201015864,0.022705370882701033,22.841846439688357,COMPLETE
670,0.12545830277981468,0.034490233035661025,2.002100490185936,0.01979727956496571,COMPLETE
671,0.12485834277714819,0.047334739021324866,495.958662105077,8.956425589345335,COMPLETE
672,0.12825811612559163,0.041903089855830716,58.95564702059404,0.02626512734972538,COMPLETE
673,0.12359176054929671,0.038561531440408844,190.6407695569932,3.159083735812173,COMPLETE
674,0.1250583294447037,0.04012138689035685,657.9387974770806,0.0031625769920390085,COMPLETE
675,0.12285847610159323,0.03608431084751721,3110.1377470169305,0.08144945386820437,COMPLETE
676,0.1294580361309246,0.03530523636294133,9552.092947795103,0.0010722610207248961,COMPLETE
677,0.12872475168322112,0.041514141942141654,2.4575845897548034,18.42902837394614,COMPLETE
678,0.1289247383507766,0.04022208302099169,0.4152309045662428,0.036368161759505316,COMPLETE
679,0.1297913472435171,0.034222754803857856,0.050249094574372814,0.035162575668035656,COMPLETE
680,0.12019198720085328,0.03772062372882782,0.011863429302585089,0.00048691238992271574,COMPLETE
681,0.11945870275314979,0.044483803472791954,1.4702922595329029,13.146385494085145,COMPLETE
682,0.13205786280914605,0.036442276414964725,0.04210685064777274,0.00789850176680219,COMPLETE
683,0.13392440503966402,0.04009930186439507,1152.4720440514914,0.01974827744585712,COMPLETE
684,0.12379174721685221,0.035812525824197666,657.9387974770806,0.9213177156845148,COMPLETE
685,0.12032531164589028,0.05080263912657139,0.19117039749381867,0.038714063499072915,COMPLETE
686,0.12765815612292514,0.043225873067390834,82.74378490530653,2.468843060574376,COMPLETE
687,0.1297246850209986,0.043706098949673006,0.06102105854091819,1.8606270338609645,COMPLETE
688,0.12765815612292514,0.044395397912761266,0.06033273675464055,0.0182193293404572,COMPLETE
689,0.1295913605759616,0.04107411430685123,4414.188047957258,2.313493567936231,COMPLETE
690,0.1295246983534431,0.03758899652807524,1264.4598780247186,0.038714063499072915,COMPLETE
691,0.12552496500233318,0.03577664574778693,30.365334693765934,22.841846439688357,COMPLETE
692,0.13125791613892407,0.031539118745403986,82.74378490530653,15.659063361009094,COMPLETE
693,0.13039130724618359,0.03306969536312902,8767.94227631701,0.003949182031077511,COMPLETE
694,0.12305846276914872,0.04617348400383302,3590.0280366016113,0.013517858172829945,COMPLETE
695,0.1302579828011466,0.035401198943925766,0.38442036429272414,1.834530898067978,COMPLETE
696,0.1289914005732951,0.03324942115722342,9021.223783612992,0.0005914818358565772,COMPLETE
697,0.12852476501566562,0.03882919484914142,8.246611092209319,0.002313672578812394,COMPLETE
698,0.135257649490034,0.038692741049647844,0.06102105854091819,0.00789850176680219,COMPLETE
699,0.1296580227984801,0.03646695989748117,40.30246608709085,0.0022408291915373153,COMPLETE
700,0.11852543163789081,0.04559740959081572,4414.188047957258,26.455766190579084,COMPLETE
701,0.12845810279314712,0.04721381988602169,82.74378490530653,0.0005914818358565772,COMPLETE
702,0.1291913872408506,0.039464079830618115,657.9387974770806,0.0007859118274745472,COMPLETE
703,0.12339177388174122,0.03551762197816817,82.74378490530653,0.0005914818358565772,COMPLETE
704,0.12852476501566562,0.031204656845451335,0.28191007548728975,0.00789850176680219,COMPLETE
705,0.12725818278781414,0.04314835342117275,4028.54403184269,0.17260975057393182,COMPLETE
706,0.12105859609359376,0.04123315332902085,0.43885327585778605,0.20459361358484757,COMPLETE
707,0.12739150723285114,0.034574360776277964,246.82820973942975,0.00034757359836652576,COMPLETE
708,0.12765815612292514,0.04232939312332617,0.012041999032677284,0.0037971659912415705,COMPLETE
709,0.12512499166722219,0.03890975116972396,66.38686159886589,0.07785692436929866,COMPLETE
710,0.11679221385240984,0.046720955496514276,3110.1377470169305,9.711433843795191,COMPLETE
711,0.12059196053596427,0.04499877283219158,5593.632645921561,5.025251752320809,COMPLETE
712,0.1291247250183321,0.032575897014475365,0.3861460695320594,0.00034757359836652576,COMPLETE
713,0.12685820945270315,0.033451642589473016,8.246611092209319,0.002500384908582774,COMPLETE
714,0.12352509832677822,0.03920985755026574,3.676145151602411,0.007661486697498361,COMPLETE
715,0.12712485834277715,0.03915432775448864,10.586991938831757,0.0037971659912415705,COMPLETE
716,0.12779148056796213,0.041533114998678754,0.26458837202059327,3.147207396423025,COMPLETE
717,0.12285847610159323,0.03967449766154764,253.74577966870086,7.3205992016438755,COMPLETE
718,0.12385840943937071,0.04410201506302483,5593.632645921561,15.659063361009094,COMPLETE
719,0.13059129391373908,0.03891245110664644,475.56563592421855,14.550696002474908,COMPLETE
720,0.134324378374775,0.035945348530722655,195.20457405931006,0.0037971659912415705,COMPLETE
721,0.12112525831611226,0.040299861040244134,6283.120401032437,0.01979727956496571,COMPLETE
722,0.13752416505566295,0.045109901916495936,3.4102969681313575,0.1787015128610421,COMPLETE
723,0.1347910139324045,0.038209094448374156,190.6407695569932,0.0008484195300169926,COMPLETE
724,0.12379174721685221,0.04323792592773166,2.4575845897548034,0.03403767378504881,COMPLETE
725,0.12792480501299913,0.039753511175017034,2.4575845897548034,41.6103590392096,COMPLETE
726,0.14352376508232784,0.036035077309763394,0.012127413643070037,0.006849198390150826,COMPLETE
727,0.12572495166988867,0.04385807112333371,246.82820973942975,0.00034757359836652576,COMPLETE
728,0.12025864942337178,0.03997995819536599,3110.1377470169305,0.14102424514089043,COMPLETE
729,0.13045796946870208,0.040994671496693384,396.766149605379,9.711433843795191,COMPLETE
730,0.12499166722218519,0.03885082764619367,329.2779478379662,0.00223849247260165,COMPLETE
731,0.12672488500766615,0.039350911460289004,0.018774801409243598,9.711433843795191,COMPLETE
732,0.12525831611225918,0.03937542170591976,30.365334693765934,0.20459361358484757,COMPLETE
733,0.134591027264849,0.0458662354865028,78.52915049577521,0.37059708965780397,COMPLETE
734,0.12752483167788814,0.037999999760652346,16.886308826223747,70.62434065921288,COMPLETE
735,0.12252516498900073,0.041014046888223216,3178.775809052605,45.88984825886697,COMPLETE
736,0.12712485834277715,0.04759373280670274,0.16995976177956715,0.013369753411955218,COMPLETE
737,0.13365775614959002,0.02889217770905571,0.04694529332354954,0.00024292333627412178,COMPLETE
738,0.1296580227984801,0.04380856231067995,0.011863429302585089,0.0033228216997009236,COMPLETE
739,0.13572428504766348,0.03621416820717498,82.93414961872442,0.0031625769920390085,COMPLETE
740,0.12752483167788814,0.036824186719404295,5.994226707535303,0.0005873620680294338,COMPLETE
741,0.12085860942603827,0.03878218925198436,0.010890559488386489,1.834530898067978,COMPLETE
742,0.12552496500233318,0.0370563205197995,3.676145151602411,0.7921591618691878,COMPLETE
743,0.12512499166722219,0.045483421448824946,8.246611092209319,0.003949182031077511,COMPLETE
744,0.12639157389507366,0.03768405815736613,4414.188047957258,0.013369753411955218,COMPLETE
745,0.12852476501566562,0.03759743211899924,3110.1377470169305,9.711433843795191,COMPLETE
746,0.13285780947936804,0.03151597266103445,2520.9641690830526,0.00016999567666638966,COMPLETE
747,0.12032531164589028,0.05019104543263389,6283.120401032437,1.9451088505340488,COMPLETE
748,0.13325778281447903,0.03995719012918564,30.365334693765934,0.00789850176680219,COMPLETE
749,0.12532497833477768,0.04188318596082844,4996.796040477171,1.9451088505340488,COMPLETE
750,0.12865808946070262,0.038106345364520504,0.06508888551429474,18.227087133016195,COMPLETE
751,0.12645823611759216,0.046021434695387525,30.79383366023682,0.0005873620680294338,COMPLETE
752,0.12645823611759216,0.041816866904230955,66.38686159886589,1.5513295761572716,COMPLETE
753,0.14159056062929137,0.030763123768757394,0.16995976177956715,0.013369753411955218,COMPLETE
754,0.12825811612559163,0.03546351358846704,8.246611092209319,0.003949182031077511,COMPLETE
755,0.134724351709886,0.0445350998265839,4414.188047957258,0.007401133484243915,COMPLETE
756,0.13652423171788547,0.03870410456689287,268.1783815335158,4.057292820586186,COMPLETE
757,0.1302579828011466,0.04472028081343113,0.26666502328334685,9.711433843795191,COMPLETE
758,0.12279181387907473,0.039083865266392834,2.5814205131864316,0.02626512734972538,COMPLETE
759,0.13232451169922005,0.042170518679691855,15.78426745760539,0.7218367322605694,COMPLETE
760,0.12085860942603827,0.04322696615057033,3.3106783706439598,0.013369753411955218,COMPLETE
761,0.12552496500233318,0.04072004538228683,4909.817539076437,0.06947444204686948,COMPLETE
762,0.12159189387374175,0.036985484561512176,0.024114220988020105,19.50385663057766,COMPLETE
763,0.12745816945536964,0.041429674596685624,7034.963500574714,0.2443207956014585,COMPLETE
764,0.13065795613625758,0.03276087369712388,0.021209047099110593,0.004658308715315376,COMPLETE
765,0.12485834277714819,0.034819396622010716,8.246611092209319,1.6537546011361808,COMPLETE
766,0.12285847610159323,0.03171713390542582,5.578129784555031,0.00048691238992271574,COMPLETE
767,0.134857676154923,0.03862990894584344,2.119226995033251,0.0031625769920390085,COMPLETE
768,0.1188587427504833,0.03831167002437236,0.43781499294901555,0.011396867828278043,COMPLETE
769,0.11819212052529832,0.03762165623852899,5440.716116144768,0.03329634937628848,COMPLETE
770,0.12839144057062862,0.03974746266015496,0.027337773746399684,5.522662547146233,COMPLETE
771,0.12019198720085328,0.0448928354002902,9663.822542325219,22.841846439688357,COMPLETE
772,0.1299913339110726,0.035312957343871285,40.50378152084833,13.146385494085145,COMPLETE
773,0.1342577161522565,0.03728453137836146,9.44978979841195,0.20459361358484757,COMPLETE
774,0.1241917205519632,0.04334783368141396,6283.120401032437,0.013369753411955218,COMPLETE
775,0.13079128058129458,0.0387729316094989,0.012041999032677284,0.5883369107333462,COMPLETE
776,0.12665822278514766,0.04289369659084991,30.79383366023682,0.10366268999454002,COMPLETE
777,0.12745816945536964,0.035956119666150116,1610.5486780796668,0.07608691410776466,COMPLETE
778,0.12852476501566562,0.04086738676056066,4581.663778104491,54.67958108943627,COMPLETE
779,0.13212452503166455,0.041837340170789904,0.4521287000382297,0.0009377219510318374,COMPLETE
780,0.13839077394840343,0.03533053877128795,246.82820973942975,65.79557262689511,COMPLETE
781,0.1294580361309246,0.03349208601606741,3.2523087020331123,2.2483988403297,COMPLETE
782,0.13752416505566295,0.041829205851873046,475.56563592421855,0.26464399269403,COMPLETE
783,0.12352509832677822,0.03809978480135841,495.958662105077,1.0575820848063144,COMPLETE
784,0.12532497833477768,0.045544801356171914,5440.716116144768,0.08108583097497056,COMPLETE
785,0.13052463169122058,0.03602681328285536,1.4702922595329029,0.012305788094618507,COMPLETE
786,0.12232517832144524,0.04290261566759349,2703.5995920943274,0.00785708573185152,COMPLETE
787,0.12692487167522165,0.042197142713317044,1096.6322846321302,0.2775262154951333,COMPLETE
788,0.12652489834011066,0.04589714097344617,81.48580150117351,0.16207729309253507,COMPLETE
789,0.12699153389774015,0.035440773142476366,242.094494980771,9.711433843795191,COMPLETE
790,0.12232517832144524,0.04245564356854857,0.06033273675464055,1.8606270338609645,COMPLETE
791,0.13232451169922005,0.03594680463403318,375.2833791149161,0.013369753411955218,COMPLETE
792,0.13039130724618359,0.041108931920387545,0.06033273675464055,0.02452825038265152,COMPLETE
793,0.13132457836144257,0.03410888077305104,495.958662105077,0.02626512734972538,COMPLETE
794,0.12485834277714819,0.046433848210244454,1.702309173954951,96.82410003855314,COMPLETE
795,0.12825811612559163,0.03301897016969366,246.82820973942975,0.0005154427548319697,COMPLETE
796,0.13319112059196053,0.042380080781764216,2810.86205200871,1.9451088505340488,COMPLETE
797,0.12759149390040664,0.03891628166744241,2.4575845897548034,82.48986728298992,COMPLETE
798,0.13045796946870208,0.03997834453605674,0.22189980518085534,1.9451088505340488,COMPLETE
799,0.11992533831077928,0.04861765579233145,4414.188047957258,0.07477310290547144,COMPLETE
800,0.12839144057062862,0.03703975941015635,499.4622765861853,53.49703666194694,COMPLETE
801,0.1342577161522565,0.03529224826203836,0.06508888551429474,9.711433843795191,COMPLETE
802,0.13405772948470102,0.03249789327087658,1.8845804064594573,0.24951347105644187,COMPLETE
803,0.12332511165922272,0.041724509810380964,2.119226995033251,0.00789850176680219,COMPLETE
804,0.12052529831344577,0.04690710346363004,1699.7548659098384,66.15972412667446,COMPLETE
805,0.12079194720351977,0.04704763691259428,8767.94227631701,1.3096921419961014,COMPLETE
806,0.13299113392440504,0.04268441954249206,1.4687404201683594,1.8606270338609645,COMPLETE
807,0.12865808946070262,0.03661908114050554,3110.1377470169305,37.17983957511728,COMPLETE
808,0.12339177388174122,0.04262457923369121,66.38686159886589,0.0005158759241843622,COMPLETE
809,0.12619158722751816,0.03977332939768514,3110.1377470169305,0.14102424514089043,COMPLETE
810,0.13352443170455303,0.04685315820901916,11.28559855050589,0.005973330656741422,COMPLETE
811,0.12272515165655623,0.045429040235770796,13.765172648524608,81.23405201966396,COMPLETE
812,0.13139124058396107,0.040775347089441465,0.5143143660457591,9.711433843795191,COMPLETE
813,0.12299180054663023,0.04003826358799798,0.19117039749381867,0.0008681238779247684,COMPLETE
814,0.13272448503433104,0.03539123006089553,1.1926593364999685,0.38369820178706154,COMPLETE
815,0.12592493833744417,0.032244204726605004,4414.188047957258,0.00048691238992271574,COMPLETE
816,0.12812479168055463,0.04242972023804896,0.06508888551429474,0.005973330656741422,COMPLETE
817,0.13919072061862542,0.03975743078633824,0.06033273675464055,0.0182193293404572,COMPLETE
818,0.13105792947136857,0.037811043404521086,0.06508888551429474,0.0031625769920390085,COMPLETE
819,0.12792480501299913,0.04503724132459415,3345.5659433815545,0.018737554575547696,COMPLETE
820,0.1291913872408506,0.03807880943159386,8.246611092209319,0.003949182031077511,COMPLETE
821,0.13072461835877608,0.03677094909960339,0.06337997873251434,9.711433843795191,COMPLETE
822,0.12345843610425972,0.04279185809642616,3110.1377470169305,2.313493567936231,COMPLETE
823,0.13285780947936804,0.04133364439484092,7.377641339071757,70.62434065921288,COMPLETE
824,0.13399106726218252,0.043092224970547786,44.571283132123085,0.7734652529429128,COMPLETE
825,0.12619158722751816,0.040779227271002166,5440.716116144768,0.0182193293404572,COMPLETE
826,0.1292580494633691,0.03515179942849384,3110.1377470169305,0.00034757359836652576,COMPLETE
827,0.12585827611492567,0.04008356791094932,1438.1653254742157,0.005973330656741422,COMPLETE
828,0.12592493833744417,0.03688948123603617,0.021608660387910532,1.3071277890787274,COMPLETE
829,0.13199120058662756,0.030173810393874394,2.5814205131864316,0.0182193293404572,COMPLETE
830,0.13105792947136857,0.04026446078083025,0.011863429302585089,0.018074812951011307,COMPLETE
831,0.13205786280914605,0.03693838236013777,0.06033273675464055,0.003949182031077511,COMPLETE
832,0.1240583961069262,0.04135541194219897,5593.632645921561,59.67029777125878,COMPLETE
833,0.12825811612559163,0.043935011437713035,0.43885327585778605,7.988540468545826,COMPLETE
834,0.12532497833477768,0.03508124119138777,0.07929571851056483,0.013369753411955218,COMPLETE
835,0.1250583294447037,0.04333865303966648,9.099818722581666,0.013517858172829945,COMPLETE
836,0.1299913339110726,0.03517977176967818,3.676145151602411,16.34070599851184,COMPLETE
837,0.12739150723285114,0.035598470422885144,1.4702922595329029,0.004715960693650675,COMPLETE
838,0.13372441837210852,0.04017016264109879,66.38686159886589,0.005973330656741422,COMPLETE
839,0.13185787614159056,0.044650500208590925,222.4866899400138,96.82410003855314,COMPLETE
840,0.13212452503166455,0.04195060148350855,0.01820180995502251,9.711433843795191,COMPLETE
841,0.1189254049730018,0.04279856753192671,8767.94227631701,0.007853098177982144,COMPLETE
842,0.1293913739084061,0.034368561288290106,0.2543585618697708,0.20730143164158207,COMPLETE
843,0.12812479168055463,0.037936032170474185,1755.5360142624459,41.54036136772985,COMPLETE
844,0.12532497833477768,0.042264709249885374,3660.955545229687,0.007033266899358505,COMPLETE
845,0.12712485834277715,0.038411971760326846,0.09024096715039788,70.62434065921288,COMPLETE
846,0.13205786280914605,0.041041042322960505,0.027877593842728213,0.01979727956496571,COMPLETE
847,0.12372508499433371,0.04505083982560205,9.204499117068405,0.008961842640275832,COMPLETE
848,0.12759149390040664,0.04250759607805363,965.1449277889925,41.6103590392096,COMPLETE
849,0.1293247116858876,0.038657806970830134,0.4473445904313048,68.77384555066477,COMPLETE
850,0.13239117392173855,0.043312114088102156,65.8178948899816,0.02626512734972538,COMPLETE
851,0.134324378374775,0.03718065679904793,0.26458837202059327,9.711433843795191,COMPLETE
852,0.1293913739084061,0.03480892217219496,9552.092947795103,0.0010722610207248961,COMPLETE
853,0.1343910405972935,0.04015185680525309,0.25181491640876363,0.0182193293404572,COMPLETE
854,0.12225851609892674,0.04752736016694681,6283.120401032437,0.013369753411955218,COMPLETE
855,0.1189254049730018,0.04775125182079114,6696.964215911571,0.0182193293404572,COMPLETE
856,0.12605826278248117,0.04270313407139287,0.17046474446622203,13.146385494085145,COMPLETE
857,0.12512499166722219,0.04046536576280954,475.56563592421855,9.711433843795191,COMPLETE
858,0.12612492500499967,0.039837442123114984,0.050249094574372814,0.0005264724262848038,COMPLETE
859,0.12365842277181521,0.038611228493428955,8100.465938590562,0.00045086557446558323,COMPLETE
860,0.1296580227984801,0.03326833933692487,14.46481154185984,4.1943973361691125,COMPLETE
861,0.12805812945803613,0.040780564767804915,1280.2031930946987,0.054150299574154175,COMPLETE
862,0.1245250316645557,0.04691908199764825,6283.120401032437,82.6173255986769,COMPLETE
863,0.12839144057062862,0.03936647263025949,46.89911288820492,0.013369753411955218,COMPLETE
864,0.12232517832144524,0.04585575609398979,4414.188047957258,0.013369753411955218,COMPLETE
865,0.13045796946870208,0.03401231322058861,0.19666215087391237,0.12888523076440253,COMPLETE
866,0.12785814279048063,0.03722980428756662,5693.1973751478445,0.002776449522058831,COMPLETE
867,0.12752483167788814,0.040554292551860514,8767.94227631701,0.021910605831570916,COMPLETE
868,0.11999200053329778,0.04938779784211742,2700.3120878457144,0.013369753411955218,COMPLETE
869,0.12192520498633425,0.04211406944771776,326.87794461615886,0.00789850176680219,COMPLETE
870,0.12639157389507366,0.037610389196029236,4414.188047957258,0.00010271748776736822,COMPLETE
871,0.13385774281714552,0.03228639506369831,0.8249155599852713,0.005973330656741422,COMPLETE
872,0.13339110725951603,0.037177681768017626,80.06559646200674,0.3608953651332299,COMPLETE
873,0.12859142723818412,0.030208870259558127,0.07298187082788,0.01979727956496571,COMPLETE
874,0.12812479168055463,0.044913131287663534,5593.632645921561,39.98537526434049,COMPLETE
875,0.13145790280647957,0.03702734892401283,2881.13145616061,1.8606270338609645,COMPLETE
876,0.12372508499433371,0.04322196002979324,0.012041999032677284,0.013517858172829945,COMPLETE
877,0.1239917338844077,0.042941675702909174,36.808357699532564,0.0025281656846861695,COMPLETE
878,0.12699153389774015,0.04928707704297932,2091.3874884826155,66.15972412667446,COMPLETE
879,0.12172521831877875,0.0360216668333226,0.018833705245912564,9.711433843795191,COMPLETE
880,0.12785814279048063,0.03664523135387438,0.020335548931405337,1.9451088505340488,COMPLETE
881,0.12579161389240717,0.041106596052429445,0.012041999032677284,0.13484875770619287,COMPLETE
882,0.12712485834277715,0.04021575589547355,1063.3586194598722,0.15115058383273366,COMPLETE
883,0.12172521831877875,0.040262625771774675,8767.94227631701,0.8833913313153409,COMPLETE
884,0.12719152056529565,0.036896131380643835,0.3682835308092814,0.0016663912809088248,COMPLETE
885,0.12612492500499967,0.04155633983702144,0.6278233117469366,3.0202135040160245,COMPLETE
886,0.12292513832411173,0.03742634791075686,0.26458837202059327,0.000838371128885715,COMPLETE
887,0.1250583294447037,0.0430355950845317,0.012041999032677284,0.7758328266207865,COMPLETE
888,0.1187254183054463,0.043490905955745306,0.6690760699860392,9.711433843795191,COMPLETE
889,0.12332511165922272,0.04063780353454558,236.51750550791516,45.797386319900276,COMPLETE
890,0.13132457836144257,0.04568700468561948,5693.1973751478445,0.09641799567103602,COMPLETE
891,0.12599160055996267,0.041653807989315395,0.2935775609273646,0.013517858172829945,COMPLETE
892,0.12205852943137124,0.05077419654401351,5593.632645921561,1.834530898067978,COMPLETE
893,0.12199186720885274,0.044006824797989674,19.952062540972502,0.04241654796164287,COMPLETE
894,0.12739150723285114,0.037786860748988106,555.0775078019674,0.057024397662645415,COMPLETE
895,0.12559162722485168,0.03698470305935066,475.56563592421855,0.0037971659912415705,COMPLETE
896,0.1294580361309246,0.03733700117154809,494.782246838793,0.005973330656741422,COMPLETE
897,0.12659156056262916,0.04127361969662717,0.022018146371012643,0.4273545696289683,COMPLETE
898,0.12179188054129725,0.04119959147334945,475.56563592421855,37.82514408934622,COMPLETE
899,0.12312512499166722,0.04374744171927017,0.7722404963663404,12.478510182121553,COMPLETE
900,0.1295913605759616,0.039699424509141094,30.79383366023682,9.711433843795191,COMPLETE
901,0.11965868942070529,0.04775427441892333,6283.120401032437,69.48678392850886,COMPLETE
902,0.1299246716885541,0.043439841236772164,0.06508888551429474,9.711433843795191,COMPLETE
903,0.12205852943137124,0.03392104357822634,2.119226995033251,1.834530898067978,COMPLETE
904,0.12592493833744417,0.03979521425197883,10.451312317783172,0.012047046738363973,COMPLETE
905,0.12739150723285114,0.03507655124300741,8.246611092209319,0.003949182031077511,COMPLETE
906,0.13719085394307046,0.04126167784448783,56.305177389182894,0.6299901326033984,COMPLETE
907,0.12619158722751816,0.042842319618931334,0.011864679974083294,1.834530898067978,COMPLETE
908,0.1289914005732951,0.04262678898868855,6283.120401032437,1.834530898067978,COMPLETE
909,0.12352509832677822,0.04035541207615174,0.011863429302585089,0.004176070140213358,COMPLETE
910,0.13039130724618359,0.039812172988917094,0.2257337667962975,0.054950456384086015,COMPLETE
911,0.13079128058129458,0.042145225024036934,8767.94227631701,0.032221051102807235,COMPLETE
912,0.12605826278248117,0.04213741523903143,5693.1973751478445,0.013517858172829945,COMPLETE
913,0.13132457836144257,0.04453059069495376,3110.1377470169305,0.03746103123329104,COMPLETE
914,0.13185787614159056,0.03883071588130551,3547.732497808199,0.002127503046545811,COMPLETE
915,0.12159189387374175,0.0480727134000661,6283.120401032437,0.04497392952794033,COMPLETE
916,0.12539164055729618,0.04467221690270557,0.26458837202059327,0.007661486697498361,COMPLETE
917,0.12885807612825811,0.03601482337095886,0.06033273675464055,0.0182193293404572,COMPLETE
918,0.13732417838810745,0.03328567202593537,0.0445628178512935,1.834530898067978,COMPLETE
919,0.13259116058929404,0.03881186453515679,0.037817648546941154,0.0034871606239963117,COMPLETE
920,0.13612425838277448,0.03509869841720905,39.35134506408411,0.08476053474139705,COMPLETE
921,0.1342577161522565,0.0376879745740823,0.09946768518122989,8.251388933765819,COMPLETE
922,0.12612492500499967,0.037461871490356374,2.5814205131864316,0.02626512734972538,COMPLETE
923,0.12559162722485168,0.04151928339205475,4414.188047957258,0.48189847926502893,COMPLETE
924,0.12679154723018465,0.03939540325973799,475.56563592421855,0.0182193293404572,COMPLETE
925,0.12279181387907473,0.03996215724662773,3110.1377470169305,16.624125859027064,COMPLETE
926,0.12045863609092727,0.04354677692486048,3110.1377470169305,0.006221277441853538,COMPLETE
927,0.12385840943937071,0.03611444213364992,17.778606421655688,0.00019934963766040533,COMPLETE
928,0.1245916938870742,0.04101920915513963,9104.433573075836,0.04301196475544126,COMPLETE
929,0.13279114725684954,0.038853611920527685,13.765172648524608,81.23405201966396,COMPLETE
930,0.13185787614159056,0.036912006860821626,8.246611092209319,0.003949182031077511,COMPLETE
931,0.13312445836944203,0.0394088921695877,0.07910229025818855,0.2035525216126576,COMPLETE
932,0.1301246583561096,0.041165122715031734,9242.650399328428,0.0019561291351941168,COMPLETE
933,0.12865808946070262,0.03983818356917151,1.7409891370551458,0.0005873620680294338,COMPLETE
934,0.12485834277714819,0.04378762994745073,22.090445414970375,0.00023320836650039695,COMPLETE
935,0.13305779614692353,0.0418545639592153,82.74378490530653,15.659063361009094,COMPLETE
936,0.13332444503699753,0.034794076091329784,148.2838228658068,93.38875723597859,COMPLETE
937,0.1349243383774415,0.03821596300607535,0.01818207409457862,1.834530898067978,COMPLETE
938,0.13172455169655356,0.039908260360756766,8.246611092209319,7.190173693198497,COMPLETE
939,0.12712485834277715,0.0438290970388103,0.21471052339270183,3.0196317685912595,COMPLETE
940,0.12385840943937071,0.037628257383204806,13.765172648524608,0.0037971659912415705,COMPLETE
941,0.12552496500233318,0.04216443344988624,0.098387116098795,0.0007857848241070588,COMPLETE
942,0.13165788947403506,0.035571017156490824,0.11594598382494925,0.0037971659912415705,COMPLETE
943,0.1297913472435171,0.03250816529033827,475.56563592421855,0.011373285719607606,COMPLETE
944,0.13059129391373908,0.041931217765978974,0.38568404593773536,0.0025847668325858233,COMPLETE
945,0.1297913472435171,0.045657831028326976,0.0548630637099102,0.013369753411955218,COMPLETE
946,0.1345243650423305,0.033913856319379244,0.27204190174573323,0.16207729309253507,COMPLETE
947,0.12545830277981468,0.03753216353657947,0.01603861783124278,0.005444909871723835,COMPLETE
948,0.1242583827744817,0.04269782005790669,3.676145151602411,0.7921591618691878,COMPLETE
949,0.12692487167522165,0.03802796222470839,2091.3874884826155,66.15972412667446,COMPLETE
950,0.1351909872675155,0.03790907494684649,723.5185838792518,0.0638114729752724,COMPLETE
951,0.1239917338844077,0.03855506422266679,0.6690760699860392,0.013369753411955218,COMPLETE
952,0.12672488500766615,0.04252042446969359,5593.632645921561,5.025251752320809,COMPLETE
953,0.12665822278514766,0.047600847024317536,0.050249094574372814,31.829479850860494,COMPLETE
954,0.12472501833211119,0.04205492925201136,6283.120401032437,0.00740273177463078,COMPLETE
955,0.1354576361575895,0.04030324697032291,15.921699558163757,0.0005841430428555012,COMPLETE
956,0.1293247116858876,0.039370541456135735,475.56563592421855,0.0004659188345603103,COMPLETE
957,0.12592493833744417,0.03825326657261804,5593.632645921561,52.5879361212674,COMPLETE
958,0.12612492500499967,0.0334287736179427,8.246611092209319,81.23405201966396,COMPLETE
959,0.12499166722218519,0.04007927934042917,8.246611092209319,1.6793113294850635,COMPLETE
960,0.135257649490034,0.03771497826465237,0.01673507531713022,41.47864019185573,COMPLETE
961,0.13045796946870208,0.04292659797381848,4298.525327501433,0.0182193293404572,COMPLETE
962,0.13145790280647957,0.04359546812215823,143.5201093379811,0.013369753411955218,COMPLETE
963,0.1244583694420372,0.044607821422128484,3.676145151602411,0.7921591618691878,COMPLETE
964,0.12612492500499967,0.04305332751457139,19.952062540972502,0.04241654796164287,COMPLETE
965,0.12659156056262916,0.052769997506060914,2091.3874884826155,77.8261267634034,COMPLETE
966,0.12265848943403773,0.04491722757575582,3590.0280366016113,0.07477310290547144,COMPLETE
967,0.12665822278514766,0.04041984699565451,2144.241308074604,5.105269274577381,COMPLETE
968,0.12345843610425972,0.03563640131813211,8.246611092209319,0.03709873776629261,COMPLETE
969,0.13185787614159056,0.03458644661798865,495.958662105077,0.02224301600919582,COMPLETE
970,0.1293913739084061,0.04804284999175697,8.246611092209319,0.07477310290547144,COMPLETE
971,0.1245916938870742,0.040032167861585845,1.4702922595329029,0.03259753013575579,COMPLETE
972,0.13212452503166455,0.03366435565199365,0.011997682566785756,0.034030113068049817,COMPLETE
973,0.12825811612559163,0.04029284510257358,2.5968157834541734,0.013369753411955218,COMPLETE
974,0.134457702819812,0.034399669928711796,0.1660425820388908,66.15972412667446,COMPLETE
975,0.1293913739084061,0.04670656374218147,6283.120401032437,0.0037971659912415705,COMPLETE
976,0.12179188054129725,0.04331751828145458,5593.632645921561,1.834530898067978,COMPLETE
977,0.12712485834277715,0.03904476916622469,0.16995976177956715,0.0182193293404572,COMPLETE
978,0.13112459169388707,0.03846727406942429,0.6690760699860392,3.793793434071378,COMPLETE
979,0.12232517832144524,0.049829708858510374,6283.120401032437,0.9159591409436798,COMPLETE
980,0.13259116058929404,0.03380901941284683,1.2039503156856863,9.711433843795191,COMPLETE
981,0.12152523165122325,0.04123284301254206,648.7912223184755,0.14102424514089043,COMPLETE
982,0.135124325044997,0.03913181268660874,1.8608677096913586,0.0017963624540331805,COMPLETE
983,0.12385840943937071,0.04068067489079772,0.3883939431926281,0.003949182031077511,COMPLETE
984,0.12739150723285114,0.031001873129885487,561.6000048343552,0.002813128075846779,COMPLETE
985,0.13325778281447903,0.040158383237488375,0.01073673563940687,0.0037971659912415705,COMPLETE
986,0.12625824945003666,0.03847550764560216,8.246611092209319,1.834530898067978,COMPLETE
987,0.11952536497566829,0.03965435983697656,0.04584012805394179,13.146385494085145,COMPLETE
988,0.1245250316645557,0.02978622676576209,6283.120401032437,10.489994157188374,COMPLETE
989,0.12765815612292514,0.044023130288463365,119.28867615419132,1.8606650370573627,COMPLETE
990,0.13365775614959002,0.03475523136827772,475.56563592421855,0.002885738905224611,COMPLETE
991,0.13259116058929404,0.03645661466805328,4414.188047957258,0.00789850176680219,COMPLETE
992,0.12685820945270315,0.04625560155987351,8.246611092209319,0.0182193293404572,COMPLETE
993,0.1244583694420372,0.047935826832994737,4414.188047957258,0.013369753411955218,COMPLETE
994,0.12612492500499967,0.04237719923637046,0.012041999032677284,0.0012106734202301853,COMPLETE
995,0.12305846276914872,0.036775056450948335,4414.188047957258,10.000872568932618,COMPLETE
996,0.12632491167255516,0.03663419310318575,2.4575845897548034,0.01979727956496571,COMPLETE
997,0.12339177388174122,0.03919416098034149,3.676145151602411,0.00099544283818232,COMPLETE
998,0.12332511165922272,0.03860271851396853,0.01545254946228998,38.54061921671837,COMPLETE
999,0.13052463169122058,0.04100488176116563,0.04982332367276217,0.005973330656741422,COMPLETE
1000,0.12732484501033264,0.03778731784187888,0.18681213799882762,22.841846439688357,COMPLETE
1001,0.13279114725684954,0.04273305795862015,4957.504612601573,5.025251752320809,COMPLETE
1002,0.1246583561095927,0.03618197777213642,0.01663089556251725,0.00040835433271467936,COMPLETE
1003,0.1295246983534431,0.04062808482741809,66.38686159886589,0.000510589070892446,COMPLETE
1004,0.12825811612559163,0.03996033159703073,0.6690760699860392,0.0025702584157587752,COMPLETE
1005,0.134724351709886,0.04646442906033146,797.9535634258738,0.16207729309253507,COMPLETE
1006,0.1293913739084061,0.03918048596649219,3.676145151602411,0.7921591618691878,COMPLETE
1007,0.1291913872408506,0.03810942385822848,1.4702922595329029,13.146385494085145,COMPLETE
1008,0.12265848943403773,0.043428963881161214,0.06508888551429474,0.013369753411955218,COMPLETE
1009,0.13152456502899806,0.042158389452743306,475.56563592421855,70.62434065921288,COMPLETE
1010,0.12045863609092727,0.044714985152463145,4414.188047957258,0.005226703923152633,COMPLETE
1011,0.1290580627958136,0.03253615367098459,0.06880118951107342,0.005973330656741422,COMPLETE
1012,0.12025864942337178,0.04820631212086694,6538.245741709289,0.23481459784426723,COMPLETE
1013,0.12539164055729618,0.0371662799270452,8.246611092209319,1.3084481113687658,COMPLETE
1014,0.1298580094660356,0.04975280389613912,8767.94227631701,0.08962265143698317,COMPLETE
1015,0.1293247116858876,0.04047985608258785,250.2467194865919,14.093452618650637,COMPLETE
1016,0.12365842277181521,0.0416471195393537,475.56563592421855,41.6103590392096,COMPLETE
1017,0.1241917205519632,0.030452405668589155,184.37881956029017,0.00034757359836652576,COMPLETE
1018,0.13305779614692353,0.03368387874796057,6283.120401032437,69.48678392850886,COMPLETE
1019,0.12685820945270315,0.03728309989155552,0.4387857721604987,1.834530898067978,COMPLETE
1020,0.12319178721418572,0.0434121722101658,20.82152545209363,70.62434065921288,COMPLETE
1021,0.13225784947670155,0.0387690768150051,0.06033273675464055,0.00016613280546333775,COMPLETE
1022,0.12545830277981468,0.04426107777332735,0.6690760699860392,0.05978766428653071,COMPLETE
1023,0.12199186720885274,0.04116413538690015,2.8776226823705855,0.000642885225452958,COMPLETE
1024,0.1289914005732951,0.04656366588094079,6283.120401032437,0.09882634856237787,COMPLETE
1025,0.12472501833211119,0.045666836406754355,190.6407695569932,0.01979727956496571,COMPLETE
1026,0.12199186720885274,0.04004589407327593,0.03181893361963327,8.956425589345335,COMPLETE
1027,0.1240583961069262,0.03748092625096295,197.94887546136252,4.375067971000358,COMPLETE
1028,0.12645823611759216,0.03829702252875053,6283.120401032437,0.18989404981182512,COMPLETE
1029,0.12172521831877875,0.046377071517407956,6283.120401032437,41.6103590392096,COMPLETE
1030,0.12692487167522165,0.04297488413513503,1.339498630573492,0.0037971659912415705,COMPLETE
1031,0.1243917072195187,0.04220480237907621,3.676145151602411,7.046004742351633,COMPLETE
1032,0.12219185387640824,0.04311987832580235,66.38686159886589,1.3096921419961014,COMPLETE
1033,0.1243250449970002,0.03809343703361051,8.246611092209319,13.805350770721923,COMPLETE
1034,0.12805812945803613,0.037371737213666364,2091.3874884826155,1.834530898067978,COMPLETE
1035,0.12699153389774015,0.03435830659728435,49.008168718452694,4.766671302150467,COMPLETE
1036,0.12559162722485168,0.0355486882949459,5593.632645921561,0.005973330656741422,COMPLETE
1037,0.12739150723285114,0.042514859666453325,7784.037489017458,1.9451088505340488,COMPLETE
1038,0.13079128058129458,0.03937320880468384,202.12242812272095,87.12958339890365,COMPLETE
1039,0.1302579828011466,0.03895960129245917,0.5336324885004285,0.05426787772140789,COMPLETE
1040,0.12832477834811012,0.03721575308266392,303.1080945286175,1.1856482178763192,COMPLETE
1041,0.12105859609359376,0.046155987718243495,1.4702922595329029,0.013369753411955218,COMPLETE
1042,0.13072461835877608,0.03489031721910928,62.086910104814926,0.009844754993123367,COMPLETE
1043,0.1289247383507766,0.03845566720791741,66.38686159886589,0.005973330656741422,COMPLETE
1044,0.1290580627958136,0.037786789794612405,2.0210921600137066,4.795552188006763,COMPLETE
1045,0.13079128058129458,0.04053768847694154,0.01057639673023339,69.48678392850886,COMPLETE
1046,0.1294580361309246,0.04248171142298687,1.5498782830781117,96.82410003855314,COMPLETE
1047,0.1301913205786281,0.03911285500445861,485.8529054829097,0.013369753411955218,COMPLETE
1048,0.12185854276381575,0.047954413649223974,190.6407695569932,0.002577489018984798,COMPLETE
1049,0.12785814279048063,0.041947040879077545,0.2680262543593448,0.07386152244780256,COMPLETE
1050,0.12385840943937071,0.04240911141966484,0.28099904002284554,1.0283627583279653,COMPLETE
1051,0.1293247116858876,0.04250054916212663,6.580688914594965,77.8261267634034,COMPLETE
1052,0.13705752949803346,0.034741114399567695,0.1677223843384036,66.15972412667446,COMPLETE
1053,0.12499166722218519,0.0426462311349516,8.246611092209319,0.7218367322605694,COMPLETE
1054,0.12372508499433371,0.050963760871984405,9552.092947795103,0.025922790194725678,COMPLETE
1055,0.12379174721685221,0.03489313133239513,1.4702922595329029,69.48678392850886,COMPLETE
1056,0.11979201386574229,0.045929611579000065,5593.632645921561,1.834530898067978,COMPLETE
1057,0.12885807612825811,0.03866850394919992,0.2505210637237083,0.0037971659912415705,COMPLETE
1058,0.1290580627958136,0.04094511276419799,20.07779683408064,1.834530898067978,COMPLETE
1059,0.12679154723018465,0.04167265168845168,146.37822912379335,66.15972412667446,COMPLETE
1060,0.12852476501566562,0.03958391644105541,5593.632645921561,99.77991579231912,COMPLETE
1061,0.13152456502899806,0.0409675121308115,1.0824699240289857,0.00018586422014696272,COMPLETE
1062,0.12325844943670422,0.03448221374912202,312.66504787526657,1.9451088505340488,COMPLETE
1063,0.1193920405306313,0.03848567997401766,2492.3694157038067,0.00789850176680219,COMPLETE
1064,0.12065862275848277,0.04032003898143916,0.06033273675464055,0.0182193293404572,COMPLETE
1065,0.12812479168055463,0.038816326777238515,6283.120401032437,1.9451088505340488,COMPLETE
1066,0.12025864942337178,0.045748197882124475,6283.120401032437,0.005871071653873728,COMPLETE
1067,0.12059196053596427,0.03575192860833661,87.72201340221883,0.0003384600407580722,COMPLETE
1068,0.11999200053329778,0.044524579743958834,3110.1377470169305,0.04497392952794033,COMPLETE
1069,0.12492500499966669,0.034376973438397844,2.791220619223233,33.18451834940252,COMPLETE
1070,0.12839144057062862,0.03785331634675861,0.11154421698322012,0.9159591409436798,COMPLETE
1071,0.12632491167255516,0.04579966194716359,2091.3874884826155,77.8261267634034,COMPLETE
1072,0.12265848943403773,0.04176078699202555,4414.188047957258,1.9451088505340488,COMPLETE
1073,0.13112459169388707,0.04341915411229388,6283.120401032437,0.005973330656741422,COMPLETE
1074,0.13332444503699753,0.040813708705401686,8.246611092209319,21.952243454030615,COMPLETE
1075,0.13039130724618359,0.04116656546342352,6283.120401032437,0.201119252357718,COMPLETE
1076,0.12392507166188921,0.04082423502093061,1249.5768321578876,2.313493567936231,COMPLETE
1077,0.12499166722218519,0.03598223135900047,19.952062540972502,0.04241654796164287,COMPLETE
1078,0.12879141390573962,0.042501318205505664,8767.94227631701,1.834530898067978,COMPLETE
1079,0.1245916938870742,0.03672204729684392,136.30215344092574,0.0009640573905847591,COMPLETE
1080,0.12525831611225918,0.04380911587430405,8855.01070394063,0.013369753411955218,COMPLETE
1081,0.12639157389507366,0.031541031680231146,0.19755998427796492,0.9159591409436798,COMPLETE
1082,0.13212452503166455,0.03130091848007203,137.9851837168296,4.440074457971221,COMPLETE
1083,0.12479168055462969,0.040390445612889035,2.314447626025515,9.711433843795191,COMPLETE
1084,0.12619158722751816,0.04134145820420586,461.6830760189977,0.00789850176680219,COMPLETE
1085,0.1239917338844077,0.037559060240339885,1699.7548659098384,66.15972412667446,COMPLETE
1086,0.1293913739084061,0.0404903772720947,8.246611092209319,96.82410003855314,COMPLETE
1087,0.1188587427504833,0.04283471110489114,3110.1377470169305,0.0010526877627786671,COMPLETE
1088,0.12705819612025865,0.03812877808458056,0.24495803939082325,0.332692332678428,COMPLETE
1089,0.12192520498633425,0.04380553121570545,1.4702922595329029,0.9159591409436798,COMPLETE
1090,0.13179121391907206,0.03575739174908447,8.472020201215932,0.005973330656741422,COMPLETE
1091,0.12199186720885274,0.0440678274111175,8.246611092209319,10.554114853246737,COMPLETE
1092,0.1299913339110726,0.04781978938765538,6283.120401032437,49.7526698273904,COMPLETE
1093,0.12559162722485168,0.04236064050968601,5593.632645921561,1.834530898067978,COMPLETE
1094,0.12705819612025865,0.04786751614552651,2641.158556790782,5.132154536523447,COMPLETE
1095,0.12559162722485168,0.04057241148332084,4414.188047957258,0.0008516352222532446,COMPLETE
1096,0.12525831611225918,0.04268153637716652,5593.632645921561,1.834530898067978,COMPLETE
1097,0.11839210719285381,0.037322673860917636,1.4702922595329029,0.00011613142149733954,COMPLETE
1098,0.12565828944737018,0.036462211382351575,0.019805513070695432,8.85185296039036,COMPLETE
1099,0.12379174721685221,0.04523745544978585,5593.632645921561,3.1474276920418953,COMPLETE
1100,0.12545830277981468,0.043311297798405764,2.0680936119478774,0.7218367322605694,COMPLETE
1101,0.12472501833211119,0.0446652271852842,0.6690760699860392,9.711433843795191,COMPLETE
1102,0.13079128058129458,0.0452480772618374,0.0845854438027209,5.025251752320809,COMPLETE
1103,0.12065862275848277,0.035828479850412695,13.765172648524608,81.23405201966396,COMPLETE
1104,0.12805812945803613,0.0346232935365386,0.05477064125001954,0.002481805374036321,COMPLETE
1105,0.12119192053863076,0.04477882345931333,0.2664768335042217,0.0015941063400652536,COMPLETE
1106,0.1242583827744817,0.04242513437792471,30.365334693765934,22.841846439688357,COMPLETE
1107,0.13792413839077394,0.037676179504921026,475.56563592421855,0.1419584035781782,COMPLETE
1108,0.12532497833477768,0.041360823178857,0.06508888551429474,0.013369753411955218,COMPLETE
1109,0.1294580361309246,0.030819913305354694,30.365334693765934,3.1944086489407524,COMPLETE
1110,0.13185787614159056,0.03498484646940623,0.13007886391367132,1.3637113529547675,COMPLETE
1111,0.12799146723551763,0.03902771343167779,0.06033273675464055,77.8261267634034,COMPLETE
1112,0.12059196053596427,0.03977421484313322,0.19481104098479238,0.0037971659912415705,COMPLETE
1113,0.13345776948203453,0.04166180066447051,15.47181517264786,0.013369753411955218,COMPLETE
1114,0.12805812945803613,0.03811562469291099,0.2942170998487544,18.963447463926826,COMPLETE
1115,0.12692487167522165,0.046218633749247603,2415.115590662082,0.013369753411955218,COMPLETE
1116,0.12752483167788814,0.04074511553750127,8.246611092209319,0.003949182031077511,COMPLETE
1117,0.12552496500233318,0.037036118086295956,4.677835229590785,7.713496247213705,COMPLETE
1118,0.13179121391907206,0.03925289254088767,161.07312090519827,0.3297925698021824,COMPLETE
1119,0.12005866275581628,0.03648803484493328,3110.1377470169305,0.013369753411955218,COMPLETE
1120,0.13105792947136857,0.03501237126560137,0.08801476128814355,0.0002986001365150472,COMPLETE
1121,0.12879141390573962,0.040085397741333954,1150.2412496303957,3.829629927817077,COMPLETE
1122,0.1289914005732951,0.0332070339468879,8.246611092209319,0.01979727956496571,COMPLETE
1123,0.13245783614425705,0.03762394601618402,90.81532372713087,3.8874338765308853,COMPLETE
1124,0.1242583827744817,0.03850114843316116,1183.0300697331568,0.300740195635045,COMPLETE
1125,0.13259116058929404,0.038039176307864554,68.5156181768564,10.207661542471113,COMPLETE
1126,0.12305846276914872,0.03484677158103639,5440.716116144768,0.0008301251760922481,COMPLETE
1127,0.12325844943670422,0.04402690179478196,1.4702922595329029,1.3096921419961014,COMPLETE
1128,0.12865808946070262,0.04708315837972158,6283.120401032437,41.6103590392096,COMPLETE
1129,0.12012532497833478,0.041944918267389185,2.3419278446980663,8.307612067905884,COMPLETE
1130,0.12512499166722219,0.039748713129824545,505.7212681397654,0.007040374508748295,COMPLETE
1131,0.12385840943937071,0.038729189654856125,0.6690760699860392,2.313493567936231,COMPLETE
1132,0.12145856942870475,0.04334272245399432,6283.120401032437,2.532650818317539,COMPLETE
1133,0.12659156056262916,0.035661674004553626,152.55207762128165,3.6498051472485953,COMPLETE
1134,0.1291247250183321,0.04541210641340753,500.3501315235595,9.711433843795191,COMPLETE
1135,0.11839210719285381,0.0358897459034591,0.013332465198670958,0.7377332290300859,COMPLETE
1136,0.12092527164855676,0.037275749538346066,4.516352650011262,0.00016608798575538396,COMPLETE
1137,0.12665822278514766,0.03753590017097298,0.3719736827575183,0.14102424514089043,COMPLETE
1138,0.13085794280381308,0.0380181313070786,8767.94227631701,1.834530898067978,COMPLETE
1139,0.12612492500499967,0.039519700129159646,190.6407695569932,0.0010722610207248961,COMPLETE
1140,0.12312512499166722,0.0437752722785801,87.01366720458797,0.003949182031077511,COMPLETE
1141,0.12632491167255516,0.03637557629518709,3233.6963258332044,0.45857097047547246,COMPLETE
1142,0.12765815612292514,0.0367266206919838,3110.1377470169305,0.07328085152800888,COMPLETE
1143,0.1289914005732951,0.041171786723988885,0.12573074132077006,0.00045717465716408766,COMPLETE
1144,0.13579094727018198,0.04261828552715657,0.11947855432741991,0.010242699231736898,COMPLETE
1145,0.12305846276914872,0.04185523290602759,4414.188047957258,6.084043011523049,COMPLETE
1146,0.12825811612559163,0.03606716447651537,0.10853695447342875,0.0003273953093946646,COMPLETE
1147,0.12652489834011066,0.04177777565598038,4414.188047957258,0.10644968314803328,COMPLETE
1148,0.12759149390040664,0.04421849866024527,6283.120401032437,0.004146110982599107,COMPLETE
1149,0.12719152056529565,0.04162074100312683,4414.188047957258,15.857832113527078,COMPLETE
1150,0.12005866275581628,0.03828917938067418,5776.833879588845,0.00048691238992271574,COMPLETE
1151,0.1293913739084061,0.042391187857865796,5693.1973751478445,97.81477943759457,COMPLETE
1152,0.12632491167255516,0.04857707736030989,8767.94227631701,0.4055473699259157,COMPLETE
1153,0.12659156056262916,0.03881827031009301,475.56563592421855,0.0002683945645452467,COMPLETE
1154,0.12879141390573962,0.03920114260443347,4414.188047957258,25.935541316163714,COMPLETE
1155,0.12659156056262916,0.0344496498715109,5513.514523320085,0.005871071653873728,COMPLETE
1156,0.12492500499966669,0.04122018710809363,66.38686159886589,0.0037971659912415705,COMPLETE
1157,0.12692487167522165,0.04518503243142221,5593.632645921561,0.03320886172886624,COMPLETE
1158,0.12392507166188921,0.043884911294723467,2.4575845897548034,0.0004188246316024407,COMPLETE
1159,0.12365842277181521,0.0430898680316184,3110.1377470169305,0.0037971659912415705,COMPLETE
1160,0.12865808946070262,0.040810850112840864,0.5040328418380523,1.834530898067978,COMPLETE
1161,0.12752483167788814,0.033934616252742515,272.68372654728944,0.009694349885293151,COMPLETE
1162,0.12212519165388974,0.03370245178037764,8767.94227631701,0.0001101864434643259,COMPLETE
1163,0.13379108059462702,0.043967177528973715,111.66591075916762,0.00030554182562848793,COMPLETE
1164,0.12392507166188921,0.042295220975544674,0.6690760699860392,0.003949182031077511,COMPLETE
1165,0.12499166722218519,0.03677794760385528,8.246611092209319,70.62434065921288,COMPLETE
1166,0.1244583694420372,0.03964306455697469,77.55203345171539,0.0037971659912415705,COMPLETE
1167,0.13579094727018198,0.034390874107028194,96.79689851749228,0.04497392952794033,COMPLETE
1168,0.1291247250183321,0.038757031038841774,4414.188047957258,57.74114752099883,COMPLETE
1169,0.12319178721418572,0.032965572780392756,0.016052207094848957,0.14102424514089043,COMPLETE
1170,0.1295246983534431,0.041122662769936244,8767.94227631701,4.948218186826015,COMPLETE
1171,0.12292513832411173,0.04539739685303942,4414.188047957258,0.013369753411955218,COMPLETE
1172,0.12105859609359376,0.04023701256567173,4414.188047957258,1.834530898067978,COMPLETE
1173,0.12725818278781414,0.03779566558590159,5593.632645921561,0.0038971901268055353,COMPLETE
1174,0.12745816945536964,0.03971892381609166,2.2930709817522574,1.834530898067978,COMPLETE
1175,0.12825811612559163,0.044168458540077546,190.6407695569932,0.002577489018984798,COMPLETE
1176,0.12752483167788814,0.03760844554886918,8.246611092209319,0.06742859534124437,COMPLETE
1177,0.13405772948470102,0.03737703861984705,9552.092947795103,0.0010722610207248961,COMPLETE
1178,0.1295246983534431,0.03691266724753826,0.05164546312428807,9.711433843795191,COMPLETE
1179,0.12045863609092727,0.042693162407582204,6283.120401032437,25.695552759282307,COMPLETE
1180,0.12339177388174122,0.04556141206595232,7289.576240572257,0.0368384126764677,COMPLETE
1181,0.12319178721418572,0.04479771877640914,1.4702922595329029,0.013369753411955218,COMPLETE
1182,0.13079128058129458,0.05062335946819377,3110.1377470169305,9.711433843795191,COMPLETE
1183,0.12812479168055463,0.03619276739611013,10.905168430876143,0.003949182031077511,COMPLETE
1184,0.13739084061062595,0.030632389270330393,3110.1377470169305,0.0037971659912415705,COMPLETE
1185,0.12192520498633425,0.0397773309647476,0.18254169352514157,1.834530898067978,COMPLETE
1186,0.12725818278781414,0.0416461201435047,2091.3874884826155,66.15972412667446,COMPLETE
1187,0.1295246983534431,0.04474192298944869,5216.087811463366,2.419231850518516,COMPLETE
1188,0.12672488500766615,0.040277872118762104,1347.9977751392883,0.0182193293404572,COMPLETE
1189,0.13319112059196053,0.04329552377450519,355.25601440699864,6.518439249620221,COMPLETE
1190,0.1299913339110726,0.04373107936213602,0.06508888551429474,93.15409480792766,COMPLETE
1191,0.12345843610425972,0.046983629383499516,8767.94227631701,0.7218367322605694,COMPLETE
1192,0.1289914005732951,0.038854684539304685,1.375160185399064,0.1145116178443368,COMPLETE
1193,0.13405772948470102,0.03641199118923611,0.6690760699860392,0.0006161378022008519,COMPLETE
1194,0.12545830277981468,0.03861863140297684,8.246611092209319,0.0001175703183805684,COMPLETE
1195,0.1243917072195187,0.031638642000257775,5440.716116144768,0.0013545967775575624,COMPLETE
1196,0.13105792947136857,0.04443419923921124,82.74378490530653,11.96817969899655,COMPLETE
1197,0.13565762282514499,0.03506515153950566,5593.632645921561,0.07480819270305439,COMPLETE
1198,0.1291913872408506,0.0438349080805759,2336.4416210595627,66.15972412667446,COMPLETE
1199,0.11945870275314979,0.04744777867918563,4414.188047957258,0.0025189857451559687,COMPLETE
1200,0.12525831611225918,0.03752714863658673,5593.632645921561,0.04497392952794033,COMPLETE
1201,0.12885807612825811,0.04011364106374121,190.6407695569932,0.00015647872191529386,COMPLETE
1202,0.12719152056529565,0.0333418454730567,2492.3694157038067,9.711433843795191,COMPLETE
1203,0.12852476501566562,0.03981280354836595,0.30145921457087016,69.48678392850886,COMPLETE
1204,0.13212452503166455,0.03416370092144741,0.3365684916848089,1.834530898067978,COMPLETE
1205,0.12859142723818412,0.0409397293098165,0.012457557354810727,0.005973330656741422,COMPLETE
1206,0.13359109392707152,0.03366138373153883,2492.3694157038067,0.0002657847109381972,COMPLETE
1207,0.12772481834544364,0.03499381560303732,4414.188047957258,0.000773043656421184,COMPLETE
1208,0.1293247116858876,0.03719457337160249,0.022093928693519095,0.00789850176680219,COMPLETE
1209,0.12632491167255516,0.038793030102978486,0.012041999032677284,0.0037971659912415705,COMPLETE
1210,0.1244583694420372,0.046199915567226184,4414.188047957258,0.013369753411955218,COMPLETE
1211,0.12612492500499967,0.04266072514643156,6283.120401032437,0.02394319812760496,COMPLETE
1212,0.13112459169388707,0.04161021153051574,0.15230171152877853,0.19455639841134617,COMPLETE
1213,0.12152523165122325,0.036694436571146107,190.6407695569932,0.0009740430593963422,COMPLETE
1214,0.12192520498633425,0.04494547940370767,1.4702922595329029,0.7377332290300859,COMPLETE
1215,0.1192587160855943,0.043879677752698416,8767.94227631701,0.16210351871562223,COMPLETE
1216,0.13405772948470102,0.04057568545561239,2.4575845897548034,69.48678392850886,COMPLETE
1217,0.12612492500499967,0.04642778277996202,9552.092947795103,0.4055473699259157,COMPLETE
1218,0.13172455169655356,0.032734296179045934,0.07472737190726818,0.019021202752888437,COMPLETE
1219,0.12192520498633425,0.054366488302899724,5593.632645921561,13.146385494085145,COMPLETE
1220,0.12719152056529565,0.0393934029738196,475.56563592421855,41.6103590392096,COMPLETE
1221,0.13165788947403506,0.04257454452232631,55.86832649604926,0.0037971659912415705,COMPLETE
1222,0.1241250583294447,0.03661662345960038,9552.092947795103,0.0010722610207248961,COMPLETE
1223,0.12879141390573962,0.030917450002565832,6283.120401032437,0.00011549720394735295,COMPLETE
1224,0.1297246850209986,0.04229253332843735,4414.188047957258,0.013369753411955218,COMPLETE
1225,0.12779148056796213,0.03588163586513173,6494.409260130267,0.0001349092039581062,COMPLETE
1226,0.12712485834277715,0.03607620989990578,8.246611092209319,13.660112890818198,COMPLETE
1227,0.13059129391373908,0.032343163549740456,1.9097666294018854,0.013369753411955218,COMPLETE
1228,0.12759149390040664,0.04011686318452482,2570.6859162719466,9.711433843795191,COMPLETE
1229,0.12685820945270315,0.04615055265027808,5593.632645921561,0.8854399791458992,COMPLETE
1230,0.12259182721151923,0.04376733345624765,8767.94227631701,1.834530898067978,COMPLETE
1231,0.1301246583561096,0.04322339599638678,99.10969297975042,13.309262603325719,COMPLETE
1232,0.1241917205519632,0.042760816965355726,1699.7548659098384,0.005973330656741422,COMPLETE
1233,0.12259182721151923,0.041845470785549704,0.6690760699860392,1.834530898067978,COMPLETE
1234,0.12645823611759216,0.04017877847128297,0.02589964935635241,0.013517858172829945,COMPLETE
1235,0.13112459169388707,0.0339251329950369,475.56563592421855,19.284803450051854,COMPLETE
1236,0.12812479168055463,0.03191101470866268,1.4702922595329029,1.691824275314435,COMPLETE
1237,0.12839144057062862,0.041215439215462536,2.4575845897548034,0.001988073670134417,COMPLETE
1238,0.1241917205519632,0.03157345806706636,6283.120401032437,66.15972412667446,COMPLETE
1239,0.1303246450236651,0.03918875225059037,82.74378490530653,48.97077104500802,COMPLETE
1240,0.12359176054929671,0.042614254037849485,0.050249094574372814,2.313493567936231,COMPLETE
1241,0.12685820945270315,0.042796749918286435,66.38686159886589,25.621278276244478,COMPLETE
1242,0.13285780947936804,0.03708686100354158,66.38686159886589,0.005973330656741422,COMPLETE
1243,0.13265782281181254,0.0321837399183015,0.18884543242026727,0.019942178100884042,COMPLETE
1244,0.12825811612559163,0.04636035021948373,5693.1973751478445,16.264150610533793,COMPLETE
1245,0.12805812945803613,0.03297413598296557,8.246611092209319,0.0007606839610140546,COMPLETE
1246,0.12225851609892674,0.042277391363732784,190.6407695569932,0.002577489018984798,COMPLETE
1247,0.12599160055996267,0.03802691368841089,8.246611092209319,0.3381273924098311,COMPLETE
1248,0.12639157389507366,0.03923350276988673,4414.188047957258,0.0044613173576673465,COMPLETE
1249,0.13732417838810745,0.041048187473544454,0.23576559617261178,69.48678392850886,COMPLETE
1250,0.1403239784014399,0.03630531465531293,85.13983294953611,0.7218367322605694,COMPLETE
1251,0.1350576628224785,0.03571321270930874,5593.632645921561,1.834530898067978,COMPLETE
1252,0.12359176054929671,0.03853680675364038,1.2665357639135257,1.8110787433498337,COMPLETE
1253,0.1294580361309246,0.048150470214607055,5593.632645921561,0.04939516592601084,COMPLETE
1254,0.12319178721418572,0.03207140070365957,5693.1973751478445,0.00039347519997593437,COMPLETE
1255,0.12299180054663023,0.04081486994018434,3678.0335796520217,69.48678392850886,COMPLETE
1256,0.1239917338844077,0.03945589831346496,0.06508888551429474,0.03253821479224326,COMPLETE
1257,0.12685820945270315,0.043774790770676475,1.4702922595329029,13.146385494085145,COMPLETE
1258,0.13345776948203453,0.04024546102953623,0.6690760699860392,96.82410003855314,COMPLETE
1259,0.12832477834811012,0.04391093327564318,8.246611092209319,0.013712347849273245,COMPLETE
1260,0.12385840943937071,0.034649968827158775,6283.120401032437,0.0003938462711783335,COMPLETE
1261,0.12572495166988867,0.04482324161459336,1699.7548659098384,66.15972412667446,COMPLETE
1262,0.12652489834011066,0.036109329874463886,2091.3874884826155,0.0005614653654615521,COMPLETE
1263,0.13052463169122058,0.03891927399399743,5440.716116144768,0.07477310290547144,COMPLETE
1264,0.12552496500233318,0.05074562916957164,8767.94227631701,0.7218367322605694,COMPLETE
1265,0.1245250316645557,0.0462361589877384,8767.94227631701,0.0037971659912415705,COMPLETE
1266,0.12652489834011066,0.03548073866315248,0.012041999032677284,0.0037971659912415705,COMPLETE
1267,0.11819212052529832,0.040845798714078,5714.47495961426,39.760550590131494,COMPLETE
1268,0.12659156056262916,0.037637788864197476,5.096394001121427,0.7377332290300859,COMPLETE
1269,0.12479168055462969,0.0393035367075255,1090.4310321331288,0.8911018551875542,COMPLETE
1270,0.12359176054929671,0.042128506577161766,3753.604268253584,8.307612067905884,COMPLETE
1271,0.13132457836144257,0.041389718153461943,297.538028054518,20.897805160062205,COMPLETE
1272,0.12185854276381575,0.035257309016385414,1.4702922595329029,0.013369753411955218,COMPLETE
1273,0.13312445836944203,0.04204857858448469,0.21452501892230832,0.0025189857451559687,COMPLETE
1274,0.13725751616558896,0.03467743436093007,2.9582237024141125,0.0037971659912415705,COMPLETE
1275,0.1293913739084061,0.03925370563333978,0.013332465198670958,0.04605531774277381,COMPLETE
1276,0.1296580227984801,0.03241831648894125,5693.1973751478445,0.0001240901577060747,COMPLETE
1277,0.12652489834011066,0.04136943719867917,1.3324781966661436,0.06793609092874144,COMPLETE
1278,0.12519165388974068,0.040423634482473034,8.246611092209319,0.00789850176680219,COMPLETE
1279,0.13125791613892407,0.04072245592644717,8.246611092209319,34.302628455270664,COMPLETE
1280,0.12785814279048063,0.029942929008568268,8767.94227631701,0.00012827722072645552,COMPLETE
1281,0.1294580361309246,0.037269583442625896,50.014159067975704,9.711433843795191,COMPLETE
1282,0.12619158722751816,0.03828101136795186,229.4382783910506,1.834530898067978,COMPLETE
1283,0.12759149390040664,0.03763295959223913,6.749628283480075,21.596494206427717,COMPLETE
1284,0.12519165388974068,0.03465389057241573,8767.94227631701,0.00011113358733775868,COMPLETE
1285,0.12045863609092727,0.03640118967180301,9552.092947795103,0.00014838675684517345,COMPLETE
1286,0.12065862275848277,0.04579569528756928,5593.632645921561,0.013369753411955218,COMPLETE
1287,0.13339110725951603,0.031157894369928933,0.012041999032677284,0.0037971659912415705,COMPLETE
1288,0.12672488500766615,0.04276853354811102,9552.092947795103,37.0531155189915,COMPLETE
1289,0.13252449836677554,0.03880150010722143,2091.3874884826155,0.2874409885692999,COMPLETE
1290,0.13119125391640557,0.036255644543883574,0.1939863138498248,0.004846546033570155,COMPLETE
1291,0.1300579961335911,0.03773209452259816,66.38686159886589,0.0008814796100379826,COMPLETE
1292,0.13405772948470102,0.03942171132628525,1.6475406397150891,0.01761375609197214,COMPLETE
1293,0.12659156056262916,0.03853223507216517,1.8872812904735339,95.22711575142928,COMPLETE
1294,0.12739150723285114,0.03134528760231026,9552.092947795103,0.0010722610207248961,COMPLETE
1295,0.12679154723018465,0.036638137049925745,3015.7291950902327,0.005361071594960461,COMPLETE
1296,0.13319112059196053,0.03949509100586046,1161.0155982121512,69.48678392850886,COMPLETE
1297,0.12579161389240717,0.033309380012610926,10.078382228055156,0.0007568277710092946,COMPLETE
1298,0.13039130724618359,0.0378565381462624,0.4421287693562056,0.1000164088987575,COMPLETE
1299,0.12639157389507366,0.03843018468548216,1.6088074417857459,0.005973330656741422,COMPLETE
1300,0.12705819612025865,0.043186023575921904,295.2221227246881,0.05720211020461515,COMPLETE
1301,0.13219118725418305,0.03961493457229339,1.4702922595329029,13.146385494085145,COMPLETE
1302,0.12519165388974068,0.04140545492154913,0.24998724408128997,17.06376057242179,COMPLETE
1303,0.12519165388974068,0.041956888831728316,6283.120401032437,0.020780224353718374,COMPLETE
1304,0.13225784947670155,0.03392787065534452,2.4575845897548034,0.005100583642164672,COMPLETE
1305,0.12365842277181521,0.04521114913090319,5593.632645921561,5.025251752320809,COMPLETE
1306,0.12805812945803613,0.03927274411015678,4414.188047957258,0.006502981412952409,COMPLETE
1307,0.11999200053329778,0.036280901821885245,6283.120401032437,0.00027825607170659596,COMPLETE
1308,0.12485834277714819,0.04093470822607068,1699.7548659098384,0.0312243982298789,COMPLETE
1309,0.1302579828011466,0.03721741205168695,2560.8450701662587,58.85989778208432,COMPLETE
1310,0.1302579828011466,0.03567289203978853,3492.7125731491933,33.22016024132843,COMPLETE
1311,0.12019198720085328,0.03809925724060507,2.737986252397458,0.07477310290547144,COMPLETE
1312,0.12839144057062862,0.04081102764287317,0.7004318932813454,0.0007122701565550863,COMPLETE
1313,0.13159122725151656,0.029505880574571222,158.2634490864577,0.013369753411955218,COMPLETE
1314,0.12825811612559163,0.045926035895364675,8.246611092209319,2.040320550423498,COMPLETE
1315,0.13339110725951603,0.04368372258206509,1.4702922595329029,34.182231625733245,COMPLETE
1316,0.1303246450236651,0.04134309820892559,0.09948724066340225,0.04497392952794033,COMPLETE
1317,0.12125858276114926,0.03968548905225344,8767.94227631701,0.0037971659912415705,COMPLETE
1318,0.13592427171521898,0.039367373608070015,6837.480148935724,0.9159591409436798,COMPLETE
1319,0.12805812945803613,0.04052386112115042,4366.254977847736,0.6878379047882778,COMPLETE
1320,0.12332511165922272,0.04443994888348866,2.805069163518503,0.07477310290547144,COMPLETE
1321,0.12519165388974068,0.03648313969155964,6283.120401032437,0.1796420946893715,COMPLETE
1322,0.12005866275581628,0.02192296490483983,3110.1377470169305,0.00048691238992271574,COMPLETE
1323,0.1243250449970002,0.04301106985638069,475.56563592421855,9.726932963071103,COMPLETE
1324,0.12799146723551763,0.03758269162288682,0.3629084119186842,0.025922790194725678,COMPLETE
1325,0.12645823611759216,0.04174933242149462,475.56563592421855,0.0037971659912415705,COMPLETE
1326,0.13339110725951603,0.03377322586879152,8767.94227631701,0.002577489018984798,COMPLETE
1327,0.1250583294447037,0.0402032326628235,1511.3398548064783,32.539546363539785,COMPLETE
1328,0.1290580627958136,0.03363796521602419,1030.3690750018447,2.1264579985725915,COMPLETE
1329,0.13125791613892407,0.03856534856868156,0.04584012805394179,0.00023314588019153598,COMPLETE
1330,0.12499166722218519,0.04875480458263793,3110.1377470169305,0.013517858172829945,COMPLETE
1331,0.12392507166188921,0.04206493646192739,1.4702922595329029,0.18229043821618107,COMPLETE
1332,0.12019198720085328,0.04166305677841653,9552.092947795103,0.1467596915516904,COMPLETE
1333,0.12845810279314712,0.03875668807767721,4.681594945975702,1.9122588443562065,COMPLETE
1334,0.13252449836677554,0.04533644589975461,1.4702922595329029,0.013369753411955218,COMPLETE
1335,0.13399106726218252,0.04070031191349888,0.30568834238038406,0.0182193293404572,COMPLETE
1336,0.12699153389774015,0.0326171889010773,0.04584012805394179,2.0241333802928527,COMPLETE
1337,0.1245250316645557,0.037589840180856,971.2020543419138,16.064875789362663,COMPLETE
1338,0.12819145390307313,0.0392427822220281,324.8987640485951,9.711433843795191,COMPLETE
1339,0.135524298380108,0.043662649765013134,0.06033273675464055,19.624272121011547,COMPLETE
1340,0.12025864942337178,0.04618106811547919,8079.210533097424,0.1552191822820825,COMPLETE
1341,0.12792480501299913,0.0460407336575534,8767.94227631701,2.1416112372503364,COMPLETE
1342,0.1239917338844077,0.0468762113874149,6283.120401032437,0.09215901935290116,COMPLETE
1343,0.12019198720085328,0.03619776564140377,8767.94227631701,0.0016193942168779907,COMPLETE
1344,0.13279114725684954,0.04604196985655884,1.4702922595329029,13.146385494085145,COMPLETE
1345,0.1295246983534431,0.039516831685742514,455.45729414007997,0.002577489018984798,COMPLETE
1346,0.1242583827744817,0.031123030018879536,4611.922694917757,0.013517858172829945,COMPLETE
1347,0.12539164055729618,0.03894304951580691,13.34481092328038,0.013517858172829945,COMPLETE
1348,0.13232451169922005,0.042600165844674506,8767.94227631701,0.7218367322605694,COMPLETE
1349,0.12585827611492567,0.031996666648319606,0.10605980739432314,0.005973330656741422,COMPLETE
1350,0.1189254049730018,0.03919539885154952,1.3103539435374882,97.32203748183761,COMPLETE
1351,0.13112459169388707,0.04155733761487911,0.028778020018715565,0.013212901804467797,COMPLETE
1352,0.12579161389240717,0.035004606993918615,3.6049272913090924,0.0005741364885289971,COMPLETE
1353,0.1297246850209986,0.04019181797372599,8767.94227631701,0.050399960617190084,COMPLETE
1354,0.1301913205786281,0.035563719986735576,2492.3694157038067,0.8317743238712353,COMPLETE
1355,0.13379108059462702,0.045194150135630495,6283.120401032437,66.15972412667446,COMPLETE
1356,0.12525831611225918,0.03894759691791928,745.816426829044,0.0038990035910592942,COMPLETE
1357,0.13372441837210852,0.047936542807364514,4414.188047957258,0.005321182941396283,COMPLETE
1358,0.12759149390040664,0.04226098782058023,66.38686159886589,0.005973330656741422,COMPLETE
1359,0.13132457836144257,0.03690440988765147,144.26079663672036,0.01017427295371065,COMPLETE
1360,0.12565828944737018,0.04045084194606262,324.0994131001005,9.711433843795191,COMPLETE
1361,0.1295913605759616,0.031025120131093594,0.016999746392169234,1.3096921419961014,COMPLETE
1362,0.12492500499966669,0.0336214814570694,0.06508888551429474,0.005973330656741422,COMPLETE
1363,0.1240583961069262,0.0428234850467485,3530.2812071422973,9.711433843795191,COMPLETE
1364,0.13685754283047796,0.03982148171392372,77.40961214352983,0.0003397563820284699,COMPLETE
1365,0.12705819612025865,0.03335441095703982,5776.833879588845,0.00048691238992271574,COMPLETE
1366,0.12672488500766615,0.03891727655380881,0.012245049303807246,0.018070099974557514,COMPLETE
1367,0.12599160055996267,0.04032978353485502,0.12528477556022685,0.7218367322605694,COMPLETE
1368,0.12592493833744417,0.04237378306077871,0.018379915797860826,0.013369753411955218,COMPLETE
1369,0.1245916938870742,0.03707500745340158,291.64356327949537,0.00028386581926920023,COMPLETE
1370,0.12625824945003666,0.03880020879784444,0.1313829745406831,0.7918351665439471,COMPLETE
1371,0.13299113392440504,0.03431194784271889,0.12155858010845112,1.834530898067978,COMPLETE
1372,0.12152523165122325,0.044317563118614345,0.24538996344106867,0.7377332290300859,COMPLETE
1373,0.13052463169122058,0.04474170200538678,5.270922982590906,0.0182193293404572,COMPLETE
1374,0.12092527164855676,0.04177306236373031,8767.94227631701,8.307612067905884,COMPLETE
1375,0.12472501833211119,0.039545445345153925,5.822375726926075,0.07826610568883344,COMPLETE
1376,0.13052463169122058,0.0430971903645816,124.40874160256507,0.07477310290547144,COMPLETE
1377,0.13325778281447903,0.03987602072043904,540.5151629771547,0.005718854884210099,COMPLETE
1378,0.13139124058396107,0.03858019202873966,0.09617842138718387,0.35504385098388297,COMPLETE
1379,0.13199120058662756,0.039621964858974755,40.05820378286008,8.226601576997197,COMPLETE
1380,0.1291247250183321,0.04821400480347586,5593.632645921561,48.206604209151614,COMPLETE
1381,0.12759149390040664,0.036110703420247525,8.246611092209319,0.00024651278499380477,COMPLETE
1382,0.12752483167788814,0.0409915798503814,42.66240679166608,0.0037971659912415705,COMPLETE
1383,0.1241917205519632,0.04093817673293784,2492.3694157038067,0.7377332290300859,COMPLETE
1384,0.12819145390307313,0.03329958437539848,0.35963312392679236,0.003976806329412234,COMPLETE
1385,0.1289247383507766,0.040091811887502764,0.06525686357262941,0.0008105522989703324,COMPLETE
1386,0.12759149390040664,0.05193559308561163,5714.47495961426,39.760550590131494,COMPLETE
1387,0.13112459169388707,0.0340838582630695,23.377087940453784,0.013517858172829945,COMPLETE
1388,0.1295913605759616,0.039500256427924534,0.025127720686368992,0.00028924622185579985,COMPLETE
1389,0.12092527164855676,0.040374045330391545,6283.120401032437,63.156766876394066,COMPLETE
1390,0.1188587427504833,0.03054621604776836,6283.120401032437,0.0006609959120564137,COMPLETE
1391,0.1191920538630758,0.04689019329011691,8767.94227631701,0.16210351871562223,COMPLETE
1392,0.12112525831611226,0.046926062735958805,4414.188047957258,69.48678392850886,COMPLETE
1393,0.12085860942603827,0.04218394140918739,4.487693610167909,1.9451088505340488,COMPLETE
1394,0.12592493833744417,0.051011874732770954,8767.94227631701,0.008354274370374283,COMPLETE
1395,0.12359176054929671,0.0484413516457712,0.04584012805394179,4.351918274281499,COMPLETE
1396,0.12092527164855676,0.03530926154094277,0.042978630229177715,8.124528933046582,COMPLETE
1397,0.12799146723551763,0.04017023315426775,25.638479315616152,0.00031829199326529944,COMPLETE
1398,0.12819145390307313,0.03814959083816717,443.60956387256743,5.025251752320809,COMPLETE
1399,0.11972535164322379,0.049158447661535314,8767.94227631701,1.3096921419961014,COMPLETE
1400,0.12519165388974068,0.04396159927863301,9552.092947795103,1.9451088505340488,COMPLETE
1401,0.12145856942870475,0.0413989559105089,6283.120401032437,2.1292406780009268,COMPLETE
1402,0.1243917072195187,0.03368504291567892,3151.9835080281855,0.025922790194725678,COMPLETE
1403,0.12819145390307313,0.037526002211601316,277.66698979672725,6.805109766787683,COMPLETE
1404,0.12159189387374175,0.04209553049753932,52.9180717864294,9.711433843795191,COMPLETE
1405,0.12759149390040664,0.043313905890731995,8767.94227631701,1.3096921419961014,COMPLETE
1406,0.12052529831344577,0.04419953910853856,8767.94227631701,1.4445410349952192,COMPLETE
1407,0.12279181387907473,0.04640074405038297,5440.716116144768,8.623779898445655,COMPLETE
1408,0.12239184054396374,0.03831136338916383,447.76431303242975,0.0037469661476508837,COMPLETE
1409,0.12479168055462969,0.042359470279791374,104.16558938352796,0.7377332290300859,COMPLETE
1410,0.12685820945270315,0.041394037333649644,5693.1973751478445,0.04497392952794033,COMPLETE
1411,0.13105792947136857,0.0397215495801117,8.246611092209319,0.003949182031077511,COMPLETE
1412,0.13152456502899806,0.03497791401330423,0.7166141887254958,0.0008163853935769839,COMPLETE
1413,0.11979201386574229,0.03385373037277846,0.06033273675464055,0.00010633375462169829,COMPLETE
1414,0.12512499166722219,0.04325081861681257,8767.94227631701,9.444812115908027,COMPLETE
1415,0.11799213385774282,0.04378537301005999,5593.632645921561,5.025251752320809,COMPLETE
1416,0.12372508499433371,0.04983616716378125,5440.716116144768,0.0182193293404572,COMPLETE
1417,0.12865808946070262,0.03286055552589124,616.6445976287715,0.07477310290547144,COMPLETE
1418,0.12199186720885274,0.04321797758903845,5593.632645921561,0.08244770502154854,COMPLETE
1419,0.13079128058129458,0.03364578139060594,6283.120401032437,0.00029791226715302117,COMPLETE
1420,0.12279181387907473,0.043722604546101794,5714.47495961426,0.01906305009381497,COMPLETE
1421,0.1355909606026265,0.04368492892533406,53.631693772877256,0.01979727956496571,COMPLETE
1422,0.12859142723818412,0.04109030589141548,6283.120401032437,13.146385494085145,COMPLETE
1423,0.1289914005732951,0.039326771839019774,4414.188047957258,17.98669803473914,COMPLETE
1424,0.12545830277981468,0.040569728802239316,393.13815039968273,0.01979727956496571,COMPLETE
1425,0.1297913472435171,0.03790035136441689,2091.3874884826155,0.3252497449622036,COMPLETE
1426,0.12352509832677822,0.04184859240160857,2091.3874884826155,77.8261267634034,COMPLETE
1427,0.12352509832677822,0.04154906040325836,8.42765606493618,0.0037971659912415705,COMPLETE
1428,0.12759149390040664,0.03964493812396666,0.013332465198670958,0.00013354396029398912,COMPLETE
1429,0.1294580361309246,0.04188144940011607,1.4702922595329029,13.146385494085145,COMPLETE
1430,0.12085860942603827,0.042973436878598226,0.0889183315187142,0.08667873840990237,COMPLETE
1431,0.13265782281181254,0.03996037024093039,6283.120401032437,14.525509560716237,COMPLETE
1432,0.12645823611759216,0.041416749514343355,8.246611092209319,0.003949182031077511,COMPLETE
1433,0.12679154723018465,0.041193986820357784,1.4702922595329029,0.13212666822556254,COMPLETE
1434,0.12759149390040664,0.03647912756681606,0.3872794482798276,0.7218367322605694,COMPLETE
1435,0.12659156056262916,0.03504347152350567,3.574740888262935,0.9159591409436798,COMPLETE
1436,0.11852543163789081,0.03830925296875713,6283.120401032437,0.0022525354482929054,COMPLETE
1437,0.12765815612292514,0.035246027286906255,0.013332465198670958,13.146385494085145,COMPLETE
1438,0.1240583961069262,0.04288916137513987,2.836993382466057,0.010923587096806527,COMPLETE
1439,0.13319112059196053,0.04578424462636294,2091.3874884826155,66.15972412667446,COMPLETE
1440,0.13252449836677554,0.037120655436955814,7.94785948978703,9.711433843795191,COMPLETE
1441,0.12325844943670422,0.048227855570206965,8767.94227631701,0.023094559541099267,COMPLETE
1442,0.11832544497033531,0.04574416517120024,8767.94227631701,0.9159591409436798,COMPLETE
1443,0.1301246583561096,0.033886057718712774,15.090617216845342,0.0006501236947356213,COMPLETE
1444,0.12212519165388974,0.04080283685056968,10.231148941567394,0.0001995011195892247,COMPLETE
1445,0.13112459169388707,0.04545197617911951,0.04161344014358376,9.711433843795191,COMPLETE
1446,0.12632491167255516,0.0469359246951359,6283.120401032437,1.834530898067978,COMPLETE
1447,0.12759149390040664,0.03476233846957991,0.046475299030472185,0.16210351871562223,COMPLETE
1448,0.12379174721685221,0.03866229425731187,0.4488098379132783,43.65055582461262,COMPLETE
1449,0.12485834277714819,0.034919445232415476,59.48058748071295,0.26790610972870255,COMPLETE
1450,0.12679154723018465,0.04550948410929185,5714.47495961426,39.760550590131494,COMPLETE
1451,0.12539164055729618,0.04406118721681707,5593.632645921561,1.834530898067978,COMPLETE
1452,0.12285847610159323,0.026955559714081877,6283.120401032437,0.0003478611145658525,COMPLETE
1453,0.12365842277181521,0.03717524967526731,0.024017059977729332,0.005973330656741422,COMPLETE
1454,0.1246583561095927,0.04198575500790475,38.872816706972465,0.005871071653873728,COMPLETE
1455,0.12619158722751816,0.043197060039752905,8767.94227631701,0.005973330656741422,COMPLETE
1456,0.12152523165122325,0.04070958141735513,4414.188047957258,0.013369753411955218,COMPLETE
1457,0.12872475168322112,0.033588502514188115,0.3614184960951523,38.04742583898605,COMPLETE
1458,0.12119192053863076,0.04105418565510152,8767.94227631701,0.00035414156028733485,COMPLETE
1459,0.1245916938870742,0.040781204281463326,5693.1973751478445,20.641244663713774,COMPLETE
1460,0.13232451169922005,0.03589474462624933,1699.7548659098384,81.6454883394065,COMPLETE
1461,0.13119125391640557,0.03930704559162447,47.96173105316937,0.01979727956496571,COMPLETE
1462,0.11959202719818679,0.032928456789893035,0.025242774978368597,0.3150134982723298,COMPLETE
1463,0.1239917338844077,0.046704404182373836,0.13995277597652078,0.583346756607907,COMPLETE
1464,0.12219185387640824,0.04508210645846471,4414.188047957258,0.013369753411955218,COMPLETE
1465,0.1240583961069262,0.046517832422294146,8.246611092209319,1.834530898067978,COMPLETE
1466,0.12272515165655623,0.033591619522949756,72.92229779409895,0.005491803077109474,COMPLETE
1467,0.1294580361309246,0.047414816391768616,1.4702922595329029,13.146385494085145,COMPLETE
1468,0.13385774281714552,0.03844129063273068,475.56563592421855,0.0037971659912415705,COMPLETE
1469,0.12392507166188921,0.04143812712986048,461.89649550237783,0.013369753411955218,COMPLETE
1470,0.12539164055729618,0.046452353918077144,0.01209305864800709,0.16210351871562223,COMPLETE
1471,0.1354576361575895,0.0459447432577208,322.3514196066346,9.711433843795191,COMPLETE
1472,0.11705886274248384,0.038174875514932614,0.14532137291300765,1.9451088505340488,COMPLETE
1473,0.12872475168322112,0.03976402676993409,1699.7548659098384,1.834530898067978,COMPLETE
1474,0.11745883607759483,0.05106326202997917,5693.1973751478445,0.013517858172829945,COMPLETE
1475,0.12005866275581628,0.046130752122463425,8767.94227631701,85.85708342744907,COMPLETE
1476,0.12325844943670422,0.03647918042322712,0.010446610002536492,4.578872706179779,COMPLETE
1477,0.12792480501299913,0.04844655336013129,6283.120401032437,0.005871071653873728,COMPLETE
1478,0.1293247116858876,0.04087059337456552,2.749155412117305,0.009238102629563117,COMPLETE
1479,0.12799146723551763,0.03513878723062197,0.06050912180915307,0.07477310290547144,COMPLETE
1480,0.12752483167788814,0.04173021797789853,4414.188047957258,0.08739042732989312,COMPLETE
1481,0.12672488500766615,0.049459374822458824,0.0162375369742074,1.9451088505340488,COMPLETE
1482,0.1289914005732951,0.04385477335284576,6283.120401032437,66.15972412667446,COMPLETE
1483,0.12212519165388974,0.042079850954208436,6283.120401032437,0.40073566723913484,COMPLETE
1484,0.13292447170188654,0.042590587038830736,120.83200216708039,66.15972412667446,COMPLETE
1485,0.12625824945003666,0.03245567411886924,0.5959718695044984,13.146385494085145,COMPLETE
1486,0.12179188054129725,0.039234754807183865,66.38686159886589,2.466197914488485,COMPLETE
1487,0.12605826278248117,0.03687963815453242,30.493942423014083,0.02668170112810437,COMPLETE
1488,0.12819145390307313,0.038962693003500075,5593.632645921561,1.834530898067978,COMPLETE
1489,0.12799146723551763,0.04122865052630106,0.14596552607262353,9.711433843795191,COMPLETE
1490,0.1289914005732951,0.04182434530229041,0.05817593583558726,0.00789850176680219,COMPLETE
1491,0.12765815612292514,0.04137412301021112,0.28198037567981615,1.3096921419961014,COMPLETE
1492,0.12865808946070262,0.044767212906786,2.4575845897548034,9.711433843795191,COMPLETE
1493,0.12325844943670422,0.04145513922411898,0.04584012805394179,0.0012050029215755114,COMPLETE
1494,0.12872475168322112,0.036284998006050645,6362.896356307084,11.415992410877942,COMPLETE
1495,0.12692487167522165,0.04582348753874083,0.06508888551429474,35.761689508980375,COMPLETE
1496,0.12712485834277715,0.04194754056336691,8767.94227631701,0.005973330656741422,COMPLETE
1497,0.12559162722485168,0.04319651358823844,8864.816046818398,9.711433843795191,COMPLETE
1498,0.13192453836410906,0.036867453022972535,0.13735287093488324,0.0002255839300564267,COMPLETE
1499,0.12065862275848277,0.043323297082586594,6283.120401032437,0.005871071653873728,COMPLETE
1500,0.12819145390307313,0.04045580489790876,2093.677477628299,0.013744894972199702,COMPLETE
1501,0.12325844943670422,0.033925470276820066,0.025616711699601762,0.05383979024095937,COMPLETE
1502,0.12379174721685221,0.03756652342369765,0.7180647654907496,0.027334470203704355,COMPLETE
1503,0.12565828944737018,0.040018487930544654,0.04019923762968984,1.834530898067978,COMPLETE
1504,0.12365842277181521,0.05121716978757858,7480.2951571941785,42.71415032615479,COMPLETE
1505,0.12745816945536964,0.03207318385985222,1.5713367730025085,69.48678392850886,COMPLETE
1506,0.11965868942070529,0.04390651571220958,5593.632645921561,0.029520265408049928,COMPLETE
1507,0.13612425838277448,0.04278693907172043,931.6807357383251,0.025922790194725678,COMPLETE
1508,0.12719152056529565,0.041710063138238475,4.673525155082385,0.0010722610207248961,COMPLETE
1509,0.12539164055729618,0.05175700380417526,3110.1377470169305,61.68710136050979,COMPLETE
1510,0.12565828944737018,0.04085406256719231,190.6407695569932,0.015315475392785584,COMPLETE
1511,0.12099193387107526,0.04583344226640686,8767.94227631701,1.834530898067978,COMPLETE
1512,0.12279181387907473,0.04217697733543857,0.02623883013455621,9.711433843795191,COMPLETE
1513,0.12479168055462969,0.03654725737802121,0.1518414821295583,5.874714059898539,COMPLETE
1514,0.12745816945536964,0.04209140978123954,5593.632645921561,0.02911966799627114,COMPLETE
1515,0.12212519165388974,0.03885570159950581,8767.94227631701,0.023094559541099267,COMPLETE
1516,0.1293247116858876,0.04408584773555957,5693.1973751478445,0.013517858172829945,COMPLETE
1517,0.12692487167522165,0.03113886915425672,0.08197767984775821,0.0001165492334035432,COMPLETE
1518,0.1302579828011466,0.04405905999633264,6283.120401032437,0.008726723262267531,COMPLETE
1519,0.1291247250183321,0.04361649844339562,8.246611092209319,0.01979727956496571,COMPLETE
1520,0.13912405839610692,0.04245746469598288,0.013332465198670958,0.7377332290300859,COMPLETE
1521,0.12025864942337178,0.05048130874414459,8767.94227631701,28.336173718771214,COMPLETE
1522,0.12645823611759216,0.034115090701295224,1775.3588183247552,41.82310381742444,COMPLETE
1523,0.13572428504766348,0.03371984089863782,0.3573271540850533,0.004646486095158943,COMPLETE
1524,0.1242583827744817,0.03982326583397099,9552.092947795103,0.025922790194725678,COMPLETE
1525,0.12799146723551763,0.04478099065465678,8767.94227631701,0.4055473699259157,COMPLETE
1526,0.12685820945270315,0.03805610245430739,6283.120401032437,54.28294169259696,COMPLETE
1527,0.13232451169922005,0.03983990729406143,1.0035097935831,1.1054334821015799,COMPLETE
1528,0.13319112059196053,0.04775441254176025,4414.188047957258,1.1673384339358164,COMPLETE
1529,0.12512499166722219,0.04981669424327143,8767.94227631701,0.01648879377525742,COMPLETE
1530,0.12685820945270315,0.04099063178310209,4414.188047957258,1.9451088505340488,COMPLETE
1531,0.12819145390307313,0.0376582695720385,3110.1377470169305,0.04761117353683943,COMPLETE
1532,0.12645823611759216,0.04476166966459926,6283.120401032437,39.760550590131494,COMPLETE
1533,0.12845810279314712,0.03748089917592246,0.02004954577052599,1.3802494612099485,COMPLETE
1534,0.12312512499166722,0.03870506232850373,9552.092947795103,0.0022525354482929054,COMPLETE
1535,0.12719152056529565,0.04853529932097241,6283.120401032437,0.010771396932000118,COMPLETE
1536,0.11839210719285381,0.03986665897362449,5490.826468583743,68.54419600121358,COMPLETE
1537,0.12619158722751816,0.038105559807117974,0.04584012805394179,0.16210351871562223,COMPLETE
1538,0.12845810279314712,0.03630270791480444,4414.188047957258,0.013369753411955218,COMPLETE
1539,0.13172455169655356,0.042484783959971115,190.77952782849314,0.16207729309253507,COMPLETE
1540,0.1250583294447037,0.03939219198849047,0.6690760699860392,0.00017257178983577946,COMPLETE
1541,0.12879141390573962,0.04458289965835072,30.965548811941414,0.013369753411955218,COMPLETE
1542,0.12579161389240717,0.032296924048511866,2091.3874884826155,0.0003011391514058354,COMPLETE
1543,0.13319112059196053,0.03430811989681888,96.63750345248295,0.029029242361359325,COMPLETE
1544,0.12259182721151923,0.04054694227860416,9552.092947795103,0.0043385091261300334,COMPLETE
1545,0.1240583961069262,0.05119990711318425,5714.47495961426,39.760550590131494,COMPLETE
1546,0.12785814279048063,0.04394229888826915,6283.120401032437,0.007666235978736359,COMPLETE
1547,0.12299180054663023,0.03827652609300394,0.20503314365969996,0.013369753411955218,COMPLETE
1548,0.12712485834277715,0.04203678510964924,338.79420847428497,0.10405577211027708,COMPLETE
1549,0.12159189387374175,0.04008787297452013,952.9338113367058,1.4465118540164146,COMPLETE
1550,0.12745816945536964,0.036773243528343165,5593.632645921561,0.0023438933501208565,COMPLETE
1551,0.13239117392173855,0.04333000256150324,2091.3874884826155,66.15972412667446,COMPLETE
1552,0.11959202719818679,0.03852810507071805,4414.188047957258,0.0025189857451559687,COMPLETE
1553,0.12679154723018465,0.039732138506606285,176.12482135421934,39.760550590131494,COMPLETE
1554,0.12665822278514766,0.03362243822870396,2091.3874884826155,0.7379529192541225,COMPLETE
1555,0.12192520498633425,0.04581053999248628,25.589629823128277,0.01979727956496571,COMPLETE
1556,0.1245250316645557,0.04794493272221807,8767.94227631701,0.00631995807659227,COMPLETE
1557,0.12832477834811012,0.03104508576696967,4414.188047957258,0.0002469496037621757,COMPLETE
1558,0.12545830277981468,0.04795403930473862,3283.5503933160408,0.025922790194725678,COMPLETE
1559,0.12812479168055463,0.050332605390361926,8767.94227631701,66.15972412667446,COMPLETE
1560,0.12212519165388974,0.03853597495700855,5593.632645921561,0.0034106400141028694,COMPLETE
1561,0.13252449836677554,0.03483390282471868,6283.120401032437,0.00035482778808143957,COMPLETE
1562,0.12079194720351977,0.04743391413664283,4414.188047957258,0.005260604602629495,COMPLETE
1563,0.12225851609892674,0.050675571940643344,4414.188047957258,2.534482843524369,COMPLETE
1564,0.12325844943670422,0.036234877514159304,6283.120401032437,0.0003586161041845704,COMPLETE
1565,0.13085794280381308,0.03668058633851222,162.13849215541003,0.0037971659912415705,COMPLETE
1566,0.12792480501299913,0.04593477806509925,8767.94227631701,0.00789850176680219,COMPLETE
1567,0.13125791613892407,0.03797505871743679,3669.6033154271627,69.48678392850886,COMPLETE
1568,0.1291913872408506,0.04745747314665446,2.626797025578193,13.146385494085145,COMPLETE
1569,0.1295913605759616,0.039463329753214836,13.291356772292664,4.460313197519646,COMPLETE
1570,0.135390973935071,0.043413787749325576,882.5319353591635,0.0025189857451559687,COMPLETE
1571,0.12732484501033264,0.04163545858871183,0.010985912965931748,0.0006848662074152905,COMPLETE
1572,0.1291247250183321,0.03465563813412865,1699.7548659098384,0.006565496359129721,COMPLETE
1573,0.12472501833211119,0.043563352940912015,5714.47495961426,69.48678392850886,COMPLETE
1574,0.12079194720351977,0.04636601021618859,8767.94227631701,0.07477310290547144,COMPLETE
1575,0.134591027264849,0.033908476644408894,17.227250660274336,0.0002593318164799532,COMPLETE
1576,0.1243917072195187,0.038936427893268184,8767.94227631701,11.465931709071809,COMPLETE
1577,0.12592493833744417,0.05106209384464435,5593.632645921561,59.404026135283274,COMPLETE
1578,0.12685820945270315,0.045801734959567984,3366.6656155440137,39.760550590131494,COMPLETE
1579,0.12725818278781414,0.04070728142259562,4414.188047957258,0.8478587820306428,COMPLETE
1580,0.1192587160855943,0.04052083446904258,1.2196789794614233,9.711433843795191,COMPLETE
1581,0.12172521831877875,0.04585886026037078,0.6367144964767432,0.16207729309253507,COMPLETE
1582,0.1300579961335911,0.038250030868495655,2091.3874884826155,77.8261267634034,COMPLETE
1583,0.12705819612025865,0.039264052590033516,5714.47495961426,0.005973330656741422,COMPLETE
1584,0.12565828944737018,0.03865223558130037,5593.632645921561,0.005973330656741422,COMPLETE
1585,0.1289914005732951,0.04032061454337469,0.012041999032677284,1.834530898067978,COMPLETE
1586,0.12172521831877875,0.03412928632737528,527.3996908187304,0.023094559541099267,COMPLETE
1587,0.12339177388174122,0.040702275780954214,93.1493200255591,1.834530898067978,COMPLETE
1588,0.1299246716885541,0.04388599501246745,398.90512643433203,39.760550590131494,COMPLETE
1589,0.11985867608826078,0.052036516971785025,6283.120401032437,39.760550590131494,COMPLETE
1590,0.11999200053329778,0.0428158696074783,4414.188047957258,0.09331302009757335,COMPLETE
1591,0.1353243117125525,0.04242989476489688,0.1421366670585261,9.711433843795191,COMPLETE
1592,0.12652489834011066,0.039344246942492146,0.6690760699860392,9.711433843795191,COMPLETE
1593,0.11785880941270582,0.04585174989186962,8767.94227631701,0.0057692422664744145,COMPLETE
1594,0.13685754283047796,0.03182492380452071,428.2701580118604,0.00015074134813576408,COMPLETE
1595,0.11745883607759483,0.036832923099278006,0.012772667625437252,77.3831740923394,COMPLETE
1596,0.1295913605759616,0.04369503789079528,19.806372627863812,1.834530898067978,COMPLETE
1597,0.12585827611492567,0.04244187403186466,3188.0561002540985,0.002577489018984798,COMPLETE
1598,0.12679154723018465,0.038998368463365254,0.4045375016002609,0.013369753411955218,COMPLETE
1599,0.1303246450236651,0.03799893810840762,4414.188047957258,0.9159591409436798,COMPLETE
1600,0.12299180054663023,0.03670452916183254,140.18900084322394,1.3096921419961014,COMPLETE
1601,0.13185787614159056,0.03794452610176091,0.012041999032677284,5.91054315828047,COMPLETE
1602,0.12559162722485168,0.04043675216792867,2.4575845897548034,0.00789850176680219,COMPLETE
1603,0.12712485834277715,0.03981284497608106,0.08473315980529492,0.006903295106994282,COMPLETE
1604,0.1294580361309246,0.04316988416097648,85.15463444519611,66.15972412667446,COMPLETE
1605,0.12585827611492567,0.03935077165415762,0.15836579847308405,0.04497392952794033,COMPLETE
1606,0.13105792947136857,0.04526698543064095,8767.94227631701,28.336173718771214,COMPLETE
1607,0.12792480501299913,0.04712170733852147,4414.188047957258,77.8261267634034,COMPLETE
1608,0.12625824945003666,0.03750968425935606,389.1613219624443,0.0182193293404572,COMPLETE
1609,0.12805812945803613,0.03873841380632386,5593.632645921561,0.39650615495763425,COMPLETE
1610,0.13739084061062595,0.030940347892028302,35.59058618416778,0.0031649365093392333,COMPLETE
1611,0.12639157389507366,0.03944231114033536,8767.94227631701,1.834530898067978,COMPLETE
1612,0.11692553829744684,0.04890715452123747,6283.120401032437,0.16207729309253507,COMPLETE
1613,0.12732484501033264,0.04272985610377247,7.0493457570079485,0.00034114588603828956,COMPLETE
1614,0.13392440503966402,0.028691177302829097,190.6407695569932,0.04472792127788172,COMPLETE
1615,0.12819145390307313,0.036199847434247916,12.888405202482325,0.9159591409436798,COMPLETE
1616,0.12499166722218519,0.04226397592741941,1.2664137346315738,1.1397199787256473,COMPLETE
1617,0.12765815612292514,0.04091602244748239,0.7476534525585402,0.013369753411955218,COMPLETE
1618,0.13179121391907206,0.043628882157605096,6283.120401032437,0.5301250349464544,COMPLETE
1619,0.13185787614159056,0.04674169004368419,8767.94227631701,0.005973330656741422,COMPLETE
1620,0.1246583561095927,0.04056566219165232,0.012041999032677284,53.85952780169579,COMPLETE
1621,0.12192520498633425,0.03732342556564179,7480.2951571941785,0.00026301248386466515,COMPLETE
1622,0.12185854276381575,0.04076956702730498,3110.1377470169305,0.037075065309647735,COMPLETE
1623,0.13072461835877608,0.04318069421326445,35.764907846341835,1.834530898067978,COMPLETE
1624,0.12559162722485168,0.04689195387785574,7480.2951571941785,0.010873993607429092,COMPLETE
1625,0.12279181387907473,0.041074862115286714,3110.1377470169305,15.529694770428852,COMPLETE
1626,0.12659156056262916,0.0456371820543494,6283.120401032437,0.045855244398337346,COMPLETE
1627,0.1193253783081128,0.0365258071146862,4414.188047957258,0.013369753411955218,COMPLETE
1628,0.12372508499433371,0.04836402756433684,12.538849125482605,0.00788717212301835,COMPLETE
1629,0.1300579961335911,0.039127040267691766,1.1514574839465253,42.71415032615479,COMPLETE
1630,0.12005866275581628,0.03546640641535962,42.84708274058437,0.00015218546796526348,COMPLETE
1631,0.12265848943403773,0.03839123245543423,8767.94227631701,20.67609351364809,COMPLETE
1632,0.13159122725151656,0.035940573733646834,1409.7948803782701,0.0013506909831853848,COMPLETE
1633,0.12259182721151923,0.03800942760591779,6283.120401032437,66.15972412667446,COMPLETE
1634,0.12612492500499967,0.040770329694644745,5490.826468583743,68.54419600121358,COMPLETE
1635,0.1351909872675155,0.03595887069125174,4.445923865966545,0.004015153012536671,COMPLETE
1636,0.13165788947403506,0.03636417752465125,0.06508888551429474,9.711433843795191,COMPLETE
1637,0.12345843610425972,0.039648040948411074,8767.94227631701,4.653366042951739,COMPLETE
1638,0.12859142723818412,0.05043869045389503,5593.632645921561,0.10238096800819617,COMPLETE
1639,0.12832477834811012,0.039121076506728726,0.06508888551429474,9.711433843795191,COMPLETE
1640,0.135257649490034,0.03835529804872757,25.52201138268508,69.48678392850886,COMPLETE
1641,0.12705819612025865,0.047683400432149414,0.6690760699860392,0.0051140653933557986,COMPLETE
1642,0.12692487167522165,0.03945419110825603,0.1044203257943824,0.0007426823253688197,COMPLETE
1643,0.12672488500766615,0.038336041687390084,1294.7424382949516,10.10044521792788,COMPLETE
1644,0.12785814279048063,0.03995819473597888,125.1492949467822,0.006285018378427222,COMPLETE
1645,0.12599160055996267,0.04801271364624111,7480.2951571941785,22.220798508809132,COMPLETE
1646,0.11999200053329778,0.04198088580099376,0.06508888551429474,0.7377332290300859,COMPLETE
1647,0.12592493833744417,0.035432242360948336,0.012041999032677284,0.0037971659912415705,COMPLETE
1648,0.12332511165922272,0.0433503227173671,1.690322956609313,47.783325992906654,COMPLETE
1649,0.12879141390573962,0.042718014480697536,9552.092947795103,0.025922790194725678,COMPLETE
1650,0.11652556496233585,0.04931802862938915,5593.632645921561,68.54419600121358,COMPLETE
1651,0.12559162722485168,0.03613582617871397,39.17418907130478,1.2719469456188701,COMPLETE
1652,0.11632557829478035,0.04049367919119153,6283.120401032437,1.834530898067978,COMPLETE
1653,0.13065795613625758,0.04568011130570982,0.6690760699860392,1.0207652224366548,COMPLETE
1654,0.12605826278248117,0.0417142956926512,62.139989788059566,15.6143885005709,COMPLETE
1655,0.12739150723285114,0.034918637956265354,0.013332465198670958,0.30058940819846525,COMPLETE
1656,0.1299246716885541,0.04265747978938729,1752.2204531177342,9.711433843795191,COMPLETE
1657,0.12885807612825811,0.034316005721270464,0.06508888551429474,0.0182193293404572,COMPLETE
1658,0.12612492500499967,0.041298163373651185,173.63126396151165,30.820838792753317,COMPLETE
1659,0.1191253916405573,0.050459612610557224,8767.94227631701,49.888020320418896,COMPLETE
1660,0.1241917205519632,0.040700587867501,7.832990793960404,1.912768288176797,COMPLETE
1661,0.12819145390307313,0.03632641412912583,66.38686159886589,0.005973330656741422,COMPLETE
1662,0.1243250449970002,0.032777078495938555,1.2196789794614233,9.711433843795191,COMPLETE
1663,0.12039197386840877,0.03888189144830469,0.044471448957227884,0.9159591409436798,COMPLETE
1664,0.11505899606692888,0.053197236269592094,5490.826468583743,68.54419600121358,COMPLETE
1665,0.1296580227984801,0.03613520889246911,3.1919574154757338,0.007966533219618271,COMPLETE
1666,0.12832477834811012,0.03530639070271295,6283.120401032437,0.0005547045648646603,COMPLETE
1667,0.12205852943137124,0.03571027563028069,8767.94227631701,0.16210351871562223,COMPLETE
1668,0.1297913472435171,0.043398134512595075,6283.120401032437,0.001751201896059218,COMPLETE
1669,0.1295913605759616,0.036586492323703465,3.4510149499705216,0.16716053036453654,COMPLETE
1670,0.1301913205786281,0.04092693871406718,4414.188047957258,33.23074373264956,COMPLETE
1671,0.12639157389507366,0.03721045754027245,0.039385969259514896,0.9159591409436798,COMPLETE
1672,0.1289247383507766,0.041358566932438716,1.2196789794614233,69.48678392850886,COMPLETE
1673,0.12792480501299913,0.033991364847976234,0.09680688832948448,0.0013866854726251184,COMPLETE
1674,0.11852543163789081,0.04851444252694119,8767.94227631701,1.834530898067978,COMPLETE
1675,0.12672488500766615,0.04427258925008088,8767.94227631701,1.3096921419961014,COMPLETE
1676,0.12832477834811012,0.03938529596742044,10.180461601697735,61.68710136050979,COMPLETE
1677,0.14172388507432837,0.041000697514803584,264.76808542483286,0.07477310290547144,COMPLETE
1678,0.12499166722218519,0.04030255442649682,8767.94227631701,12.865829263152643,COMPLETE
1679,0.11959202719818679,0.04646195946300818,8767.94227631701,0.7218367322605694,COMPLETE
1680,0.11545896940203987,0.03323451681868227,5593.632645921561,0.00017153081311803352,COMPLETE
1681,0.13699086727551496,0.03376207353769893,0.20106043240577146,0.00017932815021751424,COMPLETE
1682,0.12299180054663023,0.043681412216314316,3761.517010007866,0.013517858172829945,COMPLETE
1683,0.12512499166722219,0.0343219578170105,0.011585033464106798,0.0057692422664744145,COMPLETE
1684,0.12059196053596427,0.039602551119937414,4.752888362918568,0.7021414092878551,COMPLETE
1685,0.11952536497566829,0.04398232926100368,6283.120401032437,10.87182663844113,COMPLETE
1686,0.1301913205786281,0.0437053297645169,7098.897912648846,13.146385494085145,COMPLETE
1687,0.12492500499966669,0.04142202144848495,5490.826468583743,68.54419600121358,COMPLETE
1688,0.134457702819812,0.03702428636825799,528.170187432185,14.440837082086604,COMPLETE
1689,0.12752483167788814,0.037258572790099274,113.16579370471709,0.5094607296270592,COMPLETE
1690,0.12612492500499967,0.039959422266854124,964.1677807919291,0.0031863885958307125,COMPLETE
1691,0.1246583561095927,0.03922959649330834,0.09675453795880296,2.1283790837599774,COMPLETE
1692,0.12539164055729618,0.0356616490710339,3110.1377470169305,0.00024054367989291537,COMPLETE
1693,0.12225851609892674,0.039752104455191624,5593.632645921561,13.146385494085145,COMPLETE
1694,0.1188587427504833,0.0370519293942187,1.423606564794693,12.659032023633612,COMPLETE
1695,0.12232517832144524,0.04002743271661781,5.689977163718403,0.00028874469137674764,COMPLETE
1696,0.12625824945003666,0.042244298917122454,2091.3874884826155,77.8261267634034,COMPLETE
1697,0.12605826278248117,0.037118120263293725,1.2196789794614233,9.711433843795191,COMPLETE
1698,0.1250583294447037,0.04220984298808413,5490.826468583743,0.8885701370202946,COMPLETE
1699,0.12372508499433371,0.03920572246146367,5.203382753591176,0.0016792889642306646,COMPLETE
1700,0.12759149390040664,0.04173583912209263,3381.8362592721455,0.012874658262231617,COMPLETE
1701,0.11732551163255783,0.047892970397189934,65.42692264515615,0.002831941038665066,COMPLETE
1702,0.12019198720085328,0.0425412648573926,0.012772667625437252,3.8467508842772533,COMPLETE
1703,0.13405772948470102,0.04263452791879556,5593.632645921561,0.029520265408049928,COMPLETE
1704,0.12872475168322112,0.036303310505122775,1.4702922595329029,0.37492916103805757,COMPLETE
1705,0.1293247116858876,0.04103540577920058,0.150036680329927,28.336173718771214,COMPLETE
1706,0.12732484501033264,0.04294431620524062,1.4702922595329029,0.00039805372591869646,COMPLETE
1707,0.12572495166988867,0.037319488933532124,8767.94227631701,0.01979727956496571,COMPLETE
1708,0.1242583827744817,0.039075023880240006,66.38686159886589,12.78183352708858,COMPLETE
1709,0.1190587294180388,0.047601172362106974,5593.632645921561,0.004592815303058262,COMPLETE
1710,0.13239117392173855,0.03934494536107094,0.5094102696494266,13.146385494085145,COMPLETE
1711,0.1292580494633691,0.034558259442956984,0.12056066920959907,1.6858190955364956,COMPLETE
1712,0.11845876941537231,0.03946945508350676,0.055526005811229844,0.06683200085079455,COMPLETE
1713,0.12292513832411173,0.042234925010152025,84.81585647895939,0.0007258678965361077,COMPLETE
1714,0.12679154723018465,0.03799994312711188,0.17998872119410486,0.030361942384292823,COMPLETE
1715,0.12332511165922272,0.042073580182313566,4414.188047957258,0.0025189857451559687,COMPLETE
1716,0.12352509832677822,0.0339346532086724,6283.120401032437,68.54419600121358,COMPLETE
1717,0.12492500499966669,0.04974296696688956,8046.353393130679,48.0350582158026,COMPLETE
1718,0.1250583294447037,0.03982461697552324,0.06508888551429474,9.711433843795191,COMPLETE
1719,0.1289247383507766,0.034246969549302266,2.4936651327038177,19.248857106697457,COMPLETE
1720,0.12172521831877875,0.041356171341825336,16.98145540473737,0.00010740923585428313,COMPLETE
1721,0.12519165388974068,0.042718013050885545,50.600075513050925,1.9451088505340488,COMPLETE
1722,0.11752549830011333,0.04200977729466268,0.012041999032677284,77.3831740923394,COMPLETE
1723,0.12259182721151923,0.037688128143032996,695.8945260922112,0.01150918809733554,COMPLETE
1724,0.1351909872675155,0.03742984107812978,0.03403893953026416,9.711433843795191,COMPLETE
1725,0.12712485834277715,0.035467050214431646,7.214986921373464,33.59719731818298,COMPLETE
1726,0.12352509832677822,0.0444771091411145,5593.632645921561,63.63968662819512,COMPLETE
1727,0.12219185387640824,0.038563482056752814,0.08850165117381918,0.013517858172829945,COMPLETE
1728,0.12685820945270315,0.034538093606991324,0.05446775423570205,0.03061069725245938,COMPLETE
1729,0.12719152056529565,0.03372654333776878,787.9494973324863,0.00788717212301835,COMPLETE
1730,0.12139190720618626,0.05101524353983459,8767.94227631701,0.628124615875489,COMPLETE
1731,0.12645823611759216,0.03792301854033445,0.11538330099300864,6.961645598580406,COMPLETE
1732,0.12519165388974068,0.041396097411220086,8767.94227631701,5.2527138688655635,COMPLETE
1733,0.1301913205786281,0.03883373946535423,0.06508888551429474,9.711433843795191,COMPLETE
1734,0.1290580627958136,0.04415452247506185,0.4040974318627581,0.0005767219230588297,COMPLETE
1735,0.1296580227984801,0.04471216641899131,5457.545526922475,1.834530898067978,COMPLETE
1736,0.12745816945536964,0.0469375021113,0.2502776146310605,0.0037971659912415705,COMPLETE
1737,0.12199186720885274,0.029185771964596964,5714.47495961426,0.0002122346791209776,COMPLETE
1738,0.12739150723285114,0.03604910390255666,430.42183122802464,1.834530898067978,COMPLETE
1739,0.1355909606026265,0.03490292327362793,112.59810318296495,50.36096778513859,COMPLETE
1740,0.1303246450236651,0.035549749062179836,16.531514322694267,0.013369753411955218,COMPLETE
1741,0.12665822278514766,0.03620951123144012,5707.322546280913,6.426038832207893,COMPLETE
1742,0.1193920405306313,0.031296541487316025,0.02410932649061047,0.1096007309425185,COMPLETE
1743,0.12499166722218519,0.04148693179369924,5593.632645921561,0.06775716006060721,COMPLETE
1744,0.1295246983534431,0.031028913301768938,4414.188047957258,77.8261267634034,COMPLETE
1745,0.12745816945536964,0.04305618356357097,0.255157177448877,39.760550590131494,COMPLETE
1746,0.1193253783081128,0.04253452110624107,3.1755943325078206,0.002831941038665066,COMPLETE
1747,0.12085860942603827,0.04564789381759467,8767.94227631701,0.10835713236537235,COMPLETE
1748,0.1243917072195187,0.04331333328267273,6283.120401032437,3.728224923806213,COMPLETE
1749,0.12832477834811012,0.03888404202105349,1981.305102745408,13.146385494085145,COMPLETE
1750,0.12285847610159323,0.04383668281445035,4414.188047957258,0.013369753411955218,COMPLETE
1751,0.1295246983534431,0.045013672652036534,6313.610515015052,0.14196230698931192,COMPLETE
1752,0.13165788947403506,0.038780201512303616,21.256764813891586,39.760550590131494,COMPLETE
1753,0.12599160055996267,0.03750592303039737,1.5898344378176623,0.025922790194725678,COMPLETE
1754,0.12572495166988867,0.036814844769372086,2430.9938550782135,0.0057692422664744145,COMPLETE
1755,0.12252516498900073,0.04135494580933101,3009.6081151130525,0.16210351871562223,COMPLETE
1756,0.12859142723818412,0.044391723009591884,6532.981897506939,1.834530898067978,COMPLETE
1757,0.12792480501299913,0.036817736373721745,65.42692264515615,0.04357522140335496,COMPLETE
1758,0.13105792947136857,0.045014320559218085,1.2394721045279367,0.06934610591801918,COMPLETE
1759,0.12559162722485168,0.03989093273904493,8767.94227631701,0.7218367322605694,COMPLETE
1760,0.12772481834544364,0.03571671693247767,1.4702922595329029,5.240743981268424,COMPLETE
1761,0.12039197386840877,0.0337263742229901,0.22572897832814257,1.834530898067978,COMPLETE
1762,0.12725818278781414,0.04268112190034943,0.632322242814403,0.9159591409436798,COMPLETE
1763,0.12819145390307313,0.03645523890970144,36.23998154014875,0.023094559541099267,COMPLETE
1764,0.13245783614425705,0.040721112139304044,542.3959133547984,3.081153326637809,COMPLETE
1765,0.12232517832144524,0.04231378646776736,8767.94227631701,1.834530898067978,COMPLETE
1766,0.12012532497833478,0.04539129342808967,8888.954986641094,0.2527524984765238,COMPLETE
1767,0.1289247383507766,0.04602279723668351,0.025200047305894778,0.018945928132266285,COMPLETE
1768,0.12379174721685221,0.03692957600979019,29.524696342316837,0.0006660574571585495,COMPLETE
1769,0.12012532497833478,0.0452928440233064,5490.826468583743,0.2921628574366857,COMPLETE
1770,0.1289914005732951,0.03789968777450619,238.7543378175228,0.00017153081311803352,COMPLETE
1771,0.12745816945536964,0.03843291327590934,901.3171095280177,0.23493169514958756,COMPLETE
1772,0.12819145390307313,0.041580829534171755,4414.188047957258,0.07477310290547144,COMPLETE
1773,0.12499166722218519,0.028199412856476053,7480.2951571941785,0.0008956313211146498,COMPLETE
1774,0.11959202719818679,0.03347080862788241,6283.120401032437,0.0008014304635076132,COMPLETE
1775,0.12779148056796213,0.03736631883937781,0.06508888551429474,0.13889786002939059,COMPLETE
1776,0.12719152056529565,0.039299630969884626,5714.47495961426,39.760550590131494,COMPLETE
1777,0.1350576628224785,0.039668548857022305,3124.7704225365483,0.004174939536991713,COMPLETE
1778,0.12132524498366776,0.043984733615830975,8767.94227631701,0.0691694377385571,COMPLETE
1779,0.12779148056796213,0.04141779028599351,7480.2951571941785,7.049816771298326,COMPLETE
1780,0.12645823611759216,0.04185657966371342,154.9138349908798,0.002831941038665066,COMPLETE
1781,0.11992533831077928,0.04757805314585615,8767.94227631701,16.630813455352612,COMPLETE
1782,0.12552496500233318,0.04239461456186916,2012.9448200178588,0.8263416794862003,COMPLETE
1783,0.13152456502899806,0.041640429423926255,1699.7548659098384,1.0168467598436952,COMPLETE
1784,0.12612492500499967,0.04118914917057984,5490.826468583743,0.0774131499877454,COMPLETE
1785,0.13112459169388707,0.03701620195853979,57.874206211481415,28.336173718771214,COMPLETE
1786,0.12759149390040664,0.04441255722571736,0.6421006000269074,0.9159591409436798,COMPLETE
1787,0.12525831611225918,0.04718866721412996,245.31176189939424,0.013369753411955218,COMPLETE
1788,0.12232517832144524,0.03745105140538985,161.7066362078602,0.0005192006940791292,COMPLETE
1789,0.12692487167522165,0.03554217804917385,3.85685806573471,72.64270358465437,COMPLETE
1790,0.1239917338844077,0.036568578102780476,0.018171786508754777,13.146385494085145,COMPLETE
1791,0.12359176054929671,0.03998019389751276,6478.878860395572,0.00011739188264416072,COMPLETE
1792,0.1239917338844077,0.04606567227896885,6283.120401032437,0.16210351871562223,COMPLETE
1793,0.12525831611225918,0.04269020633036546,0.012041999032677284,0.0037971659912415705,COMPLETE
1794,0.12019198720085328,0.03779724967266991,8767.94227631701,0.0035757169941842814,COMPLETE
1795,0.12119192053863076,0.034593969484339016,255.18128424877065,20.19327693128518,COMPLETE
1796,0.12305846276914872,0.044608130173624465,6283.120401032437,0.5067981460446422,COMPLETE
1797,0.12859142723818412,0.03976991990165924,8767.94227631701,0.10410351883748246,COMPLETE
1798,0.1250583294447037,0.04654361868181196,3110.1377470169305,61.68710136050979,COMPLETE
1799,0.12605826278248117,0.034976660663659676,190.6407695569932,0.005973330656741422,COMPLETE
1800,0.12679154723018465,0.03692632721590933,0.015772801434826175,69.48678392850886,COMPLETE
1801,0.12219185387640824,0.050241367835283435,8767.94227631701,0.16210351871562223,COMPLETE
1802,0.12699153389774015,0.03917189596670413,0.17036045573283745,13.146385494085145,COMPLETE
1803,0.13305779614692353,0.04782223280512043,0.14619180878194082,0.04497392952794033,COMPLETE
1804,0.12092527164855676,0.03840275975583131,5.639171757026095,39.760550590131494,COMPLETE
1805,0.11605892940470636,0.046981250287564336,5593.632645921561,68.54419600121358,COMPLETE
1806,0.1244583694420372,0.03406756344308479,8767.94227631701,0.0003249165304393442,COMPLETE
1807,0.11679221385240984,0.0427828659608778,6283.120401032437,39.760550590131494,COMPLETE
1808,0.1189254049730018,0.02808377974569062,8767.94227631701,0.00011342504194784755,COMPLETE
1809,0.12879141390573962,0.03548707307996605,20.623220055351236,0.10508745060655125,COMPLETE
1810,0.11959202719818679,0.03562088452492334,0.09454384326036071,50.90707205209426,COMPLETE
1811,0.12732484501033264,0.03683824517853491,2.1420363814053656,0.003001155999213301,COMPLETE
1812,0.13105792947136857,0.04026541945238287,8.246611092209319,0.9303220056312471,COMPLETE
1813,0.13072461835877608,0.04208364813957805,8767.94227631701,0.9159591409436798,COMPLETE
1814,0.12085860942603827,0.04172645984096322,0.016665390582347943,49.888020320418896,COMPLETE
1815,0.13085794280381308,0.041605743051132314,127.09788274538607,39.715576374426604,COMPLETE
1816,0.12885807612825811,0.03854774117102973,4.709574243654854,77.3831740923394,COMPLETE
1817,0.1300579961335911,0.04838032746197046,8767.94227631701,0.16210351871562223,COMPLETE
1818,0.12685820945270315,0.030944038927864462,5593.632645921561,9.711433843795191,COMPLETE
1819,0.13072461835877608,0.03350487314137906,12.289580262689807,0.025922790194725678,COMPLETE
1820,0.12252516498900073,0.048705962698836175,8767.94227631701,0.7218367322605694,COMPLETE
1821,0.12225851609892674,0.03914582090253313,0.03373387238611105,0.002577489018984798,COMPLETE
1822,0.12672488500766615,0.039879612894390036,0.7544277981036173,0.0008341816377675434,COMPLETE
1823,0.11692553829744684,0.042462556660790816,4414.188047957258,50.68101287240053,COMPLETE
1824,0.12325844943670422,0.04977803517437524,8130.397824692083,0.003722386649190379,COMPLETE
1825,0.13059129391373908,0.036904926425593815,0.012622152246017275,24.206411303340968,COMPLETE
1826,0.1291913872408506,0.03623594249057453,0.8291324896578912,0.0004981325601157588,COMPLETE
1827,0.1189920671955203,0.051861349034409684,4958.775154271243,0.013369753411955218,COMPLETE
1828,0.12792480501299913,0.03902207969087688,2091.3874884826155,0.013912678350996346,COMPLETE
1829,0.12312512499166722,0.04657634294987832,5075.65208232383,0.0024457408290837423,COMPLETE
1830,0.12572495166988867,0.03892454380426626,0.6690760699860392,9.711433843795191,COMPLETE
1831,0.1289247383507766,0.036775582950049145,12.160605826891606,0.0057692422664744145,COMPLETE
1832,0.13059129391373908,0.03870175022163452,190.6407695569932,0.002577489018984798,COMPLETE
1833,0.1193920405306313,0.04113951870646138,8767.94227631701,0.003443642103031165,COMPLETE
1834,0.1188587427504833,0.04034113358981774,1249.8667085517086,1.834530898067978,COMPLETE
1835,0.1244583694420372,0.041719505521958335,5593.632645921561,0.004507286483439245,COMPLETE
1836,0.1297246850209986,0.041500881330946475,543.0635246710101,4.5109445797481,COMPLETE
1837,0.13165788947403506,0.0430405448492728,63.767035879422856,64.33194288850487,COMPLETE
1838,0.1291247250183321,0.038487115636910776,1165.2795417694324,0.07477310290547144,COMPLETE
1839,0.1302579828011466,0.03047950387738999,8.246611092209319,9.711433843795191,COMPLETE
1840,0.13379108059462702,0.045372232743721125,0.011552382793700402,0.0018216572178892192,COMPLETE
1841,0.12792480501299913,0.04443676587294776,1352.2579406045675,0.0005603695396398283,COMPLETE
1842,0.12339177388174122,0.04924876120858903,12.557649124207192,49.888020320418896,COMPLETE
1843,0.12812479168055463,0.04148249877896554,0.6699100483230561,9.711433843795191,COMPLETE
1844,0.13192453836410906,0.045338765988308785,0.6011415611191541,61.68710136050979,COMPLETE
1845,0.11725884941003933,0.04997947454574315,5560.204211199711,28.336173718771214,COMPLETE
1846,0.13212452503166455,0.03488826861310001,6283.120401032437,0.04497392952794033,COMPLETE
1847,0.12745816945536964,0.03439636125122877,4.448512289918966,39.760550590131494,COMPLETE
1848,0.1243917072195187,0.04485424798959722,39.665530246815244,32.37453871277501,COMPLETE
1849,0.12232517832144524,0.04499375637807679,0.06508888551429474,0.00019925075725224587,COMPLETE
1850,0.12585827611492567,0.04560970788657048,8767.94227631701,38.213429450453056,COMPLETE
1851,0.11852543163789081,0.04172944856449358,6283.120401032437,0.16207729309253507,COMPLETE
1852,0.12172521831877875,0.04072179339609953,190.6407695569932,23.14615465057816,COMPLETE
1853,0.12825811612559163,0.03930635077681414,40.98629975959966,1.834530898067978,COMPLETE
1854,0.12025864942337178,0.03971547966888364,874.6586086758039,0.7218367322605694,COMPLETE
1855,0.13412439170721951,0.034203468758036856,1.5524765145545878,12.2003828127104,COMPLETE
1856,0.13125791613892407,0.040329604034047235,0.6089301980476028,0.00926087343135791,COMPLETE
1857,0.12192520498633425,0.04902965283199869,6283.120401032437,0.01979727956496571,COMPLETE
1858,0.12079194720351977,0.04365909720336824,4414.188047957258,28.336173718771214,COMPLETE
1859,0.12299180054663023,0.043272034570378495,5714.47495961426,39.760550590131494,COMPLETE
1860,0.12665822278514766,0.03959239322610544,12.7859140022689,13.146385494085145,COMPLETE
1861,0.13112459169388707,0.04123519195744901,0.03458262094066975,0.010681303190116915,COMPLETE
1862,0.12705819612025865,0.03888405767913494,5490.826468583743,0.8767050594113212,COMPLETE
1863,0.12585827611492567,0.046144951224532306,0.06261906367719601,0.002614184248551823,COMPLETE
1864,0.13112459169388707,0.040972366945581117,608.2534943831005,0.16210351871562223,COMPLETE
1865,0.12559162722485168,0.03936456474678934,6283.120401032437,69.48678392850886,COMPLETE
1866,0.1241917205519632,0.041159665907338217,0.014611110798632962,0.0007056145024144098,COMPLETE
1867,0.13412439170721951,0.037693668598848463,161.09802366450174,77.8261267634034,COMPLETE
1868,0.12252516498900073,0.03591225351873929,15.657427266785414,0.0016155495636606843,COMPLETE
1869,0.13339110725951603,0.03480022148618492,0.3839879512663595,28.336173718771214,COMPLETE
1870,0.12192520498633425,0.044539940665915496,0.6690760699860392,23.049906701597255,COMPLETE
1871,0.12005866275581628,0.03782983384965728,164.4242273625382,0.0004338468549610854,COMPLETE
1872,0.12239184054396374,0.040439097116766506,3110.1377470169305,9.711433843795191,COMPLETE
1873,0.13352443170455303,0.049052905153449115,8767.94227631701,49.888020320418896,COMPLETE
1874,0.12592493833744417,0.03740892466836187,1.059753909839838,0.5372758781904914,COMPLETE
1875,0.13179121391907206,0.03961134716080786,1138.640254136743,0.0007886622743955166,COMPLETE
1876,0.1187920805279648,0.04035845190822611,5593.632645921561,1.834530898067978,COMPLETE
1877,0.11859209386040931,0.04434734323576056,8767.94227631701,0.007879017861505626,COMPLETE
1878,0.12212519165388974,0.048902375315359785,8767.94227631701,0.020617718274135673,COMPLETE
1879,0.1243917072195187,0.04557588739044635,5593.632645921561,4.262665223991079,COMPLETE
1880,0.1297246850209986,0.03189537024161965,0.0147219546851363,0.00014109103334014402,COMPLETE
1881,0.12579161389240717,0.042797622686939096,0.2579211338433941,0.03724706829124636,COMPLETE
1882,0.1346576894873675,0.040814294703675424,0.1368491623321113,0.00017153081311803352,COMPLETE
1883,0.12232517832144524,0.03577381318584279,3110.1377470169305,0.023094559541099267,COMPLETE
1884,0.12492500499966669,0.04064673617332073,8.246611092209319,0.0006974412490419922,COMPLETE
1885,0.12205852943137124,0.04561094682173242,5714.47495961426,39.760550590131494,COMPLETE
1886,0.12172521831877875,0.04600873131418648,0.18458099097642328,0.0032483895884798334,COMPLETE
1887,0.12759149390040664,0.03719122909828155,703.5711702418213,0.002831941038665066,COMPLETE
1888,0.13612425838277448,0.03900778419003127,0.0111072814407772,39.760550590131494,COMPLETE
1889,0.12125858276114926,0.04315230559860061,4414.188047957258,0.013369753411955218,COMPLETE
1890,0.12645823611759216,0.040346218018725795,5928.865571013936,3.692412497889148,COMPLETE
1891,0.12645823611759216,0.03345852653362424,5593.632645921561,0.002831941038665066,COMPLETE
1892,0.1242583827744817,0.032270552356491775,8767.94227631701,0.025922790194725678,COMPLETE
1893,0.1244583694420372,0.037805628373000895,8767.94227631701,0.7218367322605694,COMPLETE
1894,0.1193920405306313,0.03860505280256639,190.6407695569932,0.002577489018984798,COMPLETE
1895,0.1246583561095927,0.04068487466212863,0.6690760699860392,0.36850737868982913,COMPLETE
1896,0.12552496500233318,0.043628133692961944,66.38686159886589,0.005973330656741422,COMPLETE
1897,0.12079194720351977,0.0348858906774708,0.1556570899688169,0.47651997553015063,COMPLETE
1898,0.12832477834811012,0.03906606904613657,15.625970725819906,0.05098807442928969,COMPLETE
1899,0.11945870275314979,0.05470996754520363,9829.205820946585,0.006771755484065131,COMPLETE
1900,0.1299246716885541,0.03899617392909865,0.07281885291035432,2.6709880071115,COMPLETE
1901,0.12025864942337178,0.035556148078924356,2.913455432944683,39.760550590131494,COMPLETE
1902,0.1191920538630758,0.04519084537038918,4958.775154271243,0.013369753411955218,COMPLETE
1903,0.1239917338844077,0.03364934364617075,262.83790840068167,39.760550590131494,COMPLETE
1904,0.12565828944737018,0.0342605699907431,0.022788237102932346,61.68710136050979,COMPLETE
1905,0.11759216052263183,0.045879235287606616,5714.47495961426,0.5302194969779056,COMPLETE
1906,0.12859142723818412,0.042441877910701836,6319.497885178757,2.949901877963111,COMPLETE
1907,0.12099193387107526,0.04634873627607331,8767.94227631701,10.134388840268619,COMPLETE
1908,0.12532497833477768,0.04397631958994989,4958.775154271243,0.007762702083149598,COMPLETE
1909,0.1243250449970002,0.03887671289152134,6283.120401032437,0.9159591409436798,COMPLETE
1910,0.1296580227984801,0.03339722779291344,5714.47495961426,39.760550590131494,COMPLETE
1911,0.12192520498633425,0.039707797536514794,19.94602826097167,77.8261267634034,COMPLETE
1912,0.12799146723551763,0.04097202162625985,8767.94227631701,0.013369753411955218,COMPLETE
1913,0.12565828944737018,0.04888287965144271,8730.902878104629,11.194987430847927,COMPLETE
1914,0.1244583694420372,0.039524188141150454,5714.47495961426,31.89795852754852,COMPLETE
1915,0.1289247383507766,0.038167438605344835,4414.188047957258,0.025922790194725678,COMPLETE
1916,0.13039130724618359,0.03721069993212276,3.3539469514070337,0.16210351871562223,COMPLETE
1917,0.12525831611225918,0.04703088651781092,8767.94227631701,16.630813455352612,COMPLETE
1918,0.11852543163789081,0.04971165375496757,5593.632645921561,26.179271479854755,COMPLETE
1919,0.12845810279314712,0.035180694110400645,1110.5434838902445,0.0683067647859453,COMPLETE
1920,0.1239917338844077,0.04161536574515529,1.3795767762575801,0.004781928050699677,COMPLETE
1921,0.1301246583561096,0.04116503549768945,2091.3874884826155,77.8261267634034,COMPLETE
1922,0.13619092060529298,0.04646676058242456,5560.204211199711,0.9159591409436798,COMPLETE
1923,0.12332511165922272,0.04270079562331586,0.9101760869271954,0.007742636871559718,COMPLETE
1924,0.12699153389774015,0.044146052104635576,4414.188047957258,0.013369753411955218,COMPLETE
1925,0.12739150723285114,0.046664921874658115,5593.632645921561,0.013369753411955218,COMPLETE
1926,0.12839144057062862,0.04026853477286101,513.3995174700812,0.0004764845462551016,COMPLETE
1927,0.1187254183054463,0.045146581423211464,65.42692264515615,0.20632315294208697,COMPLETE
1928,0.12139190720618626,0.050185272511774015,9552.092947795103,0.0073976983219123426,COMPLETE
1929,0.13052463169122058,0.0438571992389196,66.38686159886589,4.340258913270862,COMPLETE
1930,0.12772481834544364,0.04199250902736265,6283.120401032437,13.146385494085145,COMPLETE
1931,0.12165855609626025,0.04230935820666125,0.06508888551429474,0.1323094666923315,COMPLETE
1932,0.1240583961069262,0.029489079164859485,5490.826468583743,0.00015582536671154476,COMPLETE
1933,0.12232517832144524,0.04676540486123305,6283.120401032437,69.48678392850886,COMPLETE
1934,0.12552496500233318,0.03588150029788397,0.12853740255813179,0.11451107334144754,COMPLETE
1935,0.12159189387374175,0.036065980125604115,5714.47495961426,39.760550590131494,COMPLETE
1936,0.12672488500766615,0.03737002135347282,1.063658088201645,0.005973330656741422,COMPLETE
1937,0.1294580361309246,0.038833698934632635,102.75344572996936,16.630813455352612,COMPLETE
1938,0.12485834277714819,0.03151335147169995,0.015512273696058313,0.1815880056037319,COMPLETE
1939,0.13152456502899806,0.04797572156978777,1260.7036583561137,39.760550590131494,COMPLETE
1940,0.1244583694420372,0.042200871950717304,8767.94227631701,0.005783834694453123,COMPLETE
1941,0.12665822278514766,0.03569366160861854,3110.1377470169305,0.01979727956496571,COMPLETE
1942,0.11859209386040931,0.04268853192221464,0.04793952855713966,0.35480259452128043,COMPLETE
1943,0.12765815612292514,0.03888954110238454,8767.94227631701,0.00011154769121172664,COMPLETE
1944,0.12139190720618626,0.04989407636554347,5593.632645921561,0.3780392510002069,COMPLETE
1945,0.12159189387374175,0.03763313375324036,2.7039119316974443,0.00021307207978704605,COMPLETE
1946,0.12279181387907473,0.039924448447798716,234.5516539248528,0.002831941038665066,COMPLETE
1947,0.12812479168055463,0.04167054219416415,5714.47495961426,39.760550590131494,COMPLETE
1948,0.13072461835877608,0.03905903267770663,35.87391488945696,0.025922790194725678,COMPLETE
1949,0.13039130724618359,0.03641322477612714,2.5904113157987805,42.71415032615479,COMPLETE
1950,0.13159122725151656,0.038049919142171845,65.42692264515615,61.75810942830085,COMPLETE
1951,0.12639157389507366,0.03675115489906659,471.32678070568323,0.005973330656741422,COMPLETE
1952,0.1297913472435171,0.03555715425118232,0.9391429126028645,1.834530898067978,COMPLETE
1953,0.12612492500499967,0.04882375327790311,745.5938227270815,0.018656019537610893,COMPLETE
1954,0.1191253916405573,0.03273380730095625,78.52286191635486,69.48678392850886,COMPLETE
1955,0.12319178721418572,0.031326538082727846,1128.3596002982881,30.29009052600122,COMPLETE
1956,0.13105792947136857,0.04664433731615894,6102.763624538792,0.013369753411955218,COMPLETE
1957,0.12072528498100127,0.03980163983707488,6283.120401032437,0.16207729309253507,COMPLETE
1958,0.13225784947670155,0.0450284549918676,4414.188047957258,69.48678392850886,COMPLETE
1959,0.12192520498633425,0.046183651321109256,5593.632645921561,0.00789850176680219,COMPLETE
1960,0.12572495166988867,0.040980513561486354,795.6325327697554,77.3831740923394,COMPLETE
1961,0.12545830277981468,0.04336615694918864,0.012041999032677284,39.760550590131494,COMPLETE
1962,0.13365775614959002,0.03735928480839702,0.8037588523975836,76.96952626491992,COMPLETE
1963,0.12339177388174122,0.04362335540116381,8767.94227631701,0.0027729218560003854,COMPLETE
1964,0.12719152056529565,0.039290420158153476,4414.188047957258,0.013369753411955218,COMPLETE
1965,0.1191920538630758,0.04010675046861368,4.404820883419924,0.06513943668811649,COMPLETE
1966,0.12525831611225918,0.044637985701321055,1.97296621396934,0.010057508942159201,COMPLETE
1967,0.12112525831611226,0.03618463486190472,80.58840684591745,0.0057692422664744145,COMPLETE
1968,0.12372508499433371,0.03681229687136411,32.889117283104454,0.005259223862043069,COMPLETE
1969,0.13059129391373908,0.02991746089894476,65.42692264515615,31.088983899225138,COMPLETE
1970,0.12879141390573962,0.04691722171300015,4414.188047957258,0.013106411613832632,COMPLETE
1971,0.12085860942603827,0.04197383971677235,6283.120401032437,0.020407512642545898,COMPLETE
1972,0.12319178721418572,0.040295951000387506,1227.133243817657,13.146385494085145,COMPLETE
1973,0.12665822278514766,0.03824383674015048,13.517016920055447,39.760550590131494,COMPLETE
1974,0.11972535164322379,0.03769022821746496,0.011153871613925346,51.95690490673032,COMPLETE
1975,0.12285847610159323,0.04758874030069506,2485.21136963453,49.888020320418896,COMPLETE
1976,0.12479168055462969,0.04288225065384277,0.1662690007372168,0.001346768062603418,COMPLETE
1977,0.13125791613892407,0.04217905403451289,141.27025070096968,14.704502304095339,COMPLETE
1978,0.1244583694420372,0.03795576520974549,0.06419641346152843,5.690401750094943,COMPLETE
1979,0.13165788947403506,0.04522720191623944,20.075327836689436,1.6165527128353467,COMPLETE
1980,0.1291247250183321,0.035842711108231146,97.13806098665187,0.0010564018894204813,COMPLETE
1981,0.12225851609892674,0.04243928692218104,0.2245485228509616,68.54419600121358,COMPLETE
1982,0.11672555162989134,0.04085214582158868,25.43440160695157,0.0037971659912415705,COMPLETE
1983,0.12372508499433371,0.038964985106016065,2341.405347122896,68.54419600121358,COMPLETE
1984,0.12825811612559163,0.044454881010073555,8767.94227631701,39.760550590131494,COMPLETE
1985,0.12359176054929671,0.045682628581389516,3994.942270495885,0.7218367322605694,COMPLETE
1986,0.1245916938870742,0.03335675507959795,864.1843291586597,0.9159591409436798,COMPLETE
1987,0.13299113392440504,0.04373309929103151,0.6802855100267907,1.1900240657782748,COMPLETE
1988,0.11765882274515033,0.04671702865194687,8767.94227631701,0.005973330656741422,COMPLETE
1989,0.12052529831344577,0.0392757762543427,517.7627641206724,1.3218466820898507,COMPLETE
1990,0.12625824945003666,0.04077847674800825,6283.120401032437,1.4323294227354522,COMPLETE
1991,0.1188587427504833,0.041406604851746284,3110.1377470169305,0.0031846870599341165,COMPLETE
1992,0.12859142723818412,0.03707462771738979,0.4912726860971979,6.711629024146343,COMPLETE
1993,0.12645823611759216,0.04196960959283613,8767.94227631701,0.013369753411955218,COMPLETE
1994,0.1297913472435171,0.037406966356753855,121.3227030559175,0.05622682939985924,COMPLETE
1995,0.12639157389507366,0.03498853789917839,0.2950351374202641,0.002101966285812154,COMPLETE
1996,0.11779214719018732,0.050450475520951735,6283.120401032437,25.22177594042763,COMPLETE
1997,0.1192587160855943,0.045603814453515225,5490.826468583743,1.741446771553359,COMPLETE
1998,0.11599226718218786,0.05328965411192854,8767.94227631701,28.336173718771214,COMPLETE
1999,0.134591027264849,0.046715873020299406,3110.1377470169305,61.68710136050979,COMPLETE
