number,values_0,values_1,params_delta_deg,params_gamma,params_lambda1,params_lambda3,state
0,0.0796,0.29661893489043206,7.466104260050497,1.6705974543865034,0.02538900808440516,0.24133690159984034,COMPLETE
1,0.0913,0.35053618187103885,2.596437355274286,5.310472980773323,0.14105665628727165,3.624518789722739,COMPLETE
2,0.1276,0.6716294533353699,3.563698108933897,6.872208690066344,572.7284543742186,0.05610871420871274,COMPLETE
3,0.1238,0.6978217264466651,5.561181509172287,7.795649162862653,157.76472984301373,0.08614457198150818,COMPLETE
4,0.1009,0.6398884285382012,5.5150049043702545,6.375236854260541,30.54779366423335,0.5985950343657075,COMPLETE
5,0.10225,0.20163032525213512,0.6172535427226684,1.6685243788788928,8.529295686269778,0.10753035396836841,COMPLETE
6,0.11755,0.6067029237825317,6.373220028764386,2.6165637316925068,1726.8598499372624,69.37427279487777,COMPLETE
7,0.0662,0.20763099609838864,6.228153096296031,1.0494278839365214,0.9749595627776878,0.019518614897246274,COMPLETE
8,0.11605,0.6068105349744357,5.648344185544544,4.256982401260227,0.12426726828676826,0.022329527760628305,COMPLETE
9,0.13385,0.28388693229312895,1.6806813376657945,9.411448401096534,273.94632499472834,0.01333862594826848,COMPLETE
10,0.09735,0.20977040830269922,1.8555996032267388,1.4706851740259606,0.590625629023177,0.04391670121755487,COMPLETE
11,0.0918,0.2654439689688681,2.445656565334105,2.046621328207407,10.663792943386317,0.37899801721319787,COMPLETE
12,0.10765,0.3976247909662859,0.6501390125994883,3.834251196536236,2022.4284041722115,3.835844418358415,COMPLETE
13,0.11305,0.527606572099717,3.2535597786937265,3.5462976791544953,552.0532581997185,7.062579976457381,COMPLETE
14,0.11495,0.6239253734690697,6.4327845822812355,2.395863875504564,1433.6859436079505,79.88179341733795,COMPLETE
15,0.0919,0.11234321860958807,1.070700982585878,1.1824222188442066,0.07181546562881545,0.4777337991013341,COMPLETE
16,0.1269,0.5789423960466363,3.1421442185484896,3.527896999516271,4792.464316739701,3.6737160755706766,COMPLETE
17,0.1103,0.5710824796046924,4.593311846962319,9.276524832853482,22.404802370853613,0.7867467306386959,COMPLETE
18,0.1119,0.5350148207868315,2.9960933044121676,3.636861807859614,928.0691358012833,0.013256607997446958,COMPLETE
19,0.0908,0.4046537045017461,2.331581812460897,8.548323964814713,0.06363584545345846,50.394466226004596,COMPLETE
20,0.10055,0.321071900696431,1.80081579562787,1.808206232949079,0.19378061715881154,0.02383662817864222,COMPLETE
21,0.1258,0.4997419973769857,1.8082215922428297,7.986959133671966,206.97644820492854,10.024286145402035,COMPLETE
22,0.1292,0.5539941267066316,1.6185963901965041,4.1586569508846685,4772.15388837701,0.013744588585769928,COMPLETE
23,0.104,0.5442073271545541,1.2464461612664937,6.776081133103234,472.53321985754735,1.4874310019960524,COMPLETE
24,0.08855,0.2898433948102014,2.42848823335437,1.8943260575893233,0.17363936680345932,0.11576607187846226,COMPLETE
25,0.14015,0.7441007613668433,3.9263853480036732,6.997691793670614,6918.474747767029,0.09277540282070948,COMPLETE
26,0.11285,0.5773709879986303,3.978114881758379,5.486508696408005,0.011260104752787463,0.0623631790206634,COMPLETE
27,0.1206,0.371358866000073,0.9051880720188049,2.7953589641653553,0.08966993501391612,0.03255547902522131,COMPLETE
28,0.0941,0.4693981486931142,6.743337396038037,1.4022913402036523,1136.9451617293491,21.06244841510019,COMPLETE
29,0.08295,0.2909918614405223,3.0106057652043923,2.9149538972511664,0.014707970623769872,0.6499917104826919,COMPLETE
30,0.0974,0.4072784134868701,1.8892823822974358,5.600304491850606,53.18440558386166,23.35585477562936,COMPLETE
31,0.0927,0.18409383283164338,1.878577420324864,1.6281651179671892,0.19353032789830518,0.22696864983299098,COMPLETE
32,0.0783,0.2847541491204028,5.608567316603186,2.6851029970103544,0.013312218698214922,13.846907547344033,COMPLETE
33,0.1,0.41289874832683715,1.725904925943869,2.4338622860693446,874.1330303163832,10.475882099332132,COMPLETE
34,0.0876,0.2138368152932711,4.419840123160088,1.5945809847216492,0.3448706967670991,0.18406866225157814,COMPLETE
35,0.12685,0.688747417041729,3.790531816933903,5.700713517581756,4722.573507795204,43.97293913130812,COMPLETE
36,0.0916,0.23650563218609055,3.58313464608959,2.7857507304507183,2.136762935747518,54.63099150658512,COMPLETE
37,0.107,0.5449448106862397,3.9991657306056503,9.413482932589199,0.6675336240955052,0.6805162092954433,COMPLETE
38,0.06765,0.1828926969686687,7.351751324003693,1.2992706708708701,0.022872403443138362,0.7242985480394712,COMPLETE
39,0.0973,0.3365304560395326,3.4378312476670434,4.144651829759461,0.33545717069597697,42.463823558415875,COMPLETE
40,0.1228,0.7225573496144068,7.3111785443559505,5.0511732625518295,285.7790488175034,0.1399163420901721,COMPLETE
41,0.0888,0.18695060986736156,3.4099180219956797,1.9873909843390936,0.17367781104921115,3.4810098741224977,COMPLETE
42,0.0747,0.15304856734030373,2.210908662319974,1.371223183378064,0.919210048293306,12.630413240768252,COMPLETE
43,0.102,0.2754796663322057,0.2960079642618221,6.760916388246953,2.146591394793584,51.366314923631336,COMPLETE
44,0.08515,0.22493855255866851,2.8711698160207777,1.2566093898263968,128.16678613219463,67.732139360194,COMPLETE
45,0.0839,0.23839264110280114,5.960138319014591,2.824148953430383,0.33284075795421086,52.25838045736777,COMPLETE
46,0.0858,0.5507852880901211,7.257271731141275,5.196045314781185,1.9411683121291674,1.526275265602974,COMPLETE
47,0.08995,0.3344432579825694,1.61247810963069,3.0750105499467444,3.7592603356883285,0.3853203834060334,COMPLETE
48,0.1258,0.6473776729625698,6.812644630608508,4.510361913834067,0.5549010274448358,0.012443470054244883,COMPLETE
49,0.0795,0.33062986091564434,4.097318033812412,2.082816787946359,0.01682899849443549,0.19921512103521935,COMPLETE
50,0.0956,0.44428753093944995,1.0562859813305001,2.6307048556380646,2313.9683548246926,4.072504836370441,COMPLETE
51,0.06895,0.15165326890980493,5.076670003247146,1.183864546299759,0.010294111436649002,9.411536564134298,COMPLETE
52,0.1446,0.5916083592518993,2.3713729740366536,8.099643749530454,6740.875606588302,0.02739193948918892,COMPLETE
53,0.07635,0.18514245419397365,3.3344606159624472,1.3606116871448248,3.535358619335088,73.8160652358767,COMPLETE
54,0.0753,0.19444608386960213,2.829805034921895,1.5651528483778223,0.03323162261792681,0.7495052001284879,COMPLETE
55,0.08775,0.21331296405350864,3.8579478727222294,2.066452540088676,14.208752046496574,25.28624152277267,COMPLETE
56,0.079,0.18505381539202534,1.6631403188898242,1.4809815068054901,25.854852193367364,0.5934734598510701,COMPLETE
57,0.09725,0.35714297587422583,0.5833128116946337,9.840804570484812,0.028660418562744337,0.25306962850359427,COMPLETE
58,0.1287,0.3625208621479097,0.8329426419821616,4.3730641590615855,0.044568925976587806,0.10257012244723256,COMPLETE
59,0.09545,0.5732427837141754,5.939170481881678,8.053117581805795,0.747253043227065,4.8269015675922065,COMPLETE
60,0.1128,0.555639442481592,3.5292205186109387,3.540828116656344,256.4915806564701,0.024952099803240622,COMPLETE
61,0.0801,0.461027694932096,7.386495200771071,1.8145138315019835,28.623301091967512,0.04841802788233872,COMPLETE
62,0.0706,0.3544021154972219,5.827113301687939,1.3296769002026185,343.73057923520304,1.4141176649591676,COMPLETE
63,0.09895,0.550663625893814,5.381858702293355,7.451337432117496,0.4111694316312813,0.762764451422855,COMPLETE
64,0.09755,0.5738985390469734,6.998570432374837,5.950827672861153,0.01333967025299093,0.7306953052604724,COMPLETE
65,0.0819,0.1905780388797471,1.544342930433876,1.8438446347179427,8.141140687355298,2.126688718315185,COMPLETE
66,0.1009,0.3754156348468154,2.9749567558335412,1.699503393970215,1682.5822245299014,1.394744750596564,COMPLETE
67,0.11755,0.18622160097069207,0.5494987785238856,1.1426889750198737,174.77343181630346,0.042472683269881996,COMPLETE
68,0.07305,0.15957087482475474,4.6345873632545755,1.256494764232378,0.022372710947910237,1.0922965381844774,COMPLETE
69,0.0929,0.5159635655338811,4.305982618086691,3.026166894157264,3.1350789894471887,0.011749550410459862,COMPLETE
70,0.10715,0.6458405188167113,6.973898707063055,7.508812096467525,0.16590259730141543,0.40927508607969953,COMPLETE
71,0.11275,0.4656147915671778,1.938926106932242,9.087460543413709,13.75327318980228,0.37117658881977084,COMPLETE
72,0.0943,0.4403957643870198,4.378011050526785,7.447988967750218,0.09403747535706525,0.7202429180445923,COMPLETE
73,0.1201,0.7255730689068632,1.441782102972152,8.928904969540103,2758.2044299778786,1.1455582253601304,COMPLETE
74,0.0959,0.4161477175885926,3.639272469369107,6.326492498759037,27.70945767369785,83.59765042416015,COMPLETE
75,0.1218,0.5596825705908971,3.2342614694771625,7.716956152431088,0.3991416433153113,0.02905967905537422,COMPLETE
76,0.1154,0.22167306921984373,0.3714326954978988,2.4668205712459903,0.030928630484786532,0.06878385694851079,COMPLETE
77,0.09005,0.3267128337235466,5.34350018162054,2.8320734546831314,13.522510295487697,2.1102891532478085,COMPLETE
78,0.11115,0.5514218246383182,1.885070427035611,3.0352039660395387,6755.71174442274,0.725005173883511,COMPLETE
79,0.09265,0.26121506119280696,4.714594625564984,2.69896767279987,0.05638738336150601,1.586419580993275,COMPLETE
80,0.11285,0.5768618093323867,3.5767663211188676,3.4403790761011215,143.68539701649053,0.040693828980036345,COMPLETE
81,0.1179,0.20452645419270862,1.7534124611447541,1.0250716565946363,796.9638522730953,13.21076902376178,COMPLETE
82,0.1307,0.6182606323040875,2.862368560211606,8.2636025320606,869.7530465257089,0.03168328309134959,COMPLETE
83,0.08205,0.26402938516726954,6.232071729712408,1.7594833912179524,0.01151965102399535,0.28220434963382407,COMPLETE
84,0.1265,0.4849669380108623,1.8078622084056417,7.562253423893055,1.7115405193262219,0.0699472168919477,COMPLETE
85,0.097,0.5456575680172062,6.719955172972431,2.87329184153772,1.868113721224129,0.01586248843698154,COMPLETE
86,0.0976,0.4546013638533039,5.549003007609404,7.415123752999991,0.11276654956375644,16.04679978641563,COMPLETE
87,0.09535,0.3444648326290542,0.27474337497730683,4.0031073349616735,2.190885366169707,0.0396979976488373,COMPLETE
88,0.0914,0.4737991074935563,7.398979747077997,2.99838938907905,61.128832411058866,32.402251569270184,COMPLETE
89,0.0827,0.1963362227536886,7.339695485358947,1.0567072421993136,62.697590963815536,11.34645454198699,COMPLETE
90,0.10155,0.3389299936472354,0.7788792884417953,3.2232822869572217,261.950309024431,1.6840995912863275,COMPLETE
91,0.0621,0.17841026015109407,6.8435536313626235,1.1679739768270172,2.4792588435669867,44.76380938653201,COMPLETE
92,0.11155,0.31396343074615407,0.16199044260022796,3.9833224549082002,6649.291504263214,47.09847155254907,COMPLETE
93,0.09335,0.595523461316885,7.489439152524652,4.390239464358789,20.742218430268597,0.5084006019933035,COMPLETE
94,0.07885,0.35696137827418684,2.1400458194082677,1.4973801307178418,632.6228905046459,13.809916121420061,COMPLETE
95,0.1115,0.26222128533997374,1.2540211794852885,2.2846133731118696,0.6825938962817633,0.05552406034279757,COMPLETE
96,0.0838,0.3604724147567682,6.139130625639881,3.315945713584284,0.04073331394919802,72.57830932179442,COMPLETE
97,0.105,0.5475485786356316,4.488730394906111,7.112160223532937,80.21514844734943,10.517700528165557,COMPLETE
98,0.0754,0.15352073941959762,2.2144397973341685,1.4066872624786666,1.2869559035083624,11.046175708135658,COMPLETE
99,0.0766,0.36040392685475114,4.400305109968493,1.367793264680829,598.6615620059632,5.252393949938683,COMPLETE
100,0.0853,0.32863324756609524,4.81356933150241,3.5218506768049913,1.2724168882774245,4.370048393475307,COMPLETE
101,0.1137,0.49608500025246033,5.825650639791702,1.1783230776144702,6216.532122447228,0.09083195419680534,COMPLETE
102,0.08735,0.47346292309361887,5.121566894654992,2.517041383920063,0.03898979318556761,0.01189494371002977,COMPLETE
103,0.1012,0.6918697568766445,7.478544785118224,8.99541846861229,1.6230104062355606,0.6637361019931125,COMPLETE
104,0.11225,0.6464723848562359,5.069360439513679,7.996646201616493,0.8133726327106653,0.05493148423960867,COMPLETE
105,0.07575,0.17559181578175814,7.226248871678973,1.1429205684851076,22.63114544938977,44.45397915225416,COMPLETE
106,0.08055,0.37474833842935096,5.682937906848967,2.448591096137091,2.7826496594297607,0.3677779320047744,COMPLETE
107,0.1208,0.36623995819105054,0.5815685402840504,5.29632452620883,13.676048235887794,0.172372078140636,COMPLETE
108,0.11515,0.6249444917357726,2.5455370720532993,4.034456052561329,713.1063909371504,0.3989335132691185,COMPLETE
109,0.07215,0.2451985422132847,7.057116083691382,1.5734301201407261,0.406081320385467,8.85537453070778,COMPLETE
110,0.12555,0.5703709995195738,2.6080427952529712,6.110305418059103,175.5796004515449,0.5684517876204833,COMPLETE
111,0.0879,0.3862700987941694,2.603397922590822,1.3431835823849814,2592.363426468808,0.01526540354772985,COMPLETE
112,0.12525,0.6478180993269207,4.461799413676051,2.4852484343229997,4281.48380650221,0.16643189193085461,COMPLETE
113,0.11515,0.21679949051563735,0.6483648014662399,3.493980441837814,1.167794128309604,73.35801813284685,COMPLETE
114,0.09525,0.46961711445406706,5.61336619720419,3.3672993873569954,53.80807130592566,3.714311920530108,COMPLETE
115,0.08125,0.13636409661503232,2.4801409727404335,1.2075045091122973,0.018006736166440745,0.14026826681928783,COMPLETE
116,0.1137,0.42116008026050905,1.3085334653377576,3.1792005017034803,8.32767718603735,0.018387305553749598,COMPLETE
117,0.14585,0.7457689614622428,4.959420262850996,4.129126007747511,9056.982120671171,0.15154549321280533,COMPLETE
118,0.10645,0.5847403854328368,4.142860594524235,6.9600376410120175,0.025437850025857786,0.06629888756173917,COMPLETE
119,0.10695,0.2517916098221642,1.720375175153852,3.7809163252141516,10.84704739460409,66.16433771373806,COMPLETE
120,0.0924,0.49960276069538395,7.000389669702646,2.8040993829426037,0.02245057692655168,0.05553350607071608,COMPLETE
121,0.1085,0.2599114131791032,0.7826719477793815,6.214059828790281,0.3765370988033568,1.587771548278975,COMPLETE
122,0.0951,0.1882242829399972,4.959831967637865,1.1488534571740787,75.58313637126474,39.559756379822154,COMPLETE
123,0.13015,0.6434358368804646,2.8511900667173076,4.575942486031681,1172.4479833059252,43.8681957879473,COMPLETE
124,0.12575,0.841000416646874,6.497462010340833,7.14727279136695,294.9465289327683,0.5391201405634892,COMPLETE
125,0.06635,0.17609043261723523,0.1423927633030198,1.6650857723263992,0.7338969708663581,34.08526154859988,COMPLETE
126,0.11245,0.5124796059290361,1.0514757878581262,4.156372405714614,4239.505918668621,27.553526964384037,COMPLETE
127,0.1092,0.23459535591753475,1.7612319144733133,3.5490559547312324,12.933192496010717,14.829989494131054,COMPLETE
128,0.0931,0.425335739978101,2.5879492292723714,6.055188167526536,4.3555341208158325,0.4064274954090309,COMPLETE
129,0.1064,0.3081026136196693,0.8666343963587093,6.162808528428928,0.014111349866670451,5.713218197870926,COMPLETE
130,0.09405,0.34957156805089523,3.820888518758071,1.5849568435590429,249.68474916722874,2.5049789049513156,COMPLETE
131,0.08895,0.2998403942426602,0.864756215594347,3.8389469405162617,1.3866174012804962,60.464932430704,COMPLETE
132,0.11025,0.3319425196246218,1.536630503893159,6.37427371605731,0.037933994749054074,7.508594347363379,COMPLETE
133,0.1183,0.6878688650754068,7.480665459684607,9.123500396940623,10.254284805782731,0.14875767420250272,COMPLETE
134,0.095,0.5506342471687894,5.9138883699491,3.721405127888629,0.28986373877386085,0.021283635102035826,COMPLETE
135,0.07,0.20645482154002384,5.823216238644069,1.2547221676329845,32.319980735467645,0.4652068490652935,COMPLETE
136,0.09315,0.42522983221098065,2.826459675545529,7.328216548609326,0.34638464160674765,20.547910156338585,COMPLETE
137,0.0789,0.22747323214929546,4.520245829728443,1.157424804907036,0.04219682114742547,0.014056698053558789,COMPLETE
138,0.10695,0.5236084814024397,4.51613330732032,2.423765655276442,937.8481247539468,4.570992729096211,COMPLETE
139,0.0975,0.5494993338837056,5.691099015795666,2.4312408985744427,503.9931768520296,88.91410239398084,COMPLETE
140,0.1137,0.2967178923760628,1.0232751170556662,3.3551479921822036,5.693017839679813,0.1826003932678413,COMPLETE
141,0.1072,0.49818960460331335,1.0952361469221512,3.349072627011073,2237.8415895002295,0.5993775623888421,COMPLETE
142,0.1164,0.6250038807751396,5.235717673264429,5.581437040713061,0.6083720765092633,0.09046477285472478,COMPLETE
143,0.07815,0.42503927393173874,7.309016090579767,2.368139402117864,1.147631704418901,0.15318219193232085,COMPLETE
144,0.07815,0.3022861684100435,6.958862290979034,2.544742539137642,0.021291504664163,19.99104001765332,COMPLETE
145,0.0879,0.3889793098351184,4.323612991275797,1.1758136195103135,716.3529192442393,0.08355403234321626,COMPLETE
146,0.08165,0.1790079598926118,1.9822442102040336,1.4046483482284298,29.257766505591963,2.8170167880041777,COMPLETE
147,0.1154,0.4971486800581754,1.725904925943869,3.198725898888523,2313.9683548246926,10.475882099332132,COMPLETE
148,0.077,0.37415746642467923,6.086053401403324,2.8320734546831314,0.04102984570986746,2.1102891532478085,COMPLETE
149,0.08595,0.5899260477047152,7.339695485358947,7.451337432117496,0.4111694316312813,11.34645454198699,COMPLETE
150,0.10305,0.3023051276775574,3.58313464608959,4.144651829759461,0.33545717069597697,2.7260540493360885,COMPLETE
151,0.12635,0.7478143499173904,1.725904925943869,9.413482932589199,874.1330303163832,0.6805162092954433,COMPLETE
152,0.0982,0.3354602137570152,3.2342614694771625,1.699503393970215,0.3991416433153113,0.02905967905537422,COMPLETE
153,0.07625,0.35203400903361454,3.58313464608959,2.7857507304507183,2.136762935747518,0.42674945598165653,COMPLETE
154,0.0667,0.19828822993159506,5.827113301687939,1.3296769002026185,0.025890681393685437,0.5985950343657075,COMPLETE
155,0.06905,0.37699635631641726,4.940397068324327,3.0352039660395387,2.136762935747518,0.725005173883511,COMPLETE
156,0.0813,0.2812242015683667,5.608567316603186,2.6851029970103544,0.013312218698214922,13.846907547344033,COMPLETE
157,0.10465,0.499470302297705,3.9991657306056503,2.395863875504564,1433.6859436079505,12.552667171137678,COMPLETE
158,0.07985,0.3836215669999025,7.257271731141275,1.8145138315019835,165.4041457150081,51.837057486367705,COMPLETE
159,0.08895,0.2256212916681552,2.9749567558335412,1.699503393970215,53.18440558386166,23.35585477562936,COMPLETE
160,0.1057,0.6861853363634444,5.34350018162054,3.0352039660395387,6755.71174442274,2.1102891532478085,COMPLETE
161,0.07835,0.3541970058804045,1.8892823822974358,1.4973801307178418,632.6228905046459,23.35585477562936,COMPLETE
162,0.0799,0.12488524304127505,2.210908662319974,1.0349923919098447,9.914994884267644,12.630413240768252,COMPLETE
163,0.11645,0.5510948744128941,1.885070427035611,3.0352039660395387,6755.71174442274,1.4874310019960524,COMPLETE
164,0.08435,0.1727854183839498,5.5150049043702545,1.0567072421993136,62.697590963815536,11.34645454198699,COMPLETE
165,0.0926,0.4621722107161506,7.386495200771071,1.8145138315019835,598.6615620059632,5.252393949938683,COMPLETE
166,0.10435,0.7037276573923363,7.489439152524652,7.639970758565217,30.54779366423335,0.5985950343657075,COMPLETE
167,0.1095,0.6395538124099132,5.939170481881678,7.716956152431088,0.3991416433153113,0.02905967905537422,COMPLETE
168,0.10005,0.5605352838088794,7.257271731141275,1.9089523660217274,1726.8598499372624,3.9703371647893633,COMPLETE
169,0.09745,0.43004967527619903,2.8704622067687735,7.716956152431088,0.012321623353921948,1.1978662200146621,COMPLETE
170,0.08535,0.17346244371747177,1.231549139893947,1.4022913402036523,0.3991416433153113,21.06244841510019,COMPLETE
171,0.0941,0.28043879083517526,2.9749567558335412,3.8898159147092635,0.3920301995719809,11.34645454198699,COMPLETE
172,0.0859,0.4268476782578046,3.2342614694771625,7.716956152431088,8.529295686269778,62.493815744501724,COMPLETE
173,0.08285,0.2725107025045894,4.400305109968493,1.367793264680829,92.82206366903544,5.252393949938683,COMPLETE
174,0.07575,0.18369123038427376,7.351751324003693,1.2992706708708701,1.9411683121291674,1.526275265602974,COMPLETE
175,0.1156,0.7000340239382823,7.386495200771071,8.055871767960358,28.623301091967512,0.04841802788233872,COMPLETE
176,0.10965,0.648304833614401,5.5150049043702545,8.262636744830575,30.54779366423335,0.5985950343657075,COMPLETE
177,0.1068,0.6333489126586737,5.015087845644564,3.671714116833704,1476.1251734596226,4.792699168837896,COMPLETE
178,0.08885,0.2184378012526964,3.4099180219956797,1.9873909843390936,0.17367781104921115,0.7684581064000697,COMPLETE
179,0.10915,0.252493182154787,2.2719390134821618,3.646112620052233,2.4792588435669867,44.76380938653201,COMPLETE
180,0.10475,0.42398891959877294,2.8711698160207777,5.600304491850606,53.18440558386166,5.441312040789246,COMPLETE
181,0.0984,0.20196848826538216,0.9051880720188049,2.7953589641653553,0.08966993501391612,4.8269015675922065,COMPLETE
182,0.08805,0.11133062367820246,0.6501390125994883,1.0567072421993136,62.697590963815536,0.9748353504772814,COMPLETE
183,0.0792,0.2924124141282486,7.398979747077997,2.99838938907905,0.013312218698214922,13.846907547344033,COMPLETE
184,0.09515,0.3789468093044584,1.725904925943869,5.950827672861153,0.05109523190358239,10.475882099332132,COMPLETE
185,0.1245,0.44326081361251307,0.6578958202118839,9.413482932589199,598.6615620059632,5.252393949938683,COMPLETE
186,0.14085,0.5552661340100461,0.42711796918343303,9.840804570484812,4727.189639165575,0.25306962850359427,COMPLETE
187,0.11435,0.6134368376008542,6.139130625639881,3.315945713584284,2022.4284041722115,72.57830932179442,COMPLETE
188,0.09125,0.5513287980558857,6.743337396038037,1.2992706708708701,1136.9451617293491,0.7242985480394712,COMPLETE
189,0.1027,0.47985949843532383,1.8892823822974358,5.600304491850606,0.016793998762577547,0.08614457198150818,COMPLETE
190,0.08495,0.3262073494446288,7.489439152524652,3.315945713584284,0.04073331394919802,72.57830932179442,COMPLETE
191,0.0843,0.47638392929808226,7.398979747077997,3.0156649020845308,61.128832411058866,32.402251569270184,COMPLETE
192,0.07885,0.2881259274032223,5.608567316603186,2.6851029970103544,2.4792588435669867,13.846907547344033,COMPLETE
193,0.06035,0.1536724709319227,7.489439152524652,1.0000874311382033,0.4111694316312813,0.41678774153157633,COMPLETE
194,0.0968,0.2118675732383268,1.441782102972152,2.6851029970103544,0.013312218698214922,13.846907547344033,COMPLETE
195,0.076,0.4217469356418422,2.981662124317787,5.950827672861153,5.6878068615007775,0.7306953052604724,COMPLETE
196,0.11125,0.5260453510566424,0.6501390125994883,6.760049309282255,2022.4284041722115,3.835844418358415,COMPLETE
197,0.0858,0.4227911637714088,5.5150049043702545,1.4973801307178418,560.4775189597802,0.5985950343657075,COMPLETE
198,0.09735,0.30560033112972484,1.8892823822974358,2.8086624468459,53.18440558386166,23.35585477562936,COMPLETE
199,0.08955,0.5160276918395692,6.998570432374837,7.451337432117496,0.01333967025299093,16.141449004081903,COMPLETE
200,0.11255,0.7652139565985255,5.939170481881678,4.145134374936782,1682.5822245299014,1.394744750596564,COMPLETE
201,0.09315,0.14531629847622465,1.8892823822974358,1.2566093898263968,53.18440558386166,67.732139360194,COMPLETE
202,0.09935,0.5783861204708787,6.139130625639881,3.315945713584284,0.04073331394919802,0.06424753378435737,COMPLETE
203,0.10275,0.5039689901224215,4.419840123160088,3.8986484384914792,0.3448706967670991,0.18406866225157814,COMPLETE
204,0.0925,0.4036450757299281,5.381858702293355,1.4973801307178418,632.6228905046459,0.762764451422855,COMPLETE
205,0.1138,0.48055740094635013,7.339695485358947,1.0567072421993136,4381.43333522635,0.09468737677460665,COMPLETE
206,0.1388,0.8187541198046867,3.563698108933897,8.928904969540103,572.7284543742186,0.6478582938644116,COMPLETE
207,0.13055,0.8952241775641294,5.7930727311653065,9.553180431255528,1136.9451617293491,1.4141176649591676,COMPLETE
208,0.0871,0.3789353639576105,1.2464461612664937,6.776081133103234,0.013312218698214922,5.684196040577681,COMPLETE
209,0.11675,0.551591961566363,2.9575281904752817,2.8320734546831314,1682.5822245299014,7.723088867177685,COMPLETE
210,0.08075,0.20443101620427506,1.8082215922428297,2.2730450020835784,3.8715561115100026,10.024286145402035,COMPLETE
211,0.0866,0.5029384343241691,7.257271731141275,5.196045314781185,1.9411683121291674,1.3951428295765351,COMPLETE
212,0.07955,0.3567879539320937,5.736771750677529,1.0843342081388594,632.6228905046459,32.402251569270184,COMPLETE
213,0.0931,0.3912676897035058,6.813325830010741,1.2945138494586252,1726.8598499372624,0.04311608575529993,COMPLETE
214,0.0994,0.4282628151993779,3.8579478727222294,7.716956152431088,0.3991416433153113,25.28624152277267,COMPLETE
215,0.0922,0.5248789475891861,5.381858702293355,1.4022913402036523,1136.9451617293491,0.762764451422855,COMPLETE
216,0.09675,0.2038869812301842,0.5374222619251636,2.7857507304507183,2.136762935747518,54.63099150658512,COMPLETE
217,0.1108,0.5139365870581383,7.339695485358947,1.0567072421993136,4329.579946919762,11.34645454198699,COMPLETE
218,0.11985,0.5819813111710473,3.2342614694771625,7.716956152431088,0.3991416433153113,0.010087830935740196,COMPLETE
219,0.12075,0.7226868427145404,1.441782102972152,8.928904969540103,2758.2044299778786,1.1455582253601304,COMPLETE
220,0.10785,0.5280412973217997,2.280737070895996,2.0259656644433917,3455.7144685828835,0.03642026672070678,COMPLETE
221,0.08385,0.3499515465685723,4.400305109968493,1.367793264680829,598.6615620059632,5.252393949938683,COMPLETE
222,0.0783,0.2959665945774156,7.466104260050497,1.6705974543865034,2.136762935747518,0.24133690159984034,COMPLETE
223,0.1187,0.7767914053555235,5.648344185544544,5.40970225232659,1136.9451617293491,2.283494216112893,COMPLETE
224,0.11695,0.4975047135685679,4.797297242249658,5.005717409257936,472.53321985754735,0.012391340214939041,COMPLETE
225,0.1207,0.5736990859523029,3.959215485524632,5.279570795967281,598.6615620059632,5.252393949938683,COMPLETE
226,0.1102,0.5731607161466475,4.400305109968493,2.6307048556380646,598.6615620059632,0.14489108204109127,COMPLETE
227,0.11005,0.5780306097135964,1.885070427035611,3.0352039660395387,572.7284543742186,0.05610871420871274,COMPLETE
228,0.08995,0.1103698186840769,0.13970796570793054,1.2566093898263968,0.3250558148949619,67.732139360194,COMPLETE
229,0.13255,0.738059157410619,5.939170481881678,8.053117581805795,1433.6859436079505,87.49841246970351,COMPLETE
230,0.12075,0.6054026136542224,2.84482701263567,6.872208690066344,1121.5419012668658,25.28624152277267,COMPLETE
231,0.0914,0.5455145261690175,7.489439152524652,4.390239464358789,20.742218430268597,0.5084006019933035,COMPLETE
232,0.0864,0.47148422425523623,3.4099180219956797,5.196045314781185,1.9411683121291674,1.526275265602974,COMPLETE
233,0.0886,0.13154788641879553,1.2464461612664937,1.371223183378064,0.919210048293306,1.4874310019960524,COMPLETE
234,0.1048,0.48990082550077807,3.8579478727222294,5.310472980773323,67.56328171198486,25.28624152277267,COMPLETE
235,0.1012,0.6244546681835541,7.453436041599795,8.928904969540103,1.4236223475312966,1.1455582253601304,COMPLETE
236,0.09515,0.45427111348924043,3.9991657306056503,9.413482932589199,0.747253043227065,4.8269015675922065,COMPLETE
237,0.10495,0.5954775701754115,5.648344185544544,4.256982401260227,8.529295686269778,0.10753035396836841,COMPLETE
238,0.07815,0.24442484344898804,5.827113301687939,1.3296769002026185,30.54779366423335,0.5985950343657075,COMPLETE
239,0.06705,0.20740913792046353,6.8435536313626235,1.1679739768270172,30.54779366423335,0.5985950343657075,COMPLETE
240,0.10365,0.6539418554405223,7.386495200771071,7.451337432117496,28.623301091967512,0.762764451422855,COMPLETE
241,0.07975,0.23165587175762048,6.139130625639881,1.9873909843390936,0.17367781104921115,72.57830932179442,COMPLETE
242,0.0915,0.4914131840682583,5.608567316603186,7.451337432117496,0.013312218698214922,44.71243101873303,COMPLETE
243,0.0727,0.3013501273731755,7.351751324003693,1.9205729295100604,0.8748091839044745,0.48966461128992234,COMPLETE
244,0.0864,0.4342082632072338,7.257271731141275,5.196045314781185,1.9411683121291674,43.97293913130812,COMPLETE
245,0.07045,0.3889688730885324,5.606240681209941,2.8320734546831314,13.522510295487697,0.5084006019933035,COMPLETE
246,0.11055,0.5638559507326754,6.100074516320389,2.6165637316925068,1726.8598499372624,69.37427279487777,COMPLETE
247,0.11195,0.5962519626053692,3.4378312476670434,4.144651829759461,598.6615620059632,5.252393949938683,COMPLETE
248,0.1327,0.7839757064936194,1.885070427035611,7.078889810422338,6755.71174442274,0.725005173883511,COMPLETE
249,0.0906,0.6015604058798687,7.339695485358947,2.40648538590134,598.6615620059632,2.505965582545828,COMPLETE
250,0.1019,0.652477921363496,7.466104260050497,5.17137743734969,0.02538900808440516,0.24133690159984034,COMPLETE
251,0.08325,0.41929948980919823,3.2342614694771625,7.716956152431088,0.3991416433153113,44.76380938653201,COMPLETE
252,0.1302,0.5622760853685191,3.563698108933897,7.95713209346578,572.7284543742186,0.030982941196454693,COMPLETE
253,0.1087,0.5343312946183121,2.596437355274286,5.310472980773323,0.013312218698214922,0.13510040187125152,COMPLETE
254,0.12685,0.6657635582772088,3.4099180219956797,8.547447016309507,638.4925161399154,18.18036552181526,COMPLETE
255,0.0836,0.25562435641982467,6.115298418546751,2.066452540088676,14.208752046496574,12.82672519123783,COMPLETE
256,0.09615,0.48084761658678143,3.9991657306056503,9.413482932589199,0.6675336240955052,0.6805162092954433,COMPLETE
257,0.06945,0.4004724675190365,7.000699133454895,2.836324786150642,22.404802370853613,0.7867467306386959,COMPLETE
258,0.08835,0.4280043027751348,3.2342614694771625,7.451337432117496,0.4111694316312813,24.478427424438966,COMPLETE
259,0.0893,0.5722132548059023,6.8435536313626235,3.834251196536236,101.6807282653042,3.835844418358415,COMPLETE
260,0.077,0.2303799622602655,7.339695485358947,1.5846024834809374,0.09458519616206043,11.34645454198699,COMPLETE
261,0.116,0.7250845564353947,6.998570432374837,5.950827672861153,572.7284543742186,0.05610871420871274,COMPLETE
262,0.13035,0.8498198837043747,5.273136856190978,6.776081133103234,472.53321985754735,0.7867467306386959,COMPLETE
263,0.0929,0.27233912052449094,3.8579478727222294,2.066452540088676,14.208752046496574,0.25306962850359427,COMPLETE
264,0.1241,0.5612218005847303,1.8082215922428297,7.986959133671966,206.97644820492854,10.024286145402035,COMPLETE
265,0.0944,0.525076159719404,6.4327845822812355,1.4714558802104452,1433.6859436079505,0.762764451422855,COMPLETE
266,0.10605,0.17940661663544233,0.5369226482413159,2.7857507304507183,2.136762935747518,54.63099150658512,COMPLETE
267,0.0861,0.2730853180432347,7.398979747077997,2.99838938907905,0.061263862588488156,32.402251569270184,COMPLETE
268,0.08255,0.37418165944632276,5.827113301687939,1.3296769002026185,624.25148168008,1.4141176649591676,COMPLETE
269,0.11595,0.6281748589651053,5.693460639602289,5.600304491850606,128.16678613219463,24.166620056953718,COMPLETE
270,0.103,0.5076417215661024,5.381858702293355,7.451337432117496,0.4111694316312813,0.762764451422855,COMPLETE
271,0.06655,0.39308222657907355,7.351751324003693,2.6684967722160264,0.022872403443138362,0.7242985480394712,COMPLETE
272,0.0884,0.44642717825626205,3.8579478727222294,9.871801149654642,2.136762935747518,54.63099150658512,COMPLETE
273,0.10245,0.5975776876463782,5.5150049043702545,6.375236854260541,30.54779366423335,0.5985950343657075,COMPLETE
274,0.12725,0.8471887105690703,5.939170481881678,8.053117581805795,2022.4284041722115,4.8269015675922065,COMPLETE
275,0.1316,0.6357659298641354,2.8711698160207777,9.859466850078967,128.16678613219463,0.18406866225157814,COMPLETE
276,0.08695,0.20660384304228938,0.9692758991744689,2.6307048556380646,0.4111694316312813,0.762764451422855,COMPLETE
277,0.08565,0.3792431589355625,3.8579478727222294,2.0180092010075907,14.208752046496574,0.04391670121755487,COMPLETE
278,0.10155,0.5731722209523074,4.629732595315838,2.7953589641653553,1726.8598499372624,0.03255547902522131,COMPLETE
279,0.06325,0.20526558021270144,5.939170481881678,1.2992706708708701,0.747253043227065,0.7242985480394712,COMPLETE
280,0.06345,0.18147294586373508,2.1400458194082677,1.4973801307178418,0.5549010274448358,13.809916121420061,COMPLETE
281,0.08915,0.37313379475071223,1.7813580754471359,5.700713517581756,16.041540585148606,44.76380938653201,COMPLETE
282,0.0867,0.30596832594305096,5.34350018162054,2.8320734546831314,0.14105665628727165,3.624518789722739,COMPLETE
283,0.11155,0.4010448812856001,1.2464461612664937,9.166914233577755,0.022872403443138362,0.0205161639025537,COMPLETE
284,0.12225,0.7226644515870817,5.0770577775499595,6.375236854260541,2313.9683548246926,0.10663767931707759,COMPLETE
285,0.08055,0.395445844434785,4.419840123160088,2.99838938907905,61.128832411058866,32.402251569270184,COMPLETE
286,0.07465,0.36537607415298357,5.827113301687939,1.3296769002026185,343.73057923520304,1.4141176649591676,COMPLETE
287,0.10785,0.45764509172359147,4.419840123160088,1.5945809847216492,5789.651788996849,0.01110842583498031,COMPLETE
288,0.0949,0.48839883398780987,6.743337396038037,1.4022913402036523,1136.9451617293491,21.06244841510019,COMPLETE
289,0.08695,0.3788260761440066,5.5150049043702545,3.1924984959033433,0.01457952493467172,0.5771089227091999,COMPLETE
290,0.09605,0.5813529874900688,7.386495200771071,2.8320734546831314,28.623301091967512,0.04841802788233872,COMPLETE
291,0.12385,0.8605765466772229,7.351751324003693,8.928904969540103,212.9903223687113,0.7242985480394712,COMPLETE
292,0.07935,0.21231772055128054,6.998570432374837,1.5537871941274004,11.318034987821166,0.7306953052604724,COMPLETE
293,0.10385,0.5602831040960103,3.6153146940671164,2.4338622860693446,1726.8598499372624,0.09562489900989202,COMPLETE
294,0.0965,0.13260064327354945,1.905264015273595,1.0567072421993136,62.697590963815536,11.34645454198699,COMPLETE
295,0.16025,0.9439790990688413,6.812644630608508,9.988586281068551,1476.1251734596226,4.792699168837896,COMPLETE
296,0.0915,0.45515024096098033,3.2342614694771625,2.7857507304507183,256.3598863261529,0.42674945598165653,COMPLETE
297,0.0828,0.3867897277098839,7.071954511121835,1.0000874311382033,1224.788549710177,4.8269015675922065,COMPLETE
298,0.0789,0.37664191067378455,6.086053401403324,2.8320734546831314,0.03604813279300506,2.1102891532478085,COMPLETE
299,0.10335,0.23223852398188355,2.1879870569731614,1.3296769002026185,343.73057923520304,1.4141176649591676,COMPLETE
300,0.0777,0.25327690059946906,6.8435536313626235,1.1679739768270172,0.04073331394919802,0.04169240507090118,COMPLETE
301,0.08715,0.31780692699600754,5.34350018162054,2.6851029970103544,2.620296182481575,2.1102891532478085,COMPLETE
302,0.11075,0.5777211226752655,3.148032887510937,2.003466961617961,4728.611174239151,0.2510879446213317,COMPLETE
303,0.0761,0.3389954956673246,7.351751324003693,3.0156649020845308,0.022872403443138362,32.402251569270184,COMPLETE
304,0.11965,0.6213142070613088,5.608567316603186,5.700713517581756,0.013312218698214922,0.015920897702621343,COMPLETE
305,0.08865,0.3161057217483379,5.524144536768623,3.315945713584284,0.04073331394919802,72.57830932179442,COMPLETE
306,0.08515,0.4821612786886325,5.608567316603186,4.274226060930464,0.013312218698214922,5.252393949938683,COMPLETE
307,0.11495,0.6036361032792171,4.7927998535254055,8.262636744830575,30.54779366423335,0.5985950343657075,COMPLETE
308,0.1054,0.6532991956855785,7.489439152524652,8.081625847692138,1.9411683121291674,0.5985950343657075,COMPLETE
309,0.0682,0.20106356824930585,5.827113301687939,1.3296769002026185,0.01333967025299093,0.7306953052604724,COMPLETE
310,0.10985,0.5134416903779627,5.34350018162054,1.2537231575324501,6755.71174442274,12.630413240768252,COMPLETE
311,0.1149,0.6707005931689509,5.5150049043702545,8.262636744830575,30.54779366423335,0.31342579359182204,COMPLETE
312,0.10415,0.4274797697902969,1.5070717547980843,4.243216571550955,0.3991416433153113,0.02905967905537422,COMPLETE
313,0.0724,0.23147516088357314,6.812644630608508,1.167453292575526,0.5549010274448358,0.012443470054244883,COMPLETE
314,0.0766,0.3262027223993874,4.940397068324327,3.0352039660395387,2.136762935747518,1.526275265602974,COMPLETE
315,0.09005,0.42970399655600505,2.596437355274286,5.0656012929301415,0.14105665628727165,0.5985950343657075,COMPLETE
316,0.0638,0.19926586336689114,3.563698108933897,1.6737928931461228,0.04073331394919802,72.57830932179442,COMPLETE
317,0.1131,0.5167746447349351,7.257271731141275,1.9089523660217274,1726.8598499372624,0.05008270786605465,COMPLETE
318,0.0907,0.46246755081417795,1.413706303827908,2.395863875504564,1433.6859436079505,79.88179341733795,COMPLETE
319,0.08905,0.5568086802396328,5.939170481881678,7.716956152431088,0.9615552540100645,13.809916121420061,COMPLETE
320,0.0956,0.3799217980913818,4.591586962852988,1.4973801307178418,632.6228905046459,1.4141176649591676,COMPLETE
321,0.1388,0.862172170564719,5.608567316603186,9.933529862520766,1476.1251734596226,4.792699168837896,COMPLETE
322,0.07655,0.375513354777748,4.537298736043103,1.3296769002026185,343.73057923520304,1.4141176649591676,COMPLETE
323,0.07685,0.22246997425317216,3.58313464608959,1.9089523660217274,2.136762935747518,3.9703371647893633,COMPLETE
324,0.09005,0.4571998710874623,5.5150049043702545,6.375236854260541,8.529295686269778,62.493815744501724,COMPLETE
325,0.09645,0.42103391446706245,3.790531816933903,5.700713517581756,0.016056072096024502,43.97293913130812,COMPLETE
326,0.08915,0.5731601714459441,5.939170481881678,8.053117581805795,0.747253043227065,4.8269015675922065,COMPLETE
327,0.07105,0.3846891992265733,2.981662124317787,3.3704975429349244,5.6878068615007775,0.725005173883511,COMPLETE
328,0.0924,0.2010347998737817,3.903911883248969,1.8145138315019835,22.404802370853613,0.7867467306386959,COMPLETE
329,0.12005,0.49525170276465297,1.8892823822974358,3.7904993182155797,632.6228905046459,0.013408050431216616,COMPLETE
330,0.1462,0.8001295411462356,3.6814838263200875,7.451337432117496,6755.71174442274,2.1102891532478085,COMPLETE
331,0.1018,0.3217860226149717,1.2559645340279388,3.671714116833704,91.62204109930884,4.792699168837896,COMPLETE
332,0.10035,0.5456007299081442,5.5150049043702545,7.353656074421972,1.9411683121291674,0.5985950343657075,COMPLETE
333,0.1096,0.47480603217078904,5.1652576311684975,7.716956152431088,0.04073331394919802,62.493815744501724,COMPLETE
334,0.09285,0.5182814166055605,7.257271731141275,5.196045314781185,1.9411683121291674,1.526275265602974,COMPLETE
335,0.10915,0.6288153145145049,6.743337396038037,3.0352039660395387,1136.9451617293491,2.1102891532478085,COMPLETE
336,0.1106,0.644923422748717,5.939170481881678,6.772248026780269,0.3991416433153113,0.02905967905537422,COMPLETE
337,0.06535,0.3993523339545622,7.489439152524652,2.5874753192106867,0.4111694316312813,0.762764451422855,COMPLETE
338,0.0934,0.5024149460060962,5.762467335168334,5.310472980773323,0.1229650533610425,3.624518789722739,COMPLETE
339,0.10875,0.5429361953087972,4.593311846962319,9.276524832853482,0.30662794905816326,0.7867467306386959,COMPLETE
340,0.11035,0.7298589959997608,6.998570432374837,6.872208690066344,284.182941293647,16.141449004081903,COMPLETE
341,0.0855,0.5571120148771869,5.360884168585804,4.390239464358789,8.374638170835087,0.5084006019933035,COMPLETE
342,0.0905,0.5452209462098183,7.351751324003693,9.276524832853482,22.404802370853613,73.17172146657089,COMPLETE
343,0.09115,0.5734254608985281,6.139130625639881,5.310472980773323,0.017797760415580666,3.624518789722739,COMPLETE
344,0.08745,0.41980647831426343,4.186746356470071,2.8320734546831314,0.04102984570986746,0.09289550059116454,COMPLETE
345,0.0897,0.33241651011788126,1.8892823822974358,1.4973801307178418,632.6228905046459,23.35585477562936,COMPLETE
346,0.10465,0.4003726215545058,2.596437355274286,5.310472980773323,0.14105665628727165,3.624518789722739,COMPLETE
347,0.0735,0.403699965639995,7.398979747077997,1.2992706708708701,61.128832411058866,0.0367758044805299,COMPLETE
348,0.08745,0.21618515247559608,1.441782102972152,2.612114201191834,0.013312218698214922,13.846907547344033,COMPLETE
349,0.08795,0.4265709870160056,7.257271731141275,3.671714116833704,0.013679155923423414,1.526275265602974,COMPLETE
350,0.06095,0.20451859212153667,7.489439152524652,1.2992706708708701,0.022872403443138362,0.5985950343657075,COMPLETE
351,0.09265,0.5404227971712963,6.812644630608508,1.8145138315019835,598.6615620059632,5.252393949938683,COMPLETE
352,0.1032,0.5674894162927449,6.743337396038037,1.2992706708708701,6052.650226232185,0.7242985480394712,COMPLETE
353,0.09705,0.5960884382445237,7.398979747077997,6.375236854260541,0.4976722266465378,1.7619573323932727,COMPLETE
354,0.08715,0.34147406850167034,2.981662124317787,1.8145138315019835,5.6878068615007775,0.04841802788233872,COMPLETE
355,0.0842,0.20610444342433829,3.58313464608959,1.8857321574225374,0.14105665628727165,3.624518789722739,COMPLETE
356,0.1305,0.8323802571150923,6.743337396038037,5.310472980773323,3224.7301492569904,0.7242985480394712,COMPLETE
357,0.08735,0.4721041787483036,3.2342614694771625,7.716956152431088,8.529295686269778,1.9800998381314536,COMPLETE
358,0.09245,0.5387112017118205,5.381858702293355,7.451337432117496,2.0335245677984917,0.8605664511613714,COMPLETE
359,0.07895,0.30374531870224153,6.743337396038037,3.0156649020845308,3.610997986744875,32.402251569270184,COMPLETE
360,0.1125,0.7310221433286822,2.6559084392829235,9.413482932589199,874.1330303163832,1.526275265602974,COMPLETE
361,0.1128,0.7017775239967866,7.489439152524652,6.872208690066344,0.04073331394919802,0.09348768396402744,COMPLETE
362,0.07015,0.2484798765519573,6.8435536313626235,1.1679739768270172,0.01903430887924785,0.02905967905537422,COMPLETE
363,0.0858,0.5156491329597668,6.812644630608508,4.452959544077785,0.5549010274448358,0.5084006019933035,COMPLETE
364,0.1261,0.5983462373721885,1.8892823822974358,7.795649162862653,632.6228905046459,23.35585477562936,COMPLETE
365,0.08755,0.4422270303766907,6.94545093764119,7.451337432117496,5.6878068615007775,16.141449004081903,COMPLETE
366,0.1079,0.6396286597130059,6.812644630608508,7.795649162862653,0.5549010274448358,0.08842685309435863,COMPLETE
367,0.1143,0.3586205636579965,1.2464461612664937,6.776081133103234,0.15454722350791159,18.502894523717192,COMPLETE
368,0.09755,0.4968081143114923,4.940397068324327,7.716956152431088,2.136762935747518,62.493815744501724,COMPLETE
369,0.08055,0.20351619544870256,4.940397068324327,1.6208456439791497,2.136762935747518,1.4874310019960524,COMPLETE
370,0.0914,0.3772674084516445,5.939170481881678,1.4973801307178418,632.6228905046459,0.02905967905537422,COMPLETE
371,0.10325,0.5721478393249873,1.725904925943869,4.330104810940757,874.1330303163832,11.34645454198699,COMPLETE
372,0.1141,0.6973390542841692,5.015087845644564,8.510133802584974,358.74522369417355,4.090180235012612,COMPLETE
373,0.09835,0.5381468982287335,2.981662124317787,5.950827672861153,0.4111694316312813,0.41678774153157633,COMPLETE
374,0.0752,0.4717897816860962,7.489439152524652,3.0352039660395387,0.4111694316312813,0.41678774153157633,COMPLETE
375,0.113,0.690038276508165,7.351751324003693,8.936771842662786,117.01164712837071,72.57830932179442,COMPLETE
376,0.0833,0.43927133081042347,5.827113301687939,3.3249455686464575,3.357736844309372,1.526275265602974,COMPLETE
377,0.09025,0.5232540920807812,7.339695485358947,7.451337432117496,0.4111694316312813,11.34645454198699,COMPLETE
378,0.11115,0.5779106646798953,6.743337396038037,2.590585991064035,1136.9451617293491,11.34645454198699,COMPLETE
379,0.12315,0.6216688870757543,1.0588412933901439,9.413482932589199,874.1330303163832,0.029347327105810995,COMPLETE
380,0.07295,0.19313638156578353,5.7859849756309645,1.3296769002026185,0.025890681393685437,0.5985950343657075,COMPLETE
381,0.13,0.8610829850196864,6.483219279861898,5.700713517581756,4722.573507795204,1.4141176649591676,COMPLETE
382,0.09745,0.5227986721328493,5.049992081991676,1.5620615526297108,1726.8598499372624,3.9703371647893633,COMPLETE
383,0.10875,0.479853502192271,0.2926187365606514,3.671714116833704,1476.1251734596226,0.07975600052654433,COMPLETE
384,0.09965,0.4638373391090651,1.9979013372563055,7.451337432117496,0.01333967025299093,2.1102891532478085,COMPLETE
385,0.06965,0.2026954120994115,6.998570432374837,1.4973801307178418,0.01333967025299093,13.124640614099622,COMPLETE
386,0.11545,0.5784017511892975,3.790531816933903,3.0891658448040933,4722.573507795204,43.97293913130812,COMPLETE
387,0.0958,0.5790327594077351,5.34350018162054,3.0352039660395387,598.6615620059632,32.95988688802954,COMPLETE
388,0.1233,0.7282559342508618,5.939170481881678,8.053117581805795,626.3769059757965,79.88179341733795,COMPLETE
389,0.0926,0.25221801988384457,2.1400458194082677,3.315945713584284,12.550688154826977,1.414537504948159,COMPLETE
390,0.1436,0.675443192007674,3.563698108933897,6.872208690066344,572.7284543742186,0.05610871420871274,COMPLETE
391,0.08475,0.4596660856084629,6.998570432374837,7.451337432117496,0.04891793799227172,16.141449004081903,COMPLETE
392,0.1237,0.40006939693323196,3.563698108933897,8.02388233256416,572.7284543742186,0.012443470054244883,COMPLETE
393,0.08615,0.423926268494078,2.210908662319974,9.664425615241475,0.503948780420648,3.872729166838025,COMPLETE
394,0.09985,0.4380644572498526,1.441782102972152,8.928904969540103,0.010614434580828225,0.6754507850423032,COMPLETE
395,0.1093,0.6150021308703315,5.561181509172287,7.795649162862653,157.76472984301373,12.630413240768252,COMPLETE
396,0.09105,0.5103691794564166,7.257271731141275,1.9089523660217274,343.73057923520304,3.9703371647893633,COMPLETE
397,0.09235,0.43844307868483956,7.386495200771071,1.367793264680829,598.6615620059632,5.252393949938683,COMPLETE
398,0.13425,0.8429973588953881,6.340270625527657,9.075011551503009,598.6615620059632,0.725005173883511,COMPLETE
399,0.1237,0.6722648321336022,5.273514966725931,7.407343662012591,472.53321985754735,51.837057486367705,COMPLETE
400,0.07755,0.37162258464702774,5.827113301687939,1.3296769002026185,343.73057923520304,1.4141176649591676,COMPLETE
401,0.10565,0.6309435518398024,7.351751324003693,8.262636744830575,0.526074093376905,0.7242985480394712,COMPLETE
402,0.08365,0.26369716673200433,6.812644630608508,2.9222023507882056,1.0019415433975927,9.7872435916681,COMPLETE
403,0.07555,0.4252619006056535,6.684810628603401,7.451337432117496,0.4111694316312813,72.57830932179442,COMPLETE
404,0.09995,0.2768338296014783,1.2464461612664937,1.3511000390655363,343.73057923520304,0.01048644372784838,COMPLETE
405,0.07395,0.3815734598727483,7.398979747077997,3.0156649020845308,0.5549010274448358,32.402251569270184,COMPLETE
406,0.06435,0.1957326296465494,4.620194325364714,1.371223183378064,0.4111694316312813,12.630413240768252,COMPLETE
407,0.12885,0.6291688270239358,6.261554241884566,6.872208690066344,572.7284543742186,0.028394575735254703,COMPLETE
408,0.1123,0.5957828136817183,3.383625736987287,6.460156686335299,0.4111694316312813,0.025004855044647934,COMPLETE
409,0.0985,0.4521051121022393,3.2342614694771625,7.716956152431088,44.63468613137388,4.792699168837896,COMPLETE
410,0.1073,0.5623022460754674,4.593311846962319,7.639970758565217,30.54779366423335,0.7867467306386959,COMPLETE
411,0.10135,0.6224631121993601,5.106919666244777,8.92618653775349,52.54594664878624,34.15738571213933,COMPLETE
412,0.07455,0.31043229447832926,6.746612843885219,3.0352039660395387,2.136762935747518,72.57830932179442,COMPLETE
413,0.14545,0.8357731219917094,5.5150049043702545,6.375236854260541,6755.71174442274,0.5985950343657075,COMPLETE
414,0.10055,0.5536774086736009,7.386495200771071,5.950827672861153,0.01333967025299093,0.7306953052604724,COMPLETE
415,0.0899,0.26244169523037775,4.400305109968493,2.889349185914767,5.6878068615007775,5.252393949938683,COMPLETE
416,0.09675,0.4738867830279441,4.481260023297004,6.471007209113867,30.54779366423335,13.846907547344033,COMPLETE
417,0.0727,0.2022767094280396,4.579121279149248,1.3296769002026185,2.136762935747518,0.725005173883511,COMPLETE
418,0.1111,0.663775435610046,6.743337396038037,3.671714116833704,1136.9451617293491,4.792699168837896,COMPLETE
419,0.0784,0.3677050194220977,6.447120450448571,1.367793264680829,282.26830643153414,5.252393949938683,COMPLETE
420,0.0868,0.5188196827072389,6.086053401403324,1.2992706708708701,1397.0712301648882,2.1102891532478085,COMPLETE
421,0.08105,0.15830190804658895,1.8892823822974358,1.4973801307178418,0.08723507362687263,23.35585477562936,COMPLETE
422,0.1037,0.3397005810480737,1.2464461612664937,6.776081133103234,3.46923321472212,1.4874310019960524,COMPLETE
423,0.0793,0.3985220379119461,5.939170481881678,2.2889268393954483,0.747253043227065,0.2188290377071901,COMPLETE
424,0.09795,0.6155408707837904,7.351751324003693,8.262636744830575,0.23422802685955715,1.526275265602974,COMPLETE
425,0.0741,0.15279387724590485,7.489439152524652,1.084005491587622,8.529295686269778,62.493815744501724,COMPLETE
426,0.0774,0.29911410453793025,5.939170481881678,1.3296769002026185,0.3991416433153113,0.02905967905537422,COMPLETE
427,0.1448,0.7028753766902771,1.8892823822974358,5.600304491850606,598.6615620059632,0.08614457198150818,COMPLETE
428,0.09435,0.5251027255630366,6.743337396038037,1.2992706708708701,1136.9451617293491,0.7242985480394712,COMPLETE
429,0.10135,0.6881066004280237,7.489439152524652,7.716956152431088,20.742218430268597,0.5084006019933035,COMPLETE
430,0.0821,0.22836872928874005,7.257271731141275,1.607564179582652,1.9411683121291674,1.526275265602974,COMPLETE
431,0.08315,0.1223853581471372,0.5408156816562598,1.1679739768270172,2.4792588435669867,0.7242985480394712,COMPLETE
432,0.0712,0.18160001274025533,4.593311846962319,1.2992706708708701,22.404802370853613,35.19954663568096,COMPLETE
433,0.1326,0.856543697913256,7.339695485358947,7.451337432117496,4623.372686033773,11.34645454198699,COMPLETE
434,0.0779,0.2878293114287148,6.086053401403324,2.8320734546831314,0.04102984570986746,2.1102891532478085,COMPLETE
435,0.10995,0.7296556387168895,1.4322152738664755,7.045772063789709,2758.2044299778786,1.1455582253601304,COMPLETE
436,0.08365,0.24927209916128448,7.257271731141275,2.6851029970103544,0.013312218698214922,13.846907547344033,COMPLETE
437,0.09345,0.23756037161233468,1.6740289789218106,3.0352039660395387,10.068808950250773,0.725005173883511,COMPLETE
438,0.1383,0.8205358942190549,5.5150049043702545,7.409704445424306,4722.573507795204,0.5985950343657075,COMPLETE
439,0.1301,0.5722297550327181,7.300648833532226,9.276524832853482,1353.3879144801354,0.024705815018530725,COMPLETE
440,0.05175,0.17804882725368337,7.489439152524652,1.0000874311382033,20.742218430268597,7.642238523199323,COMPLETE
441,0.08105,0.13917173659190432,0.7102083325811804,1.3296769002026185,5.205234234410455,1.1455582253601304,COMPLETE
442,0.14095,0.7693255416415444,6.596515949163411,8.928904969540103,2758.2044299778786,0.17132475051464052,COMPLETE
443,0.10715,0.5885511018149087,3.2342614694771625,7.716956152431088,103.56520385251078,2.0222553590153423,COMPLETE
444,0.1159,0.6829070349785056,7.257271731141275,7.451337432117496,165.4041457150081,51.837057486367705,COMPLETE
445,0.05935,0.20746031147974428,7.489439152524652,1.2992706708708701,0.022872403443138362,0.5985950343657075,COMPLETE
446,0.07395,0.22331263203885332,1.6285065656413917,1.2992706708708701,1.9411683121291674,0.0367758044805299,COMPLETE
447,0.0828,0.2180420036261316,7.257271731141275,1.9089523660217274,0.01226199959605446,3.9703371647893633,COMPLETE
448,0.10055,0.29605916334443577,2.052329009932334,1.8145138315019835,1.9084124571965124,0.04841802788233872,COMPLETE
449,0.073,0.12847781151586818,1.9768657194378954,1.102708643247712,0.04102984570986746,4.792699168837896,COMPLETE
450,0.1303,0.8620055417755708,4.859269400135405,6.694798433810031,6755.71174442274,2.2659877554138568,COMPLETE
451,0.0693,0.353887098166274,2.809763561673483,1.8145138315019835,165.4041457150081,0.3262701891123551,COMPLETE
452,0.07135,0.16945006473445023,3.431576233166152,1.2992706708708701,0.4111694316312813,0.7242985480394712,COMPLETE
453,0.05525,0.2016803926886866,7.321806062638004,1.0340435745788543,30.54779366423335,0.5985950343657075,COMPLETE
454,0.1198,0.7269660997279075,1.441782102972152,8.081625847692138,2758.2044299778786,0.5985950343657075,COMPLETE
455,0.0954,0.6229060676529705,7.257271731141275,7.639970758565217,30.54779366423335,3.9703371647893633,COMPLETE
456,0.10255,0.5510374943714744,5.747542079531425,8.081625847692138,0.01333967025299093,16.141449004081903,COMPLETE
457,0.08745,0.47093144038789453,6.8435536313626235,5.950827672861153,0.01333967025299093,44.76380938653201,COMPLETE
458,0.09255,0.47029677926852975,4.940397068324327,3.0352039660395387,2.136762935747518,0.08614457198150818,COMPLETE
459,0.0679,0.3952604121300054,5.827113301687939,2.773946398622405,2.880805974985026,0.7306953052604724,COMPLETE
460,0.07135,0.23102475737102476,5.939170481881678,1.8145138315019835,0.747253043227065,51.837057486367705,COMPLETE
461,0.08025,0.20511578771838734,5.5150049043702545,1.2992706708708701,30.54779366423335,0.31342579359182204,COMPLETE
462,0.1122,0.5295958462732093,7.386495200771071,1.1679739768270172,6886.626831103493,44.76380938653201,COMPLETE
463,0.10025,0.6120345481695042,5.959584715132569,4.452959544077785,135.3480366801373,0.5084006019933035,COMPLETE
464,0.10915,0.6581264166212036,5.879452740058061,5.950827672861153,5.6878068615007775,0.04406143679654252,COMPLETE
465,0.0885,0.4253652098175032,6.812644630608508,1.0000874311382033,1476.1251734596226,4.8269015675922065,COMPLETE
466,0.13365,0.6503854022426483,2.115807101062064,9.988586281068551,232.12693604189357,0.12140983466752493,COMPLETE
467,0.0729,0.4053980711109996,4.933362998330481,3.0352039660395387,0.01333967025299093,0.7306953052604724,COMPLETE
468,0.0829,0.23402839828215352,6.812644630608508,1.167453292575526,0.5549010274448358,0.012443470054244883,COMPLETE
469,0.1168,0.631336192145055,3.2342614694771625,7.716956152431088,8.529295686269778,0.04909225795263199,COMPLETE
470,0.07495,0.3351411175383237,7.351751324003693,1.1679739768270172,227.62519360107055,72.57830932179442,COMPLETE
471,0.10075,0.6798007745193818,7.489439152524652,7.639970758565217,4.6216117253800055,0.5985950343657075,COMPLETE
472,0.1049,0.6378121271477883,7.257271731141275,2.3413358912894533,1726.8598499372624,3.9703371647893633,COMPLETE
473,0.0909,0.23052263780649174,2.2648944719320894,2.8320734546831314,0.04102984570986746,32.504593210709686,COMPLETE
474,0.1482,0.8737225454047313,4.767178139408607,7.451337432117496,6755.71174442274,2.1102891532478085,COMPLETE
475,0.14725,0.6926853994490394,5.561181509172287,9.988586281068551,1476.1251734596226,0.08614457198150818,COMPLETE
476,0.11725,0.6043420648742862,5.939170481881678,4.972331896749305,0.9615552540100645,0.0359717075982095,COMPLETE
477,0.09805,0.3531410955300116,0.7759767810642604,3.400289216183908,0.747253043227065,0.08614457198150818,COMPLETE
478,0.1282,0.7487684881395087,2.401727703683239,9.767312130896007,6755.71174442274,2.1102891532478085,COMPLETE
479,0.1204,0.673247166978656,7.489439152524652,3.0352039660395387,6755.71174442274,25.230634701109523,COMPLETE
480,0.08115,0.49225830808931825,6.086053401403324,2.8320734546831314,0.675650103955018,0.052882695912678586,COMPLETE
481,0.11635,0.7476757092301745,5.280090073895156,8.928904969540103,359.71457230765833,11.34645454198699,COMPLETE
482,0.0763,0.3853396726003801,4.940397068324327,3.0352039660395387,0.9615552540100645,0.3641137502774362,COMPLETE
483,0.07425,0.39519732464451635,5.5150049043702545,3.0352039660395387,0.019310802036540495,0.48001073896625235,COMPLETE
484,0.0884,0.4457694861583144,5.5150049043702545,2.8296571530534003,1.5998843932450557,0.02905967905537422,COMPLETE
485,0.0853,0.45666877223589425,5.054657060616675,3.3704975429349244,5.6878068615007775,0.725005173883511,COMPLETE
486,0.0815,0.3022622121229357,5.827113301687939,1.2850974790127137,0.025890681393685437,0.02905967905537422,COMPLETE
487,0.06795,0.20276114164500195,7.489439152524652,1.2992706708708701,1.530981853484126,2.476864350072082,COMPLETE
488,0.12655,0.552639349196054,5.827113301687939,8.928904969540103,343.73057923520304,0.021378550066455417,COMPLETE
489,0.0723,0.38118744020846457,7.351751324003693,1.220279108534154,447.2587056778763,4.088219494293139,COMPLETE
490,0.09625,0.28254645618883,2.6559084392829235,3.3704975429349244,5.6878068615007775,1.526275265602974,COMPLETE
491,0.11625,0.6475304719164005,7.398979747077997,3.0156649020845308,1476.1251734596226,32.402251569270184,COMPLETE
492,0.0958,0.5740400014562922,7.257271731141275,8.081625847692138,10.622887591695337,3.9703371647893633,COMPLETE
493,0.0981,0.5882674808411008,5.827113301687939,6.375236854260541,0.01333967025299093,0.7306953052604724,COMPLETE
494,0.11435,0.5749491582037577,5.015087845644564,1.8145138315019835,1476.1251734596226,0.13692864145640987,COMPLETE
495,0.0754,0.18304052865265028,7.489439152524652,1.2992706708708701,0.022872403443138362,0.5985950343657075,COMPLETE
496,0.12305,0.681521401647532,5.34350018162054,3.0352039660395387,6755.71174442274,2.1102891532478085,COMPLETE
497,0.1072,0.20504429687181763,0.8854057561773948,3.0156649020845308,30.54779366423335,32.402251569270184,COMPLETE
498,0.0977,0.5260332976579289,5.939170481881678,8.053117581805795,0.747253043227065,4.8269015675922065,COMPLETE
499,0.0835,0.42930010640939753,6.812644630608508,4.452959544077785,0.747253043227065,4.8269015675922065,COMPLETE
500,0.09285,0.4005531731566013,5.939170481881678,4.5076477048244055,0.747253043227065,4.8269015675922065,COMPLETE
501,0.1066,0.6907477510146562,7.489439152524652,8.081625847692138,0.01759640623800515,0.33178713579232383,COMPLETE
502,0.0748,0.13371499379159477,4.940397068324327,1.1679739768270172,2.136762935747518,12.486814362609458,COMPLETE
503,0.07825,0.15481083329627698,3.2094637712732603,1.2992706708708701,0.022872403443138362,1.9540685804500786,COMPLETE
504,0.0811,0.20569167953059755,7.489439152524652,1.2992706708708701,0.022872403443138362,0.5985950343657075,COMPLETE
505,0.0778,0.180380227097338,6.998570432374837,1.3296769002026185,0.0527497736201183,16.141449004081903,COMPLETE
506,0.12325,0.8514555858800459,6.743337396038037,5.888849496962725,1526.4963430298274,1.6219506211286647,COMPLETE
507,0.1367,0.8889387383999697,6.985497245556651,9.413482932589199,874.1330303163832,1.526275265602974,COMPLETE
508,0.09535,0.5085902278629918,3.2342614694771625,4.390239464358789,20.742218430268597,0.5084006019933035,COMPLETE
509,0.0969,0.5977997894237113,7.0131374903818795,3.0352039660395387,343.73057923520304,1.4141176649591676,COMPLETE
510,0.1056,0.3793369899006923,1.2681870715362535,7.716956152431088,5.6878068615007775,0.725005173883511,COMPLETE
511,0.12185,0.5722532951577619,2.716591864115511,7.639970758565217,1030.4111145670686,0.015314693259950298,COMPLETE
512,0.076,0.382997595498597,7.398979747077997,1.2992706708708701,50.34825264967407,0.0367758044805299,COMPLETE
513,0.07095,0.17702314657371573,6.8435536313626235,1.1679739768270172,1.353038445501337,1.1455582253601304,COMPLETE
514,0.08205,0.3878030485292227,5.5150049043702545,1.1210547310693908,560.4775189597802,0.06724925391347408,COMPLETE
515,0.078,0.39256198691750294,7.257271731141275,1.8145138315019835,165.4041457150081,51.837057486367705,COMPLETE
516,0.10865,0.5976395524077659,5.608567316603186,2.8320734546831314,1476.1251734596226,34.95647716578237,COMPLETE
517,0.09695,0.4540665400037554,6.8435536313626235,1.1679739768270172,1476.1251734596226,4.792699168837896,COMPLETE
518,0.08485,0.3765528434923969,5.939170481881678,3.735440352873939,0.9615552540100645,32.402251569270184,COMPLETE
519,0.1416,0.821782788293874,6.1458772717344505,8.936771842662786,6755.71174442274,72.57830932179442,COMPLETE
520,0.09485,0.4872803000198919,5.827113301687939,1.3296769002026185,1224.788549710177,1.4141176649591676,COMPLETE
521,0.0806,0.20183374698034723,5.911610322334688,1.2992706708708701,30.54779366423335,0.7242985480394712,COMPLETE
522,0.07685,0.2779927345677547,7.398979747077997,1.3296769002026185,61.128832411058866,1.4141176649591676,COMPLETE
523,0.1117,0.6689268304047326,7.351751324003693,5.168495316784347,5.6878068615007775,0.026656874373421745,COMPLETE
524,0.0823,0.15808706861389077,2.4204636517039946,1.3296769002026185,0.01333967025299093,4.8109238114188635,COMPLETE
525,0.1111,0.6011454740818507,5.827113301687939,8.081625847692138,0.025890681393685437,0.5985950343657075,COMPLETE
526,0.07575,0.20013636258003137,6.385333400451008,1.360000628443929,0.747253043227065,7.654815499588187,COMPLETE
527,0.0756,0.16329901964814542,5.827113301687939,1.3296769002026185,0.01333967025299093,4.251957437718942,COMPLETE
528,0.07825,0.2524660868834161,7.489439152524652,1.9457134310936381,1.9411683121291674,0.5985950343657075,COMPLETE
529,0.0944,0.5595993707050754,5.5150049043702545,1.4973801307178418,1807.5297837102523,0.5985950343657075,COMPLETE
530,0.0938,0.4442059110988065,5.561181509172287,1.2696846847877379,1413.4176038767177,4.8269015675922065,COMPLETE
531,0.09735,0.532024735773614,5.608567316603186,9.933529862520766,0.09561506052711778,4.792699168837896,COMPLETE
532,0.0948,0.2953831798947248,3.1558397241444274,1.3296769002026185,343.73057923520304,0.8022013691654138,COMPLETE
533,0.13275,0.6013964647507638,1.725904925943869,9.413482932589199,874.1330303163832,59.07167118045061,COMPLETE
534,0.09845,0.20022471623404373,0.38731791005041183,2.389694535854312,2.136762935747518,0.725005173883511,COMPLETE
535,0.0723,0.2780422600440217,6.8435536313626235,1.1921193028448782,0.01903430887924785,0.02905967905537422,COMPLETE
536,0.08255,0.5277702190808322,7.228402960541321,4.390239464358789,0.45274829805018196,0.5084006019933035,COMPLETE
537,0.09695,0.4370812136430712,4.290380773569373,5.950827672861153,2.4870215776847697,0.7306953052604724,COMPLETE
538,0.1273,0.8556136772479646,5.939170481881678,7.716956152431088,1476.1251734596226,4.792699168837896,COMPLETE
539,0.0937,0.5972538297394504,5.608567316603186,9.933529862520766,0.03604813279300506,4.792699168837896,COMPLETE
540,0.0801,0.13187793457552233,1.441782102972152,1.2992706708708701,0.022872403443138362,1.1455582253601304,COMPLETE
541,0.0664,0.12856617541377735,4.831351586770396,1.0000874311382033,0.0909767792216294,0.7242985480394712,COMPLETE
542,0.1234,0.7603278690106579,2.5499905434855306,5.950827672861153,1224.788549710177,0.7306953052604724,COMPLETE
543,0.0866,0.4732974848951321,7.489439152524652,1.8145138315019835,195.31751467983707,0.5084006019933035,COMPLETE
544,0.07835,0.39454231590080896,7.398979747077997,4.641409487658536,2.4792588435669867,32.402251569270184,COMPLETE
545,0.13765,0.8190271467081497,4.477320221085238,9.933529862520766,1476.1251734596226,0.5137085673411959,COMPLETE
546,0.07045,0.20342591000015028,7.489439152524652,1.0000874311382033,59.248457815954794,62.493815744501724,COMPLETE
547,0.07755,0.3013760215248567,7.489439152524652,1.276631636458871,5.6878068615007775,0.012184538320338771,COMPLETE
548,0.13555,0.8976100562968142,6.998570432374837,8.928904969540103,2758.2044299778786,1.1455582253601304,COMPLETE
549,0.10895,0.5777417110620963,3.7633712237639454,3.671728269451662,61.128832411058866,0.0367758044805299,COMPLETE
550,0.0814,0.3111574344707034,7.398979747077997,3.0156649020845308,0.01333967025299093,32.402251569270184,COMPLETE
551,0.09075,0.5610999879890772,7.221781628954063,7.451337432117496,0.4111694316312813,11.34645454198699,COMPLETE
552,0.08495,0.1305856387661184,1.1859436416930684,1.2992706708708701,0.022872403443138362,0.5985950343657075,COMPLETE
553,0.13725,0.906402385855373,5.608567316603186,9.933529862520766,1476.1251734596226,4.792699168837896,COMPLETE
554,0.08015,0.377679679020452,7.489439152524652,1.8145138315019835,0.06524936907679514,0.04841802788233872,COMPLETE
555,0.08845,0.5487906220336844,7.024794826874063,5.950827672861153,0.01333967025299093,2.1102891532478085,COMPLETE
556,0.13835,0.87994583309559,5.533052512370508,7.451337432117496,1726.8598499372624,2.1102891532478085,COMPLETE
557,0.10545,0.5948113101508725,4.7598131006046644,5.950827672861153,30.54779366423335,0.5985950343657075,COMPLETE
558,0.1176,0.6380021841374253,7.071954511121835,1.9089523660217274,5529.596525796676,4.8269015675922065,COMPLETE
559,0.07375,0.3467265355954189,2.981662124317787,3.3704975429349244,0.01333967025299093,0.7306953052604724,COMPLETE
560,0.1062,0.5502861872373527,7.257271731141275,1.8188462380290327,6755.71174442274,0.10188123727020375,COMPLETE
561,0.06685,0.2061000299200939,5.827113301687939,1.3296769002026185,7.325241287164646,0.5985950343657075,COMPLETE
562,0.0929,0.4002228359577934,5.5150049043702545,1.4973801307178418,560.4775189597802,44.76380938653201,COMPLETE
563,0.08715,0.5211023368915321,2.6559084392829235,2.2119027367625876,874.1330303163832,1.526275265602974,COMPLETE
564,0.0808,0.4225998034224606,6.812644630608508,4.452959544077785,0.747253043227065,4.8269015675922065,COMPLETE
565,0.0704,0.2030514562282032,5.827113301687939,1.3296769002026185,1.1438363289855793,0.5084006019933035,COMPLETE
566,0.0808,0.34867362463159657,5.827113301687939,4.274226060930464,0.01333967025299093,39.623551661500684,COMPLETE
567,0.08745,0.46882522100131885,6.086053401403324,2.8320734546831314,0.04102984570986746,0.028060249127075575,COMPLETE
568,0.0762,0.3475002311029226,7.398979747077997,1.2992706708708701,61.128832411058866,0.013485409145721229,COMPLETE
569,0.08635,0.4955706535942707,7.257271731141275,7.716956152431088,0.9615552540100645,51.837057486367705,COMPLETE
570,0.12425,0.7506738799140837,7.489439152524652,6.181810113006519,1224.788549710177,0.41678774153157633,COMPLETE
571,0.08085,0.4400556145809849,6.516105227053193,5.647247105570762,0.022872403443138362,31.139068878968317,COMPLETE
572,0.0752,0.3793434611308545,7.489439152524652,2.2731979694506776,0.4111694316312813,0.41678774153157633,COMPLETE
573,0.09715,0.30076143030099783,2.0489104092794572,3.0156649020845308,61.128832411058866,32.402251569270184,COMPLETE
574,0.10025,0.43469421182158746,6.743337396038037,1.3296769002026185,1136.9451617293491,0.10141910913437638,COMPLETE
575,0.0756,0.37160261390093297,5.34350018162054,1.3296769002026185,343.73057923520304,1.4141176649591676,COMPLETE
576,0.0732,0.2031262075560465,7.489439152524652,1.2992706708708701,0.022872403443138362,0.5985950343657075,COMPLETE
577,0.0655,0.1263552913782744,5.5150049043702545,1.0000874311382033,0.018390768474999004,4.36689550713298,COMPLETE
578,0.08755,0.5736821317512355,7.351751324003693,4.380785571301074,20.742218430268597,0.7242985480394712,COMPLETE
579,0.0873,0.532485760427775,7.257271731141275,5.196045314781185,0.553785482757867,1.526275265602974,COMPLETE
580,0.0992,0.5648082105554051,7.257271731141275,1.9089523660217274,1726.8598499372624,0.20049180702413955,COMPLETE
581,0.0905,0.30016134946674283,5.5150049043702545,1.3296769002026185,21.347802997410746,0.03553565138752898,COMPLETE
582,0.0838,0.1995354460604954,5.5150049043702545,1.4973801307178418,0.4151300336664831,0.5985950343657075,COMPLETE
583,0.1064,0.6906159501542752,7.351751324003693,8.936771842662786,117.01164712837071,72.57830932179442,COMPLETE
584,0.06395,0.17764141294306585,6.8435536313626235,1.1679739768270172,0.025890681393685437,0.5985950343657075,COMPLETE
585,0.1132,0.6455995564300839,5.015087845644564,3.671714116833704,1476.1251734596226,44.503854704246386,COMPLETE
586,0.07265,0.1980485753084255,7.351751324003693,1.2992706708708701,0.022872403443138362,0.7242985480394712,COMPLETE
587,0.11425,0.7535549799747292,3.6814838263200875,5.138422968993321,6755.71174442274,2.1102891532478085,COMPLETE
588,0.0681,0.3035346665497756,7.489439152524652,1.2992706708708701,0.022872403443138362,0.05598321141439268,COMPLETE
589,0.06955,0.18975984385961533,7.339695485358947,1.2992706708708701,0.4111694316312813,0.5985950343657075,COMPLETE
590,0.0983,0.47882906730709257,2.981662124317787,5.950827672861153,0.01333967025299093,0.7306953052604724,COMPLETE
591,0.08305,0.4224935051068622,7.398979747077997,1.2992706708708701,252.53629816226885,0.08614457198150818,COMPLETE
592,0.0849,0.4781228508389171,5.924968320441979,3.0156649020845308,61.128832411058866,0.5985950343657075,COMPLETE
593,0.1383,0.9194338221638285,7.489439152524652,9.988586281068551,1476.1251734596226,4.792699168837896,COMPLETE
594,0.0702,0.18546669495607043,6.8435536313626235,1.1679739768270172,5.6878068615007775,0.7306953052604724,COMPLETE
595,0.1023,0.6136543306549025,5.939170481881678,7.716956152431088,0.9615552540100645,0.5985950343657075,COMPLETE
596,0.11985,0.7703919896477324,5.280090073895156,8.928904969540103,359.71457230765833,11.34645454198699,COMPLETE
597,0.07785,0.17956657338882534,6.787139115207842,1.2992706708708701,1.530981853484126,2.476864350072082,COMPLETE
598,0.07735,0.39082428862166624,7.489439152524652,3.0352039660395387,1.9411683121291674,0.7306953052604724,COMPLETE
599,0.07685,0.37520768111989644,2.981662124317787,3.3704975429349244,5.6878068615007775,0.5985950343657075,COMPLETE
600,0.08745,0.3583969783663149,5.939170481881678,3.1392541676763526,0.8528736319279135,3.9703371647893633,COMPLETE
601,0.1047,0.21611246342505683,2.981662124317787,1.1346648680960902,359.71457230765833,11.34645454198699,COMPLETE
602,0.07895,0.2126018651540614,7.257271731141275,1.6330926414372364,2.880805974985026,3.9703371647893633,COMPLETE
603,0.09375,0.23355859601370052,3.252763053211928,2.897556455574595,0.747253043227065,40.54643397435149,COMPLETE
604,0.1262,0.7147975509981115,6.217025098254848,2.773946398622405,1612.6377617603214,0.7306953052604724,COMPLETE
605,0.10825,0.5230532681026111,1.725904925943869,2.927585485032671,217.71044554738037,0.15844538267264555,COMPLETE
606,0.12065,0.5522328962740642,2.809763561673483,2.3413358912894533,5768.45317243549,3.106414608751711,COMPLETE
607,0.0527,0.2013437116437118,6.8435536313626235,1.1679739768270172,2.4792588435669867,44.76380938653201,COMPLETE
608,0.09475,0.42893597242294573,4.09336078573277,1.2992706708708701,1726.8598499372624,2.476864350072082,COMPLETE
609,0.08105,0.49723533050094165,4.933362998330481,4.730916168079807,5.6878068615007775,0.7306953052604724,COMPLETE
610,0.0853,0.17892147437760525,2.981662124317787,1.460118550937091,5.6878068615007775,0.5985950343657075,COMPLETE
611,0.0983,0.24941856740237536,1.8074553612387285,1.9942986112931376,117.01164712837071,0.725005173883511,COMPLETE
612,0.0767,0.2059697007273046,5.50979280878842,1.8098993968299304,1.7280887765526811,0.5985950343657075,COMPLETE
613,0.0919,0.5068020113316671,7.489439152524652,7.639970758565217,0.012032129433972293,11.34645454198699,COMPLETE
614,0.1408,0.8491606736810329,5.608567316603186,9.32057031103337,1476.1251734596226,4.792699168837896,COMPLETE
615,0.09135,0.5694857565541677,5.879452740058061,5.950827672861153,0.5549010274448358,0.5084006019933035,COMPLETE
616,0.14275,0.7101795187908378,4.767178139408607,7.451337432117496,6755.71174442274,0.05802752923585946,COMPLETE
617,0.11755,0.6507977792932887,6.086053401403324,5.950827672861153,5.6878068615007775,0.052882695912678586,COMPLETE
618,0.06835,0.22620356503839417,7.489439152524652,1.2992706708708701,0.48160356426463263,0.5985950343657075,COMPLETE
619,0.09025,0.4015026373372444,1.9772512066413426,5.196045314781185,1.9411683121291674,0.5084006019933035,COMPLETE
620,0.0977,0.26552484210071453,0.16819185436429607,7.639970758565217,61.128832411058866,32.402251569270184,COMPLETE
621,0.0922,0.5746288803128238,7.257271731141275,6.662419966226693,30.54779366423335,3.9703371647893633,COMPLETE
622,0.09275,0.3040871951731374,0.368086133617774,8.112362087197377,0.9615552540100645,13.809916121420061,COMPLETE
623,0.1272,0.6433951687759469,1.441782102972152,8.081625847692138,2758.2044299778786,0.025279470147293367,COMPLETE
624,0.0888,0.37651528907063114,2.809763561673483,1.5485659506631058,1476.1251734596226,7.216120785001902,COMPLETE
625,0.0791,0.2311543865034053,5.827113301687939,1.8145138315019835,2.880805974985026,50.35953754745184,COMPLETE
626,0.11105,0.6054778073490491,4.940397068324327,5.953569543226886,0.675650103955018,0.029394008467238587,COMPLETE
627,0.13105,0.8501887616694268,5.5150049043702545,8.081625847692138,1410.5125114019775,3.9703371647893633,COMPLETE
628,0.0798,0.227922664392879,6.812644630608508,1.8145138315019835,0.5549010274448358,3.0023683790225957,COMPLETE
629,0.1095,0.5901050030792501,7.257271731141275,2.3413358912894533,1726.8598499372624,0.13952611305740784,COMPLETE
630,0.0783,0.22406522126191517,7.351751324003693,1.1985696648228688,33.6901796650628,0.5985950343657075,COMPLETE
631,0.1032,0.38938896935580725,1.202525896976278,7.451337432117496,1.9411683121291674,0.9564906082100434,COMPLETE
632,0.12735,0.6395854977034745,7.471106253639345,3.88533203122593,6755.71174442274,0.0367758044805299,COMPLETE
633,0.09065,0.30549686943477444,7.386495200771071,1.8145138315019835,28.623301091967512,0.5985950343657075,COMPLETE
634,0.0955,0.5737874564010693,5.5150049043702545,8.053117581805795,0.019310802036540495,56.415035939637434,COMPLETE
635,0.0977,0.5352448175325051,5.608567316603186,4.274226060930464,0.4111694316312813,0.41678774153157633,COMPLETE
636,0.0963,0.4656852584417319,2.6559084392829235,9.413482932589199,0.4111694316312813,1.526275265602974,COMPLETE
637,0.12195,0.8236738042818228,7.386495200771071,9.767312130896007,384.81053681480347,2.1102891532478085,COMPLETE
638,0.0939,0.4813540468099105,6.998570432374837,9.767312130896007,0.01333967025299093,83.47898050711365,COMPLETE
639,0.06345,0.1829573101478113,7.321806062638004,1.2992706708708701,0.022872403443138362,0.5985950343657075,COMPLETE
640,0.12295,0.7272829511410491,4.940397068324327,3.0352039660395387,1688.3846346819648,0.725005173883511,COMPLETE
641,0.092,0.6340652770034095,7.257271731141275,7.451337432117496,0.7780556311068269,2.1102891532478085,COMPLETE
642,0.0956,0.6086905877019619,5.879452740058061,5.950827672861153,117.01164712837071,14.085970596752581,COMPLETE
643,0.1176,0.4246784942168831,1.441782102972152,8.928904969540103,20.742218430268597,1.1455582253601304,COMPLETE
644,0.11485,0.6296524308618568,5.395269085384518,5.950827672861153,0.08177585043274839,0.04107100463442563,COMPLETE
645,0.10145,0.4538524617063637,2.8901868284703602,7.451337432117496,0.022872403443138362,2.1102891532478085,COMPLETE
646,0.12675,0.8239423060696393,5.5150049043702545,6.375236854260541,874.1330303163832,1.526275265602974,COMPLETE
647,0.10685,0.7332621860359217,5.5150049043702545,5.196045314781185,560.4775189597802,1.526275265602974,COMPLETE
648,0.0904,0.47794941632764065,6.086053401403324,3.0156649020845308,61.128832411058866,32.402251569270184,COMPLETE
649,0.08655,0.43028359276783756,7.339695485358947,3.3704975429349244,0.4111694316312813,0.725005173883511,COMPLETE
650,0.0692,0.37060251464027,6.8435536313626235,1.6547770335219978,30.54779366423335,0.3224017511707687,COMPLETE
651,0.0936,0.2980373482487255,2.950184022331903,3.0352039660395387,6.254545821962169,0.7306953052604724,COMPLETE
652,0.1022,0.2138580680672468,2.809763561673483,1.1679739768270172,165.4041457150081,0.3262701891123551,COMPLETE
653,0.08025,0.41234772852496,7.489439152524652,1.8145138315019835,1.530981853484126,0.04841802788233872,COMPLETE
654,0.11465,0.658579979247532,7.489439152524652,8.081625847692138,0.012556146068378609,0.05388636481012267,COMPLETE
655,0.0743,0.15187981460551608,2.981662124317787,1.1679739768270172,0.08121912288919163,0.37182268232025456,COMPLETE
656,0.11435,0.5507820141622332,2.981662124317787,5.950827672861153,5.6878068615007775,0.16238582388044406,COMPLETE
657,0.10005,0.44106714337359737,1.441782102972152,8.928904969540103,0.675650103955018,1.1455582253601304,COMPLETE
658,0.13615,0.7546509040655336,2.401727703683239,9.168949538957689,6755.71174442274,2.1102891532478085,COMPLETE
659,0.0584,0.18677363206915082,7.257271731141275,1.1679739768270172,2.4792588435669867,0.17981524162462603,COMPLETE
660,0.08545,0.21262378245587094,2.809763561673483,1.8145138315019835,3.2751369517962585,0.3262701891123551,COMPLETE
661,0.07435,0.406790793173535,5.5150049043702545,3.0352039660395387,0.019310802036540495,0.48001073896625235,COMPLETE
662,0.08745,0.3299047556369079,5.5150049043702545,3.0352039660395387,10.622887591695337,3.9703371647893633,COMPLETE
663,0.103,0.6059075095574417,7.489439152524652,7.851239483829876,0.39899135365229954,0.5985950343657075,COMPLETE
664,0.0748,0.15541477276486654,3.2747710816522084,1.2992706708708701,0.019472350823366135,0.5985950343657075,COMPLETE
665,0.07685,0.39703083864089644,7.489439152524652,4.452959544077785,0.4111694316312813,84.3565935553037,COMPLETE
666,0.0677,0.3975565834843028,7.489439152524652,3.0352039660395387,0.019310802036540495,0.5985950343657075,COMPLETE
667,0.08785,0.23671328575950543,5.5150049043702545,1.6323187393662686,30.54779366423335,0.5985950343657075,COMPLETE
668,0.10275,0.25072210713800075,0.8625612463987165,3.0833888426451206,0.019310802036540495,0.48001073896625235,COMPLETE
669,0.1154,0.7121431398905383,5.280090073895156,8.928904969540103,359.71457230765833,11.34645454198699,COMPLETE
670,0.1014,0.5932300815085326,2.981662124317787,3.3704975429349244,61.128832411058866,0.0367758044805299,COMPLETE
671,0.11705,0.6759040184116697,5.879452740058061,5.950827672861153,61.128832411058866,0.04406143679654252,COMPLETE
672,0.09925,0.5610377502085261,6.998570432374837,5.950827672861153,0.01333967025299093,0.7306953052604724,COMPLETE
673,0.0766,0.20436676787399496,7.489439152524652,1.1785435018661643,30.54779366423335,0.3262701891123551,COMPLETE
674,0.0712,0.20427932899994336,6.8435536313626235,1.1679739768270172,30.54779366423335,0.5985950343657075,COMPLETE
675,0.13615,0.6112183036290737,1.441782102972152,9.933529862520766,2758.2044299778786,4.792699168837896,COMPLETE
676,0.08995,0.4499614895318988,4.767178139408607,5.950827672861153,5.6878068615007775,2.1102891532478085,COMPLETE
677,0.13015,0.8435048889445916,5.844598683695487,9.413482932589199,874.1330303163832,4.98000047945859,COMPLETE
678,0.06675,0.1999498343824606,5.939170481881678,1.2992706708708701,0.747253043227065,4.8269015675922065,COMPLETE
679,0.1328,0.7745260767368776,5.827113301687939,8.530140843518565,6755.71174442274,0.0802933707758411,COMPLETE
680,0.0993,0.49297102858651853,4.767178139408607,8.081625847692138,5.399461858555631,2.1102891532478085,COMPLETE
681,0.1107,0.686758842215586,6.812644630608508,9.988586281068551,20.742218430268597,0.5084006019933035,COMPLETE
682,0.1176,0.5468216896946788,5.879452740058061,9.933529862520766,5.6878068615007775,0.01551662305694451,COMPLETE
683,0.08055,0.22555093805032198,6.743337396038037,1.8145138315019835,0.060686759266904956,0.7242985480394712,COMPLETE
684,0.1129,0.7977780570151808,7.257271731141275,8.928904969540103,359.71457230765833,11.34645454198699,COMPLETE
685,0.1112,0.6526583625490548,6.086053401403324,8.081625847692138,1.9411683121291674,0.5985950343657075,COMPLETE
686,0.12665,0.8278649281297222,6.998570432374837,5.950827672861153,1099.3230530889539,0.7306953052604724,COMPLETE
687,0.0706,0.15903467525065834,5.5150049043702545,1.1679739768270172,2.4792588435669867,0.48001073896625235,COMPLETE
688,0.0617,0.22609979262328203,6.086053401403324,1.2992706708708701,0.675650103955018,0.08439204654823546,COMPLETE
689,0.133,0.8466022531964229,7.257271731141275,7.451337432117496,1726.8598499372624,3.9703371647893633,COMPLETE
690,0.07045,0.19894374569362808,7.257271731141275,1.4337389937811562,10.622887591695337,3.9703371647893633,COMPLETE
691,0.1125,0.48272074496714723,0.8283059650283109,8.053117581805795,0.747253043227065,0.046324885300484855,COMPLETE
692,0.1194,0.7260384322947269,5.34350018162054,3.0352039660395387,1959.71162585287,0.5985950343657075,COMPLETE
693,0.1318,0.6755607190798492,2.809763561673483,8.053117581805795,165.4041457150081,0.3262701891123551,COMPLETE
694,0.06575,0.15386193808532936,7.489439152524652,1.0000874311382033,4.45741836047812,0.41678774153157633,COMPLETE
695,0.06795,0.25726477204944925,7.489439152524652,2.026421902839677,0.10220350509308156,6.850474684443021,COMPLETE
696,0.08365,0.24388695345644723,6.577546535572638,1.2992706708708701,61.128832411058866,2.1102891532478085,COMPLETE
697,0.1004,0.5985905659946633,6.812644630608508,9.988586281068551,0.022872403443138362,3.0314973863447845,COMPLETE
698,0.0864,0.1264885744157996,1.441782102972152,1.2992706708708701,0.022872403443138362,1.1455582253601304,COMPLETE
699,0.08855,0.37536332620926655,1.8650866182859653,9.413482932589199,0.042780894925335995,3.9703371647893633,COMPLETE
700,0.11585,0.7735486432452255,5.5150049043702545,8.928904969540103,176.1689562057527,2.2531368643181033,COMPLETE
701,0.0747,0.37873116736319046,5.608567316603186,1.8145138315019835,165.4041457150081,4.792699168837896,COMPLETE
702,0.13635,0.8068982183068415,4.412835672570044,6.694798433810031,2758.2044299778786,2.2659877554138568,COMPLETE
703,0.0758,0.34373750398548875,7.398979747077997,3.0156649020845308,0.026501425908406737,32.402251569270184,COMPLETE
704,0.10295,0.6403762682184075,7.489439152524652,7.639970758565217,3.16903942623515,0.5985950343657075,COMPLETE
705,0.1023,0.6286735887417559,7.489439152524652,8.081625847692138,0.747253043227065,0.3690917902595738,COMPLETE
706,0.09805,0.27332007623784155,2.508478809811865,3.3704975429349244,5.6878068615007775,21.839478335466428,COMPLETE
707,0.09055,0.44926109770603295,7.257271731141275,5.196045314781185,1.9411683121291674,72.57830932179442,COMPLETE
708,0.065,0.28185602173354785,7.386495200771071,1.8145138315019835,0.013312218698214922,5.252393949938683,COMPLETE
709,0.09925,0.5374384043848761,5.119165972506073,4.409547955086392,117.01164712837071,72.57830932179442,COMPLETE
710,0.09855,0.6226458563319281,7.489439152524652,9.988586281068551,30.54779366423335,3.424450437713077,COMPLETE
711,0.10315,0.44936001383619323,5.608567316603186,1.1970752008006529,1476.1251734596226,4.792699168837896,COMPLETE
712,0.0994,0.23833581150985728,2.809763561673483,1.2992706708708701,165.4041457150081,0.3262701891123551,COMPLETE
713,0.11175,0.6739048156497359,5.608567316603186,4.274226060930464,1736.7413671770746,5.252393949938683,COMPLETE
714,0.0789,0.1320796471329861,2.8332382099018076,1.1679739768270172,2.4792588435669867,11.212206470940446,COMPLETE
715,0.09105,0.47833496237211137,2.401727703683239,5.950827672861153,0.01333967025299093,2.1102891532478085,COMPLETE
716,0.09155,0.4011139380465417,2.6559084392829235,5.184051655553281,0.013312218698214922,5.252393949938683,COMPLETE
717,0.09905,0.741058805591384,5.771538370922253,8.928904969540103,359.71457230765833,11.34645454198699,COMPLETE
718,0.0894,0.3792880571017903,2.981662124317787,3.7924963804241045,5.6878068615007775,0.725005173883511,COMPLETE
719,0.11735,0.607313453127488,4.940397068324327,8.053117581805795,0.037248736579537145,0.012441982170796397,COMPLETE
720,0.0884,0.47406339217048055,4.933362998330481,7.386392835559323,5.6878068615007775,18.253559898808334,COMPLETE
721,0.12455,0.6308387748599006,6.086053401403324,2.8320734546831314,6755.71174442274,0.052882695912678586,COMPLETE
722,0.11615,0.5533870221905455,7.43894604322575,2.8320734546831314,1136.9451617293491,0.052882695912678586,COMPLETE
723,0.1175,0.732843241388581,3.868372413641597,3.498560683934649,6755.71174442274,0.5985950343657075,COMPLETE
724,0.1383,0.8017244711328602,5.064876573659689,7.451337432117496,6755.71174442274,0.41678774153157633,COMPLETE
725,0.0764,0.3817254913161744,6.998570432374837,3.0352039660395387,0.01333967025299093,0.725005173883511,COMPLETE
726,0.13135,0.7984821374282867,3.6814838263200875,7.451337432117496,6755.71174442274,2.1102891532478085,COMPLETE
727,0.12075,0.7621411472498096,1.725904925943869,9.413482932589199,1476.1251734596226,0.6805162092954433,COMPLETE
728,0.11075,0.7720023704391309,5.939170481881678,9.040504855457417,359.71457230765833,4.8269015675922065,COMPLETE
729,0.1213,0.6870465248859244,5.34350018162054,3.0352039660395387,6755.71174442274,2.1102891532478085,COMPLETE
730,0.0832,0.23283110947918326,2.809763561673483,1.8145138315019835,0.024558867353668298,0.3262701891123551,COMPLETE
731,0.1041,0.6306987700895617,5.5150049043702545,8.081625847692138,0.020611542483676935,0.5985950343657075,COMPLETE
732,0.0838,0.31759364626178166,4.940397068324327,3.0352039660395387,2.136762935747518,0.725005173883511,COMPLETE
733,0.1218,0.7459133907654197,5.280090073895156,8.928904969540103,359.71457230765833,11.34645454198699,COMPLETE
734,0.0985,0.46033378144510606,1.306511615857259,4.452959544077785,0.2562333590637676,0.013484546642124796,COMPLETE
735,0.08295,0.25043783229750705,7.257271731141275,2.49763865355451,0.020980265674013752,6.969263071166659,COMPLETE
736,0.05965,0.20703844665520568,6.998570432374837,1.2992706708708701,0.022872403443138362,0.5985950343657075,COMPLETE
737,0.0965,0.7150862492193267,7.351751324003693,7.716956152431088,117.01164712837071,5.0368930258893405,COMPLETE
738,0.1068,0.576614852710161,5.195456910677447,9.988586281068551,0.01333967025299093,4.792699168837896,COMPLETE
739,0.07475,0.2493946504930581,7.398979747077997,1.2992706708708701,52.75935490775436,0.7306953052604724,COMPLETE
740,0.0965,0.6025240968259191,5.5150049043702545,1.4973801307178418,6755.71174442274,0.5985950343657075,COMPLETE
741,0.10355,0.6464819363194207,7.339695485358947,2.773946398622405,544.7140696991452,0.7306953052604724,COMPLETE
742,0.0978,0.6259487724350883,7.257271731141275,6.375236854260541,30.54779366423335,2.1102891532478085,COMPLETE
743,0.11355,0.6019740054203853,5.200455266856412,7.639970758565217,30.54779366423335,0.5985950343657075,COMPLETE
744,0.1158,0.6829997138310746,5.34350018162054,3.0352039660395387,359.71457230765833,0.22960027063941257,COMPLETE
745,0.09865,0.6293813760087427,7.489439152524652,8.081625847692138,4.6216117253800055,4.0357694266525,COMPLETE
746,0.11255,0.7093851479959883,6.471283480815907,5.196045314781185,2340.4359549640826,78.88455045492651,COMPLETE
747,0.0977,0.5500042892916974,5.5150049043702545,6.375236854260541,0.051172464266189786,0.7306953052604724,COMPLETE
748,0.08405,0.32094661230304644,7.398979747077997,3.0156649020845308,0.4111694316312813,32.402251569270184,COMPLETE
749,0.0995,0.6039940657596359,6.626284792072734,7.716956152431088,30.54779366423335,3.9703371647893633,COMPLETE
750,0.09855,0.622431780567253,6.8435536313626235,4.390239464358789,20.742218430268597,0.013144278893557864,COMPLETE
751,0.0841,0.13152611905562203,1.4804771613858871,1.2992706708708701,0.5867863035804757,23.404824647955007,COMPLETE
752,0.0945,0.33130368414488043,2.3087554871530505,3.3704975429349244,1.9411683121291674,0.25634791395633155,COMPLETE
753,0.0773,0.1059505081536513,2.944949040872062,1.0000874311382033,0.4111694316312813,0.41678774153157633,COMPLETE
754,0.104,0.288056490705596,1.725904925943869,1.2992706708708701,874.1330303163832,0.5985950343657075,COMPLETE
755,0.06885,0.35707636764424694,7.489439152524652,1.6830728729124345,116.68218004772335,15.635249172291681,COMPLETE
756,0.08395,0.3503532254172253,2.981662124317787,3.3704975429349244,10.45183100748425,0.725005173883511,COMPLETE
757,0.0917,0.5687258783621599,4.933821276765108,3.0352039660395387,220.50299042215326,0.725005173883511,COMPLETE
758,0.14555,0.8547601232876987,7.489439152524652,7.639970758565217,7486.669420633397,11.34645454198699,COMPLETE
759,0.07295,0.37473508509569087,7.386495200771071,1.1679739768270172,384.81053681480347,44.76380938653201,COMPLETE
760,0.0799,0.40937561426651614,7.489439152524652,3.0352039660395387,2.136762935747518,0.5985950343657075,COMPLETE
761,0.1018,0.5025716145307388,5.280090073895156,8.928904969540103,0.4111694316312813,11.34645454198699,COMPLETE
762,0.1306,0.8307589076514176,5.608567316603186,9.933529862520766,1476.1251734596226,4.792699168837896,COMPLETE
763,0.07785,0.10445983600080622,1.7868977930890715,1.0000874311382033,2.880805974985026,0.41678774153157633,COMPLETE
764,0.0916,0.5388305712528255,7.351751324003693,9.988586281068551,0.5616281392659456,72.57830932179442,COMPLETE
765,0.10255,0.7182233540298706,7.489439152524652,4.390239464358789,117.01164712837071,0.5084006019933035,COMPLETE
766,0.0671,0.18061110061986832,7.489439152524652,1.2992706708708701,0.48160356426463263,2.2659877554138568,COMPLETE
767,0.11465,0.7368216667012917,7.489439152524652,3.0352039660395387,1688.3846346819648,0.5985950343657075,COMPLETE
768,0.07845,0.4478212932003801,6.812644630608508,3.4709986937730752,0.5549010274448358,0.5084006019933035,COMPLETE
769,0.09775,0.6105277080211993,7.489439152524652,8.081625847692138,1.9411683121291674,0.5985950343657075,COMPLETE
770,0.0973,0.7469453937306125,7.489439152524652,8.418374689108267,4.6216117253800055,0.5985950343657075,COMPLETE
771,0.10255,0.6509085835743749,7.489439152524652,9.988586281068551,0.015732557407324474,0.5084006019933035,COMPLETE
772,0.093,0.5817918549600215,7.489439152524652,9.930382492461733,0.4111694316312813,11.34645454198699,COMPLETE
773,0.1293,0.8437877678028328,5.669059578661803,7.062126769282375,1688.3846346819648,0.725005173883511,COMPLETE
774,0.10825,0.4302570163360082,2.49805320475049,7.639970758565217,30.54779366423335,4.792699168837896,COMPLETE
775,0.0926,0.6119184718815147,7.489439152524652,2.195218904889921,560.4775189597802,0.41678774153157633,COMPLETE
776,0.0919,0.3318406170195566,1.4000336080974987,5.196045314781185,2.10269058434203,1.0042291812767146,COMPLETE
777,0.1137,0.6578660830868346,2.3225900791592933,5.196045314781185,155.06510076874815,0.052882695912678586,COMPLETE
778,0.08895,0.3075711130360899,1.725904925943869,1.2992706708708701,874.1330303163832,0.6805162092954433,COMPLETE
779,0.0838,0.2233537104418477,7.489439152524652,1.2992706708708701,28.385596201958766,0.5985950343657075,COMPLETE
780,0.07875,0.19909469286878406,7.0933939454494315,1.088800546416285,61.128832411058866,0.8128929189723558,COMPLETE
781,0.12685,0.748768788992451,5.608567316603186,9.32057031103337,258.12658116675004,1.526275265602974,COMPLETE
782,0.108,0.6933465115985826,7.257271731141275,8.928904969540103,49.85311259912372,3.9703371647893633,COMPLETE
783,0.0918,0.4678888857684442,2.981662124317787,3.9685682953535353,30.54779366423335,0.7306953052604724,COMPLETE
784,0.07275,0.3700166931539209,5.827113301687939,2.773946398622405,2.880805974985026,0.7306953052604724,COMPLETE
785,0.07905,0.3224457277603183,2.4244239269851073,3.0352039660395387,0.747253043227065,0.7306953052604724,COMPLETE
786,0.11305,0.6547206781413967,7.489439152524652,6.9755994856378924,0.02617246998998412,0.04612607148867499,COMPLETE
787,0.1098,0.4815273563460858,2.981662124317787,5.950827672861153,28.623301091967512,0.7306953052604724,COMPLETE
788,0.0991,0.6505212910001653,6.778075540011049,7.639970758565217,0.01333967025299093,0.7306953052604724,COMPLETE
789,0.0844,0.567972501808655,7.398979747077997,3.0156649020845308,61.128832411058866,0.5985950343657075,COMPLETE
790,0.10225,0.6760203716502278,7.489439152524652,8.081625847692138,1.9411683121291674,0.5985950343657075,COMPLETE
791,0.06765,0.15751990098816848,7.398979747077997,1.1679739768270172,2.4792588435669867,51.44191747894303,COMPLETE
792,0.13105,0.7242163854651261,1.725904925943869,9.413482932589199,874.1330303163832,0.6805162092954433,COMPLETE
793,0.0993,0.2750131488809124,2.6559084392829235,1.0862885355256005,874.1330303163832,2.1102891532478085,COMPLETE
794,0.0967,0.2038062769886008,1.1770251942167642,1.455274921789699,0.33202090890028046,0.052882695912678586,COMPLETE
795,0.0797,0.2989723067060525,4.933362998330481,2.497915877123761,2.880805974985026,0.7306953052604724,COMPLETE
796,0.101,0.6209724861273788,7.489439152524652,1.7370446749589081,874.1330303163832,0.6805162092954433,COMPLETE
797,0.10125,0.5518877776003186,3.537159685928091,6.662419966226693,0.4111694316312813,0.41678774153157633,COMPLETE
798,0.0608,0.21862047066016843,7.321806062638004,1.0340435745788543,0.675650103955018,0.052882695912678586,COMPLETE
799,0.1075,0.6842831865204394,7.386495200771071,9.767312130896007,3.0214334835334675,0.5985950343657075,COMPLETE
800,0.09105,0.40549777864344805,3.9963528740237715,6.113302384492647,2.4792588435669867,44.76380938653201,COMPLETE
801,0.0706,0.34374275272031557,5.939170481881678,2.441766244251271,0.48160356426463263,0.5985950343657075,COMPLETE
802,0.10945,0.6803385371240794,7.489439152524652,7.639970758565217,30.54779366423335,0.5985950343657075,COMPLETE
803,0.0871,0.33459011942015593,4.463588212289253,3.3704975429349244,5.6878068615007775,2.1102891532478085,COMPLETE
804,0.0797,0.5256431716663896,7.321806062638004,4.9992923832262095,0.747253043227065,0.8420390894808036,COMPLETE
805,0.0843,0.20618547210166172,2.981662124317787,1.966599769120339,5.6878068615007775,0.7306953052604724,COMPLETE
806,0.11515,0.6772806798026749,7.398979747077997,7.451337432117496,0.7780556311068269,0.0367758044805299,COMPLETE
807,0.10905,0.5051397851009352,2.6559084392829235,9.413482932589199,30.54779366423335,1.526275265602974,COMPLETE
808,0.07825,0.4237094081306586,4.940397068324327,3.0352039660395387,2.553714710277211,0.345899746650559,COMPLETE
809,0.10025,0.45435336086799705,4.303720943051663,2.8320734546831314,0.1735750647236552,0.052882695912678586,COMPLETE
810,0.1253,0.20381150347740568,0.2728155224608698,4.756109292991287,2.4792588435669867,44.76380938653201,COMPLETE
811,0.09475,0.37807233192448436,5.608567316603186,1.0000874311382033,1476.1251734596226,4.792699168837896,COMPLETE
812,0.08205,0.4390775782719389,6.8435536313626235,3.0352039660395387,2.136762935747518,0.3224017511707687,COMPLETE
813,0.09925,0.673954725173378,7.489439152524652,2.4919121796023087,874.1330303163832,0.5084006019933035,COMPLETE
814,0.1358,0.878248477613326,6.812644630608508,7.80747046181326,3153.939669442835,4.792699168837896,COMPLETE
815,0.0932,0.5352799369130022,5.770851527523645,5.950827672861153,5.6878068615007775,0.7306953052604724,COMPLETE
816,0.0937,0.5571210693205928,4.933362998330481,4.624171633355213,0.01333967025299093,0.7306953052604724,COMPLETE
817,0.08945,0.3812321626184017,5.5150049043702545,3.3704975429349244,3.2627002306478956,0.48001073896625235,COMPLETE
818,0.07185,0.2531787848456136,6.8435536313626235,1.4669524504198699,28.623301091967512,2.3468955135229153,COMPLETE
819,0.0936,0.47071710118164783,3.8196277853027643,8.928904969540103,2.136762935747518,0.725005173883511,COMPLETE
820,0.1191,0.7463189296204322,5.280090073895156,8.928904969540103,359.71457230765833,11.34645454198699,COMPLETE
821,0.0838,0.4223084839364887,7.489439152524652,2.9674941142751496,30.54779366423335,12.31124689310312,COMPLETE
822,0.0796,0.3828333936885342,6.8435536313626235,1.1679739768270172,686.3461727666778,44.76380938653201,COMPLETE
823,0.09125,0.30580604739455464,4.859269400135405,3.3004056693140713,0.01333967025299093,1.2079028988050542,COMPLETE
824,0.08155,0.4354783705815874,6.8435536313626235,8.936771842662786,2.4792588435669867,44.76380938653201,COMPLETE
825,0.0959,0.5283573966182317,6.812644630608508,8.928904969540103,0.5549010274448358,11.34645454198699,COMPLETE
826,0.09655,0.5586401705830468,4.940397068324327,3.0352039660395387,2.136762935747518,0.04525730350224685,COMPLETE
827,0.12525,0.5917839312699389,1.4640845331199057,8.081625847692138,359.71457230765833,0.5985950343657075,COMPLETE
828,0.12615,0.8450545435858062,5.939170481881678,9.988586281068551,1476.1251734596226,4.792699168837896,COMPLETE
829,0.1058,0.6846808995787258,7.489439152524652,7.639970758565217,1.9411683121291674,0.5985950343657075,COMPLETE
830,0.08725,0.1350683993587936,1.9031723858585035,1.2992706708708701,0.022872403443138362,69.89199349893173,COMPLETE
831,0.08535,0.4206772315153602,1.725904925943869,8.081625847692138,1.9411683121291674,0.5985950343657075,COMPLETE
832,0.09545,0.6056430304180606,6.8435536313626235,4.390239464358789,20.742218430268597,0.5084006019933035,COMPLETE
833,0.1176,0.6472951197682398,2.981662124317787,8.928904969540103,359.71457230765833,11.34645454198699,COMPLETE
834,0.0963,0.5924683367176946,1.7286970270654878,5.032975302309055,874.1330303163832,1.526275265602974,COMPLETE
835,0.08875,0.38126101924605427,3.5476416696883666,3.0156649020845308,30.54779366423335,0.5985950343657075,COMPLETE
836,0.1354,0.851918430176314,6.0865987324130435,9.32057031103337,1476.1251734596226,4.792699168837896,COMPLETE
837,0.08385,0.30587703238834063,4.945735915430485,1.2992706708708701,61.128832411058866,0.0367758044805299,COMPLETE
838,0.1163,0.6101190152635967,2.8444252808617114,2.8320734546831314,6755.71174442274,0.052882695912678586,COMPLETE
839,0.078,0.4481111369886886,7.257271731141275,5.196045314781185,1.9411683121291674,3.9703371647893633,COMPLETE
840,0.1066,0.5837912035843006,5.34350018162054,3.0352039660395387,796.9057594080199,2.1102891532478085,COMPLETE
841,0.1266,0.7961684657482352,5.608567316603186,8.053117581805795,1476.1251734596226,4.8269015675922065,COMPLETE
842,0.0706,0.3762482691265064,7.257271731141275,1.6808760827144953,117.01164712837071,1.526275265602974,COMPLETE
843,0.1159,0.6505857228508215,2.981662124317787,7.481462947249241,560.6322074728731,12.14714961991701,COMPLETE
844,0.08965,0.41015925771853656,4.933362998330481,5.308275657707873,4.402708575407526,11.34645454198699,COMPLETE
845,0.07585,0.18263299784255382,5.34350018162054,1.3973216230618415,2.4792588435669867,44.76380938653201,COMPLETE
846,0.09455,0.6479894761268269,7.257271731141275,5.196045314781185,132.91443044234634,1.526275265602974,COMPLETE
847,0.0896,0.4517742583260089,2.981662124317787,8.51578587556894,5.6878068615007775,0.7306953052604724,COMPLETE
848,0.0731,0.4759939657879669,7.321806062638004,3.0352039660395387,30.54779366423335,2.1102891532478085,COMPLETE
849,0.0778,0.37709993523438645,7.339695485358947,2.834893005154769,0.4111694316312813,0.5985950343657075,COMPLETE
850,0.1055,0.3041033127262827,2.183566079896136,4.291621543815187,2.4792588435669867,0.6538641128538936,COMPLETE
851,0.09935,0.5763569389936055,7.489439152524652,7.639970758565217,5.6878068615007775,0.5985950343657075,COMPLETE
852,0.08685,0.3966918733641672,5.608567316603186,1.2992706708708701,1476.1251734596226,0.0367758044805299,COMPLETE
853,0.1107,0.6994967388143498,4.940397068324327,3.0352039660395387,1688.3846346819648,0.9437258830306278,COMPLETE
854,0.0829,0.4250546077317367,6.812644630608508,1.8145138315019835,28.623301091967512,0.06634644441401615,COMPLETE
855,0.1253,0.6084110339632006,7.398979747077997,3.3704975429349244,4153.714112566238,0.0367758044805299,COMPLETE
856,0.12325,0.5464436063019126,7.386495200771071,1.8145138315019835,5110.851803263357,0.04841802788233872,COMPLETE
857,0.0964,0.6201773036477801,6.8435536313626235,8.150908853121543,0.019310802036540495,1.3911990509444683,COMPLETE
858,0.11585,0.6111705302789701,5.34350018162054,3.0352039660395387,874.1330303163832,0.11926910147156167,COMPLETE
859,0.09555,0.5697148104823755,5.280090073895156,3.0352039660395387,359.71457230765833,2.1102891532478085,COMPLETE
860,0.08875,0.5007763456987399,5.280090073895156,6.93980651916622,0.4111694316312813,11.34645454198699,COMPLETE
861,0.08875,0.5738262592634945,7.257271731141275,2.7294646618638243,30.54779366423335,0.033466725779728916,COMPLETE
862,0.1014,0.5695434089635473,4.767178139408607,2.0456255921338298,6755.71174442274,2.1102891532478085,COMPLETE
863,0.09375,0.40915154044967295,2.326195167474341,8.928904969540103,1.9411683121291674,11.34645454198699,COMPLETE
864,0.11035,0.724052255085772,4.767178139408607,4.762248977307948,6755.71174442274,2.1102891532478085,COMPLETE
865,0.13615,0.8475395678377415,6.812644630608508,9.988586281068551,1476.1251734596226,0.725005173883511,COMPLETE
866,0.1031,0.6379196256880805,5.5150049043702545,8.081625847692138,30.54779366423335,0.5985950343657075,COMPLETE
867,0.09795,0.6112336509924959,5.5150049043702545,7.765654438906126,0.5549010274448358,0.5084006019933035,COMPLETE
868,0.0642,0.1994842307727282,7.489439152524652,1.2992706708708701,0.022872403443138362,2.1102891532478085,COMPLETE
869,0.09075,0.3733275898331005,4.933362998330481,4.452959544077785,0.5549010274448358,30.285503295850994,COMPLETE
870,0.10635,0.5553699467422385,5.007005919975302,9.767312130896007,1.9411683121291674,2.1102891532478085,COMPLETE
871,0.1199,0.6605164738714089,7.398979747077997,3.0156649020845308,2206.3502799927064,32.402251569270184,COMPLETE
872,0.0991,0.5488701191415373,5.608567316603186,9.933529862520766,0.9615552540100645,13.809916121420061,COMPLETE
873,0.09535,0.6405723610312356,7.257271731141275,8.953655830293592,30.54779366423335,3.9703371647893633,COMPLETE
874,0.1089,0.6090706917209976,5.725979329777759,8.936771842662786,0.01333967025299093,0.7306953052604724,COMPLETE
875,0.1022,0.5960562768642088,6.812644630608508,9.988586281068551,0.022872403443138362,0.5985950343657075,COMPLETE
876,0.13205,0.832100841034539,5.608567316603186,6.375236854260541,1476.1251734596226,0.7997601204319784,COMPLETE
877,0.09755,0.38123096141905005,4.933362998330481,4.730916168079807,5.6878068615007775,4.792699168837896,COMPLETE
878,0.1059,0.6342643153565939,5.5150049043702545,6.375236854260541,30.54779366423335,0.5985950343657075,COMPLETE
879,0.12975,0.8447148397306763,6.0195191788931774,5.196045314781185,6755.71174442274,2.1102891532478085,COMPLETE
880,0.07105,0.15905462368606146,4.859269400135405,1.2992706708708701,0.055180751274777534,2.2659877554138568,COMPLETE
881,0.08485,0.12778016442881368,1.725904925943869,1.2992706708708701,0.022872403443138362,0.6805162092954433,COMPLETE
882,0.10655,0.7789069812460527,7.489439152524652,9.17383655017091,135.12739810952655,3.9703371647893633,COMPLETE
883,0.09685,0.5780849187176632,5.374938723229122,8.936771842662786,1.9411683121291674,1.526275265602974,COMPLETE
884,0.0896,0.525555511357618,7.339695485358947,9.413482932589199,0.4111694316312813,11.34645454198699,COMPLETE
885,0.0646,0.19796144904823024,7.489439152524652,1.2992706708708701,0.022872403443138362,2.1102891532478085,COMPLETE
886,0.1243,0.7067171361776738,5.34350018162054,3.651595257801766,6755.71174442274,2.1102891532478085,COMPLETE
887,0.09095,0.5145585938588604,5.5150049043702545,1.6547770335219978,560.4775189597802,0.3224017511707687,COMPLETE
888,0.07305,0.1857353183263311,7.489439152524652,1.2992706708708701,1.530981853484126,0.5985950343657075,COMPLETE
889,0.07745,0.2818790384571199,7.386495200771071,1.8145138315019835,0.4111694316312813,0.41678774153157633,COMPLETE
890,0.12695,0.4162780364993409,5.5150049043702545,9.146079626553355,560.4775189597802,0.013271312739952941,COMPLETE
891,0.10175,0.45315426190985775,2.8538152290566545,3.1266054432281805,258.12658116675004,1.526275265602974,COMPLETE
892,0.09095,0.4528263575000472,3.781707407820993,8.081625847692138,4.6216117253800055,4.0357694266525,COMPLETE
893,0.10995,0.5960607581729143,5.608567316603186,9.32057031103337,1.045670975870805,1.526275265602974,COMPLETE
894,0.1294,0.7736175053743457,6.4922347260243845,6.694798433810031,6755.71174442274,15.635249172291681,COMPLETE
895,0.0906,0.6150903825143719,7.225279577446517,3.0638630129150126,359.71457230765833,11.34645454198699,COMPLETE
896,0.1377,0.8943937637113438,7.386495200771071,9.933529862520766,2147.1158445190413,4.792699168837896,COMPLETE
897,0.07125,0.18064495356925514,7.321806062638004,1.0340435745788543,30.54779366423335,0.5985950343657075,COMPLETE
898,0.09225,0.3005899900438251,2.029853754499439,3.6489595839123257,0.747253043227065,4.8269015675922065,COMPLETE
899,0.0761,0.36753526995836505,6.1575360109564885,2.195218904889921,2.880805974985026,0.23943674870059578,COMPLETE
900,0.10005,0.600524085848972,7.257271731141275,7.451337432117496,0.022872403443138362,0.5985950343657075,COMPLETE
901,0.10855,0.6062719270477597,5.280090073895156,4.554162049710896,359.71457230765833,4.279787560507997,COMPLETE
902,0.06865,0.12957716760761087,5.827113301687939,1.0072476048825507,2.880805974985026,0.7306953052604724,COMPLETE
903,0.08305,0.3079138309158792,5.5150049043702545,3.0352039660395387,0.01333967025299093,1.526275265602974,COMPLETE
904,0.0797,0.38605098763237533,6.512749834924003,3.0352039660395387,2.136762935747518,0.725005173883511,COMPLETE
905,0.0759,0.1362280613201234,3.3050324203869508,1.2992706708708701,0.48160356426463263,0.5985950343657075,COMPLETE
906,0.09545,0.6032545847828215,7.489439152524652,7.639970758565217,4.6216117253800055,2.2956973646590204,COMPLETE
907,0.059,0.17237379462420807,7.339695485358947,1.1679739768270172,2.4792588435669867,58.8365186870629,COMPLETE
908,0.07385,0.21508774016670135,7.489439152524652,1.477462268798483,4.6216117253800055,0.5985950343657075,COMPLETE
909,0.10685,0.6811949162477163,7.257271731141275,6.662419966226693,30.54779366423335,0.5985950343657075,COMPLETE
910,0.1372,0.8736158572014874,6.641989734742594,7.451337432117496,2899.69581847893,11.34645454198699,COMPLETE
911,0.13115,0.8342919033346683,6.812644630608508,7.451337432117496,1476.1251734596226,4.792699168837896,COMPLETE
912,0.07375,0.3713645910842015,7.489439152524652,3.0352039660395387,2.136762935747518,4.792699168837896,COMPLETE
913,0.10765,0.5998837272404167,3.232381597277297,3.0352039660395387,1539.8224240679256,0.5985950343657075,COMPLETE
914,0.09875,0.4766295096072693,6.812644630608508,1.1712558092464478,1476.1251734596226,5.263907113396357,COMPLETE
915,0.08715,0.5409979384385073,7.489439152524652,3.0156649020845308,117.01164712837071,0.5985950343657075,COMPLETE
916,0.1208,0.6692739267713762,4.767178139408607,7.451337432117496,28.623301091967512,0.04841802788233872,COMPLETE
917,0.13035,0.8540698810836275,5.5150049043702545,8.081625847692138,1364.1776643863184,3.9703371647893633,COMPLETE
918,0.0908,0.5254211446411631,7.339695485358947,7.610151165642061,0.4111694316312813,11.34645454198699,COMPLETE
919,0.10815,0.4614583464147101,2.981662124317787,8.928904969540103,3.5368781317675393,0.7306953052604724,COMPLETE
920,0.0632,0.13172050791526002,5.682466907927493,1.0105475676829394,4.6216117253800055,2.2659877554138568,COMPLETE
921,0.1054,0.4781301582499196,4.933362998330481,8.053117581805795,5.6878068615007775,4.8269015675922065,COMPLETE
922,0.07885,0.13028021828050812,3.6783168805008466,1.1679739768270172,0.5549010274448358,0.5084006019933035,COMPLETE
923,0.11095,0.7691922153847652,7.489439152524652,3.4709986937730752,1688.3846346819648,0.5985950343657075,COMPLETE
924,0.13875,0.7990484306687079,7.489439152524652,4.493104072298703,6711.521412335229,0.5985950343657075,COMPLETE
925,0.09985,0.5660753118639185,6.03613403822846,7.062126769282375,4.6216117253800055,2.4056309584136866,COMPLETE
926,0.0768,0.4214972417176972,5.827113301687939,3.0352039660395387,2.880805974985026,0.5985950343657075,COMPLETE
927,0.1303,0.8383121498714503,5.939170481881678,8.053117581805795,1476.1251734596226,4.792699168837896,COMPLETE
928,0.1468,0.8934904769559533,7.489439152524652,8.418374689108267,560.4775189597802,1.8602957309646184,COMPLETE
929,0.09325,0.40641879271671416,2.981662124317787,7.451337432117496,0.4111694316312813,0.7306953052604724,COMPLETE
930,0.10795,0.7457587425536786,5.5150049043702545,5.196045314781185,560.4775189597802,1.526275265602974,COMPLETE
931,0.13595,0.8357034004061555,4.23889944611168,8.928904969540103,359.71457230765833,0.5490150507978799,COMPLETE
932,0.147,0.8282442177282427,5.5150049043702545,8.081625847692138,1410.5125114019775,0.7306953052604724,COMPLETE
933,0.0928,0.556335314261003,7.398979747077997,3.0156649020845308,61.128832411058866,0.019741076694555916,COMPLETE
934,0.11165,0.6184603801228886,5.280090073895156,7.639970758565217,4.134085132635928,0.5985950343657075,COMPLETE
935,0.0855,0.35944077238031913,2.981662124317787,3.3704975429349244,5.6878068615007775,0.725005173883511,COMPLETE
936,0.08015,0.32510337050523813,7.257271731141275,1.6830728729124345,51.87896749081269,15.635249172291681,COMPLETE
937,0.0804,0.2799989977127318,5.280090073895156,2.195218904889921,8.12391032120536,0.41678774153157633,COMPLETE
938,0.0624,0.1773421651304775,6.8435536313626235,1.1679739768270172,2.4792588435669867,0.6323288349159578,COMPLETE
939,0.0726,0.3237012914728184,4.933362998330481,2.773946398622405,0.07784011381802453,0.7306953052604724,COMPLETE
940,0.10985,0.6567847759023115,2.261262434212134,7.062126769282375,560.4775189597802,1.526275265602974,COMPLETE
941,0.0673,0.15907623660034795,7.398979747077997,1.054178658775115,3.226823186887424,0.5985950343657075,COMPLETE
942,0.0828,0.29845016368958505,5.669059578661803,1.9286303362657695,29.635959217970594,0.725005173883511,COMPLETE
943,0.09495,0.6450407517113529,7.257271731141275,7.451337432117496,0.7780556311068269,2.1102891532478085,COMPLETE
944,0.0576,0.15648387060815724,7.489439152524652,1.0000874311382033,0.4111694316312813,4.792699168837896,COMPLETE
945,0.0783,0.27777423073977653,7.386495200771071,1.8145138315019835,28.623301091967512,4.047725915145316,COMPLETE
946,0.14225,0.8408140712508375,6.778075540011049,7.639970758565217,3393.7886450161604,0.7306953052604724,COMPLETE
947,0.0849,0.3154502722527433,2.731063429531665,3.0352039660395387,0.675650103955018,0.725005173883511,COMPLETE
948,0.0789,0.23930056778983602,7.489439152524652,2.081945085312953,6.122583341029568,11.34645454198699,COMPLETE
949,0.08555,0.39863657835486016,7.386495200771071,1.8145138315019835,0.9615552540100645,0.04841802788233872,COMPLETE
950,0.0943,0.5582556168469196,5.669059578661803,7.062126769282375,30.54779366423335,9.97013927018016,COMPLETE
951,0.0994,0.528430798132793,7.489439152524652,9.767312130896007,4.6216117253800055,2.1102891532478085,COMPLETE
952,0.09485,0.2498122116980655,3.1728250155788187,1.6830728729124345,116.68218004772335,15.635249172291681,COMPLETE
953,0.11055,0.42277173980373817,2.981662124317787,5.950827672861153,36.65186800453371,0.7306953052604724,COMPLETE
954,0.09455,0.5435959624760692,7.339695485358947,7.451337432117496,0.5549010274448358,11.34645454198699,COMPLETE
955,0.0684,0.22229613393399192,6.073812153251893,1.2992706708708701,0.022872403443138362,0.17693111945974221,COMPLETE
956,0.0677,0.376883102747159,4.940397068324327,3.0352039660395387,2.136762935747518,0.725005173883511,COMPLETE
957,0.08635,0.4512824797182375,6.086053401403324,2.8320734546831314,0.675650103955018,0.052882695912678586,COMPLETE
958,0.07575,0.390722653326932,5.280090073895156,3.0352039660395387,2.136762935747518,0.45483170794976213,COMPLETE
959,0.0856,0.475345081037034,6.8435536313626235,7.287842302229237,2.4792588435669867,44.76380938653201,COMPLETE
960,0.10035,0.6940057851676512,7.489439152524652,7.062126769282375,2.1586504292325803,0.725005173883511,COMPLETE
961,0.12485,0.5733336585319869,5.280090073895156,8.928904969540103,874.1330303163832,0.025275654512336116,COMPLETE
962,0.0911,0.6120630815180312,7.489439152524652,2.195218904889921,560.4775189597802,0.41678774153157633,COMPLETE
963,0.08835,0.13247009407463906,0.39380930934132774,1.2992706708708701,0.2841596150601982,0.5985950343657075,COMPLETE
964,0.12135,0.7691620481952118,6.690135760140833,3.3704975429349244,1688.3846346819648,1.1819150784024188,COMPLETE
965,0.10055,0.6013362495197098,7.489439152524652,6.694798433810031,4.6216117253800055,0.5985950343657075,COMPLETE
966,0.0734,0.2824701124272813,7.489439152524652,1.6830728729124345,4.6216117253800055,15.635249172291681,COMPLETE
967,0.0695,0.20322287793126703,1.7485243923067446,1.8145138315019835,17.792140653746806,1.4997298775668761,COMPLETE
968,0.11185,0.6480036492245665,6.98048372606227,5.358131770414598,61.128832411058866,0.0367758044805299,COMPLETE
969,0.09685,0.6349236629121533,5.939170481881678,7.716956152431088,0.9615552540100645,0.7306953052604724,COMPLETE
970,0.08905,0.5027837514854382,7.489439152524652,7.639970758565217,0.04367968100197296,99.64254877660908,COMPLETE
971,0.07435,0.17113138811891632,7.386495200771071,1.1444973161673633,0.9615552540100645,2.1102891532478085,COMPLETE
972,0.1268,0.6964707046071608,5.608567316603186,9.933529862520766,30.54779366423335,0.21371665269779988,COMPLETE
973,0.0819,0.3536485239437806,4.940397068324327,3.0352039660395387,2.136762935747518,0.725005173883511,COMPLETE
974,0.0682,0.3774575705433024,7.489439152524652,2.195218904889921,18.96042505502382,0.41678774153157633,COMPLETE
975,0.08315,0.4743652528250088,5.669059578661803,3.0156649020845308,61.128832411058866,0.5985950343657075,COMPLETE
976,0.07925,0.3905918247361627,7.398979747077997,3.0352039660395387,0.23714138750481673,0.5985950343657075,COMPLETE
977,0.0896,0.42746487519914117,6.086053401403324,5.546929098863301,0.4111694316312813,11.34645454198699,COMPLETE
978,0.06185,0.18207751950445647,6.8435536313626235,1.1679739768270172,2.4792588435669867,0.7306953052604724,COMPLETE
979,0.1267,0.7225771153228334,6.104132984603445,7.062126769282375,1688.3846346819648,36.07662714635527,COMPLETE
980,0.08915,0.42352319121553256,5.280090073895156,8.928904969540103,0.675650103955018,11.34645454198699,COMPLETE
981,0.0772,0.39226105765338687,2.5829558391539424,3.4709986937730752,61.128832411058866,0.643969746605317,COMPLETE
982,0.1282,0.9046787676027456,7.489439152524652,7.639970758565217,7486.669420633397,11.34645454198699,COMPLETE
983,0.1026,0.5717020244249815,7.489439152524652,3.0352039660395387,0.041474871357165974,0.031944269380368116,COMPLETE
984,0.1011,0.6108478318742214,7.489439152524652,6.375236854260541,30.54779366423335,2.1102891532478085,COMPLETE
985,0.09405,0.3873806915398618,2.4489384013673594,7.451337432117496,0.7780556311068269,2.1102891532478085,COMPLETE
986,0.0826,0.3779932310152134,7.489439152524652,4.029425941479292,2.4481708586639255,15.635249172291681,COMPLETE
987,0.1011,0.2771979328102988,2.596489786829853,2.066704462993903,125.61378789004245,3.615048287342391,COMPLETE
988,0.0972,0.6796580846721934,7.489439152524652,8.081625847692138,4.6216117253800055,0.5985950343657075,COMPLETE
989,0.103,0.739614243926279,7.300304341363835,7.639970758565217,30.54779366423335,0.5084006019933035,COMPLETE
990,0.08815,0.2828938384606829,5.608567316603186,1.1744957906176317,258.12658116675004,1.526275265602974,COMPLETE
991,0.10865,0.6417991988814934,7.489439152524652,4.192751344080422,2.136762935747518,0.030392080550596664,COMPLETE
992,0.15085,0.7883873010750826,6.778075540011049,9.988586281068551,1476.1251734596226,0.2918406275382218,COMPLETE
993,0.07905,0.3056827631367938,7.374401428809602,1.701083217370444,61.128832411058866,0.7306953052604724,COMPLETE
994,0.0801,0.20427408788109158,6.778075540011049,1.0340435745788543,95.51027814400432,0.5985950343657075,COMPLETE
995,0.0571,0.15332784890190068,7.489439152524652,1.0000874311382033,0.4111694316312813,0.5084006019933035,COMPLETE
996,0.09015,0.6457142420652169,7.489439152524652,8.053117581805795,0.747253043227065,4.8269015675922065,COMPLETE
997,0.08365,0.13674457675384508,2.5521715708198895,1.2992706708708701,2.4792588435669867,44.76380938653201,COMPLETE
998,0.08075,0.6083694558286091,7.489439152524652,2.195218904889921,560.4775189597802,0.5084006019933035,COMPLETE
999,0.14175,0.9097926208039575,5.608567316603186,9.933529862520766,1476.1251734596226,2.11203267676435,COMPLETE
1000,0.08275,0.3918665197282294,4.767178139408607,3.3704975429349244,0.08556851892615738,0.725005173883511,COMPLETE
1001,0.1236,0.5807712601657352,2.981662124317787,5.950827672861153,90.3630250087736,0.21654076700493177,COMPLETE
1002,0.0837,0.47624846128094506,6.943723534542512,2.773946398622405,0.675650103955018,0.03359342646829663,COMPLETE
1003,0.0966,0.48236876760648784,3.448974009552246,3.0156649020845308,182.595325310223,4.792699168837896,COMPLETE
1004,0.1403,0.813752609068586,3.4828443975694285,9.413482932589199,874.1330303163832,0.6805162092954433,COMPLETE
1005,0.08745,0.2565689187500893,2.866478838119601,2.2859420056234763,0.011239503244262785,0.5985950343657075,COMPLETE
1006,0.0669,0.20821963309571373,7.489439152524652,1.2992706708708701,0.022872403443138362,0.5985950343657075,COMPLETE
1007,0.0902,0.4563448501467241,4.933362998330481,4.30789613928641,0.01333967025299093,44.76380938653201,COMPLETE
1008,0.0975,0.5140993008094588,4.794756595859255,5.660665273821699,4.6216117253800055,0.41678774153157633,COMPLETE
1009,0.10415,0.5837557664157353,6.8435536313626235,9.933529862520766,40.174314156528155,4.792699168837896,COMPLETE
1010,0.088,0.5728111525733056,6.086053401403324,2.8320734546831314,384.81053681480347,9.912800422014511,COMPLETE
1011,0.07595,0.30424826428022933,7.257271731141275,2.8320734546831314,0.7780556311068269,9.113073434086543,COMPLETE
1012,0.1042,0.6804404841489764,5.5150049043702545,5.196045314781185,384.81053681480347,1.526275265602974,COMPLETE
1013,0.1124,0.6026464130803761,5.827113301687939,6.694798433810031,35.959632184669694,0.7306953052604724,COMPLETE
1014,0.10075,0.47119796447537693,3.9582385940935376,7.606479861719918,2.4792588435669867,44.76380938653201,COMPLETE
1015,0.1383,0.8990107090844289,6.812644630608508,8.081625847692138,1476.1251734596226,3.9703371647893633,COMPLETE
1016,0.1143,0.7538073839707294,6.812644630608508,6.073906232999685,1476.1251734596226,15.635249172291681,COMPLETE
1017,0.14595,0.8200234767557751,4.859269400135405,6.694798433810031,6755.71174442274,0.41678774153157633,COMPLETE
1018,0.10415,0.4160049938538706,0.9420378628327569,8.053117581805795,0.48160356426463263,0.5985950343657075,COMPLETE
1019,0.07115,0.2529736207876018,7.489439152524652,1.8028955359533851,0.022872403443138362,0.5985950343657075,COMPLETE
1020,0.0642,0.17846576720933743,7.489439152524652,1.1679739768270172,2.4792588435669867,26.86663164051462,COMPLETE
1021,0.0705,0.20095496102520616,5.280090073895156,1.2992706708708701,0.48160356426463263,11.34645454198699,COMPLETE
1022,0.0829,0.45870567376459986,7.339695485358947,7.451337432117496,0.4111694316312813,11.34645454198699,COMPLETE
1023,0.10575,0.5751241891844059,5.608567316603186,9.933529862520766,0.48160356426463263,0.5985950343657075,COMPLETE
1024,0.09115,0.5020686967925326,7.257271731141275,5.196045314781185,0.5549010274448358,0.5084006019933035,COMPLETE
1025,0.0924,0.582201597362474,5.5150049043702545,2.8320734546831314,560.4775189597802,1.526275265602974,COMPLETE
1026,0.14445,0.8507295508257326,5.227290526563188,9.933529862520766,2370.5356874589625,4.792699168837896,COMPLETE
1027,0.131,0.8373669918290311,5.608567316603186,9.32057031103337,560.4775189597802,1.526275265602974,COMPLETE
1028,0.1095,0.6433397902894289,7.257271731141275,6.375236854260541,22.06064024002298,0.5985950343657075,COMPLETE
1029,0.1078,0.6530708882065367,7.489439152524652,8.418374689108267,4.6216117253800055,0.5985950343657075,COMPLETE
1030,0.0721,0.2726430151099831,7.386495200771071,1.1679739768270172,2.4792588435669867,0.04841802788233872,COMPLETE
1031,0.104,0.522894854051077,4.857254745209259,2.8320734546831314,384.81053681480347,54.02872483646135,COMPLETE
1032,0.08115,0.35298570474740043,4.933362998330481,3.0352039660395387,0.01333967025299093,0.7306953052604724,COMPLETE
1033,0.07625,0.36378070315117833,7.489439152524652,1.6830728729124345,116.68218004772335,4.792699168837896,COMPLETE
1034,0.0843,0.2761718489578284,5.280090073895156,1.0340435745788543,359.71457230765833,1.5256462310007912,COMPLETE
1035,0.09215,0.5861965771360711,7.489439152524652,2.195218904889921,1476.1251734596226,4.792699168837896,COMPLETE
1036,0.08735,0.5818273251749057,6.778075540011049,7.639970758565217,0.4407528054840609,2.208646701437734,COMPLETE
1037,0.1406,0.8454345956601699,7.339695485358947,9.413482932589199,874.1330303163832,0.6805162092954433,COMPLETE
1038,0.1361,0.8746795408204795,6.1060721121599615,9.933529862520766,1476.1251734596226,4.792699168837896,COMPLETE
1039,0.08135,0.13263749851366105,2.50227001663411,1.2507953642261487,11.285363622403322,0.7306953052604724,COMPLETE
1040,0.1153,0.7685606071090686,7.398979747077997,4.086100466005934,844.1984694870878,0.7306953052604724,COMPLETE
1041,0.0879,0.3813936351368769,2.591455044620152,4.97948621911118,0.4111694316312813,4.792699168837896,COMPLETE
1042,0.11505,0.7309916342327452,7.489439152524652,3.4709986937730752,1364.1776643863184,0.5985950343657075,COMPLETE
1043,0.0982,0.615588805439586,7.489439152524652,7.639970758565217,2.4792588435669867,0.5985950343657075,COMPLETE
1044,0.0623,0.14717451173821858,7.257271731141275,1.0000874311382033,1.9411683121291674,0.6865192926202107,COMPLETE
1045,0.0956,0.5223309607626284,7.225279577446517,3.0638630129150126,12.1948265740348,0.040896595509909414,COMPLETE
1046,0.08415,0.4205448708955345,4.933362998330481,1.8145138315019835,28.623301091967512,0.04841802788233872,COMPLETE
1047,0.09925,0.6896969840385012,7.489439152524652,4.128977545770486,117.01164712837071,0.5084006019933035,COMPLETE
1048,0.0901,0.27568932035560617,2.749640857897308,3.0352039660395387,0.01333967025299093,0.7306953052604724,COMPLETE
1049,0.09805,0.44934464224886517,2.981662124317787,7.451337432117496,0.7780556311068269,0.725005173883511,COMPLETE
1050,0.0972,0.6202655849347779,7.489439152524652,2.85124530068262,560.4775189597802,11.34645454198699,COMPLETE
1051,0.14945,0.8087601226034273,4.307085642231535,9.988586281068551,907.2582097414679,0.8680102695738543,COMPLETE
1052,0.10675,0.5961942302646437,6.086053401403324,2.8320734546831314,1476.1251734596226,4.792699168837896,COMPLETE
1053,0.1437,0.864921179025576,7.257271731141275,7.639970758565217,1688.3846346819648,3.9703371647893633,COMPLETE
1054,0.0861,0.4023607271251204,3.1441603246666667,1.1679739768270172,558.7051534247012,0.10970165109076842,COMPLETE
1055,0.06775,0.3809024019137262,7.489439152524652,2.195218904889921,2.4792588435669867,0.2944924768920615,COMPLETE
1056,0.0768,0.32532237740125075,7.404840220417026,1.2992706708708701,0.48160356426463263,0.0367758044805299,COMPLETE
1057,0.0962,0.5693572924805534,7.489439152524652,1.618042711097896,1782.1499447729238,0.5985950343657075,COMPLETE
1058,0.09355,0.5637820332321654,4.859269400135405,2.6419142628820618,1364.1776643863184,3.9703371647893633,COMPLETE
1059,0.11165,0.7452625145679431,7.257271731141275,6.855524217231688,359.71457230765833,11.34645454198699,COMPLETE
1060,0.08785,0.5768282867698589,7.489439152524652,3.0638630129150126,359.71457230765833,13.737135040054913,COMPLETE
1061,0.1096,0.5523678456249759,7.257271731141275,1.4540140343441361,1476.1251734596226,4.792699168837896,COMPLETE
1062,0.09555,0.45603345695468095,5.081907936387633,5.950827672861153,5.6878068615007775,1.0146910599333931,COMPLETE
1063,0.0894,0.4208473015202829,3.373305221634915,9.933529862520766,2.3831078598500346,4.792699168837896,COMPLETE
1064,0.0917,0.5001216232323616,6.812644630608508,3.0352039660395387,0.01333967025299093,0.031634748890012734,COMPLETE
1065,0.07505,0.42768976825286553,7.257271731141275,3.3704975429349244,0.7780556311068269,2.1102891532478085,COMPLETE
1066,0.1024,0.6167710989549283,4.933362998330481,3.0352039660395387,746.636247572708,0.7306953052604724,COMPLETE
1067,0.1552,0.7794409050727126,2.981662124317787,9.933529862520766,1476.1251734596226,0.725005173883511,COMPLETE
1068,0.0857,0.5308030709445051,7.489439152524652,4.390239464358789,3.4096137321043085,1.8602957309646184,COMPLETE
1069,0.088,0.5518604570975214,7.489439152524652,1.3013093859938103,1688.3846346819648,0.6805162092954433,COMPLETE
1070,0.0726,0.20185652781843802,7.489439152524652,1.2992706708708701,8.244937163922293,0.5985950343657075,COMPLETE
1071,0.09485,0.5887078367837612,7.386495200771071,3.0638630129150126,359.71457230765833,72.96544990104333,COMPLETE
1072,0.10415,0.5479844799591247,2.970677109017681,7.451337432117496,0.9789540037298767,0.5084006019933035,COMPLETE
1073,0.0801,0.2708133137590462,7.257271731141275,1.8145138315019835,28.623301091967512,2.1102891532478085,COMPLETE
1074,0.09895,0.46214677281758504,5.280090073895156,1.8145138315019835,359.71457230765833,0.04841802788233872,COMPLETE
1075,0.09895,0.5156924474812868,5.5150049043702545,5.196045314781185,11.908317045367985,1.8602957309646184,COMPLETE
1076,0.122,0.6037079640968687,5.280090073895156,4.214084987553258,2899.69581847893,11.34645454198699,COMPLETE
1077,0.13645,0.8341633198208658,5.5150049043702545,9.649115019865224,560.4775189597802,0.725005173883511,COMPLETE
1078,0.11185,0.4596103930665313,3.7713166422050843,7.451337432117496,3.765800220549034,2.1102891532478085,COMPLETE
1079,0.0779,0.49860850206201157,7.398979747077997,4.101823977297871,0.50010706770691,0.5985950343657075,COMPLETE
1080,0.0909,0.49309161139962554,7.489439152524652,4.390239464358789,3.2794649083159153,1.664892552668031,COMPLETE
1081,0.10195,0.656388256389925,7.489439152524652,8.418374689108267,4.6216117253800055,0.5985950343657075,COMPLETE
1082,0.0954,0.5576322330009745,7.398979747077997,2.773946398622405,61.128832411058866,0.0367758044805299,COMPLETE
1083,0.0734,0.17867903075249159,4.933362998330481,1.2992706708708701,0.04548739654732833,0.5985950343657075,COMPLETE
1084,0.0845,0.46506725272034294,5.669059578661803,3.4709986937730752,0.5549010274448358,0.5084006019933035,COMPLETE
1085,0.1167,0.7252749740814072,6.812644630608508,3.4709986937730752,1688.3846346819648,0.5084006019933035,COMPLETE
1086,0.09925,0.25400755590002616,2.981662124317787,1.1409479927644255,364.2938294276625,0.725005173883511,COMPLETE
1087,0.07115,0.20289659664334336,4.956639155258147,1.5929321651061061,0.14768900068704197,44.76380938653201,COMPLETE
1088,0.0814,0.45309458387569923,6.812644630608508,3.4709986937730752,0.5549010274448358,0.5985950343657075,COMPLETE
1089,0.0965,0.5294998509876185,5.827113301687939,5.725910245112063,2.880805974985026,0.7306953052604724,COMPLETE
1090,0.12735,0.8278108618674507,7.489439152524652,8.928904969540103,359.71457230765833,4.792699168837896,COMPLETE
1091,0.089,0.4822827583948913,5.5150049043702545,6.837721291976555,0.037769421690738804,1.526275265602974,COMPLETE
1092,0.1295,0.7545704022223065,4.451182297750597,7.451337432117496,2147.1158445190413,4.792699168837896,COMPLETE
1093,0.07025,0.281458283950651,7.339695485358947,2.1823939578181917,0.4111694316312813,41.14848494168733,COMPLETE
1094,0.09205,0.3696375948377636,5.669059578661803,3.4709986937730752,0.019708999267035957,0.725005173883511,COMPLETE
1095,0.07205,0.18283794287006275,7.489439152524652,1.2992706708708701,0.022872403443138362,0.5985950343657075,COMPLETE
1096,0.10035,0.6161398010772087,7.386495200771071,9.767312130896007,28.623301091967512,2.1102891532478085,COMPLETE
1097,0.0944,0.46983571995291823,6.4922347260243845,6.694798433810031,13.307835338067237,15.635249172291681,COMPLETE
1098,0.11135,0.5982035928160537,7.489439152524652,3.4709986937730752,1688.3846346819648,0.03148399911647162,COMPLETE
1099,0.1111,0.4921595610672925,5.280090073895156,8.928904969540103,22.531253154644297,11.34645454198699,COMPLETE
1100,0.14395,0.7571720620297117,7.489439152524652,7.062126769282375,1688.3846346819648,0.1354532319075432,COMPLETE
1101,0.0761,0.1549177732874909,2.981662124317787,1.2992706708708701,5.6878068615007775,0.5985950343657075,COMPLETE
1102,0.0847,0.5267980382042584,7.257271731141275,3.4709986937730752,30.54779366423335,0.5084006019933035,COMPLETE
1103,0.0784,0.15482539511432172,5.04735824232964,1.1679739768270172,0.38931530211877524,58.8365186870629,COMPLETE
1104,0.1028,0.6248159369669506,5.280090073895156,5.412985246806761,4.6216117253800055,0.056752648931214976,COMPLETE
1105,0.0866,0.3298498978574748,6.086053401403324,2.484781397869129,15.972993304226122,0.7306953052604724,COMPLETE
1106,0.12415,0.23381961179774513,0.3846439574659565,5.196045314781185,1.9411683121291674,4.792699168837896,COMPLETE
1107,0.1122,0.6287409516270888,7.257271731141275,6.662419966226693,30.54779366423335,0.5972954736209326,COMPLETE
1108,0.1054,0.6011490330641573,5.280090073895156,8.928904969540103,5.6878068615007775,0.7306953052604724,COMPLETE
1109,0.09915,0.6719756580045694,6.778075540011049,7.639970758565217,0.01333967025299093,0.7306953052604724,COMPLETE
1110,0.1346,0.8062919649025124,4.859269400135405,6.694798433810031,6755.71174442274,2.2659877554138568,COMPLETE
1111,0.0856,0.25476219592593835,4.933362998330481,2.399183642603936,0.01333967025299093,0.7306953052604724,COMPLETE
1112,0.13255,0.8408498866423071,6.436545791889539,7.062126769282375,1688.3846346819648,0.725005173883511,COMPLETE
1113,0.10315,0.574006509077277,4.933362998330481,4.730916168079807,0.022872403443138362,0.047670465502367476,COMPLETE
1114,0.09415,0.3296419289235325,0.9650411912020419,1.6830728729124345,116.68218004772335,0.04939634890882794,COMPLETE
1115,0.104,0.5496454118349686,5.827113301687939,5.950827672861153,5.6878068615007775,0.7306953052604724,COMPLETE
1116,0.0711,0.25551494629187754,7.386495200771071,1.7527319101845271,2.4792588435669867,2.1102891532478085,COMPLETE
1117,0.09185,0.4830422932693731,7.489439152524652,7.639970758565217,4.6216117253800055,4.792699168837896,COMPLETE
1118,0.1431,0.8067659461403187,3.4106266977618094,7.062126769282375,1688.3846346819648,0.8752630939963372,COMPLETE
1119,0.12435,0.7095747907577329,6.641989734742594,3.4709986937730752,1688.3846346819648,3.1030914371159244,COMPLETE
1120,0.0672,0.3820533383943064,7.489439152524652,2.5982127524590104,0.528163413359439,0.7306953052604724,COMPLETE
1121,0.12285,0.7449885056432209,7.489439152524652,6.410708112595786,366.5317576916612,0.13187817574880936,COMPLETE
1122,0.0736,0.2571067534952502,7.489439152524652,1.6830728729124345,0.9615552540100645,13.809916121420061,COMPLETE
1123,0.0855,0.45346557333438003,4.528834737553609,2.8320734546831314,6.8019876907885575,0.05192419521950057,COMPLETE
1124,0.11945,0.7540649665682673,5.5150049043702545,8.418374689108267,560.4775189597802,4.203816187352665,COMPLETE
1125,0.14435,0.7281288200452304,2.981662124317787,9.933529862520766,3190.4289845919834,0.10877994645541982,COMPLETE
1126,0.07285,0.32331501775285987,7.489439152524652,2.195218904889921,1.202700453021521,0.41678774153157633,COMPLETE
1127,0.06575,0.20180339755008014,7.257271731141275,1.2992706708708701,0.7780556311068269,3.3127969189620523,COMPLETE
1128,0.07685,0.3727127909138533,6.369982886199846,2.773946398622405,2.880805974985026,0.7306953052604724,COMPLETE
1129,0.1151,0.6564718796323951,6.9816388864865875,2.498652458343103,6755.71174442274,20.97545621333823,COMPLETE
1130,0.0812,0.226890153553258,3.1814564106841376,1.8407289346470832,2.4792588435669867,44.76380938653201,COMPLETE
1131,0.0799,0.3558617803120478,4.933362998330481,4.730916168079807,5.6878068615007775,15.635249172291681,COMPLETE
1132,0.12835,0.7517539722652303,5.939170481881678,4.5213408965016715,2899.69581847893,0.26727655908303444,COMPLETE
1133,0.08995,0.43575003781885646,5.827113301687939,4.422487791056598,2.880805974985026,0.5985950343657075,COMPLETE
1134,0.1297,0.8370954886472135,4.602129302557011,5.196045314781185,6755.71174442274,1.526275265602974,COMPLETE
1135,0.06805,0.17898766732922367,5.827113301687939,1.1679739768270172,4.2310526252856695,0.5985950343657075,COMPLETE
1136,0.0655,0.1786227666057309,4.933362998330481,1.2992706708708701,0.01333967025299093,0.5985950343657075,COMPLETE
1137,0.12485,0.7664714350767801,5.669059578661803,6.866995421895921,6755.71174442274,15.635249172291681,COMPLETE
1138,0.12555,0.5833261405890101,4.13829232289145,8.418374689108267,560.4775189597802,0.023020513254427864,COMPLETE
1139,0.0739,0.2822406724586069,7.339695485358947,2.629471374770703,2.4792588435669867,58.8365186870629,COMPLETE
1140,0.08925,0.5525833141779162,7.257271731141275,5.196045314781185,0.01333967025299093,0.7306953052604724,COMPLETE
1141,0.09455,0.57063619213788,7.489439152524652,3.4709986937730752,62.76939297152849,0.5985950343657075,COMPLETE
1142,0.0895,0.42779203903963064,5.939170481881678,7.716956152431088,0.4111694316312813,13.809916121420061,COMPLETE
1143,0.10715,0.7010538525646755,5.8502650484269365,5.649048478400257,258.12658116675004,1.64490122221693,COMPLETE
1144,0.0915,0.3276387244084267,4.989665818960675,4.390239464358789,0.019714816459721552,6.21597991144635,COMPLETE
1145,0.09845,0.634145308170475,7.489439152524652,2.195218904889921,560.4775189597802,0.41678774153157633,COMPLETE
1146,0.06665,0.15542684946495824,7.489439152524652,1.1679739768270172,2.4792588435669867,44.76380938653201,COMPLETE
1147,0.05925,0.20593341584799327,7.489439152524652,1.2992706708708701,0.5682735865825428,0.5985950343657075,COMPLETE
1148,0.0996,0.36956651047338696,1.1282779763845627,8.081625847692138,0.03853155138316548,0.5985950343657075,COMPLETE
1149,0.08945,0.36610312175756043,3.816595091063148,4.363461653885316,2.4792588435669867,4.161753033546801,COMPLETE
1150,0.07715,0.38064412674361414,7.225279577446517,3.0352039660395387,2.880805974985026,11.34645454198699,COMPLETE
1151,0.1389,0.8396792199521437,5.827113301687939,8.418374689108267,560.4775189597802,0.5985950343657075,COMPLETE
1152,0.07115,0.1863064362905272,7.489439152524652,1.2992706708708701,2.880805974985026,6.605882267218487,COMPLETE
1153,0.1408,0.7873156131020858,5.939170481881678,8.053117581805795,1476.1251734596226,0.3059530592824809,COMPLETE
1154,0.0873,0.3274659332623426,2.981662124317787,3.3704975429349244,5.6878068615007775,0.725005173883511,COMPLETE
1155,0.09975,0.6682990011703469,7.398979747077997,6.662419966226693,61.128832411058866,3.9703371647893633,COMPLETE
1156,0.0925,0.25103912385086313,5.280090073895156,1.8145138315019835,28.623301091967512,11.34645454198699,COMPLETE
1157,0.0622,0.15607149507704995,7.321806062638004,1.0340435745788543,1.2360867032821041,0.5985950343657075,COMPLETE
1158,0.08295,0.20436139820780264,0.9341649086021971,1.8145138315019835,28.623301091967512,7.745051016781797,COMPLETE
1159,0.1286,0.8573988165096617,7.489439152524652,7.062126769282375,560.4775189597802,0.725005173883511,COMPLETE
1160,0.10095,0.49015648785020055,2.981662124317787,3.0352039660395387,321.8772573448308,0.5985950343657075,COMPLETE
1161,0.0896,0.3882615435732987,5.669059578661803,3.4709986937730752,0.5549010274448358,0.5084006019933035,COMPLETE
1162,0.11925,0.7226858936841981,7.386495200771071,9.767312130896007,154.42339017664943,50.00890076802171,COMPLETE
1163,0.118,0.682200932993851,2.119243742466112,4.730916168079807,7085.222196445149,0.7306953052604724,COMPLETE
1164,0.10735,0.7125579298524243,7.489439152524652,7.639970758565217,0.02152319869592414,0.7306953052604724,COMPLETE
1165,0.07975,0.3561474175548833,5.280090073895156,2.538381568735471,51.95931386697074,11.34645454198699,COMPLETE
1166,0.1172,0.7084782330483198,3.931332263663454,7.716956152431088,2189.8952875444493,37.44280355901486,COMPLETE
1167,0.0946,0.6186920845302945,7.489439152524652,2.0225541450089675,1688.3846346819648,44.76380938653201,COMPLETE
1168,0.09515,0.501948215580609,7.398979747077997,3.0156649020845308,61.128832411058866,0.5985950343657075,COMPLETE
1169,0.093,0.6697000461975162,7.489439152524652,3.9665739573234453,384.81053681480347,2.1102891532478085,COMPLETE
1170,0.1102,0.35093780253635104,1.6432454537811114,3.372035012247822,116.68218004772335,15.635249172291681,COMPLETE
1171,0.10445,0.5624876784503735,6.873793082299903,5.719364711700476,2.880805974985026,0.5985950343657075,COMPLETE
1172,0.12915,0.8546144774936852,5.280090073895156,8.928904969540103,1364.1776643863184,3.9703371647893633,COMPLETE
1173,0.1388,0.8537147842053824,5.608567316603186,9.933529862520766,1476.1251734596226,4.792699168837896,COMPLETE
1174,0.12785,0.8125744416150733,5.5150049043702545,5.196045314781185,560.4775189597802,0.5206804691936687,COMPLETE
1175,0.08875,0.4991056766003405,6.812644630608508,4.270709780990838,0.5549010274448358,0.5084006019933035,COMPLETE
1176,0.07555,0.32716784866150844,5.608567316603186,1.3413953386084965,30.54779366423335,0.08220088112981518,COMPLETE
1177,0.09905,0.6206130337655689,7.339695485358947,9.332459284257618,2.4792588435669867,0.7306953052604724,COMPLETE
1178,0.12095,0.6812076712714692,5.760759857859897,9.933529862520766,200.44506587161487,4.792699168837896,COMPLETE
1179,0.1244,0.7685448736026008,7.049749992608113,3.4709986937730752,1688.3846346819648,0.5985950343657075,COMPLETE
1180,0.07045,0.2342647449689927,7.489439152524652,1.5033047056679378,0.08882882936207045,2.1102891532478085,COMPLETE
1181,0.13445,0.904076950033572,6.845096766988944,7.451337432117496,2899.69581847893,3.9703371647893633,COMPLETE
1182,0.08545,0.5566091475740704,7.398979747077997,4.644109430146935,0.06381084057842858,0.5985950343657075,COMPLETE
1183,0.1079,0.6846658306502618,7.489439152524652,7.716956152431088,116.68218004772335,15.635249172291681,COMPLETE
1184,0.0939,0.6014216175808925,7.489439152524652,2.767457025054012,560.4775189597802,1.8602957309646184,COMPLETE
1185,0.11545,0.7006989224265859,5.280090073895156,8.928904969540103,359.71457230765833,11.34645454198699,COMPLETE
1186,0.09215,0.4975991112384671,4.933362998330481,6.694798433810031,0.01333967025299093,2.2659877554138568,COMPLETE
1187,0.1347,0.8653162700796636,5.280090073895156,8.928904969540103,874.1330303163832,1.054850816677154,COMPLETE
1188,0.06245,0.16992732390608756,7.489439152524652,1.0884158545616847,0.4111694316312813,0.7306953052604724,COMPLETE
1189,0.09165,0.5054946579921673,4.516632516740519,4.55533452786367,0.013397509070876893,0.5985950343657075,COMPLETE
1190,0.1189,0.7028885504580719,5.5150049043702545,5.196045314781185,560.4775189597802,1.526275265602974,COMPLETE
1191,0.0654,0.18024083600582613,5.608567316603186,1.0340435745788543,30.54779366423335,0.5985950343657075,COMPLETE
1192,0.10775,0.7527680407874963,5.334411901674462,9.933529862520766,112.323925330586,0.5985950343657075,COMPLETE
1193,0.09565,0.6257020127920405,7.257271731141275,7.639970758565217,11.51330111852899,3.9703371647893633,COMPLETE
1194,0.08515,0.3563679910164317,2.904770106467272,3.3704975429349244,5.6878068615007775,0.725005173883511,COMPLETE
1195,0.10435,0.3730890480614603,0.35508437748995414,8.418374689108267,560.4775189597802,4.2273235798234765,COMPLETE
1196,0.13615,0.7853661151115717,6.4922347260243845,6.694798433810031,6755.71174442274,15.635249172291681,COMPLETE
1197,0.07895,0.2555744655421282,7.489439152524652,1.2992706708708701,61.128832411058866,2.5826030454941153,COMPLETE
1198,0.08195,0.33251796811797285,4.859269400135405,2.7164331714180303,0.06526598813484376,0.5985950343657075,COMPLETE
1199,0.0874,0.3230889725513581,5.827113301687939,3.039207661205794,0.4111694316312813,1.9699777061741608,COMPLETE
1200,0.10245,0.6093152460002498,5.669059578661803,7.062126769282375,33.567112604111976,0.725005173883511,COMPLETE
1201,0.1398,0.8165541204208902,5.669059578661803,8.283121889657805,1688.3846346819648,0.5985950343657075,COMPLETE
1202,0.117,0.6300169768377499,2.0619710432802587,8.053117581805795,1476.1251734596226,3.8839286292765536,COMPLETE
1203,0.11365,0.7162473966306548,4.90401783124288,7.062126769282375,117.01164712837071,0.5084006019933035,COMPLETE
1204,0.10005,0.6561299252087192,7.257271731141275,7.639970758565217,30.54779366423335,1.8602957309646184,COMPLETE
1205,0.11345,0.5548290917195846,4.933362998330481,4.730916168079807,5.6878068615007775,0.06970318570055081,COMPLETE
1206,0.0708,0.23429042441123257,7.489439152524652,1.6830728729124345,3.030324370517979,15.635249172291681,COMPLETE
1207,0.0657,0.20371298768483936,7.489439152524652,1.2992706708708701,0.07494683298372924,0.7306953052604724,COMPLETE
1208,0.0978,0.6015606874898329,7.339695485358947,8.053117581805795,0.34089793120600886,4.792699168837896,COMPLETE
1209,0.1406,0.8050884272149877,5.608567316603186,9.933529862520766,1476.1251734596226,4.792699168837896,COMPLETE
1210,0.10585,0.5984497677072438,7.489439152524652,5.950827672861153,5.6878068615007775,0.7306953052604724,COMPLETE
1211,0.12665,0.6414885576540159,7.257271731141275,7.639970758565217,1688.3846346819648,0.04280998767961908,COMPLETE
1212,0.06795,0.18345236226215414,5.598551853636415,1.2760081043952238,0.013230598372261551,0.7306953052604724,COMPLETE
1213,0.0813,0.3741123323764761,7.489439152524652,3.084177436856829,0.013764679387502778,5.170388012552476,COMPLETE
1214,0.14815,0.8805316020131461,7.489439152524652,9.933529862520766,2147.1158445190413,4.792699168837896,COMPLETE
1215,0.09715,0.6028723468727077,4.178346051245989,3.0799702909642575,844.1984694870878,0.7306953052604724,COMPLETE
1216,0.084,0.18103335003684692,0.3870476003803751,1.854044549596253,2.4792588435669867,0.725005173883511,COMPLETE
1217,0.0732,0.3265868502836703,7.489439152524652,1.2992706708708701,0.022872403443138362,0.01829385386496219,COMPLETE
1218,0.10995,0.6788193176985415,7.489439152524652,5.537438634914491,359.71457230765833,13.737135040054913,COMPLETE
1219,0.1314,0.8967622583380281,7.489439152524652,9.988586281068551,1476.1251734596226,4.792699168837896,COMPLETE
1220,0.1052,0.6446270773175868,7.489439152524652,2.6872871313827584,1688.3846346819648,11.34645454198699,COMPLETE
1221,0.1059,0.6608337860533576,7.489439152524652,8.418374689108267,2.880805974985026,0.5985950343657075,COMPLETE
1222,0.12215,0.6344662038775918,5.5150049043702545,5.196045314781185,560.4775189597802,0.05801402274197348,COMPLETE
1223,0.1253,0.8287055501495514,7.398979747077997,9.767312130896007,384.81053681480347,8.575040434718485,COMPLETE
1224,0.0807,0.2833907402608396,7.257271731141275,2.3797495520287226,1.0733545881114923,3.9703371647893633,COMPLETE
1225,0.0747,0.22569338111264556,7.339695485358947,1.5615713419728974,0.6159032139514925,11.34645454198699,COMPLETE
1226,0.1244,0.8485834181129168,7.489439152524652,8.418374689108267,560.4775189597802,1.8602957309646184,COMPLETE
1227,0.07105,0.34944474588624325,7.386495200771071,1.8145138315019835,0.09191472011467892,0.04841802788233872,COMPLETE
1228,0.09865,0.3040102475871783,2.830662376670263,2.195218904889921,3.7538131639487604,0.13076030858850698,COMPLETE
1229,0.1069,0.7504660983569209,7.346105518547408,9.588487070567192,30.54779366423335,0.5985950343657075,COMPLETE
1230,0.06305,0.16161476487814666,7.386495200771071,1.1679739768270172,3.5562617435306825,4.792699168837896,COMPLETE
1231,0.0871,0.20438207042196443,0.665533789782178,1.1468630987385051,1476.1251734596226,1.749441043515876,COMPLETE
1232,0.0788,0.42529732342747556,6.522366371635417,3.4709986937730752,0.5549010274448358,0.5084006019933035,COMPLETE
1233,0.0918,0.5236965225869588,4.202086756469055,2.1276408023831728,1364.1776643863184,3.9703371647893633,COMPLETE
1234,0.1446,0.8706276234595852,7.489439152524652,8.174052392301089,6755.71174442274,8.450929199333412,COMPLETE
1235,0.1108,0.6979190558199235,6.186477807232292,7.639970758565217,30.54779366423335,0.7306953052604724,COMPLETE
1236,0.09315,0.47212679949904895,2.7382820896043625,9.767312130896007,4.173978641593022,4.792699168837896,COMPLETE
1237,0.0749,0.21630843394197877,7.489439152524652,1.494721054198123,0.08727107225188994,0.7306953052604724,COMPLETE
1238,0.1022,0.22993999075590726,0.70394629378395,3.3704975429349244,5.6878068615007775,0.725005173883511,COMPLETE
1239,0.1353,0.7658885295283874,5.280090073895156,8.928904969540103,1476.1251734596226,11.34645454198699,COMPLETE
1240,0.10855,0.7411694696431294,6.812644630608508,3.4709986937730752,560.4775189597802,0.41678774153157633,COMPLETE
1241,0.0852,0.12926159008474433,1.3442291905477286,1.2992706708708701,0.48160356426463263,2.934701877926744,COMPLETE
1242,0.0685,0.1315011287298367,7.489439152524652,1.0000874311382033,0.4111694316312813,4.792699168837896,COMPLETE
1243,0.127,0.7519980638891547,6.641989734742594,3.3704975429349244,2899.69581847893,0.725005173883511,COMPLETE
1244,0.1214,0.618646068858051,3.712486659210387,3.4709986937730752,1688.3846346819648,0.05739006703125154,COMPLETE
1245,0.0874,0.42235291383249024,1.6522488207387986,7.639970758565217,0.5549010274448358,3.9703371647893633,COMPLETE
1246,0.06985,0.20647988557343597,7.489439152524652,1.2992706708708701,1.6923964254378385,0.5985950343657075,COMPLETE
1247,0.1032,0.4966719511340261,5.181062166187283,4.730916168079807,5.6878068615007775,0.7306953052604724,COMPLETE
1248,0.099,0.4375116195914552,7.398979747077997,1.032292721935128,1364.1776643863184,3.9703371647893633,COMPLETE
1249,0.0774,0.24863964697426735,7.489439152524652,1.462408770665589,3.4096137321043085,0.19495080765239617,COMPLETE
1250,0.0873,0.3180214912576576,7.398979747077997,1.2992706708708701,30.54779366423335,0.0367758044805299,COMPLETE
1251,0.09125,0.6469955571941645,7.257271731141275,7.639970758565217,30.54779366423335,3.9703371647893633,COMPLETE
1252,0.11565,0.7464419146665542,5.608567316603186,9.933529862520766,363.9593075281825,4.792699168837896,COMPLETE
1253,0.13825,0.6950980379315075,6.641989734742594,7.451337432117496,2899.69581847893,0.06383137203668432,COMPLETE
1254,0.09275,0.62438390169154,7.398979747077997,4.101823977297871,359.71457230765833,11.34645454198699,COMPLETE
1255,0.07725,0.2775291222146934,7.489439152524652,2.9268643679077204,0.7780556311068269,38.91451312523917,COMPLETE
1256,0.10835,0.6046784368349772,5.608567316603186,2.655035547635972,5742.012546098126,4.792699168837896,COMPLETE
1257,0.0983,0.251869741649621,2.512183383468466,2.773946398622405,2.880805974985026,0.5985950343657075,COMPLETE
1258,0.0839,0.32914134485831975,7.398979747077997,3.494819603887628,0.50010706770691,57.245980760957764,COMPLETE
1259,0.13895,0.8544246465698465,7.489439152524652,7.451337432117496,5398.7054675822,11.34645454198699,COMPLETE
1260,0.09915,0.6238669082098499,7.225279577446517,3.0638630129150126,359.71457230765833,0.08805704005442713,COMPLETE
1261,0.10255,0.6724039375614408,7.489439152524652,7.451337432117496,116.68218004772335,15.635249172291681,COMPLETE
1262,0.11255,0.5957723521709843,5.280090073895156,8.928904969540103,2.4792588435669867,0.5139132792255932,COMPLETE
1263,0.1194,0.7069603590491637,6.4922347260243845,6.694798433810031,560.4775189597802,4.5890239914623026,COMPLETE
1264,0.1254,0.6473210256617994,5.5150049043702545,3.4709986937730752,1364.1776643863184,90.55055088256972,COMPLETE
1265,0.13645,0.8407285595722206,4.910643761576501,7.639970758565217,9729.334796653999,3.9703371647893633,COMPLETE
1266,0.1186,0.7469078516380385,6.4922347260243845,6.694798433810031,1688.3846346819648,13.26772193071869,COMPLETE
1267,0.07985,0.5504730719789108,7.489439152524652,4.18950117668968,0.11072428422847759,3.9703371647893633,COMPLETE
1268,0.084,0.2090868229187839,7.398979747077997,1.1679739768270172,61.128832411058866,26.99357549742365,COMPLETE
1269,0.08825,0.2840134517677469,2.306274275531027,2.740978513684147,5.6878068615007775,0.725005173883511,COMPLETE
1270,0.1011,0.5534124163227442,7.257271731141275,7.639970758565217,30.54779366423335,11.34645454198699,COMPLETE
1271,0.08895,0.45372663998505386,5.741588174047813,4.086100466005934,0.48160356426463263,0.5985950343657075,COMPLETE
1272,0.0695,0.20465389317577054,7.489439152524652,1.2992706708708701,0.022872403443138362,0.5985950343657075,COMPLETE
1273,0.1071,0.6259578957978246,6.736087487600629,7.451337432117496,0.4111694316312813,0.725005173883511,COMPLETE
1274,0.10015,0.3296270306431741,2.6850410779771736,4.390239464358789,0.48160356426463263,0.5985950343657075,COMPLETE
1275,0.06555,0.20311703605997866,7.489439152524652,1.2992706708708701,0.022872403443138362,0.5985950343657075,COMPLETE
1276,0.11005,0.7219000167316207,5.5150049043702545,3.4709986937730752,560.4775189597802,0.5084006019933035,COMPLETE
1277,0.09595,0.5484183689909148,7.489439152524652,4.086100466005934,4.936683462706727,0.2944924768920615,COMPLETE
1278,0.0718,0.3851264642157557,7.398979747077997,1.2992706708708701,61.128832411058866,0.0367758044805299,COMPLETE
1279,0.09755,0.6556534035597565,7.489439152524652,4.128977545770486,359.71457230765833,13.737135040054913,COMPLETE
1280,0.0823,0.37342077725815837,1.3504394850602763,2.195218904889921,2.4792588435669867,0.021628092712801944,COMPLETE
1281,0.0575,0.17892801116302437,7.339695485358947,1.1679739768270172,2.4792588435669867,58.8365186870629,COMPLETE
1282,0.0732,0.1576262603294213,6.8435536313626235,1.1679739768270172,2.4792588435669867,0.7353830443459516,COMPLETE
1283,0.11515,0.6927054171671815,5.827113301687939,2.773946398622405,2147.1158445190413,0.7306953052604724,COMPLETE
1284,0.05735,0.19556019039362915,7.489439152524652,1.1679739768270172,1.2496465506579888,0.5084006019933035,COMPLETE
1285,0.0676,0.2048749547342365,7.489439152524652,1.2992706708708701,3.4096137321043085,0.5985950343657075,COMPLETE
1286,0.10735,0.6521733125168695,7.386495200771071,3.0638630129150126,2147.1158445190413,13.737135040054913,COMPLETE
1287,0.08715,0.49903857068018276,7.489439152524652,7.451337432117496,0.4111694316312813,11.34645454198699,COMPLETE
1288,0.11795,0.8657305390219857,7.489439152524652,9.584206264817421,560.4775189597802,4.315440023228051,COMPLETE
1289,0.06465,0.1568213281990836,7.398979747077997,1.1679739768270172,2.4792588435669867,14.707899109774871,COMPLETE
1290,0.1092,0.6239041224039811,2.981662124317787,3.3704975429349244,2147.1158445190413,0.725005173883511,COMPLETE
1291,0.06885,0.17658755007839028,4.016440130914626,1.2992706708708701,0.022872403443138362,0.41678774153157633,COMPLETE
1292,0.1235,0.8120472022131159,7.398979747077997,8.928904969540103,861.2544492651907,11.34645454198699,COMPLETE
1293,0.08255,0.4174825503757105,7.489439152524652,3.3704975429349244,5.6878068615007775,1.8602957309646184,COMPLETE
1294,0.1054,0.4973842820927584,0.8797445727902373,4.390239464358789,3708.8221617566433,67.34758521155133,COMPLETE
1295,0.0959,0.5589434239479427,4.912569610828417,8.974369172011928,0.022872403443138362,8.491430302447503,COMPLETE
1296,0.0826,0.416840351013327,7.277350447324437,3.0352039660395387,0.01333967025299093,0.7306953052604724,COMPLETE
1297,0.07305,0.26222523261080216,7.489439152524652,1.7932817712534685,0.5549010274448358,0.5084006019933035,COMPLETE
1298,0.10625,0.6735410833965225,7.489439152524652,3.0638630129150126,359.71457230765833,0.2944924768920615,COMPLETE
1299,0.07725,0.3516115777827814,7.398979747077997,3.0156649020845308,2.4792588435669867,4.238265346063556,COMPLETE
1300,0.09805,0.4960453558217513,4.043969899384599,1.2992706708708701,2899.69581847893,0.5985950343657075,COMPLETE
1301,0.10075,0.1831404524730335,0.28488268206759537,1.2992706708708701,1688.3846346819648,0.5985950343657075,COMPLETE
1302,0.1349,0.8039129637353951,4.933362998330481,8.053117581805795,1476.1251734596226,4.792699168837896,COMPLETE
1303,0.10505,0.3404235030468342,0.604038512075866,8.053117581805795,5.6878068615007775,0.725005173883511,COMPLETE
1304,0.09895,0.6482975916102608,7.489439152524652,7.062126769282375,0.022872403443138362,0.725005173883511,COMPLETE
1305,0.1247,0.7737435043123579,5.5150049043702545,7.185078302014194,1364.1776643863184,3.9703371647893633,COMPLETE
1306,0.13115,0.7986148877632786,5.5150049043702545,8.081625847692138,1364.1776643863184,3.9703371647893633,COMPLETE
1307,0.0841,0.3013561273994795,7.489439152524652,1.2992706708708701,1.628912668749418,0.018795272617241565,COMPLETE
1308,0.12015,0.41202204462430225,1.8006697562760352,5.196045314781185,134.49184911533905,18.32659935990686,COMPLETE
1309,0.1268,0.6621818546587311,5.261247145576204,5.196045314781185,1364.1776643863184,0.03822738619248444,COMPLETE
1310,0.0895,0.556458483091683,7.257271731141275,7.451337432117496,0.4111694316312813,2.1102891532478085,COMPLETE
1311,0.1002,0.572992724268936,4.933362998330481,3.0638630129150126,359.71457230765833,11.34645454198699,COMPLETE
1312,0.0872,0.30605428199092843,5.5150049043702545,3.18746700266175,0.4111694316312813,4.792699168837896,COMPLETE
1313,0.0815,0.3531567155073449,2.5701734181287135,3.3704975429349244,5.6878068615007775,0.725005173883511,COMPLETE
1314,0.10265,0.6366563272749303,7.489439152524652,9.988586281068551,0.015884328206350048,0.725005173883511,COMPLETE
1315,0.0952,0.5439525350593719,4.3597471759131095,3.4709986937730752,117.01164712837071,0.5084006019933035,COMPLETE
1316,0.13505,0.8470795688652646,7.489439152524652,5.196045314781185,2158.188947910254,1.526275265602974,COMPLETE
1317,0.1212,0.7835605587101407,7.489439152524652,9.096000169109589,560.4775189597802,74.83814387742599,COMPLETE
1318,0.08035,0.4536310393205511,4.416510603325397,3.9164785587372406,5.6878068615007775,0.5084006019933035,COMPLETE
1319,0.09875,0.6736863731982928,7.489439152524652,4.128977545770486,117.01164712837071,0.5985950343657075,COMPLETE
1320,0.13525,0.8272038113422338,5.669059578661803,7.062126769282375,2899.69581847893,0.725005173883511,COMPLETE
1321,0.0937,0.4775129207808855,7.225279577446517,1.8104625554632825,116.68218004772335,0.09496546187517141,COMPLETE
1322,0.115,0.5758250291703194,1.9692566532573998,8.081625847692138,174.63331358269716,1.3688694907601588,COMPLETE
1323,0.1322,0.84027877072066,6.812644630608508,9.988586281068551,273.8082986023672,0.5084006019933035,COMPLETE
1324,0.08495,0.4302745961619087,6.812644630608508,3.4709986937730752,30.54779366423335,3.9703371647893633,COMPLETE
1325,0.0899,0.2576133724632684,1.3572764364008607,3.0638630129150126,0.11265398764480045,11.34645454198699,COMPLETE
1326,0.10425,0.6074388292786299,7.489439152524652,2.60470285420478,560.4775189597802,0.17073453467147742,COMPLETE
1327,0.09385,0.5737870229943071,3.8809632239450633,3.9621484063873265,212.1882152707781,2.375132714658842,COMPLETE
1328,0.0835,0.34282461535080905,6.641989734742594,1.0340435745788543,540.0606583631328,11.34645454198699,COMPLETE
1329,0.11865,0.6998999242209619,4.859269400135405,8.928904969540103,359.71457230765833,11.34645454198699,COMPLETE
1330,0.09325,0.5913093951843413,7.225279577446517,7.639970758565217,0.7984616687504926,11.34645454198699,COMPLETE
1331,0.0901,0.5979508703689663,7.489439152524652,5.196774340905482,17.379492728328433,0.5985950343657075,COMPLETE
1332,0.09735,0.5978920263998689,7.489439152524652,4.390239464358789,3.4096137321043085,0.04841802788233872,COMPLETE
1333,0.13545,0.7486459545394442,7.386495200771071,9.933529862520766,2147.1158445190413,0.17202890970392254,COMPLETE
1334,0.1253,0.6239338460689178,5.280090073895156,3.8757801292110527,359.71457230765833,0.06516929255729995,COMPLETE
1335,0.10095,0.3544476684594727,2.7121466318992105,4.390239464358789,3.4096137321043085,0.27145552692029207,COMPLETE
1336,0.10255,0.44880570392370883,3.414533613459298,9.988586281068551,1.0807930310980676,0.2944924768920615,COMPLETE
1337,0.13895,0.7034119848364901,2.88788207717979,9.933529862520766,2147.1158445190413,12.91910784791281,COMPLETE
1338,0.10115,0.708515374162246,7.257271731141275,7.639970758565217,116.68218004772335,15.635249172291681,COMPLETE
1339,0.0975,0.5611872529336666,7.225279577446517,2.52685828106909,359.71457230765833,4.792699168837896,COMPLETE
1340,0.1098,0.30265090557993896,1.2195240107159677,4.128977545770486,0.5549010274448358,0.5084006019933035,COMPLETE
1341,0.10245,0.623186566926365,6.822089709206537,5.950827672861153,5.6878068615007775,0.7306953052604724,COMPLETE
1342,0.097,0.6096122950054208,7.489439152524652,9.988586281068551,0.01333967025299093,6.574812226836342,COMPLETE
1343,0.11835,0.77341406049407,7.386495200771071,9.767312130896007,315.0117225293658,20.849095901845793,COMPLETE
1344,0.07805,0.35690697195797466,7.489439152524652,2.377072121737594,18.725675380934778,1.8602957309646184,COMPLETE
1345,0.0855,0.5045117867059653,7.489439152524652,2.195218904889921,446.13121992633313,3.622891406066991,COMPLETE
1346,0.1161,0.5821363862027832,7.489439152524652,9.988586281068551,0.09039245458229667,0.20943617817067794,COMPLETE
1347,0.1466,0.8210056051441452,5.334411901674462,9.933529862520766,2147.1158445190413,0.5985950343657075,COMPLETE
1348,0.1386,0.43752492200848003,5.057791768555296,8.418374689108267,560.4775189597802,0.016260609505545556,COMPLETE
1349,0.1038,0.20319652002517435,1.871112740371826,1.6830728729124345,116.68218004772335,0.725005173883511,COMPLETE
1350,0.0941,0.5915268990746849,7.386495200771071,3.21016015754838,384.81053681480347,2.1102891532478085,COMPLETE
1351,0.06315,0.20894698128129793,7.489439152524652,1.2992706708708701,0.48160356426463263,0.5985950343657075,COMPLETE
1352,0.07315,0.30030918428156966,7.489439152524652,1.394322693127549,2.4792588435669867,0.09056583307762119,COMPLETE
1353,0.1147,0.7746283981150051,7.489439152524652,3.4709986937730752,1688.3846346819648,1.526275265602974,COMPLETE
1354,0.13395,0.8075303650822517,5.669059578661803,7.062126769282375,1688.3846346819648,0.7306953052604724,COMPLETE
1355,0.13155,0.6749483446978327,7.339695485358947,7.451337432117496,359.71457230765833,0.07481213864088714,COMPLETE
1356,0.1373,0.8280614262268269,6.411054648194905,6.694798433810031,6551.81344348941,3.9703371647893633,COMPLETE
1357,0.10185,0.6554410333586584,6.812644630608508,5.887432571476491,155.44349456008607,3.955323002131923,COMPLETE
1358,0.08815,0.32924709673558455,4.08923501142192,2.773946398622405,2.880805974985026,0.5084006019933035,COMPLETE
1359,0.1038,0.6330743447614262,7.398979747077997,4.761487081232986,61.128832411058866,0.5985950343657075,COMPLETE
1360,0.1251,0.6949957996830068,7.489439152524652,3.0638630129150126,5252.3814953420715,4.792699168837896,COMPLETE
1361,0.10495,0.5339092048275729,4.734858763664499,2.2936321639072275,2147.1158445190413,0.01811754646800173,COMPLETE
1362,0.1202,0.8458982755696394,7.489439152524652,5.869623929785657,359.71457230765833,1.269868031404911,COMPLETE
1363,0.0963,0.2272465108370134,0.13593045336221815,4.5737275917042775,4.6216117253800055,0.5985950343657075,COMPLETE
1364,0.12755,0.8094018057068142,5.5150049043702545,8.081625847692138,1364.1776643863184,3.9703371647893633,COMPLETE
1365,0.09295,0.5941564937182491,7.257271731141275,7.451337432117496,0.7780556311068269,2.1102891532478085,COMPLETE
1366,0.09655,0.5757597207393593,6.812644630608508,9.988586281068551,7.409687257568586,4.792699168837896,COMPLETE
1367,0.10595,0.42502463950567443,2.981662124317787,3.0156649020845308,61.128832411058866,0.18498739171377424,COMPLETE
1368,0.0765,0.4032869356233618,7.257271731141275,3.3704975429349244,5.6878068615007775,2.1102891532478085,COMPLETE
1369,0.1069,0.7195141004231994,5.669059578661803,9.933529862520766,112.323925330586,4.106370467787056,COMPLETE
1370,0.10185,0.5994219705937924,7.489439152524652,4.390239464358789,30.54779366423335,0.5985950343657075,COMPLETE
1371,0.10145,0.4505079072847022,5.5150049043702545,1.812416447880128,394.48638384574326,1.526275265602974,COMPLETE
1372,0.07565,0.31214783870699064,6.778075540011049,2.9633326864695095,0.01333967025299093,11.34645454198699,COMPLETE
1373,0.06855,0.3970871520094942,4.933362998330481,2.195218904889921,10.955729402655995,0.08991353636167962,COMPLETE
1374,0.1108,0.5939507958920827,7.489439152524652,4.128977545770486,0.018061876682693115,0.020193017937328108,COMPLETE
1375,0.1214,0.6101846982477767,5.5150049043702545,8.418374689108267,4.6216117253800055,0.5985950343657075,COMPLETE
1376,0.09755,0.5800042315676995,5.669059578661803,7.062126769282375,0.1022266553562691,0.725005173883511,COMPLETE
1377,0.099,0.40532997103386004,2.981662124317787,5.950827672861153,5.6878068615007775,2.775883998783492,COMPLETE
1378,0.09815,0.3613514979601178,0.45519264348805843,9.630900400408159,3.4096137321043085,0.5985950343657075,COMPLETE
1379,0.0858,0.2089452547487216,7.321806062638004,1.0340435745788543,112.323925330586,0.5985950343657075,COMPLETE
1380,0.10605,0.5966088775124088,2.145968608252984,4.101823977297871,844.1984694870878,0.5985950343657075,COMPLETE
1381,0.0777,0.3349660730613729,7.489439152524652,2.195218904889921,39.473458315513035,13.737135040054913,COMPLETE
1382,0.06425,0.17906114992754404,6.8435536313626235,1.1679739768270172,2.4792588435669867,44.76380938653201,COMPLETE
1383,0.0832,0.3680048054877039,7.257271731141275,3.3704975429349244,4.6216117253800055,2.1102891532478085,COMPLETE
1384,0.07435,0.1564103767310668,2.981662124317787,1.2992706708708701,0.48160356426463263,0.5985950343657075,COMPLETE
1385,0.07815,0.4207547941365902,7.386495200771071,1.6830728729124345,0.1391760704901539,0.023642794023043125,COMPLETE
1386,0.12115,0.6985631874612444,6.126014663017722,3.3704975429349244,3391.075672701642,2.1102891532478085,COMPLETE
1387,0.08445,0.4751617120560725,7.339695485358947,1.9444730187529853,384.81053681480347,2.1102891532478085,COMPLETE
1388,0.0656,0.44781471080353047,7.398979747077997,3.0156649020845308,0.061530195681195304,0.5985950343657075,COMPLETE
1389,0.10545,0.7686790436702593,5.334411901674462,9.933529862520766,112.323925330586,1.526275265602974,COMPLETE
1390,0.07425,0.19881697607236812,7.321806062638004,1.0340435745788543,30.54779366423335,0.5985950343657075,COMPLETE
1391,0.13835,0.8765587111664308,7.386495200771071,7.451337432117496,2899.69581847893,4.792699168837896,COMPLETE
1392,0.1116,0.5475967262020949,2.7402283835851238,5.101045204827722,2.4792588435669867,0.2944924768920615,COMPLETE
1393,0.09015,0.499281476004396,7.339695485358947,7.451337432117496,0.4111694316312813,11.34645454198699,COMPLETE
1394,0.0914,0.5727750440163892,6.641989734742594,1.437398286160869,2899.69581847893,11.34645454198699,COMPLETE
1395,0.1251,0.7495107305123022,7.398979747077997,7.094004019616204,116.68218004772335,0.1250556731601518,COMPLETE
1396,0.06605,0.1447192491367311,7.489439152524652,1.0000874311382033,0.4111694316312813,4.792699168837896,COMPLETE
1397,0.07495,0.23741959849547833,6.8435536313626235,1.1679739768270172,2.4792588435669867,0.056163419179385665,COMPLETE
1398,0.0951,0.5549527275039392,7.489439152524652,4.128977545770486,117.01164712837071,15.635249172291681,COMPLETE
1399,0.07665,0.21854149071332285,7.346105518547408,1.2425234919311259,30.54779366423335,0.5985950343657075,COMPLETE
1400,0.0755,0.1754725188168265,0.868268248826148,1.7054802566587093,0.022872403443138362,2.04372579830668,COMPLETE
1401,0.1237,0.7729313094862517,7.489439152524652,3.4709986937730752,9041.261347976159,0.5985950343657075,COMPLETE
1402,0.0998,0.6303454339771041,7.489439152524652,7.639970758565217,8.464929430323634,0.5485900762022328,COMPLETE
1403,0.11275,0.565680678265097,5.280090073895156,3.8949054413635427,359.71457230765833,0.02710154836845078,COMPLETE
1404,0.10635,0.3547157689588267,1.189314952930948,9.988586281068551,0.7780556311068269,2.1102891532478085,COMPLETE
1405,0.08675,0.5737254763549899,7.398979747077997,3.0156649020845308,61.128832411058866,0.5985950343657075,COMPLETE
1406,0.08615,0.5506405740823876,7.398979747077997,7.451337432117496,0.50010706770691,11.34645454198699,COMPLETE
1407,0.09585,0.604039167149351,7.346105518547408,9.988586281068551,30.54779366423335,4.792699168837896,COMPLETE
1408,0.1329,0.8810718688427953,7.386495200771071,9.933529862520766,384.81053681480347,2.1102891532478085,COMPLETE
1409,0.07835,0.4781618777588426,7.489439152524652,4.101823977297871,0.50010706770691,4.792699168837896,COMPLETE
1410,0.11235,0.7290729662132498,4.1522913916724615,6.55536800045774,560.4775189597802,1.526275265602974,COMPLETE
1411,0.09775,0.5467689170375742,7.489439152524652,2.195218904889921,560.4775189597802,81.16696736222349,COMPLETE
1412,0.0926,0.5937961242024163,5.280090073895156,4.101823977297871,359.71457230765833,11.34645454198699,COMPLETE
1413,0.07965,0.20434468526538338,3.988254287452788,1.2992706708708701,61.128832411058866,0.8225217437592538,COMPLETE
1414,0.0977,0.5998046034126554,7.321806062638004,7.451337432117496,0.7780556311068269,0.5985950343657075,COMPLETE
1415,0.0979,0.5719406491058551,6.812644630608508,3.4709986937730752,0.5549010274448358,0.012218883534349882,COMPLETE
1416,0.08925,0.5291293185829538,7.489439152524652,4.390239464358789,0.01333967025299093,0.7306953052604724,COMPLETE
1417,0.11365,0.6758891992911005,4.859269400135405,6.694798433810031,359.71457230765833,11.34645454198699,COMPLETE
1418,0.07655,0.3963197408152775,7.225279577446517,2.773946398622405,6.698442215052574,0.7306953052604724,COMPLETE
1419,0.089,0.5538672194282849,7.489439152524652,2.1706983858914763,560.4775189597802,1.8602957309646184,COMPLETE
1420,0.0841,0.5286732323386035,7.257271731141275,1.8430731506401898,299.7690760747849,0.5084006019933035,COMPLETE
1421,0.10015,0.5959593680054921,7.257271731141275,3.3704975429349244,36.8903050089842,0.08277609094254378,COMPLETE
1422,0.1152,0.8658795506184417,6.812644630608508,8.418374689108267,560.4775189597802,1.8602957309646184,COMPLETE
1423,0.07495,0.25321459550094777,5.1310009924309625,2.115168852359593,0.32499417152222676,3.9703371647893633,COMPLETE
1424,0.09215,0.5529976728370652,7.257271731141275,7.639970758565217,30.54779366423335,58.8365186870629,COMPLETE
1425,0.0883,0.6022169256104962,7.346105518547408,3.3704975429349244,241.8291159237082,2.1102891532478085,COMPLETE
1426,0.0925,0.5840245079541143,7.225279577446517,3.0638630129150126,359.71457230765833,11.34645454198699,COMPLETE
1427,0.09965,0.627261989940742,7.257271731141275,3.0352039660395387,320.9917193693405,0.7306953052604724,COMPLETE
1428,0.0949,0.5229343834537418,4.279721632064513,2.085366328896611,1688.3846346819648,1.526275265602974,COMPLETE
1429,0.0682,0.22764955589442287,7.339695485358947,1.5896025885698652,9.48333958532491,24.026060995593852,COMPLETE
1430,0.0821,0.2021000688267217,2.981662124317787,1.7920126174840303,8.194539726629195,0.725005173883511,COMPLETE
1431,0.1127,0.639672876937376,7.339695485358947,6.7851194705021385,0.013017796249916953,0.0367758044805299,COMPLETE
1432,0.09985,0.42919975083938117,2.978640887101105,6.34231992030161,0.6282175157757018,0.725005173883511,COMPLETE
1433,0.0787,0.30074220921548056,4.933362998330481,2.1492613727943506,0.01333967025299093,0.7306953052604724,COMPLETE
1434,0.0762,0.42387283101629036,6.812644630608508,3.6393917606855353,0.5549010274448358,3.091347719736611,COMPLETE
1435,0.0645,0.1801150043146489,7.339695485358947,1.1679739768270172,2.4792588435669867,58.8365186870629,COMPLETE
1436,0.0803,0.39953193980137863,7.225279577446517,3.0638630129150126,5.6878068615007775,0.7306953052604724,COMPLETE
1437,0.06405,0.18495440484714648,7.489439152524652,1.0000874311382033,36.68359894496768,4.792699168837896,COMPLETE
1438,0.11125,0.299496524140579,1.0756826651785263,8.595964287685558,0.01333967025299093,58.8365186870629,COMPLETE
1439,0.1097,0.6984235499820307,7.489439152524652,4.390239464358789,30.54779366423335,0.12248592283277313,COMPLETE
1440,0.0781,0.4955581719274828,7.489439152524652,4.128977545770486,5.0201027792675506,2.1102891532478085,COMPLETE
1441,0.082,0.21753980690132452,5.334411901674462,1.67955523518457,0.7780556311068269,0.5985950343657075,COMPLETE
1442,0.08075,0.37167411398716593,6.812644630608508,2.437911838276296,0.4111694316312813,0.19995070291591807,COMPLETE
1443,0.09215,0.5741563337416468,7.489439152524652,1.9143841115796705,560.4775189597802,0.5985950343657075,COMPLETE
1444,0.1082,0.6724603352385127,7.257271731141275,7.639970758565217,11.51330111852899,0.7306953052604724,COMPLETE
1445,0.1229,0.6490105806903184,6.974773727385932,7.639970758565217,110.65943406483012,0.046811585261150944,COMPLETE
1446,0.1122,0.6761283847009615,5.5752197141387185,7.639970758565217,359.71457230765833,35.717304745093735,COMPLETE
1447,0.1249,0.4612875754322358,4.859269400135405,8.884557650205842,6755.71174442274,0.012335410401675186,COMPLETE
1448,0.1182,0.8952835648799866,7.257271731141275,9.988586281068551,1476.1251734596226,4.792699168837896,COMPLETE
1449,0.10345,0.6121152859446621,1.0150649738681508,8.081625847692138,7523.674986566846,17.375260230114716,COMPLETE
1450,0.1065,0.6381806057093873,6.778075540011049,7.639970758565217,0.01333967025299093,0.7306953052604724,COMPLETE
1451,0.1196,0.7641370629655067,7.257271731141275,3.4709986937730752,1688.3846346819648,0.5985950343657075,COMPLETE
1452,0.1011,0.5519744132684817,5.5150049043702545,8.081625847692138,0.01333967025299093,0.7306953052604724,COMPLETE
1453,0.1119,0.629605941910671,7.489439152524652,9.988586281068551,0.022872403443138362,0.5985950343657075,COMPLETE
1454,0.10155,0.549700177621499,3.977360394095664,9.988586281068551,0.030937082953489525,12.109499036804607,COMPLETE
1455,0.07225,0.2900659022131321,7.257271731141275,2.195218904889921,2.4792588435669867,2.1102891532478085,COMPLETE
1456,0.11565,0.7850038147951527,7.489439152524652,7.451337432117496,117.01164712837071,0.5084006019933035,COMPLETE
1457,0.08315,0.43043756854845233,7.489439152524652,4.390239464358789,5.6878068615007775,12.66887582335891,COMPLETE
1458,0.0913,0.32880669423262643,5.280090073895156,3.0352039660395387,0.01333967025299093,11.34645454198699,COMPLETE
1459,0.06415,0.20216006950510157,7.489439152524652,1.2992706708708701,0.022872403443138362,0.5985950343657075,COMPLETE
1460,0.13965,0.8704804512280467,6.641989734742594,7.451337432117496,2899.69581847893,2.1102891532478085,COMPLETE
1461,0.1276,0.7253736629207023,4.552211081214737,2.773946398622405,5320.986364975495,0.7306953052604724,COMPLETE
1462,0.14005,0.8911118249687549,7.489439152524652,9.933529862520766,1476.1251734596226,4.578411987457149,COMPLETE
1463,0.07905,0.16494299968439305,4.549776485169013,1.3259722049870655,0.5282985849206243,2.2659877554138568,COMPLETE
1464,0.07205,0.19894697828468166,7.489439152524652,1.2992706708708701,0.48160356426463263,0.5985950343657075,COMPLETE
1465,0.07125,0.4197061330450635,7.489439152524652,2.195218904889921,41.520707952848994,0.2944924768920615,COMPLETE
1466,0.0834,0.25564018742329436,5.495999371075516,2.338036635895413,0.022872403443138362,0.725005173883511,COMPLETE
1467,0.0711,0.40952671865022183,7.489439152524652,1.6830728729124345,116.68218004772335,0.3920556360440364,COMPLETE
1468,0.12745,0.9234335679441223,7.386495200771071,9.767312130896007,384.81053681480347,2.1102891532478085,COMPLETE
1469,0.1247,0.5308705983219526,1.0429595237026692,6.336236505234914,6.514609482197791,0.04260034784531066,COMPLETE
1470,0.10145,0.6873941549563634,6.778075540011049,5.196045314781185,79.55384022696438,0.7306953052604724,COMPLETE
1471,0.09285,0.4587817492733032,7.225279577446517,1.5877710403288068,560.4775189597802,1.526275265602974,COMPLETE
1472,0.1334,0.8057748296853532,5.5150049043702545,5.196045314781185,1688.3846346819648,1.526275265602974,COMPLETE
1473,0.121,0.6212955032446155,7.489439152524652,7.451337432117496,0.48160356426463263,0.021251816648135215,COMPLETE
1474,0.12605,0.7934946316307965,7.489439152524652,4.730916168079807,2337.571237920998,0.5985950343657075,COMPLETE
1475,0.1541,0.8121633990756736,7.489439152524652,9.988586281068551,1476.1251734596226,0.5985950343657075,COMPLETE
1476,0.1136,0.5811313566443705,7.489439152524652,4.390239464358789,0.7780556311068269,0.03567336471159387,COMPLETE
1477,0.10605,0.675891708244243,7.386495200771071,9.767312130896007,5.6878068615007775,0.7306953052604724,COMPLETE
1478,0.06685,0.1337998408930241,7.489439152524652,1.0000874311382033,0.4111694316312813,4.792699168837896,COMPLETE
1479,0.09135,0.4997789612571325,6.812644630608508,4.086100466005934,0.5549010274448358,0.5084006019933035,COMPLETE
1480,0.14485,0.8510251327259777,2.981662124317787,8.474863877532798,6755.71174442274,0.7306953052604724,COMPLETE
1481,0.07955,0.20255721057326223,3.745445670163628,1.5479199982904257,10.128527040482476,3.9703371647893633,COMPLETE
1482,0.09715,0.46482846420135127,7.489439152524652,8.231426708463541,4.6216117253800055,12.122172595611596,COMPLETE
1483,0.13785,0.8384829677261249,7.489439152524652,9.588487070567192,1006.7239450266634,0.5985950343657075,COMPLETE
1484,0.1159,0.760698271160604,5.930695070335046,3.4709986937730752,1688.3846346819648,0.725005173883511,COMPLETE
1485,0.1014,0.7060658061299838,7.489439152524652,5.196045314781185,116.68218004772335,1.526275265602974,COMPLETE
1486,0.0734,0.3966199190573426,5.584443513217354,1.8145138315019835,28.623301091967512,0.04841802788233872,COMPLETE
1487,0.0758,0.29720794369290593,7.263912947719074,1.2992706708708701,0.4111694316312813,0.013379901072323785,COMPLETE
1488,0.06435,0.19899552011223326,7.489439152524652,1.2992706708708701,0.022872403443138362,0.5985950343657075,COMPLETE
1489,0.10015,0.4550648398405563,5.334411901674462,9.933529862520766,0.20968106595622385,4.792699168837896,COMPLETE
1490,0.0848,0.3356767077589986,6.8435536313626235,4.086100466005934,2.4792588435669867,44.76380938653201,COMPLETE
1491,0.127,0.8894756905977107,7.489439152524652,9.988586281068551,1476.1251734596226,4.792699168837896,COMPLETE
1492,0.09645,0.27193586767344835,1.8801209843406033,3.0156649020845308,13.461256213246097,1.8602957309646184,COMPLETE
1493,0.08455,0.37629459762927264,7.398979747077997,3.0156649020845308,0.061530195681195304,0.5985950343657075,COMPLETE
1494,0.08965,0.4673870825292463,4.933362998330481,1.0340435745788543,2681.633938146612,0.5985950343657075,COMPLETE
1495,0.0966,0.3782833600555499,4.933362998330481,2.195218904889921,0.021542011565220818,0.08991353636167962,COMPLETE
1496,0.1116,0.7713286562250703,7.489439152524652,3.4709986937730752,1688.3846346819648,1.526275265602974,COMPLETE
1497,0.09335,0.4769420440548728,7.398979747077997,4.101823977297871,0.50010706770691,0.5985950343657075,COMPLETE
1498,0.0879,0.5681152872148908,6.812644630608508,7.451337432117496,0.4111694316312813,11.34645454198699,COMPLETE
1499,0.0938,0.6136860630143857,7.386495200771071,7.451337432117496,45.01456938051107,11.34645454198699,COMPLETE
1500,0.0667,0.16089800754436948,7.489439152524652,1.1679739768270172,2.4792588435669867,3.622891406066991,COMPLETE
1501,0.09635,0.5520018656208354,7.398979747077997,3.4709986937730752,53.4603000038924,0.6432545497388975,COMPLETE
1502,0.1103,0.6404838244936791,7.489439152524652,7.775685538857666,0.2921368503269157,0.5985950343657075,COMPLETE
1503,0.0984,0.6493892987228758,7.489439152524652,5.061348409319827,21.241906192078755,0.7037594792077035,COMPLETE
1504,0.0849,0.5251332599816012,7.257271731141275,1.8181519851428887,544.9650617560998,6.078254576141324,COMPLETE
1505,0.11955,0.7156701998645544,6.812644630608508,3.4709986937730752,2147.1158445190413,4.792699168837896,COMPLETE
1506,0.1093,0.4197138331658698,2.71128732094122,2.195218904889921,560.4775189597802,24.77308253348449,COMPLETE
1507,0.0971,0.563934590665355,7.257271731141275,9.933529862520766,0.7780556311068269,2.1102891532478085,COMPLETE
1508,0.09345,0.6252542028436179,7.3616136644891315,3.711699627713682,117.01164712837071,0.5084006019933035,COMPLETE
1509,0.0913,0.5435403243582061,7.489439152524652,2.7398117121361727,61.128832411058866,0.1957551356390915,COMPLETE
1510,0.1316,0.8567513519236216,6.812644630608508,7.639970758565217,1476.1251734596226,4.792699168837896,COMPLETE
1511,0.0657,0.20472361963444533,6.625582864430163,1.2992706708708701,6.3678586691542165,0.5985950343657075,COMPLETE
1512,0.08215,0.3726917684978482,6.641989734742594,1.0340435745788543,642.9701923533516,0.5985950343657075,COMPLETE
1513,0.0998,0.5293808138087084,7.489439152524652,5.869623929785657,1.9411683121291674,1.269868031404911,COMPLETE
1514,0.11945,0.7986854436915417,7.339695485358947,8.418374689108267,560.4775189597802,11.34645454198699,COMPLETE
1515,0.07295,0.31344764382383083,6.778075540011049,1.8145138315019835,3.7900743039556883,0.2754567469337415,COMPLETE
1516,0.0786,0.3981220908904706,4.933362998330481,1.2282714851147178,662.7580359401799,0.7306953052604724,COMPLETE
1517,0.07865,0.42975618451470127,7.257271731141275,2.9032722919345786,0.48160356426463263,0.5985950343657075,COMPLETE
1518,0.08365,0.4670186652699541,6.8435536313626235,1.1679739768270172,1215.0289735187876,1.269868031404911,COMPLETE
1519,0.09645,0.6090528874782694,7.489439152524652,1.856009921964875,1688.3846346819648,0.5985950343657075,COMPLETE
1520,0.0864,0.5460296057061508,4.770936528183948,3.4709986937730752,117.01164712837071,1.526275265602974,COMPLETE
1521,0.0874,0.5462366903084911,7.489439152524652,4.128977545770486,0.061530195681195304,0.5985950343657075,COMPLETE
1522,0.0937,0.5297479503287836,7.489439152524652,2.195218904889921,446.13121992633313,3.622891406066991,COMPLETE
1523,0.09035,0.6465167959821065,7.321806062638004,3.0638630129150126,359.71457230765833,0.5985950343657075,COMPLETE
1524,0.109,0.7573963305701351,7.489439152524652,8.418374689108267,65.42850617031253,2.1102891532478085,COMPLETE
1525,0.1197,0.8241056082293873,7.489439152524652,7.639970758565217,153.2860257697558,0.7306953052604724,COMPLETE
1526,0.1125,0.7796866712326566,7.489439152524652,8.418374689108267,116.68218004772335,1.8602957309646184,COMPLETE
1527,0.08195,0.47304380723920847,7.489439152524652,3.4709986937730752,0.4111694316312813,0.5084006019933035,COMPLETE
1528,0.0666,0.210324106633858,4.933362998330481,1.5232915956522353,0.02058328949269307,0.7306953052604724,COMPLETE
1529,0.09845,0.5951074072119823,5.268832277751818,8.418374689108267,1.079241661233217,4.792699168837896,COMPLETE
1530,0.0799,0.43405722529406865,7.386495200771071,1.8145138315019835,17.823056723410293,0.04841802788233872,COMPLETE
1531,0.093,0.627738197921386,7.398979747077997,3.0156649020845308,315.0117225293658,0.5985950343657075,COMPLETE
1532,0.1396,0.8974251408447681,7.257271731141275,9.988586281068551,1476.1251734596226,1.526275265602974,COMPLETE
1533,0.06985,0.17133894846367606,6.8435536313626235,1.1679739768270172,0.061530195681195304,0.5985950343657075,COMPLETE
1534,0.08255,0.48075877448781984,6.257264218072084,4.101823977297871,0.50010706770691,0.725005173883511,COMPLETE
1535,0.07585,0.4310610695312204,7.398979747077997,3.0156649020845308,1.2835183509248531,0.5084006019933035,COMPLETE
1536,0.08085,0.30084512397753366,4.2467091133397314,2.195218904889921,2.4792588435669867,0.2944924768920615,COMPLETE
1537,0.07695,0.37301727962653036,7.386495200771071,1.2992706708708701,315.0117225293658,20.849095901845793,COMPLETE
1538,0.1032,0.5734907184922617,7.386495200771071,2.0568046149624997,2147.1158445190413,0.10988277638007195,COMPLETE
1539,0.1036,0.5734597635642601,3.987959619130633,3.0156649020845308,2147.1158445190413,16.737001780592855,COMPLETE
1540,0.09435,0.2699091624655064,0.10629698934759085,7.451337432117496,0.4111694316312813,7.53731045150533,COMPLETE
1541,0.1027,0.61374323871348,7.489439152524652,2.9081200120869406,1476.1251734596226,23.992579937779443,COMPLETE
1542,0.07635,0.43089978627642406,7.489439152524652,3.0638630129150126,0.01333967025299093,0.7306953052604724,COMPLETE
1543,0.0804,0.45648186788941164,7.257271731141275,4.730916168079807,1.9411683121291674,10.569095673620039,COMPLETE
1544,0.1002,0.575074360265948,7.386495200771071,9.767312130896007,0.04117507473461879,20.849095901845793,COMPLETE
1545,0.09645,0.4503494465566929,2.2168112002231832,9.988586281068551,5.6878068615007775,0.7306953052604724,COMPLETE
1546,0.1106,0.5470468949251825,5.192065213655563,8.418374689108267,4.6216117253800055,0.5985950343657075,COMPLETE
1547,0.08605,0.5237331630291081,7.339695485358947,7.451337432117496,23.81688076245239,50.038840192758045,COMPLETE
1548,0.09295,0.5312324260670558,4.933362998330481,7.062126769282375,10.955729402655995,0.725005173883511,COMPLETE
1549,0.09875,0.539519838786627,7.257271731141275,7.639970758565217,11.51330111852899,3.9703371647893633,COMPLETE
1550,0.0958,0.6509698343171827,7.257271731141275,5.196045314781185,117.01164712837071,1.526275265602974,COMPLETE
1551,0.1056,0.5730812793930563,1.7775029224951318,8.418374689108267,560.4775189597802,45.011333941927674,COMPLETE
1552,0.13135,0.8305824287639855,5.669059578661803,7.062126769282375,1688.3846346819648,0.725005173883511,COMPLETE
1553,0.05805,0.24591620717356977,7.321806062638004,1.0340435745788543,0.4111694316312813,0.03867301312026583,COMPLETE
1554,0.1276,0.671575260826977,3.316203037846307,3.4709986937730752,1688.3846346819648,0.139349440146658,COMPLETE
1555,0.0794,0.4923691875645801,7.489439152524652,4.390239464358789,3.4096137321043085,1.8602957309646184,COMPLETE
1556,0.09375,0.5511484260655412,7.257271731141275,3.3704975429349244,0.7780556311068269,0.011557536112451222,COMPLETE
1557,0.09785,0.449453641862758,4.603904699529354,7.451337432117496,0.4111694316312813,2.1102891532478085,COMPLETE
1558,0.13035,0.7340761768020311,4.859269400135405,6.694798433810031,315.0117225293658,0.1095851595705672,COMPLETE
1559,0.0983,0.5114988513392625,5.840611058500573,1.4628684222086548,1476.1251734596226,2.1102891532478085,COMPLETE
1560,0.08515,0.4771191077339413,7.257271731141275,3.3704975429349244,25.256462104281205,2.1102891532478085,COMPLETE
1561,0.1165,0.7643381560817938,7.398979747077997,3.4709986937730752,844.1984694870878,0.5985950343657075,COMPLETE
1562,0.0848,0.4998365522167128,7.257271731141275,3.3704975429349244,55.862050609180315,3.9703371647893633,COMPLETE
1563,0.12095,0.8022600615206065,7.489439152524652,8.724254006987675,117.01164712837071,0.5084006019933035,COMPLETE
1564,0.1397,0.8273176604158876,5.669059578661803,7.062126769282375,1688.3846346819648,0.725005173883511,COMPLETE
1565,0.1364,0.8589980411167295,7.313319642189033,8.081625847692138,1364.1776643863184,3.9703371647893633,COMPLETE
1566,0.10915,0.7030541797375253,6.8435536313626235,5.9205788464612255,61.128832411058866,0.5985950343657075,COMPLETE
1567,0.13285,0.8260103538528416,5.481686832099683,7.451337432117496,2058.1425486478074,0.5985950343657075,COMPLETE
1568,0.09545,0.6278987733887866,7.386495200771071,9.767312130896007,0.13358609508312835,2.1102891532478085,COMPLETE
1569,0.07975,0.2890944045710915,6.812644630608508,1.9899361637110005,0.5549010274448358,0.2654266351946152,COMPLETE
1570,0.1059,0.6570137393533713,7.257271731141275,7.639970758565217,0.7326855439425697,1.269868031404911,COMPLETE
1571,0.10415,0.5570414090016378,7.398979747077997,6.694798433810031,0.50010706770691,2.2659877554138568,COMPLETE
1572,0.09655,0.5593304523242277,7.257271731141275,9.933529862520766,1.1642040503079003,4.792699168837896,COMPLETE
1573,0.13715,0.8993355397155903,6.484463233233066,9.988586281068551,647.6283284875512,1.640686187897067,COMPLETE
1574,0.0934,0.5832213289153954,7.489439152524652,6.128450629878762,0.022872403443138362,3.622891406066991,COMPLETE
1575,0.10295,0.5788808979605243,7.257271731141275,3.3704975429349244,1688.3846346819648,0.02472464384169017,COMPLETE
1576,0.08415,0.5221370670629517,6.812644630608508,1.3255751724433114,1476.1251734596226,4.792699168837896,COMPLETE
1577,0.133,0.8858576037594825,7.257271731141275,7.639970758565217,1364.1776643863184,3.9703371647893633,COMPLETE
1578,0.0871,0.5312427544539248,7.489439152524652,4.841462364418728,0.4111694316312813,1.8602957309646184,COMPLETE
1579,0.1032,0.593945215769728,7.489439152524652,3.482085299309284,0.01333967025299093,0.03258337522391156,COMPLETE
1580,0.09905,0.6139837056669192,7.398979747077997,7.639970758565217,61.128832411058866,15.635249172291681,COMPLETE
1581,0.0937,0.4804886564942755,4.933362998330481,3.0352039660395387,0.01333967025299093,0.07489445553342412,COMPLETE
1582,0.08065,0.4061571105088256,7.489439152524652,4.128977545770486,2.4792588435669867,44.76380938653201,COMPLETE
1583,0.1351,0.8241679796497879,4.933362998330481,8.418374689108267,560.4775189597802,1.8602957309646184,COMPLETE
1584,0.12765,0.7507483268611316,7.489439152524652,8.418374689108267,560.4775189597802,58.8365186870629,COMPLETE
1585,0.08155,0.5044689052097835,6.812644630608508,4.101823977297871,0.50010706770691,0.5985950343657075,COMPLETE
1586,0.1424,0.9037092484742166,7.148403074447125,9.933529862520766,2147.1158445190413,4.792699168837896,COMPLETE
1587,0.08095,0.34444129419557196,5.669059578661803,3.0352039660395387,0.01333967025299093,0.725005173883511,COMPLETE
1588,0.10345,0.6945944732878231,7.489439152524652,7.451337432117496,0.4111694316312813,0.5985950343657075,COMPLETE
1589,0.10555,0.6083411826512061,7.257271731141275,8.418374689108267,1.9411683121291674,1.526275265602974,COMPLETE
1590,0.10745,0.5214863067414123,7.489439152524652,1.3142038254451571,6755.71174442274,0.1226937090463323,COMPLETE
1591,0.1396,0.8011545724440927,7.386495200771071,6.694798433810031,6755.71174442274,20.849095901845793,COMPLETE
1592,0.0934,0.5990851895515872,7.489439152524652,4.128977545770486,112.323925330586,1.526275265602974,COMPLETE
1593,0.1293,0.7807425053887453,5.669059578661803,4.5857138451945625,6755.71174442274,0.725005173883511,COMPLETE
1594,0.0716,0.48535249278246617,7.386495200771071,3.0156649020845308,61.128832411058866,4.792699168837896,COMPLETE
1595,0.0711,0.1791623219223344,6.8435536313626235,1.1679739768270172,2.4792588435669867,44.76380938653201,COMPLETE
1596,0.1023,0.5969923359554808,4.859269400135405,3.0156649020845308,6755.71174442274,0.019401437291336865,COMPLETE
1597,0.0847,0.43940316701465754,7.257271731141275,3.3704975429349244,0.7780556311068269,0.5985950343657075,COMPLETE
1598,0.1512,0.809121402060599,3.619003197455695,8.081625847692138,1688.3846346819648,0.725005173883511,COMPLETE
1599,0.1424,0.802265661869159,5.669059578661803,8.455217429709133,1688.3846346819648,0.5985950343657075,COMPLETE
1600,0.1424,0.8958803227824208,6.641989734742594,7.451337432117496,6755.71174442274,2.2659877554138568,COMPLETE
1601,0.0949,0.5491886622959135,1.048351373388516,3.0352039660395387,5973.624001017707,13.737135040054913,COMPLETE
1602,0.10585,0.6518140470732164,7.257271731141275,6.4828222521261765,0.03965872479247531,0.7306953052604724,COMPLETE
1603,0.06455,0.20569797491017994,7.339695485358947,1.373151368491647,0.012147324094428945,0.5985950343657075,COMPLETE
1604,0.07485,0.17765865275626802,5.755116585938978,1.2992706708708701,0.022872403443138362,0.3474335892891787,COMPLETE
1605,0.0677,0.17881563781880735,7.489439152524652,1.1679739768270172,2.4792588435669867,2.358361805033319,COMPLETE
1606,0.12925,0.7314586587047435,7.489439152524652,4.128977545770486,1688.3846346819648,0.5084006019933035,COMPLETE
1607,0.11795,0.25830725855208386,0.2730747247677894,4.390239464358789,117.01164712837071,0.5084006019933035,COMPLETE
1608,0.09975,0.629447728403707,6.812644630608508,5.108432605630243,108.0101606767867,1.526275265602974,COMPLETE
1609,0.0892,0.5272074948340794,7.257271731141275,5.196045314781185,30.54779366423335,3.9703371647893633,COMPLETE
1610,0.0997,0.5537281038838474,7.321806062638004,1.0340435745788543,7660.311819256063,0.5985950343657075,COMPLETE
1611,0.10215,0.7747989521487825,7.489439152524652,4.730916168079807,207.86332117895404,0.7306953052604724,COMPLETE
1612,0.065,0.15847082016162223,7.321806062638004,1.0340435745788543,2.7971852905615386,0.5985950343657075,COMPLETE
1613,0.1336,0.7173956035553969,2.644077535989342,9.988586281068551,1476.1251734596226,2.2659877554138568,COMPLETE
1614,0.13525,0.8784694830880884,7.489439152524652,7.451337432117496,1476.1251734596226,2.1102891532478085,COMPLETE
1615,0.0987,0.5733021678663616,6.5090626678372,4.390239464358789,117.01164712837071,1.366001976316166,COMPLETE
1616,0.07515,0.5220806429245377,7.257271731141275,9.767312130896007,0.7780556311068269,20.849095901845793,COMPLETE
1617,0.07435,0.2754504105387424,7.489439152524652,2.195218904889921,10.955729402655995,16.94815645792604,COMPLETE
1618,0.09205,0.6213435780020975,7.257271731141275,7.451337432117496,0.7780556311068269,2.1102891532478085,COMPLETE
1619,0.1344,0.8566000865857372,7.257271731141275,5.846325579426336,1476.1251734596226,2.1102891532478085,COMPLETE
1620,0.06805,0.20027986316646468,6.8435536313626235,1.363703227880118,2.4792588435669867,0.5985950343657075,COMPLETE
1621,0.1249,0.7817227476631521,7.398979747077997,4.086100466005934,1364.1776643863184,0.7306953052604724,COMPLETE
1622,0.133,0.8504060966677341,5.5150049043702545,8.081625847692138,1364.1776643863184,3.9703371647893633,COMPLETE
1623,0.1169,0.7240486352631968,7.225279577446517,7.639970758565217,359.71457230765833,22.352354367949506,COMPLETE
1624,0.1445,0.8018081926363222,7.257271731141275,7.639970758565217,6194.207988122952,0.301166516049397,COMPLETE
1625,0.07875,0.3430865767166927,7.489439152524652,2.195218904889921,0.8455503617361965,0.24676066682920297,COMPLETE
1626,0.0839,0.30908619842205437,7.489439152524652,1.3912880933212384,4.6216117253800055,0.04526623374799761,COMPLETE
1627,0.1064,0.7041836931830041,7.257271731141275,7.639970758565217,116.68218004772335,15.635249172291681,COMPLETE
1628,0.1044,0.5216637215155768,3.9120059867555557,1.5053530734610838,6755.71174442274,1.526275265602974,COMPLETE
1629,0.078,0.2533335148444257,7.489439152524652,1.7319031489417673,2.4792588435669867,1.526275265602974,COMPLETE
1630,0.11245,0.8042189192851511,7.489439152524652,5.869623929785657,359.71457230765833,1.269868031404911,COMPLETE
1631,0.09365,0.6000966479528236,7.489439152524652,2.195218904889921,560.4775189597802,0.41678774153157633,COMPLETE
1632,0.08565,0.3782321006661659,7.386495200771071,1.368919557425025,315.0117225293658,20.849095901845793,COMPLETE
1633,0.1231,0.7723935919094799,7.489439152524652,3.4709986937730752,1688.3846346819648,1.526275265602974,COMPLETE
1634,0.07555,0.17285590286599803,6.7455921988970164,1.0000874311382033,61.128832411058866,4.792699168837896,COMPLETE
1635,0.1045,0.6467110544078165,7.489439152524652,3.4709986937730752,359.71457230765833,1.269868031404911,COMPLETE
1636,0.0961,0.6242820182790814,7.339695485358947,8.418374689108267,57.15550325912933,11.34645454198699,COMPLETE
1637,0.1147,0.34709036223490247,0.9836034418960177,4.128977545770486,117.01164712837071,0.5084006019933035,COMPLETE
1638,0.0868,0.42322767073970874,6.812644630608508,3.4709986937730752,0.5549010274448358,0.5084006019933035,COMPLETE
1639,0.0817,0.3960686797606261,2.5849499394834483,7.451337432117496,0.4111694316312813,27.589553488632323,COMPLETE
1640,0.12615,0.7359967969454456,2.527455084032924,9.988586281068551,470.1945581173577,1.8602957309646184,COMPLETE
1641,0.08775,0.4822455357774292,4.933362998330481,4.730916168079807,5.6878068615007775,0.7306953052604724,COMPLETE
1642,0.1134,0.725282084042153,7.257271731141275,7.639970758565217,6.3678586691542165,0.08745979786097895,COMPLETE
1643,0.10935,0.6476775846826462,7.398979747077997,5.196045314781185,82.85505752292904,1.526275265602974,COMPLETE
1644,0.10305,0.6506158776747321,7.489439152524652,4.390239464358789,65.42850617031253,0.5084006019933035,COMPLETE
1645,0.11115,0.7041518820612553,7.225279577446517,3.0638630129150126,560.4775189597802,0.36673167645134347,COMPLETE
1646,0.08235,0.3529081474949694,7.339695485358947,1.1679739768270172,384.81053681480347,1.130622265211707,COMPLETE
1647,0.0902,0.5685304266836846,7.398979747077997,3.0156649020845308,0.4957615456085964,0.06195606978013539,COMPLETE
1648,0.07485,0.21114992158774215,4.933362998330481,1.5232915956522353,0.022872403443138362,0.5985950343657075,COMPLETE
1649,0.0856,0.49237666702823146,7.489439152524652,3.4709986937730752,4.6216117253800055,0.5985950343657075,COMPLETE
1650,0.0811,0.19909817079084932,7.489439152524652,1.0000874311382033,117.01164712837071,4.792699168837896,COMPLETE
1651,0.06185,0.20171299265403933,7.489439152524652,1.2992706708708701,0.022872403443138362,0.5985950343657075,COMPLETE
1652,0.0658,0.1277914907127303,7.489439152524652,1.0000874311382033,0.4111694316312813,4.792699168837896,COMPLETE
1653,0.0937,0.21427816647799564,2.4752494537380167,2.195218904889921,10.955729402655995,0.725005173883511,COMPLETE
1654,0.07725,0.4614045723918062,7.339695485358947,3.0352039660395387,0.5529959922862323,0.7306953052604724,COMPLETE
1655,0.08275,0.375918875618997,4.933362998330481,3.0638630129150126,0.01333967025299093,0.5985950343657075,COMPLETE
1656,0.0627,0.17221256665609472,7.339695485358947,1.1679739768270172,2.4792588435669867,58.8365186870629,COMPLETE
1657,0.07635,0.18316563288827123,6.625582864430163,1.2992706708708701,6.3678586691542165,0.5985950343657075,COMPLETE
1658,0.1408,0.8394944337105451,4.859269400135405,7.062126769282375,1688.3846346819648,0.725005173883511,COMPLETE
1659,0.08815,0.47832420520175795,6.579981856400753,3.0638630129150126,60.230259197063944,13.737135040054913,COMPLETE
1660,0.1277,0.8390446190050433,7.489439152524652,7.062126769282375,1688.3846346819648,6.621895430058044,COMPLETE
1661,0.0593,0.20259358049977785,7.489439152524652,1.2992706708708701,0.022872403443138362,0.5985950343657075,COMPLETE
1662,0.1344,0.8325613452147802,5.669059578661803,7.062126769282375,1688.3846346819648,1.526275265602974,COMPLETE
1663,0.13905,0.7599162521764103,7.489439152524652,9.988586281068551,1476.1251734596226,0.23291550704595787,COMPLETE
1664,0.08755,0.3789864928272245,7.339695485358947,4.065154766844482,0.021748253967396165,11.34645454198699,COMPLETE
1665,0.11285,0.7086245716057576,5.5150049043702545,5.196045314781185,560.4775189597802,1.526275265602974,COMPLETE
1666,0.09005,0.5230214339568238,7.339695485358947,8.196470238895392,5.6878068615007775,11.34645454198699,COMPLETE
1667,0.0672,0.1829669695409685,7.339695485358947,1.1679739768270172,2.4792588435669867,0.257283273507887,COMPLETE
1668,0.09145,0.6202976009460273,7.386495200771071,3.4709986937730752,384.81053681480347,2.1102891532478085,COMPLETE
1669,0.0749,0.3078860195982545,7.489439152524652,1.2992706708708701,0.022872403443138362,0.04841802788233872,COMPLETE
1670,0.0775,0.2327081637373213,7.489439152524652,1.0494749065609708,117.01164712837071,0.5084006019933035,COMPLETE
1671,0.1092,0.6768623766824584,7.489439152524652,9.767312130896007,21.241906192078755,0.7037594792077035,COMPLETE
1672,0.08995,0.4984253149914249,2.4383220262261234,4.128977545770486,117.01164712837071,0.5084006019933035,COMPLETE
1673,0.0689,0.19399735308374916,5.5150049043702545,1.2992706708708701,0.48160356426463263,0.5985950343657075,COMPLETE
1674,0.09485,0.47845643490740586,3.783158464216658,9.988586281068551,2.4792588435669867,44.76380938653201,COMPLETE
1675,0.06375,0.19979782368552557,4.933362998330481,1.5232915956522353,2.4792588435669867,44.76380938653201,COMPLETE
1676,0.0748,0.38176092780020077,7.489439152524652,1.2992706708708701,299.70390476110094,0.5985950343657075,COMPLETE
1677,0.11605,0.6987452984518742,7.257271731141275,7.639970758565217,0.010852328854840386,0.10174641461881528,COMPLETE
1678,0.10315,0.6850924220690784,7.489439152524652,9.42555474147756,0.48160356426463263,1.526275265602974,COMPLETE
1679,0.14755,0.8955387490293382,6.641989734742594,7.451337432117496,2899.69581847893,2.2659877554138568,COMPLETE
1680,0.1154,0.7869436653829018,5.334411901674462,9.933529862520766,359.71457230765833,1.526275265602974,COMPLETE
1681,0.11405,0.541922823228954,4.933362998330481,7.451337432117496,0.4111694316312813,0.7306953052604724,COMPLETE
1682,0.10185,0.6680109718735685,4.411418981849944,7.639970758565217,153.2860257697558,4.792699168837896,COMPLETE
1683,0.1112,0.7200860523649388,7.321806062638004,7.914194631840662,30.54779366423335,0.5985950343657075,COMPLETE
1684,0.09325,0.5912471947331732,7.489439152524652,3.4709986937730752,10.955729402655995,0.08991353636167962,COMPLETE
1685,0.13525,0.636690519954957,7.489439152524652,2.195218904889921,6755.71174442274,0.16432524544553262,COMPLETE
1686,0.14135,0.9411384238568419,7.489439152524652,9.988586281068551,4471.35484774812,4.792699168837896,COMPLETE
1687,0.12355,0.7330501952012485,6.641989734742594,7.451337432117496,544.9650617560998,6.078254576141324,COMPLETE
1688,0.0964,0.38857065058291035,6.625582864430163,4.730916168079807,6.3678586691542165,88.75609779620241,COMPLETE
1689,0.1051,0.6048919181571301,6.641989734742594,7.451337432117496,5.489169156867599,0.5587299509412997,COMPLETE
1690,0.1342,0.878817544254992,7.489439152524652,9.988586281068551,1688.3846346819648,4.792699168837896,COMPLETE
1691,0.06955,0.32840772754254344,7.257271731141275,3.0156649020845308,0.47922867479544107,10.304655700293951,COMPLETE
1692,0.13695,0.8226121625991168,7.339695485358947,7.062126769282375,1688.3846346819648,0.725005173883511,COMPLETE
1693,0.092,0.5180184974562014,4.933362998330481,8.418374689108267,5.6878068615007775,1.8602957309646184,COMPLETE
1694,0.0861,0.3433926796258488,5.1190043882270295,3.4709986937730752,0.2225093959695952,1.526275265602974,COMPLETE
1695,0.1257,0.746597498896706,7.489439152524652,3.4709986937730752,1688.3846346819648,0.5985950343657075,COMPLETE
1696,0.1411,0.9299246252065112,7.489439152524652,9.988586281068551,1476.1251734596226,4.792699168837896,COMPLETE
1697,0.0957,0.5653113048000384,7.398979747077997,3.0156649020845308,153.2860257697558,0.7306953052604724,COMPLETE
1698,0.09095,0.5217340330386991,7.489439152524652,5.061348409319827,0.022872403443138362,0.7037594792077035,COMPLETE
1699,0.0972,0.7007180921744898,7.489439152524652,7.204579578056371,65.42850617031253,2.1102891532478085,COMPLETE
1700,0.0948,0.47933996070587753,7.257271731141275,7.639970758565217,0.02058328949269307,15.635249172291681,COMPLETE
1701,0.0918,0.5916027527347082,5.156935048671972,3.0638630129150126,359.71457230765833,0.5985950343657075,COMPLETE
1702,0.105,0.711801464228815,7.489439152524652,9.933529862520766,112.323925330586,18.893074266456036,COMPLETE
1703,0.1132,0.6142796868429528,7.489439152524652,1.8475570771525611,1476.1251734596226,0.5985950343657075,COMPLETE
1704,0.1373,0.853443343466268,7.257271731141275,9.988586281068551,1476.1251734596226,19.341058037848843,COMPLETE
1705,0.10035,0.6151304196540758,7.225279577446517,3.0949985543951763,359.71457230765833,0.5985950343657075,COMPLETE
1706,0.1373,0.8476611187592072,4.93327810284645,6.999195985212719,1688.3846346819648,0.7306953052604724,COMPLETE
1707,0.1095,0.6727892131934697,7.489439152524652,2.195218904889921,1981.6923823901652,0.5985950343657075,COMPLETE
1708,0.0752,0.4503870059656906,7.398979747077997,3.0156649020845308,0.061530195681195304,0.5985950343657075,COMPLETE
1709,0.09965,0.503649077307093,6.8435536313626235,1.1769828153003536,6324.003675060509,0.08373664204696794,COMPLETE
1710,0.1328,0.8993914832072143,7.489439152524652,8.418374689108267,660.4335424180733,1.8602957309646184,COMPLETE
1711,0.0856,0.12861132376329082,1.130552525413468,1.2992706708708701,0.022872403443138362,0.5985950343657075,COMPLETE
1712,0.1025,0.682527785143995,6.641989734742594,7.451337432117496,191.4005321703635,11.34645454198699,COMPLETE
1713,0.0979,0.44085726221699034,2.3670644524050415,1.9338196777924708,1476.1251734596226,69.55695910292978,COMPLETE
1714,0.11355,0.38675439102869485,1.1582237427961029,7.451337432117496,28.623301091967512,0.6011885654697788,COMPLETE
1715,0.07505,0.22952768590270925,3.311097657746201,2.262803631142196,0.03604541775310702,11.34645454198699,COMPLETE
1716,0.0897,0.5515580073492712,7.257271731141275,1.51691479067776,1476.1251734596226,0.5985950343657075,COMPLETE
1717,0.069,0.234750785464023,6.812644630608508,2.0254562429834406,0.09500029425303819,4.792699168837896,COMPLETE
1718,0.082,0.3377057672621956,6.8435536313626235,3.0638630129150126,2.4792588435669867,0.5985950343657075,COMPLETE
1719,0.08095,0.3013170305637628,7.225279577446517,3.0638630129150126,0.4111694316312813,11.34645454198699,COMPLETE
1720,0.0831,0.17700340148199947,4.089309073434599,1.2992706708708701,6.3678586691542165,0.5985950343657075,COMPLETE
1721,0.1361,0.8912623574509296,7.339695485358947,7.451337432117496,1688.3846346819648,1.526275265602974,COMPLETE
1722,0.1376,0.8587172675385695,7.489439152524652,9.988586281068551,1476.1251734596226,63.04505868184717,COMPLETE
1723,0.0884,0.4956162506450447,7.489439152524652,3.0638630129150126,79.01908619596492,13.737135040054913,COMPLETE
1724,0.0967,0.6538251288398749,7.489439152524652,8.418374689108267,4.6216117253800055,0.5985950343657075,COMPLETE
1725,0.1048,0.7065736858660749,7.386495200771071,5.196045314781185,28.623301091967512,0.04841802788233872,COMPLETE
1726,0.0876,0.5381443529134231,7.489439152524652,4.871616890927805,35.852665230750326,2.8652842118035053,COMPLETE
1727,0.0707,0.2515581462730867,7.472181032619709,1.5232915956522353,0.9301101051729784,0.7306953052604724,COMPLETE
1728,0.11755,0.7334667575431542,5.5150049043702545,5.196045314781185,560.4775189597802,1.526275265602974,COMPLETE
1729,0.1,0.5201160040821334,3.152964756669663,3.4709986937730752,1688.3846346819648,0.012479116924486697,COMPLETE
1730,0.09355,0.5107293347746921,7.489439152524652,5.869623929785657,4.6216117253800055,1.269868031404911,COMPLETE
1731,0.07915,0.3767299126872671,7.398979747077997,1.7355411042880053,116.68218004772335,0.5985950343657075,COMPLETE
1732,0.11675,0.7366644854575115,6.641989734742594,7.451337432117496,384.81053681480347,11.34645454198699,COMPLETE
1733,0.08505,0.4517576695337376,5.637790467124291,1.8181519851428887,544.9650617560998,6.078254576141324,COMPLETE
1734,0.0784,0.3263475454039596,7.257271731141275,1.612256277233673,10.955729402655995,0.08991353636167962,COMPLETE
1735,0.10685,0.650243747633841,6.812644630608508,3.0638630129150126,1476.1251734596226,4.792699168837896,COMPLETE
1736,0.10715,0.704848935036658,7.225279577446517,5.730299580407641,359.71457230765833,5.521222240617462,COMPLETE
1737,0.08035,0.41213786161568033,7.489439152524652,3.0352039660395387,4.6216117253800055,0.5985950343657075,COMPLETE
1738,0.0778,0.4014656439341789,6.136640393122631,3.4709986937730752,0.7780556311068269,2.1102891532478085,COMPLETE
1739,0.10915,0.5000867313687325,3.233163346462911,9.988586281068551,117.01164712837071,29.63801339757087,COMPLETE
1740,0.1503,0.8207048510598661,7.398979747077997,7.639970758565217,1620.198531050416,0.5985950343657075,COMPLETE
1741,0.08295,0.1692730988695107,2.283733579701307,1.5232915956522353,0.02058328949269307,0.7306953052604724,COMPLETE
1742,0.0673,0.39687094965094594,6.625582864430163,2.9240386219095935,6.3678586691542165,1.526428846974161,COMPLETE
1743,0.064,0.19598841813868095,6.8435536313626235,1.1679739768270172,2.4792588435669867,0.5084006019933035,COMPLETE
1744,0.0928,0.5461655958550917,0.6133748180739678,5.019321511798548,6494.278430129951,0.7306953052604724,COMPLETE
1745,0.1152,0.7004112573325414,6.641989734742594,7.451337432117496,359.71457230765833,13.737135040054913,COMPLETE
1746,0.1,0.5986368418060038,6.942895006967078,7.451337432117496,0.4111694316312813,1.269868031404911,COMPLETE
1747,0.12965,0.8409651141584381,7.339695485358947,8.418374689108267,359.71457230765833,0.5985950343657075,COMPLETE
1748,0.07685,0.3770260356805306,6.797998960932329,3.0638630129150126,0.5549010274448358,0.5985950343657075,COMPLETE
1749,0.09315,0.6277561518893373,7.489439152524652,4.390239464358789,117.01164712837071,4.792699168837896,COMPLETE
1750,0.14795,0.8927736799161148,7.489439152524652,9.988586281068551,9738.569235684234,4.792699168837896,COMPLETE
1751,0.12045,0.7291104974890995,7.257271731141275,9.988586281068551,116.68218004772335,4.792699168837896,COMPLETE
1752,0.11575,0.7202831918605904,7.321806062638004,3.0638630129150126,1476.1251734596226,0.5985950343657075,COMPLETE
1753,0.1241,0.8234119017068701,5.5150049043702545,5.196045314781185,1088.4095399656776,0.7824179574308753,COMPLETE
1754,0.08295,0.37650511869723247,7.489439152524652,1.2992706708708701,384.81053681480347,2.1102891532478085,COMPLETE
1755,0.10215,0.5453068971971278,4.933362998330481,1.8181519851428887,1867.0227384812997,12.835043431337015,COMPLETE
1756,0.06555,0.20213628293775032,6.625582864430163,1.2992706708708701,6.3678586691542165,2.8336680092936097,COMPLETE
1757,0.0728,0.3506844958531488,4.933362998330481,2.665180288973662,0.06277035707293659,0.5985950343657075,COMPLETE
1758,0.09545,0.5469817891360376,3.8704481453439707,3.0352039660395387,560.4775189597802,11.34645454198699,COMPLETE
1759,0.0959,0.5715500303668875,7.398979747077997,3.0156649020845308,65.42850617031253,0.27653614317989195,COMPLETE
1760,0.10825,0.6265885889158483,7.398979747077997,9.988586281068551,46.33951586238138,4.792699168837896,COMPLETE
1761,0.09165,0.5532124563969998,7.489439152524652,1.3090586453554252,1476.1251734596226,0.5985950343657075,COMPLETE
1762,0.0638,0.21775896646358783,6.8435536313626235,1.3643610026472293,0.0487561024836959,44.76380938653201,COMPLETE
1763,0.0891,0.3787570113559246,1.4838477958878133,7.639970758565217,0.02058328949269307,15.635249172291681,COMPLETE
1764,0.07355,0.20480516633899065,3.361745607637307,1.2992706708708701,10.955729402655995,0.08991353636167962,COMPLETE
1765,0.1122,0.7078959833005176,7.489439152524652,5.869623929785657,112.323925330586,1.269868031404911,COMPLETE
1766,0.09265,0.22244102517846945,3.539351738331539,1.8181519851428887,6.3678586691542165,0.5985950343657075,COMPLETE
1767,0.09205,0.5035823198928651,7.257271731141275,5.196045314781185,1.9411683121291674,1.526275265602974,COMPLETE
1768,0.1375,0.8746928048663057,6.625582864430163,9.988586281068551,1476.1251734596226,16.9838123776672,COMPLETE
1769,0.0812,0.44400235314492886,5.764841982242485,7.451337432117496,0.50010706770691,11.34645454198699,COMPLETE
1770,0.0708,0.2002183406254348,6.625582864430163,1.2992706708708701,6.3678586691542165,0.5985950343657075,COMPLETE
1771,0.076,0.39837086122712784,4.933362998330481,3.2072620901013185,10.955729402655995,1.526275265602974,COMPLETE
1772,0.1165,0.8327704054409549,7.489439152524652,9.767312130896007,384.81053681480347,4.792699168837896,COMPLETE
1773,0.0885,0.4631367666899332,4.933362998330481,4.485141749564186,5.562328930691981,0.5985950343657075,COMPLETE
1774,0.10015,0.5182397564255461,6.134888500649629,4.730916168079807,5.6878068615007775,0.7306953052604724,COMPLETE
1775,0.0994,0.5523614198912145,7.489439152524652,2.6536081720377704,1.249977455338853,0.016259885260852095,COMPLETE
1776,0.12255,0.7913816681539276,7.489439152524652,3.4709986937730752,7024.408222443354,2.2659877554138568,COMPLETE
1777,0.07385,0.1890204233803406,6.625582864430163,1.2992706708708701,6.3678586691542165,44.76380938653201,COMPLETE
1778,0.10225,0.5308780257969267,2.9592096774926278,9.593005960836466,0.10175570151588345,0.5985950343657075,COMPLETE
1779,0.1193,0.23705788469276473,0.29387926031951195,4.730916168079807,0.07688268532570153,11.34645454198699,COMPLETE
1780,0.0579,0.19055488592517994,7.489439152524652,1.2992706708708701,0.022872403443138362,8.617696010924275,COMPLETE
1781,0.12335,0.4881764270057048,6.812644630608508,8.035048888990064,359.71457230765833,0.01495945316455379,COMPLETE
1782,0.1117,0.6544400170690479,6.625582864430163,3.0638630129150126,359.71457230765833,0.1818486059031811,COMPLETE
1783,0.0796,0.42418551035294405,7.386495200771071,1.8145138315019835,2.4792588435669867,0.04841802788233872,COMPLETE
1784,0.08195,0.4126390074006553,7.386495200771071,1.8145138315019835,28.623301091967512,0.04841802788233872,COMPLETE
1785,0.12355,0.7354763041813401,5.790518399532539,3.4709986937730752,1688.3846346819648,0.5985950343657075,COMPLETE
1786,0.1121,0.7276702059086889,7.257271731141275,3.0352039660395387,1476.1251734596226,0.7306953052604724,COMPLETE
1787,0.11575,0.5278598238477381,3.071650444792445,9.988586281068551,26.586252290989158,0.2944924768920615,COMPLETE
1788,0.13615,0.788709970187007,6.812644630608508,9.988586281068551,940.1294029516938,0.31190245168882025,COMPLETE
1789,0.12035,0.7975709271798391,3.7209534775680555,5.8081057233180955,1476.1251734596226,1.526275265602974,COMPLETE
1790,0.1279,0.7293830062997912,7.257271731141275,5.196045314781185,1476.1251734596226,0.1912324505913114,COMPLETE
1791,0.11185,0.6738618341680784,3.379757060415907,9.767312130896007,704.7644712378276,58.8365186870629,COMPLETE
1792,0.0689,0.18238334327249928,7.489439152524652,1.2992706708708701,0.022872403443138362,0.5985950343657075,COMPLETE
1793,0.08635,0.5309494897660338,7.257271731141275,1.8181519851428887,544.9650617560998,0.7306953052604724,COMPLETE
1794,0.1074,0.6650745714353228,7.339695485358947,9.988586281068551,0.5529959922862323,0.7306953052604724,COMPLETE
1795,0.09475,0.5446416811774443,7.489439152524652,5.061348409319827,0.022872403443138362,0.7037594792077035,COMPLETE
1796,0.10705,0.5652290953813984,0.8034068399648051,3.4709986937730752,1688.3846346819648,0.014326147013358896,COMPLETE
1797,0.08705,0.3550908957440061,6.812644630608508,3.05385237871782,0.02058328949269307,4.792699168837896,COMPLETE
1798,0.06535,0.26789097635012066,7.398979747077997,1.775957688444912,0.061530195681195304,0.5985950343657075,COMPLETE
1799,0.1307,0.614578081644654,5.4600769177161395,6.5501706726263835,1688.3846346819648,0.02165429349343567,COMPLETE
1800,0.1274,0.8061304254438506,6.643339847787415,9.988586281068551,117.01164712837071,0.5084006019933035,COMPLETE
1801,0.0669,0.17692887719431158,7.321806062638004,1.0340435745788543,24.88551028653704,0.7306953052604724,COMPLETE
1802,0.11485,0.5954345169117602,7.489439152524652,1.2992706708708701,6694.820161935291,0.5985950343657075,COMPLETE
1803,0.0821,0.5444545878045421,7.489439152524652,1.5232915956522353,1688.3846346819648,1.526275265602974,COMPLETE
1804,0.1195,0.7255594102004934,4.9840797893789475,9.384966760200419,384.81053681480347,51.07831428763028,COMPLETE
1805,0.1316,0.5959616436362404,7.386495200771071,3.4709986937730752,1688.3846346819648,0.04841802788233872,COMPLETE
1806,0.11975,0.6521340672903148,4.859269400135405,6.694798433810031,0.8584609074504739,0.11405238364454028,COMPLETE
1807,0.10455,0.6810373993995866,7.489439152524652,9.988586281068551,0.5549010274448358,0.5084006019933035,COMPLETE
1808,0.0835,0.44907120154139274,7.339695485358947,5.196045314781185,0.3000307368274111,11.34645454198699,COMPLETE
1809,0.1276,0.7574844688934229,7.489439152524652,4.390239464358789,705.7731136707251,0.5084006019933035,COMPLETE
1810,0.109,0.7408423002059409,7.489439152524652,8.418374689108267,116.68218004772335,2.2659877554138568,COMPLETE
1811,0.0735,0.3765859814025517,7.257271731141275,1.1101227320809812,544.9650617560998,39.65561567637482,COMPLETE
1812,0.1221,0.6845623467439297,6.749708134368191,3.0156649020845308,8079.497017180913,44.76380938653201,COMPLETE
1813,0.0935,0.6222886607985196,7.489439152524652,5.061348409319827,21.241906192078755,0.7037594792077035,COMPLETE
1814,0.09205,0.5285782940490976,7.489439152524652,4.362289530116066,4.6216117253800055,0.6099304606090076,COMPLETE
1815,0.09545,0.4268626594353693,2.0724256189825603,5.196045314781185,0.022872403443138362,0.5985950343657075,COMPLETE
1816,0.10455,0.6482220373539068,7.489439152524652,9.933529862520766,36.72714702873113,4.792699168837896,COMPLETE
1817,0.0892,0.672065436012584,7.339695485358947,8.418374689108267,0.5529959922862323,0.7306953052604724,COMPLETE
1818,0.09325,0.5851552369565758,7.489439152524652,5.061348409319827,21.241906192078755,1.976512774255963,COMPLETE
1819,0.0907,0.6293060829781632,7.489439152524652,5.196045314781185,25.816786445083448,1.526275265602974,COMPLETE
1820,0.0749,0.23146618140114175,5.334411901674462,1.1981102242964345,112.323925330586,0.5985950343657075,COMPLETE
1821,0.08005,0.125751902212391,0.6236978690335285,1.0340435745788543,30.54779366423335,0.5985950343657075,COMPLETE
1822,0.1023,0.6379390837871549,7.321806062638004,3.0352039660395387,359.71457230765833,0.7306953052604724,COMPLETE
1823,0.11875,0.7550511895089097,7.489439152524652,9.988586281068551,116.68218004772335,4.792699168837896,COMPLETE
1824,0.11215,0.25791771819085224,0.24699846963683955,5.649720589898706,0.7780556311068269,57.23515637964881,COMPLETE
1825,0.08545,0.45729485661622454,7.489439152524652,4.017033873443512,0.022872403443138362,12.634036008435691,COMPLETE
1826,0.1111,0.408087461714755,0.6697743268072297,9.988586281068551,4.6216117253800055,0.07890100704112263,COMPLETE
1827,0.07795,0.31265407650629956,5.536183808905716,2.195218904889921,4.6216117253800055,0.2944924768920615,COMPLETE
1828,0.123,0.7502976926845308,2.8976101279453665,7.451337432117496,548.1260042339945,0.5985950343657075,COMPLETE
1829,0.13215,0.8310163985321521,7.489439152524652,9.988586281068551,384.81053681480347,2.1102891532478085,COMPLETE
1830,0.10995,0.6612735833926188,7.489439152524652,8.418374689108267,4.6216117253800055,0.7306953052604724,COMPLETE
1831,0.12585,0.9125182333091103,7.489439152524652,8.418374689108267,1575.9369216711668,2.1102891532478085,COMPLETE
1832,0.1021,0.6009274431016027,6.641989734742594,4.128977545770486,276.40055742400085,11.34645454198699,COMPLETE
1833,0.10175,0.5731544042321319,7.398979747077997,3.9184061811924673,0.3232523442577093,0.02889960524135345,COMPLETE
1834,0.12025,0.7722023506283506,7.257271731141275,8.418374689108267,560.4775189597802,11.34645454198699,COMPLETE
1835,0.12985,0.873102897159895,7.489439152524652,5.566678981649447,1688.3846346819648,1.526275265602974,COMPLETE
1836,0.0771,0.44942501727742284,7.398979747077997,3.0156649020845308,3.1242748560444826,0.5985950343657075,COMPLETE
1837,0.0723,0.3968836390945749,7.489439152524652,1.2992706708708701,359.71457230765833,10.547941886183366,COMPLETE
1838,0.1168,0.6737847621881392,1.5967764001972313,8.418374689108267,560.4775189597802,1.8602957309646184,COMPLETE
1839,0.11675,0.7620569193426157,7.257271731141275,3.4709986937730752,1688.3846346819648,0.5985950343657075,COMPLETE
1840,0.12555,0.8437096309201921,7.489439152524652,8.418374689108267,359.71457230765833,2.1102891532478085,COMPLETE
1841,0.11555,0.6494671285555181,4.667740820167248,7.639970758565217,359.71457230765833,51.31452902964577,COMPLETE
1842,0.10325,0.7509548159764563,7.489439152524652,9.988586281068551,116.68218004772335,20.593750577508278,COMPLETE
1843,0.11115,0.7647594242173218,6.8435536313626235,5.196045314781185,560.4775189597802,1.526275265602974,COMPLETE
1844,0.1235,0.7602364289400833,7.321806062638004,7.334091810153372,153.2860257697558,0.5985950343657075,COMPLETE
1845,0.08165,0.35441911233236767,7.339695485358947,3.870139548563205,2.4792588435669867,58.8365186870629,COMPLETE
1846,0.12035,0.5586598024358427,6.617571584459043,8.418374689108267,0.01770765939048132,0.011821076900263374,COMPLETE
1847,0.0763,0.28011591044312506,7.489439152524652,2.4083149788425584,0.40495398671608407,4.792699168837896,COMPLETE
1848,0.0882,0.3048314974392377,5.334411901674462,1.1588641509207858,359.71457230765833,0.9795869127576701,COMPLETE
1849,0.0863,0.487810464219399,6.812644630608508,1.4741370262376239,1476.1251734596226,4.792699168837896,COMPLETE
1850,0.11375,0.7378331327274728,6.641989734742594,7.451337432117496,560.4775189597802,11.34645454198699,COMPLETE
1851,0.0638,0.2059466216920207,7.0603318264056245,1.2992706708708701,1.9411683121291674,1.526275265602974,COMPLETE
1852,0.1061,0.6778477186230321,7.489439152524652,6.058145685663767,2.4792588435669867,0.2944924768920615,COMPLETE
1853,0.09675,0.5754945048752674,7.489439152524652,3.0638630129150126,359.71457230765833,13.737135040054913,COMPLETE
1854,0.0923,0.474683961897254,7.225279577446517,1.1950451471924781,1688.3846346819648,11.34645454198699,COMPLETE
1855,0.08645,0.12288488020485051,0.6607853875136007,1.0340435745788543,28.623301091967512,0.04841802788233872,COMPLETE
1856,0.0981,0.3774642364871469,3.0791224232187533,7.451337432117496,0.4111694316312813,2.1102891532478085,COMPLETE
1857,0.1421,0.5317271835821898,7.321806062638004,8.528370557253597,560.4775189597802,0.026043838436167092,COMPLETE
1858,0.1337,0.8086998429434938,6.812644630608508,7.899205405254141,2899.69581847893,0.5084006019933035,COMPLETE
1859,0.08095,0.378403456872654,4.463634620798405,3.0156649020845308,0.022872403443138362,0.37802664951597575,COMPLETE
1860,0.11595,0.29858947262087626,0.3109684324769678,9.162714319708535,30.54779366423335,0.5985950343657075,COMPLETE
1861,0.0831,0.3212414887237603,7.339695485358947,1.8181519851428887,73.05796051351349,11.34645454198699,COMPLETE
1862,0.0844,0.497192723492476,7.489439152524652,1.0340435745788543,2189.109991680647,0.5985950343657075,COMPLETE
1863,0.07995,0.3786903204345488,7.225279577446517,1.1281823356833431,560.4775189597802,2.0276683807021345,COMPLETE
1864,0.07235,0.25561303480687964,7.257271731141275,1.8181519851428887,0.033576431262198426,0.4723212306980493,COMPLETE
1865,0.06325,0.19129862082013285,7.321806062638004,1.0340435745788543,30.54779366423335,0.7306953052604724,COMPLETE
1866,0.12985,0.8324300236421097,7.489439152524652,9.988586281068551,117.01164712837071,0.5084006019933035,COMPLETE
1867,0.1283,0.6863943179313389,7.257271731141275,4.101823977297871,1476.1251734596226,0.1041035893831557,COMPLETE
1868,0.13905,0.8808257800578629,7.398979747077997,9.988586281068551,1476.1251734596226,34.11231467955945,COMPLETE
1869,0.08825,0.46105381032828036,7.257271731141275,1.47157294488523,544.9650617560998,6.078254576141324,COMPLETE
1870,0.0726,0.16466451041840666,5.774718663821093,1.2992706708708701,0.022872403443138362,4.792699168837896,COMPLETE
1871,0.1427,0.7022230444220572,2.656305734691273,7.174563624062029,359.71457230765833,0.14600213599321124,COMPLETE
1872,0.09315,0.4704055285808196,4.859269400135405,8.737228894063549,0.4111694316312813,74.16998672386688,COMPLETE
1873,0.1306,0.7830315683132371,6.641989734742594,4.390239464358789,2899.69581847893,0.5084006019933035,COMPLETE
1874,0.14255,0.8744113247280791,6.0323936556276445,9.767312130896007,880.5252988573784,2.1102891532478085,COMPLETE
1875,0.06135,0.19812774452644383,7.339695485358947,1.1679739768270172,0.040167899915426936,58.8365186870629,COMPLETE
1876,0.08475,0.17950582342983024,2.6966779941585908,1.2992706708708701,65.42850617031253,2.1102891532478085,COMPLETE
1877,0.07275,0.1915707191614297,5.5150049043702545,1.5099224161560107,0.6833498148715906,1.526275265602974,COMPLETE
1878,0.10825,0.6895210283074031,7.489439152524652,9.817815331437734,0.6300197980362606,0.2893601283923005,COMPLETE
1879,0.0602,0.20300017977225818,7.489439152524652,1.0340435745788543,30.54779366423335,0.5985950343657075,COMPLETE
1880,0.1074,0.6735301185893733,7.489439152524652,2.866799648602914,3045.7170270888428,2.8718966320517914,COMPLETE
1881,0.0963,0.6653411775847039,7.489439152524652,8.418374689108267,65.42850617031253,9.968823142168812,COMPLETE
1882,0.0677,0.19739675191132125,7.489439152524652,1.0340435745788543,30.54779366423335,0.5985950343657075,COMPLETE
1883,0.07545,0.254067000546342,7.489439152524652,1.7603865709177473,0.4111694316312813,4.792699168837896,COMPLETE
1884,0.07775,0.2929498273536283,7.489439152524652,2.195218904889921,0.2228885841191201,2.2659877554138568,COMPLETE
1885,0.0737,0.39971879904962004,7.489439152524652,3.3964479076070697,5.40924434953958,10.487781493549676,COMPLETE
1886,0.1157,0.7193205201069075,7.489439152524652,8.418374689108267,65.42850617031253,0.7037594792077035,COMPLETE
1887,0.06885,0.224910110896372,5.334411901674462,1.5863799073709688,2.0724764217274942,1.526275265602974,COMPLETE
1888,0.12515,0.8072237090053361,5.334411901674462,9.933529862520766,359.71457230765833,1.526275265602974,COMPLETE
1889,0.1317,0.7250134434790514,7.489439152524652,5.196045314781185,1476.1251734596226,0.14642649458055634,COMPLETE
1890,0.09925,0.5212178957870538,7.489439152524652,5.196045314781185,1.9411683121291674,1.526275265602974,COMPLETE
1891,0.1185,0.8005602503958624,7.489439152524652,8.418374689108267,560.4775189597802,11.34645454198699,COMPLETE
1892,0.09675,0.5861596220031371,7.489439152524652,8.418374689108267,3.8553805105190624,1.8602957309646184,COMPLETE
1893,0.0952,0.5866094512334766,7.339695485358947,8.030632022010044,5.6878068615007775,0.7306953052604724,COMPLETE
1894,0.10725,0.37399853897214985,1.7582493792735006,9.585079095317035,0.7780556311068269,25.509720352936174,COMPLETE
1895,0.06885,0.177249089893496,7.386495200771071,1.0340435745788543,30.54779366423335,2.1102891532478085,COMPLETE
1896,0.11065,0.7069094622808824,5.974302196905894,8.418374689108267,116.68218004772335,1.8602957309646184,COMPLETE
1897,0.10305,0.7108633622521567,7.489439152524652,7.451337432117496,65.42850617031253,2.1102891532478085,COMPLETE
1898,0.087,0.5091252758002535,4.933362998330481,4.730916168079807,5.6878068615007775,0.7306953052604724,COMPLETE
1899,0.1362,0.8154300969148931,4.933362998330481,9.988586281068551,1476.1251734596226,0.5160982309544572,COMPLETE
1900,0.12365,0.48067822640152474,7.489439152524652,9.988586281068551,1476.1251734596226,0.012601100981936345,COMPLETE
1901,0.12375,0.8580724397793523,7.489439152524652,7.6634843809811,1476.1251734596226,4.792699168837896,COMPLETE
1902,0.0979,0.5248057759672277,7.103439545123103,7.781687460564348,0.061530195681195304,1.526275265602974,COMPLETE
1903,0.127,0.8297767987311109,7.489439152524652,9.988586281068551,1476.1251734596226,0.5985950343657075,COMPLETE
1904,0.06455,0.13036403914696262,7.489439152524652,1.0000874311382033,0.5321399998095077,36.82566946031046,COMPLETE
1905,0.07945,0.5237078912196759,7.489439152524652,3.4709986937730752,0.02058328949269307,0.5985950343657075,COMPLETE
1906,0.1019,0.6285199617725058,7.489439152524652,7.639970758565217,1.9411683121291674,0.7306953052604724,COMPLETE
1907,0.092,0.5518512046517972,7.489439152524652,3.4709986937730752,173.70690702677837,6.621895430058044,COMPLETE
1908,0.09725,0.5746585004445873,7.489439152524652,4.128977545770486,112.323925330586,0.01939436064377028,COMPLETE
1909,0.11825,0.7726852502592374,7.489439152524652,4.730916168079807,1688.3846346819648,6.621895430058044,COMPLETE
1910,0.11385,0.8051343583349946,7.489439152524652,7.639970758565217,153.2860257697558,0.7306953052604724,COMPLETE
1911,0.08685,0.5894107445906043,7.489439152524652,5.869623929785657,4.6216117253800055,1.269868031404911,COMPLETE
1912,0.0813,0.45644585162110934,7.489439152524652,3.8450195733142296,5.6878068615007775,0.7306953052604724,COMPLETE
1913,0.14445,0.8958443107157784,7.257271731141275,9.988586281068551,1476.1251734596226,1.526275265602974,COMPLETE
1914,0.11015,0.6065117191179694,5.334411901674462,9.933529862520766,0.6419076590979546,0.3343880256360611,COMPLETE
1915,0.0855,0.3281806575379116,7.489439152524652,1.531287384100016,102.38130434724592,47.07155500896274,COMPLETE
1916,0.1283,0.7596201646617656,6.847419583293935,8.418374689108267,560.4775189597802,58.8365186870629,COMPLETE
1917,0.07935,0.2538313927956242,7.489439152524652,1.6126655672619434,21.241906192078755,0.7037594792077035,COMPLETE
1918,0.08385,0.445764181644294,7.489439152524652,3.4709986937730752,0.18274787929091177,1.526275265602974,COMPLETE
1919,0.1012,0.5427335082080301,4.933362998330481,5.869623929785657,0.07197942036103139,0.7306953052604724,COMPLETE
1920,0.0871,0.460258227355078,7.489439152524652,4.964155703888781,1.7080053857359299,13.737135040054913,COMPLETE
1921,0.07885,0.39657316551057736,7.489439152524652,2.8491172802814257,2.4792588435669867,0.5985950343657075,COMPLETE
1922,0.1328,0.9047249265783767,7.257271731141275,9.988586281068551,1476.1251734596226,4.792699168837896,COMPLETE
1923,0.1266,0.7627299643067165,7.257271731141275,9.988586281068551,57.04223349537939,0.17733460474370905,COMPLETE
1924,0.09835,0.6259446823045394,7.398979747077997,4.128977545770486,61.128832411058866,0.5084006019933035,COMPLETE
1925,0.14085,0.8233478103212205,4.859269400135405,6.694798433810031,3379.6357444923647,1.526275265602974,COMPLETE
1926,0.0927,0.49681570529805924,7.225279577446517,7.451337432117496,0.01287833831263061,11.34645454198699,COMPLETE
1927,0.10085,0.7247309646229206,7.489439152524652,7.062126769282375,64.68111175378984,1.8602957309646184,COMPLETE
1928,0.07985,0.1529374259778601,3.7014301257389306,1.2992706708708701,0.022872403443138362,0.5985950343657075,COMPLETE
1929,0.069,0.1713245675415933,7.339695485358947,1.1679739768270172,2.4792588435669867,58.8365186870629,COMPLETE
1930,0.07275,0.17169282380045817,6.299415637050077,1.1679739768270172,2.4792588435669867,44.76380938653201,COMPLETE
1931,0.09085,0.5886795566295359,6.812644630608508,7.016673522551503,0.024019358275538236,4.792699168837896,COMPLETE
1932,0.0859,0.3766328548776383,0.41200594135143886,8.253471496126437,2.4792588435669867,4.792699168837896,COMPLETE
1933,0.0722,0.17767095185984977,6.285706002772403,1.2124386235708882,0.5549010274448358,0.7037594792077035,COMPLETE
1934,0.1214,0.8621561198323475,7.489439152524652,9.767312130896007,384.81053681480347,2.1102891532478085,COMPLETE
1935,0.10935,0.6751883582648388,7.489439152524652,6.1674167445891666,359.71457230765833,29.946013691636278,COMPLETE
1936,0.13255,0.8533075412046445,7.489439152524652,8.418374689108267,560.4775189597802,1.8602957309646184,COMPLETE
1937,0.0724,0.22495153092908346,7.339695485358947,1.5232915956522353,2.4792588435669867,0.7306953052604724,COMPLETE
1938,0.11465,0.7568370835809781,7.361044542287532,3.0156649020845308,560.4775189597802,0.5985950343657075,COMPLETE
1939,0.1286,0.8074199286717497,7.489439152524652,5.061348409319827,1688.3846346819648,0.5985950343657075,COMPLETE
1940,0.10685,0.646459294264736,5.334411901674462,4.730916168079807,359.71457230765833,2.6380635409296542,COMPLETE
1941,0.13635,0.8932535995439246,6.244910350994328,9.988586281068551,752.3391268031676,1.8602957309646184,COMPLETE
1942,0.07505,0.48976495878226717,7.489439152524652,1.2992706708708701,787.0790540749365,0.7306953052604724,COMPLETE
1943,0.0703,0.43688293327038363,7.339695485358947,3.1109816593785697,30.54779366423335,11.34645454198699,COMPLETE
1944,0.08685,0.22677380598974295,0.7356901245820422,2.381913004513475,0.07762941553514649,0.5985950343657075,COMPLETE
1945,0.1042,0.6885502443559829,5.334411901674462,8.418374689108267,116.68218004772335,1.8602957309646184,COMPLETE
1946,0.10055,0.49807691341268917,4.933362998330481,9.988586281068551,5.6878068615007775,0.7306953052604724,COMPLETE
1947,0.14625,0.8345607171756902,4.8760349493763835,9.988586281068551,9319.800574133933,4.792699168837896,COMPLETE
1948,0.1247,0.5559083216298639,1.9510004602101991,9.933529862520766,112.323925330586,0.017337309452700518,COMPLETE
1949,0.0795,0.39758694629055086,7.489439152524652,1.2796830524873737,359.71457230765833,1.269868031404911,COMPLETE
1950,0.1061,0.6194518550498374,7.205069846660462,9.798967931214145,10.598567060817986,0.5985950343657075,COMPLETE
1951,0.13975,0.916263625621817,7.489439152524652,9.988586281068551,1476.1251734596226,4.792699168837896,COMPLETE
1952,0.10695,0.6731462404437433,7.489439152524652,3.4709986937730752,1688.3846346819648,11.34645454198699,COMPLETE
1953,0.1418,0.852523842150113,7.257271731141275,9.988586281068551,350.06412084521145,0.7306953052604724,COMPLETE
1954,0.13335,0.7450426287313008,4.933362998330481,9.988586281068551,1067.8570717184546,13.907971085220087,COMPLETE
1955,0.07575,0.3078046738132683,7.321806062638004,1.9234693982784048,30.54779366423335,11.34645454198699,COMPLETE
1956,0.07055,0.3503428931508511,7.489439152524652,1.5232915956522353,81.41504980314468,0.2944924768920615,COMPLETE
1957,0.11055,0.7286806682720057,7.489439152524652,4.390239464358789,359.71457230765833,1.269868031404911,COMPLETE
1958,0.11125,0.7355571169510808,5.7234519582137935,3.0352039660395387,1688.3846346819648,0.7306953052604724,COMPLETE
1959,0.0793,0.49891940101900484,6.147027274717444,3.922778559017364,0.022872403443138362,1.526275265602974,COMPLETE
1960,0.0867,0.4002367323875844,4.575669887146335,1.775957688444912,28.623301091967512,0.04841802788233872,COMPLETE
1961,0.08655,0.5013240953772228,7.321806062638004,3.0638630129150126,116.68218004772335,1.8602957309646184,COMPLETE
1962,0.0839,0.3308641177712468,7.489439152524652,2.966133826630743,0.02058328949269307,2.6254018635263603,COMPLETE
1963,0.08475,0.5021392070895367,7.398979747077997,3.0156649020845308,61.128832411058866,0.5985950343657075,COMPLETE
1964,0.0812,0.3587578504701691,7.339695485358947,2.788685542282405,0.02872081036762444,0.5985950343657075,COMPLETE
1965,0.12675,0.7543847420536712,7.489439152524652,3.4709986937730752,1688.3846346819648,0.5985950343657075,COMPLETE
1966,0.07925,0.3334218496256615,7.489439152524652,2.6626601270130585,0.022872403443138362,3.458394209618335,COMPLETE
1967,0.08375,0.35863024702426116,7.257271731141275,3.0524320614700624,1.9411683121291674,1.526275265602974,COMPLETE
1968,0.09675,0.5787620887013284,7.339695485358947,7.451337432117496,0.4111694316312813,2.1886455452892553,COMPLETE
1969,0.1192,0.695660964842507,7.489439152524652,9.988586281068551,23.564349957813224,0.36514420155667926,COMPLETE
1970,0.09885,0.5992819589575789,7.489439152524652,9.988586281068551,0.48160356426463263,4.792699168837896,COMPLETE
1971,0.0913,0.5049613280965137,7.257271731141275,1.8181519851428887,544.9650617560998,2.4838571327743635,COMPLETE
1972,0.1381,0.862283263614978,7.489439152524652,8.418374689108267,1688.3846346819648,2.1102891532478085,COMPLETE
1973,0.0874,0.3615787331164299,6.315216991645766,3.0156649020845308,0.061530195681195304,0.5985950343657075,COMPLETE
1974,0.1247,0.8438875465304035,7.489439152524652,5.196045314781185,1476.1251734596226,1.526275265602974,COMPLETE
1975,0.08515,0.3469548097853283,7.398979747077997,1.9006953408880205,61.128832411058866,0.5985950343657075,COMPLETE
1976,0.0636,0.19073743371572416,7.321806062638004,1.0340435745788543,30.54779366423335,1.8602957309646184,COMPLETE
1977,0.1047,0.5568628287306023,2.111585464963381,3.4709986937730752,1476.1251734596226,1.526275265602974,COMPLETE
1978,0.0941,0.3922686148374548,4.933362998330481,8.418374689108267,0.01333967025299093,74.81541364063096,COMPLETE
1979,0.0781,0.3040539585078153,7.339695485358947,1.9514734424933273,0.4111694316312813,0.7306953052604724,COMPLETE
1980,0.1178,0.7933613422122113,6.098711628875743,5.8081057233180955,359.71457230765833,1.0864194972631505,COMPLETE
1981,0.11995,0.8691594791843686,7.489439152524652,7.451337432117496,359.71457230765833,1.1166054580267695,COMPLETE
1982,0.1223,0.7331669265219879,5.7514725901831145,5.196045314781185,560.4775189597802,1.526275265602974,COMPLETE
1983,0.08915,0.6226109053726784,7.489439152524652,9.988586281068551,10.764947174834456,2.9582362099200044,COMPLETE
1984,0.0637,0.2771292166276416,7.339695485358947,1.1679739768270172,2.4792588435669867,0.030595349341982422,COMPLETE
1985,0.06405,0.17799081002571351,6.8435536313626235,1.1679739768270172,2.4792588435669867,0.5985950343657075,COMPLETE
1986,0.1029,0.5681776259371837,7.489439152524652,8.418374689108267,0.2811850176299726,0.7602440971316264,COMPLETE
1987,0.0954,0.5252009654468262,3.7209534775680555,2.5365856263207616,1476.1251734596226,10.876990834414629,COMPLETE
1988,0.09715,0.5992524821149152,7.489439152524652,3.0638630129150126,359.71457230765833,13.737135040054913,COMPLETE
1989,0.1015,0.5374601886685519,3.2420206767876754,8.418374689108267,359.71457230765833,0.015714598217383306,COMPLETE
1990,0.0655,0.19076888997196884,7.386495200771071,1.2992706708708701,0.48160356426463263,2.1102891532478085,COMPLETE
1991,0.1108,0.599953413037602,5.334411901674462,5.061348409319827,0.08767495361745045,0.01065154714238771,COMPLETE
1992,0.1228,0.8605708944596856,7.489439152524652,5.266556513523605,1688.3846346819648,1.526275265602974,COMPLETE
1993,0.1159,0.7864675349633431,7.489439152524652,8.51435770472017,117.01164712837071,0.5084006019933035,COMPLETE
1994,0.07665,0.3470412595880901,7.489439152524652,3.0352039660395387,0.06929886975581721,4.792699168837896,COMPLETE
1995,0.1094,0.4846185164972349,5.334411901674462,9.933529862520766,4.6216117253800055,0.5985950343657075,COMPLETE
1996,0.0978,0.6252386621458151,7.489439152524652,7.639970758565217,4.6216117253800055,0.7306953052604724,COMPLETE
1997,0.08905,0.4041069311345552,7.386495200771071,1.8145138315019835,0.02069415685214256,0.04841802788233872,COMPLETE
1998,0.09295,0.5791322079667052,7.489439152524652,8.418374689108267,3.6004191859543666,1.8602957309646184,COMPLETE
1999,0.1246,0.7078361248801376,6.812644630608508,8.527049427018207,28.623301091967512,0.04841802788233872,COMPLETE
2000,0.1089,0.6998088902918831,7.489439152524652,7.639970758565217,71.28638893907183,0.7306953052604724,COMPLETE
2001,0.0859,0.5269906885637724,7.489439152524652,5.869623929785657,0.4111694316312813,4.792699168837896,COMPLETE
2002,0.1104,0.5996213939224655,4.201641289144328,3.4709986937730752,1688.3846346819648,1.526275265602974,COMPLETE
2003,0.06125,0.17898942818216662,7.489439152524652,1.289795798126026,0.4111694316312813,4.792699168837896,COMPLETE
2004,0.0827,0.5017514637503621,7.489439152524652,1.0258436984688408,1575.9369216711668,0.5084006019933035,COMPLETE
2005,0.0929,0.5239194696386117,7.489439152524652,4.437256616142121,0.061530195681195304,0.5985950343657075,COMPLETE
2006,0.08685,0.5076368656206487,7.339695485358947,7.451337432117496,0.07008489138348956,11.34645454198699,COMPLETE
2007,0.1185,0.7956494788413045,7.489439152524652,3.4709986937730752,1688.3846346819648,1.526275265602974,COMPLETE
2008,0.0749,0.25539504853851264,7.489439152524652,1.0000874311382033,153.2860257697558,0.7306953052604724,COMPLETE
2009,0.0782,0.3560243507985192,7.339695485358947,3.0638630129150126,0.4111694316312813,11.34645454198699,COMPLETE
2010,0.14175,0.8416357097247981,4.933362998330481,9.988586281068551,1476.1251734596226,0.7306953052604724,COMPLETE
2011,0.10575,0.5572638769789757,7.489439152524652,1.0191431309787415,7766.389984908916,0.7037594792077035,COMPLETE
2012,0.09825,0.4631902885694348,4.933362998330481,8.435025006197963,5.6878068615007775,1.526275265602974,COMPLETE
2013,0.1196,0.7697550363040933,7.489439152524652,8.418374689108267,560.4775189597802,44.76380938653201,COMPLETE
2014,0.0916,0.5687423020542389,4.977753521687791,5.196045314781185,1.9411683121291674,0.5985950343657075,COMPLETE
2015,0.0996,0.5689562836272904,2.019177560926035,3.4709986937730752,1688.3846346819648,1.0844398620541058,COMPLETE
2016,0.1138,0.8142826617509316,7.489439152524652,7.36675809409086,117.01164712837071,0.5084006019933035,COMPLETE
2017,0.09755,0.5890652399124776,7.489439152524652,3.4709986937730752,112.34650428756017,0.5985950343657075,COMPLETE
2018,0.0807,0.5008940575040607,7.489439152524652,1.8145138315019835,116.68218004772335,0.04841802788233872,COMPLETE
2019,0.0892,0.547706438669111,7.398979747077997,3.0156649020845308,82.85467259925296,0.7306953052604724,COMPLETE
2020,0.0863,0.4239910459132777,7.489439152524652,3.0156649020845308,0.061530195681195304,0.5985950343657075,COMPLETE
2021,0.0729,0.1920611488853193,3.7209534775680555,1.5232915956522353,0.02058328949269307,0.7306953052604724,COMPLETE
2022,0.12815,0.652320058002678,7.489439152524652,8.418374689108267,133.59029955480503,0.04702202488517053,COMPLETE
2023,0.09245,0.5870404975114524,7.489439152524652,5.196045314781185,0.012896138453413475,0.5985950343657075,COMPLETE
2024,0.1137,0.4521060740841489,0.49320357977096174,8.418374689108267,1312.5959705365171,3.7564606675086942,COMPLETE
2025,0.0821,0.27570860633734134,7.339695485358947,2.386734310631893,0.5529959922862323,4.792699168837896,COMPLETE
2026,0.0871,0.5558215527721952,7.489439152524652,3.2471998600197414,61.128832411058866,0.5985950343657075,COMPLETE
2027,0.08635,0.595445785223919,7.489439152524652,4.71090554700479,45.35611867416281,4.792699168837896,COMPLETE
2028,0.1323,0.6822296924367862,7.489439152524652,5.869623929785657,359.71457230765833,0.08493293865880774,COMPLETE
2029,0.0865,0.5049093769227473,7.257271731141275,1.8181519851428887,544.9650617560998,0.7306953052604724,COMPLETE
2030,0.1036,0.6207073456875476,7.386495200771071,9.767312130896007,0.21716051943038603,2.1102891532478085,COMPLETE
2031,0.12215,0.7696854217987791,5.702521199975147,7.496959436031941,359.71457230765833,1.526275265602974,COMPLETE
2032,0.06485,0.2228245983087989,7.257271731141275,1.8181519851428887,0.022872403443138362,6.078254576141324,COMPLETE
2033,0.0857,0.40378972094753957,2.4885603571701176,1.1679739768270172,1688.3846346819648,58.8365186870629,COMPLETE
2034,0.0805,0.4049042346724997,4.933362998330481,3.5824045220028773,0.2811771234125202,0.7306953052604724,COMPLETE
2035,0.1368,0.8001157739960288,7.398979747077997,5.8081057233180955,1476.1251734596226,0.5985950343657075,COMPLETE
2036,0.06625,0.19351300156479417,7.489439152524652,1.2992706708708701,0.48160356426463263,0.5985950343657075,COMPLETE
2037,0.087,0.35213845149980605,2.9071785971875705,3.4709986937730752,0.48160356426463263,0.5985950343657075,COMPLETE
2038,0.10345,0.7224247758304021,7.489439152524652,8.654217273386925,5.6878068615007775,1.269868031404911,COMPLETE
2039,0.05805,0.18492237477512785,7.489439152524652,1.1687358151065277,0.5529959922862323,2.1102891532478085,COMPLETE
2040,0.09615,0.5765914351021673,7.489439152524652,4.101823977297871,0.50010706770691,0.5985950343657075,COMPLETE
2041,0.1246,0.6770973187980113,7.339695485358947,8.71638021399663,2.4792588435669867,0.05084077434481314,COMPLETE
2042,0.09265,0.498197277965429,7.489439152524652,8.418374689108267,4.6216117253800055,23.55206839034836,COMPLETE
2043,0.09375,0.5616464588979854,7.339695485358947,4.730916168079807,5.6878068615007775,0.7306953052604724,COMPLETE
2044,0.0942,0.6217752477228129,7.489439152524652,5.061348409319827,0.48160356426463263,0.7037594792077035,COMPLETE
2045,0.11875,0.8891641401308296,7.489439152524652,8.418374689108267,1575.9369216711668,2.1102891532478085,COMPLETE
2046,0.06955,0.250771988239851,7.321806062638004,1.7568648743146218,0.4111694316312813,4.792699168837896,COMPLETE
2047,0.09505,0.6524461959722985,7.489439152524652,9.767312130896007,4.6216117253800055,2.1102891532478085,COMPLETE
2048,0.10085,0.4974289030499498,4.933362998330481,1.5232915956522353,1476.1251734596226,4.792699168837896,COMPLETE
2049,0.10925,0.6182084162051554,7.489439152524652,8.418374689108267,0.031195307723748743,0.5084006019933035,COMPLETE
2050,0.10015,0.7450541320367926,7.339695485358947,8.418374689108267,24.82117358455121,0.7306953052604724,COMPLETE
2051,0.1212,0.750883395873604,7.489439152524652,8.418374689108267,65.42850617031253,0.07337033631388215,COMPLETE
2052,0.1103,0.7480840769963494,7.489439152524652,5.869623929785657,560.4775189597802,40.085931024705424,COMPLETE
2053,0.07915,0.4023062355477281,5.5150049043702545,1.2992706708708701,560.4775189597802,1.526275265602974,COMPLETE
2054,0.1171,0.6240125275900539,5.5150049043702545,3.107801483633036,1753.261490178206,4.8840899499576205,COMPLETE
2055,0.08075,0.45483105413341074,7.339695485358947,4.48634614596908,0.4111694316312813,7.608796391186771,COMPLETE
2056,0.1164,0.8069349147641681,7.489439152524652,6.845130248933243,117.01164712837071,0.5084006019933035,COMPLETE
2057,0.07375,0.29803902544645794,7.489439152524652,1.0000874311382033,3.848152864189677,0.022124823097635343,COMPLETE
2058,0.07545,0.2532351524615713,7.339695485358947,1.7328424658014496,0.5529959922862323,0.7306953052604724,COMPLETE
2059,0.10155,0.6020853151242105,6.533748787999799,7.451337432117496,13.707966048711086,1.526275265602974,COMPLETE
2060,0.08855,0.2046736869158403,3.569083747483712,1.2992706708708701,15.408286256805626,0.0776788249981511,COMPLETE
2061,0.115,0.7258607537624369,7.339695485358947,3.0352039660395387,1688.3846346819648,1.526275265602974,COMPLETE
2062,0.1451,0.8380163722881147,7.489439152524652,9.988586281068551,1476.1251734596226,0.7037594792077035,COMPLETE
2063,0.11825,0.7540938704510757,3.7209534775680555,8.418374689108267,560.4775189597802,1.526275265602974,COMPLETE
2064,0.09705,0.6212389880769373,7.398979747077997,5.7174146103756,9.405987849555578,0.5985950343657075,COMPLETE
2065,0.0777,0.43466982200031445,7.386495200771071,1.8145138315019835,28.623301091967512,0.04841802788233872,COMPLETE
2066,0.10895,0.5173743321433936,3.7209534775680555,4.453666750773743,0.4111694316312813,0.1422220669811343,COMPLETE
2067,0.08755,0.49582014245106054,7.398979747077997,4.101823977297871,0.014335665130357158,0.5985950343657075,COMPLETE
2068,0.1072,0.672573090949807,7.489439152524652,8.418374689108267,0.07733400772873425,0.5084006019933035,COMPLETE
2069,0.0858,0.26254989131111045,5.334411901674462,1.3268904570753812,112.323925330586,0.5985950343657075,COMPLETE
2070,0.0775,0.2906372465366606,7.489439152524652,1.2992706708708701,0.022872403443138362,0.042287379754470764,COMPLETE
2071,0.0984,0.24892570146390486,0.3908262177770756,3.4709986937730752,3.2912658170808515,0.5985950343657075,COMPLETE
2072,0.0916,0.6192056972706541,7.257271731141275,9.767312130896007,1.9411683121291674,2.1102891532478085,COMPLETE
2073,0.0824,0.3398798762306497,7.030226802411988,3.0638630129150126,0.13833764239291801,4.792699168837896,COMPLETE
2074,0.12135,0.7005902306021808,5.331610824527279,3.4709986937730752,1688.3846346819648,1.526275265602974,COMPLETE
2075,0.0777,0.3467138750092423,7.489439152524652,3.2029244444107516,0.20917047863131313,29.72406868059889,COMPLETE
2076,0.0876,0.5293806751859721,5.334411901674462,3.0352039660395387,112.323925330586,1.526275265602974,COMPLETE
2077,0.09635,0.6500470513600224,7.321806062638004,3.0638630129150126,359.71457230765833,0.5985950343657075,COMPLETE
2078,0.1222,0.80085556739705,7.197874783068861,5.869623929785657,359.71457230765833,0.5020860855088173,COMPLETE
2079,0.09265,0.5259549881407342,7.386495200771071,1.4400802780595148,1688.3846346819648,1.526275265602974,COMPLETE
2080,0.08265,0.4193945378986228,4.933362998330481,1.5232915956522353,560.4775189597802,0.7306953052604724,COMPLETE
2081,0.1025,0.629337981870187,6.258820560202872,2.195218904889921,1476.1251734596226,0.2944924768920615,COMPLETE
2082,0.09265,0.5401935142574823,6.634798205864588,3.075865423027797,112.323925330586,0.5985950343657075,COMPLETE
2083,0.1162,0.637811067458675,7.489439152524652,5.603442158412543,0.022872403443138362,0.010086646127295868,COMPLETE
2084,0.0757,0.39575848854584333,6.098711628875743,1.4290117002046212,359.71457230765833,13.737135040054913,COMPLETE
2085,0.08255,0.5299050328241829,7.489439152524652,4.128977545770486,0.09169913983064946,0.5084006019933035,COMPLETE
2086,0.08895,0.5972540338538068,7.339695485358947,5.061348409319827,0.5529959922862323,0.7306953052604724,COMPLETE
2087,0.07165,0.40702112305871035,7.339695485358947,3.1909502705023685,0.4111694316312813,1.0864194972631505,COMPLETE
2088,0.1158,0.6024490105531063,7.398979747077997,9.988586281068551,3.9952959350158723,0.011906170031331926,COMPLETE
2089,0.1044,0.6190374940542324,7.489439152524652,9.988586281068551,0.061530195681195304,0.5985950343657075,COMPLETE
2090,0.09485,0.4017140613039296,0.5589139551132732,3.84437227852943,484.8319167225806,0.7306953052604724,COMPLETE
2091,0.08665,0.2221182421165334,1.806333098023118,2.058009382850502,0.50010706770691,0.5985950343657075,COMPLETE
2092,0.07885,0.3929938182760213,7.339695485358947,1.0340435745788543,560.4775189597802,11.34645454198699,COMPLETE
2093,0.1416,0.7477194603862285,2.8138925685769958,9.988586281068551,1476.1251734596226,4.792699168837896,COMPLETE
2094,0.0771,0.15478793873312077,2.6805368452368463,1.3383962958806388,2.4792588435669867,0.4339996496336033,COMPLETE
2095,0.09595,0.6842587527809737,7.489439152524652,8.418374689108267,24.687993700004206,2.1102891532478085,COMPLETE
2096,0.1243,0.8701314501065756,6.666959706638387,9.988586281068551,1688.3846346819648,12.146893267526337,COMPLETE
2097,0.14935,0.8341119632059817,7.489439152524652,7.362963081094124,4461.263327176781,0.5985950343657075,COMPLETE
2098,0.12495,0.8406937133113919,7.489439152524652,8.418374689108267,359.71457230765833,1.986860063128265,COMPLETE
2099,0.0854,0.316935559290543,7.489439152524652,2.195218904889921,0.017152497686786398,0.2944924768920615,COMPLETE
2100,0.0991,0.5666260511198907,6.147027274717444,9.988586281068551,0.9187280320226404,1.526275265602974,COMPLETE
2101,0.1132,0.29660360998374036,0.5803181481073513,6.359009396356457,27.584095509953876,1.526275265602974,COMPLETE
2102,0.06285,0.2018311024674536,7.398979747077997,1.3749847010044793,0.022872403443138362,1.526275265602974,COMPLETE
2103,0.1021,0.5800607560542383,7.489439152524652,8.418374689108267,0.4111694316312813,4.792699168837896,COMPLETE
2104,0.13455,0.9043787535228297,7.489439152524652,9.988586281068551,1476.1251734596226,4.792699168837896,COMPLETE
2105,0.0898,0.48178892663442896,5.328144589465631,1.5232915956522353,1020.9325124088831,1.526275265602974,COMPLETE
2106,0.07855,0.25675399591137044,7.489439152524652,2.0774893395979035,0.4111694316312813,2.5387738576807335,COMPLETE
2107,0.0673,0.17775822321431814,7.489439152524652,1.1575789880595075,0.5529959922862323,0.2805107582894337,COMPLETE
2108,0.0667,0.2043194422023721,6.028613667571892,1.4280498017188716,0.2943405662439603,1.0864194972631505,COMPLETE
2109,0.10005,0.334939369504858,3.7711029981737965,5.8081057233180955,2.4792588435669867,44.76380938653201,COMPLETE
2110,0.08325,0.2839594998868867,7.398979747077997,3.0156649020845308,0.061530195681195304,3.2555380804083596,COMPLETE
2111,0.10405,0.5801324673126171,7.489439152524652,8.418374689108267,2.4792588435669867,1.1165832955073156,COMPLETE
2112,0.12225,0.7745399566332506,7.489439152524652,3.4709986937730752,1688.3846346819648,2.1102891532478085,COMPLETE
2113,0.09075,0.4541315541271048,7.489439152524652,1.2992706708708701,787.0790540749365,1.526275265602974,COMPLETE
2114,0.0891,0.29982121911111026,7.398979747077997,3.0156649020845308,0.061530195681195304,11.579934139607097,COMPLETE
2115,0.12315,0.7805992427805005,7.489439152524652,8.418374689108267,560.4775189597802,11.34645454198699,COMPLETE
2116,0.07805,0.4278920074211701,7.339695485358947,3.1109816593785697,15.096104529930493,11.34645454198699,COMPLETE
2117,0.0968,0.4532399348875992,4.933362998330481,4.730916168079807,0.022872403443138362,0.5985950343657075,COMPLETE
2118,0.1093,0.6949434029370416,7.339695485358947,8.418374689108267,0.5529959922862323,0.3183639863178548,COMPLETE
2119,0.08345,0.37387572689026455,7.339695485358947,3.1109816593785697,2.941468579592699,4.621671430382815,COMPLETE
2120,0.0768,0.42847778195613945,6.887830191816767,2.520115625920131,65.42850617031253,2.1102891532478085,COMPLETE
2121,0.09825,0.5752225926222172,7.398979747077997,5.196045314781185,2.5110763477364393,0.5985950343657075,COMPLETE
2122,0.09755,0.6721490408135558,7.489439152524652,4.390239464358789,117.01164712837071,0.5985950343657075,COMPLETE
2123,0.14855,0.8290720979073696,7.489439152524652,9.988586281068551,1688.3846346819648,0.620563309284146,COMPLETE
2124,0.0848,0.13195181975085787,0.9236760345450771,1.2992706708708701,0.4111694316312813,11.34645454198699,COMPLETE
2125,0.1252,0.8172675196353161,7.489439152524652,9.988586281068551,153.2860257697558,0.7306953052604724,COMPLETE
2126,0.06475,0.17601913550693193,7.489439152524652,1.0325338370372574,1.956060731573462,0.5985950343657075,COMPLETE
2127,0.0782,0.28100495664269354,7.339695485358947,2.4296487846315817,0.4111694316312813,28.33055137726199,COMPLETE
2128,0.07675,0.19290408892214986,7.257271731141275,1.0796396473482923,30.54779366423335,0.5985950343657075,COMPLETE
2129,0.087,0.48374819120276036,7.489439152524652,1.2992706708708701,787.0790540749365,0.7306953052604724,COMPLETE
2130,0.1145,0.4456192953069457,1.192792960166766,8.007322944476876,30.54779366423335,0.08686001100965887,COMPLETE
2131,0.0841,0.1271232937638351,2.0751484697882643,1.1679739768270172,4.6216117253800055,44.76380938653201,COMPLETE
2132,0.09985,0.48331780510385625,4.6862122316520285,6.349289176239459,0.7512844902820917,1.526275265602974,COMPLETE
2133,0.1177,0.7469690184119685,4.933362998330481,5.873114664825276,359.71457230765833,0.8750072542621805,COMPLETE
2134,0.08915,0.5906950524858625,7.489439152524652,1.7868347202128285,1688.3846346819648,1.526275265602974,COMPLETE
2135,0.0777,0.4199695815909545,7.411297995919757,3.0638630129150126,0.5716264668361685,0.5985950343657075,COMPLETE
2136,0.1185,0.7616817523312888,7.257271731141275,9.988586281068551,153.2860257697558,1.526275265602974,COMPLETE
2137,0.08975,0.6009426745599521,7.089819373420212,4.730916168079807,5.6878068615007775,0.5985950343657075,COMPLETE
2138,0.1077,0.6429070430999858,5.5150049043702545,3.138649003679818,560.4775189597802,0.6654320345829412,COMPLETE
2139,0.09745,0.3868140995391019,1.5091233847176537,5.8081057233180955,0.5801406396385231,1.526275265602974,COMPLETE
2140,0.09775,0.6220130388803234,7.489439152524652,7.451337432117496,0.4111694316312813,0.5084006019933035,COMPLETE
2141,0.11755,0.658192925180585,7.257271731141275,5.196045314781185,1.9411683121291674,0.034282475444090944,COMPLETE
2142,0.07345,0.18345383279180344,4.442480460475988,1.2992706708708701,0.022872403443138362,0.5985950343657075,COMPLETE
2143,0.09435,0.2520086625658681,2.146619095230156,2.7408490029867703,0.022872403443138362,0.926003072114599,COMPLETE
2144,0.1085,0.6869786301156607,5.5150049043702545,5.196045314781185,560.4775189597802,1.526275265602974,COMPLETE
2145,0.09305,0.5972318315523685,7.489439152524652,8.418374689108267,0.3861485295187551,2.1102891532478085,COMPLETE
2146,0.0787,0.19479930006954727,5.867413137353889,1.5232915956522353,0.022872403443138362,1.526275265602974,COMPLETE
2147,0.1208,0.7356818340808831,7.090514859287154,5.869623929785657,171.72424680834703,1.269868031404911,COMPLETE
2148,0.12455,0.5004948772277921,2.2761423037412745,8.418374689108267,126.73730091192883,0.015722400523095596,COMPLETE
2149,0.1281,0.827000592225752,7.398979747077997,5.869623929785657,359.71457230765833,0.5985950343657075,COMPLETE
2150,0.0803,0.44072110071704035,7.257271731141275,3.0156649020845308,0.061530195681195304,0.5985950343657075,COMPLETE
2151,0.084,0.5476237025712283,7.489439152524652,1.2992706708708701,1688.3846346819648,0.5985950343657075,COMPLETE
2152,0.12105,0.7904976927337165,7.489439152524652,9.988586281068551,201.86879409804885,0.2638579363945376,COMPLETE
2153,0.1041,0.2154323988123331,0.9405431271746166,1.2992706708708701,787.0790540749365,2.1102891532478085,COMPLETE
2154,0.09115,0.4894276227864739,5.0298721861712075,1.2992706708708701,1476.1251734596226,0.7306953052604724,COMPLETE
2155,0.081,0.24601934116037438,7.489439152524652,2.0400543668769053,0.12264907025314649,12.188744110890768,COMPLETE
2156,0.11915,0.7009024952140746,4.771066932855614,3.0156649020845308,1234.9389846123072,0.5985950343657075,COMPLETE
2157,0.11615,0.7690733532040451,7.257271731141275,3.4709986937730752,1688.3846346819648,1.526275265602974,COMPLETE
2158,0.08965,0.5733613423535858,7.398979747077997,4.101823977297871,0.50010706770691,0.5985950343657075,COMPLETE
2159,0.1224,0.7595835309537802,7.339695485358947,3.4709986937730752,1688.3846346819648,0.5985950343657075,COMPLETE
2160,0.09955,0.6287254956869914,7.489439152524652,5.516167575526892,0.48160356426463263,0.5985950343657075,COMPLETE
2161,0.07985,0.12591786236468758,1.0700539222247203,1.1679739768270172,2.4792588435669867,1.8602957309646184,COMPLETE
2162,0.11665,0.647777364961311,6.098711628875743,5.8081057233180955,359.71457230765833,11.34645454198699,COMPLETE
2163,0.0843,0.4572622616981823,7.489439152524652,1.2940188188992807,787.0790540749365,1.526275265602974,COMPLETE
2164,0.1378,0.8460544805757402,7.489439152524652,7.639970758565217,1017.5959459301782,1.1351542402929427,COMPLETE
2165,0.1232,0.8030917889927436,5.334411901674462,9.933529862520766,359.71457230765833,1.526275265602974,COMPLETE
2166,0.08695,0.5847819489712845,7.339695485358947,9.767312130896007,0.026708676400081188,11.34645454198699,COMPLETE
2167,0.0862,0.5202691703011962,7.398979747077997,1.775957688444912,359.71457230765833,0.5985950343657075,COMPLETE
2168,0.0819,0.3490696808670477,4.049110312926928,3.3510958002604476,0.022872403443138362,0.5985950343657075,COMPLETE
2169,0.0783,0.5185311183818653,7.489439152524652,4.128977545770486,0.04968233565559295,1.526275265602974,COMPLETE
2170,0.0778,0.28092413437915503,7.339695485358947,1.1731124581015342,153.2860257697558,0.7306953052604724,COMPLETE
2171,0.1215,0.7977865440430358,7.489439152524652,5.026281638415143,1476.1251734596226,4.792699168837896,COMPLETE
2172,0.0829,0.3983885004922108,7.398979747077997,3.8392810520092757,0.061530195681195304,4.792699168837896,COMPLETE
2173,0.13575,0.8809436185982322,7.489439152524652,9.988586281068551,1476.1251734596226,4.792699168837896,COMPLETE
2174,0.0991,0.6568652967412454,7.339695485358947,7.451337432117496,1.3440675344191009,0.7306953052604724,COMPLETE
2175,0.1099,0.3149212463268014,1.767336535748853,5.196045314781185,0.022872403443138362,1.526275265602974,COMPLETE
2176,0.06835,0.15621312321522102,7.339695485358947,1.1679739768270172,0.022872403443138362,12.546241767116351,COMPLETE
2177,0.09355,0.3336283961046235,2.2190544212221073,3.4709986937730752,0.4111694316312813,4.792699168837896,COMPLETE
2178,0.1158,0.7503562442502235,7.339695485358947,7.451337432117496,359.71457230765833,11.34645454198699,COMPLETE
2179,0.08085,0.5266177976747587,7.489439152524652,1.094823216515619,1688.3846346819648,0.5985950343657075,COMPLETE
2180,0.13135,0.8982475220364436,7.489439152524652,9.988586281068551,1476.1251734596226,4.792699168837896,COMPLETE
2181,0.1234,0.7604521569114818,3.158744544973972,9.988586281068551,1476.1251734596226,4.792699168837896,COMPLETE
2182,0.0774,0.28397550406232847,5.453992178710689,1.7262666192805516,2.4792588435669867,0.2944924768920615,COMPLETE
2183,0.0666,0.19562124451054913,6.503619551397726,1.0340435745788543,30.54779366423335,0.5985950343657075,COMPLETE
2184,0.09025,0.5160439106753032,7.489439152524652,1.2997584074980424,950.765522777359,0.7037594792077035,COMPLETE
2185,0.0943,0.5487607373854095,7.489439152524652,1.775957688444912,787.0790540749365,0.7306953052604724,COMPLETE
2186,0.1199,0.7937369825185787,7.321806062638004,5.8081057233180955,359.71457230765833,1.0864194972631505,COMPLETE
2187,0.0779,0.3587628520178055,7.398979747077997,2.8028621753273963,0.061530195681195304,0.7037594792077035,COMPLETE
2188,0.09155,0.2611257335993489,1.5253812838515002,3.0156649020845308,0.038398765386002745,0.5985950343657075,COMPLETE
2189,0.1337,0.6941364412931995,3.669188226317733,9.988586281068551,1476.1251734596226,97.62025421209982,COMPLETE
2190,0.0976,0.567772842341375,6.283449134673751,3.0638630129150126,359.71457230765833,11.34645454198699,COMPLETE
2191,0.133,0.8815323470864905,7.398979747077997,6.917014669630369,1688.3846346819648,1.526275265602974,COMPLETE
2192,0.09705,0.5937416941716253,7.489439152524652,5.869623929785657,1.9411683121291674,1.269868031404911,COMPLETE
2193,0.08345,0.5004646973807049,7.398979747077997,4.101823977297871,0.50010706770691,0.5985950343657075,COMPLETE
2194,0.09665,0.5515558188162157,6.812644630608508,8.418374689108267,0.09069506805085131,4.792699168837896,COMPLETE
2195,0.11285,0.7676990338648817,7.489439152524652,5.76686244262477,117.01164712837071,0.5084006019933035,COMPLETE
2196,0.15165,0.824618206497704,7.489439152524652,9.988586281068551,1476.1251734596226,0.5858271527681719,COMPLETE
2197,0.12505,0.78528830591867,6.85231415946251,3.0156649020845308,6546.203756391683,0.5985950343657075,COMPLETE
2198,0.12015,0.7086304603214748,7.489439152524652,2.568402793961534,1476.1251734596226,0.5985950343657075,COMPLETE
2199,0.12045,0.8335487504040582,7.339695485358947,5.869623929785657,359.71457230765833,1.269868031404911,COMPLETE
2200,0.07705,0.4277892848737683,7.339695485358947,1.4816306194501525,359.71457230765833,58.8365186870629,COMPLETE
2201,0.09115,0.4868765441948144,7.257271731141275,5.196045314781185,1.9411683121291674,1.526275265602974,COMPLETE
2202,0.10485,0.6748545449617743,7.339695485358947,8.418374689108267,0.4111694316312813,0.5985950343657075,COMPLETE
2203,0.10555,0.6755192409212532,7.321806062638004,3.0638630129150126,359.71457230765833,0.5985950343657075,COMPLETE
2204,0.12175,0.7407711887141263,6.307117942369869,9.933529862520766,112.323925330586,0.5985950343657075,COMPLETE
2205,0.0866,0.4050675082999502,6.098711628875743,1.613534233565464,359.71457230765833,1.0864194972631505,COMPLETE
2206,0.13595,0.6326227299223697,5.14753785463708,3.4709986937730752,1688.3846346819648,0.08532521955996124,COMPLETE
2207,0.0969,0.5748002163217215,5.334411901674462,3.4709986937730752,359.71457230765833,1.526275265602974,COMPLETE
2208,0.08275,0.40024796957569303,7.489439152524652,3.0638630129150126,0.11685983829201826,0.2944924768920615,COMPLETE
2209,0.0895,0.5205394009333918,6.098711628875743,5.8081057233180955,2.4792588435669867,0.6035425619182968,COMPLETE
2210,0.0969,0.5110690315945325,6.812644630608508,8.418374689108267,0.016171167750154206,4.792699168837896,COMPLETE
2211,0.1191,0.7752730676929227,4.882892175623483,9.988586281068551,719.5496061371614,4.792699168837896,COMPLETE
2212,0.1152,0.674075360576204,3.750009322394215,8.418374689108267,354.75433210457186,2.1102891532478085,COMPLETE
2213,0.1154,0.5633500177027843,2.5949302331437663,5.661172916466561,116.68218004772335,0.011485701026832324,COMPLETE
2214,0.0937,0.3507923607830616,3.753611780953961,3.1109816593785697,30.54779366423335,11.34645454198699,COMPLETE
2215,0.1082,0.6492560394340614,7.339695485358947,3.0352039660395387,1012.5557177732411,74.87226382364547,COMPLETE
2216,0.09845,0.34898992839167614,3.3183257587633035,4.381770286261418,30.54779366423335,52.247121787657974,COMPLETE
2217,0.1039,0.6480946684936635,7.489439152524652,3.0638630129150126,359.71457230765833,1.269868031404911,COMPLETE
2218,0.0869,0.47475982212404644,7.257271731141275,3.922778559017364,4.369903957871101,1.526275265602974,COMPLETE
2219,0.1065,0.5490083627667006,1.92294317949011,3.4709986937730752,1688.3846346819648,1.144809884652541,COMPLETE
2220,0.09475,0.23268767315100772,4.055901775231086,1.0000874311382033,359.71457230765833,1.526275265602974,COMPLETE
2221,0.08015,0.5186668275091941,7.398979747077997,3.0156649020845308,0.061530195681195304,0.027039851241601142,COMPLETE
2222,0.1018,0.23582659513802282,0.856073799769799,2.6063203816812406,0.50010706770691,0.5985950343657075,COMPLETE
2223,0.09935,0.3649774643024327,2.1816932133272027,9.988586281068551,0.5529959922862323,4.792699168837896,COMPLETE
2224,0.1438,0.8863174554967973,5.334411901674462,9.933529862520766,6240.53654981863,1.526275265602974,COMPLETE
2225,0.10205,0.6156287619760413,7.489439152524652,5.815069018773641,0.022872403443138362,0.5985950343657075,COMPLETE
2226,0.07735,0.47103371266401,7.398979747077997,2.1819077215587854,94.16099407924258,0.5985950343657075,COMPLETE
2227,0.0752,0.43133009264729755,7.489439152524652,2.8020533792220483,32.41674585290107,0.7037594792077035,COMPLETE
2228,0.09265,0.26092220064832433,3.750303994231526,1.0717387404485024,359.71457230765833,1.1166054580267695,COMPLETE
2229,0.08885,0.5016365855357855,7.489439152524652,1.2992706708708701,1688.3846346819648,1.526275265602974,COMPLETE
2230,0.10475,0.7189099293432921,7.489439152524652,8.418374689108267,5.6878068615007775,0.7306953052604724,COMPLETE
2231,0.1086,0.35260877928088596,1.1529034353925038,3.922778559017364,97.42363788219161,1.526275265602974,COMPLETE
2232,0.1252,0.7752284780326794,7.398979747077997,4.101823977297871,359.71457230765833,0.5985950343657075,COMPLETE
2233,0.07515,0.15690998108659918,7.339695485358947,1.2204745910759351,0.5529959922862323,64.6001511527023,COMPLETE
2234,0.1067,0.6760207343832845,7.489439152524652,4.128977545770486,117.01164712837071,0.5084006019933035,COMPLETE
2235,0.09825,0.6207696082792358,7.489439152524652,9.111967038265872,0.022872403443138362,4.792699168837896,COMPLETE
2236,0.12735,0.6708985566341001,7.489439152524652,5.869623929785657,116.68218004772335,0.05411857818883947,COMPLETE
2237,0.12765,0.8580093018368176,7.489439152524652,9.46969178051476,384.81053681480347,2.1102891532478085,COMPLETE
2238,0.1078,0.7714474780589478,7.339695485358947,5.8081057233180955,359.71457230765833,1.0864194972631505,COMPLETE
2239,0.10235,0.6048795767214067,5.334411901674462,9.933529862520766,30.54779366423335,1.526275265602974,COMPLETE
2240,0.08725,0.3030888251242293,4.093758114466814,1.1679739768270172,359.71457230765833,4.756173291938827,COMPLETE
2241,0.09835,0.5938962287535955,7.489439152524652,3.0638630129150126,359.71457230765833,13.737135040054913,COMPLETE
2242,0.1013,0.7219333016360455,7.339695485358947,7.451337432117496,111.18850587297112,4.792699168837896,COMPLETE
2243,0.0669,0.22325139302009553,6.8435536313626235,1.6319536284608183,0.037880227366793,44.76380938653201,COMPLETE
2244,0.1026,0.5461199492669676,7.339695485358947,8.418374689108267,0.041621524861533636,11.34645454198699,COMPLETE
2245,0.1242,0.7118374516977829,1.3175084083167137,9.933529862520766,5719.362035764568,1.526275265602974,COMPLETE
2246,0.1035,0.6229475707374718,2.3886862559889335,5.111812216453987,79.94275675264636,0.07831404197783208,COMPLETE
2247,0.10235,0.6480283824169933,7.489439152524652,7.451337432117496,0.2995543944589256,0.16786667439488964,COMPLETE
2248,0.1093,0.6311745321837247,7.398979747077997,8.418374689108267,0.50010706770691,0.5985950343657075,COMPLETE
2249,0.0782,0.25240689315941195,7.489439152524652,2.010333338641863,1.4073720914633798,4.792699168837896,COMPLETE
2250,0.08235,0.2254445051171124,2.0729256501905375,1.775957688444912,0.061530195681195304,11.34645454198699,COMPLETE
2251,0.10705,0.6991252827503299,6.147027274717444,3.922778559017364,117.01164712837071,0.1611028577485686,COMPLETE
2252,0.0896,0.25097106807190644,5.28460581019826,1.2992706708708701,98.96012668805288,0.5985950343657075,COMPLETE
2253,0.08685,0.461211493754969,2.500540807559066,2.2736750000583252,560.4775189597802,0.5985950343657075,COMPLETE
2254,0.086,0.47732297230240295,7.398979747077997,3.0156649020845308,61.128832411058866,53.60847795003793,COMPLETE
2255,0.089,0.5111888345184439,7.489439152524652,2.8694732915498293,117.01164712837071,0.5985950343657075,COMPLETE
2256,0.12355,0.8415118912336899,7.339695485358947,8.418374689108267,560.4775189597802,0.5985950343657075,COMPLETE
2257,0.1069,0.6498946129988697,7.489439152524652,7.639970758565217,0.24749624576305385,0.7306953052604724,COMPLETE
2258,0.0977,0.38098683750988793,6.098711628875743,4.101815304071311,0.01275754708658348,3.505066598340964,COMPLETE
2259,0.07605,0.27089691103231145,7.489439152524652,2.195218904889921,2.4792588435669867,1.526275265602974,COMPLETE
2260,0.1336,0.832535799613805,7.489439152524652,9.988586281068551,1174.8324644216532,44.76380938653201,COMPLETE
2261,0.07995,0.4024451597456229,7.489439152524652,1.4468658758687654,112.323925330586,0.11458357361594178,COMPLETE
2262,0.10505,0.596682619538672,7.489439152524652,3.4709986937730752,0.033513927192250846,0.07093026679148491,COMPLETE
2263,0.0794,0.5729635008548075,7.398979747077997,3.0156649020845308,61.128832411058866,0.5985950343657075,COMPLETE
2264,0.1111,0.6500381327322242,7.489439152524652,3.0638630129150126,1476.1251734596226,13.737135040054913,COMPLETE
2265,0.07405,0.4724235018751163,7.366786432028211,5.949281855269068,2.325948696512874,96.55161694480425,COMPLETE
2266,0.07775,0.3706907742747413,6.401741857438571,3.0352039660395387,0.5529959922862323,10.547662312596257,COMPLETE
2267,0.09665,0.457177687109421,4.612623951718521,1.5170930463443884,1476.1251734596226,13.737135040054913,COMPLETE
2268,0.11555,0.7808013318914608,7.321806062638004,9.933529862520766,112.323925330586,0.5985950343657075,COMPLETE
2269,0.11255,0.7730353383965947,7.489439152524652,3.4709986937730752,1688.3846346819648,0.7306953052604724,COMPLETE
2270,0.07265,0.26470355431167,6.8435536313626235,1.9248909154586258,2.4792588435669867,9.850171139362292,COMPLETE
2271,0.09135,0.5083338344926875,6.666959706638387,9.988586281068551,0.4111694316312813,11.34645454198699,COMPLETE
2272,0.1291,0.7364785016470767,4.293118006293568,7.451337432117496,359.71457230765833,1.1166054580267695,COMPLETE
2273,0.08655,0.42259997931767984,7.358999406517187,3.922778559017364,0.37158011312248157,11.34645454198699,COMPLETE
2274,0.0656,0.1830885136413249,7.489439152524652,1.1787560686267229,4.6216117253800055,0.5985950343657075,COMPLETE
2275,0.0929,0.49416389078055056,4.0836258222898,8.418374689108267,0.5529959922862323,0.7306953052604724,COMPLETE
2276,0.07855,0.4183321753360501,7.489439152524652,4.101823977297871,0.50010706770691,20.592826505531818,COMPLETE
2277,0.0875,0.33421393783176556,6.098711628875743,3.0352039660395387,0.5529959922862323,0.7306953052604724,COMPLETE
2278,0.08705,0.4989425032320498,5.334411901674462,3.0638630129150126,112.323925330586,13.737135040054913,COMPLETE
2279,0.087,0.49100046424747434,7.398979747077997,6.122327986000064,0.01396469126747288,10.091778643282934,COMPLETE
2280,0.13595,0.8766887462000504,7.489439152524652,9.988586281068551,1476.1251734596226,4.792699168837896,COMPLETE
2281,0.12345,0.8160159696851802,7.489439152524652,5.869623929785657,359.71457230765833,0.7306953052604724,COMPLETE
2282,0.0923,0.6041875026244733,7.489439152524652,7.451337432117496,0.1791918647948827,1.1166054580267695,COMPLETE
2283,0.07055,0.16624220747966914,5.087263491336921,1.1679739768270172,0.022872403443138362,0.5985950343657075,COMPLETE
2284,0.1312,0.9067670847631678,7.489439152524652,9.988586281068551,1476.1251734596226,4.792699168837896,COMPLETE
2285,0.08705,0.3999060796905662,7.398979747077997,3.0156649020845308,0.04819649128539392,0.5985950343657075,COMPLETE
2286,0.0948,0.5619945401300782,5.922966178810872,4.101823977297871,2.4792588435669867,0.0453983002727616,COMPLETE
2287,0.1173,0.7045997004021091,5.334411901674462,9.933529862520766,112.323925330586,0.8421194626192838,COMPLETE
2288,0.09515,0.6030890460738039,6.8435536313626235,8.296696077269402,0.03537099936721674,3.1812755177020007,COMPLETE
2289,0.0692,0.14785044383996904,5.334411901674462,1.0182787701178302,0.1157874980244909,0.2944924768920615,COMPLETE
2290,0.0862,0.4485205228099271,5.733630614060669,4.730916168079807,8.676383667535987,12.146893267526337,COMPLETE
2291,0.12675,0.6644259244626747,7.489439152524652,8.418374689108267,4.6216117253800055,0.014900488373379928,COMPLETE
2292,0.08355,0.23307300520322352,4.441228541481795,1.2992706708708701,103.79498301348109,13.737135040054913,COMPLETE
2293,0.07735,0.31638143753746784,7.489439152524652,2.386006834355938,0.022872403443138362,1.0864194972631505,COMPLETE
2294,0.12905,0.800945502359551,5.5150049043702545,5.196045314781185,560.4775189597802,0.5985950343657075,COMPLETE
2295,0.1181,0.7829042227260479,7.489439152524652,5.869623929785657,359.71457230765833,1.269868031404911,COMPLETE
2296,0.08645,0.618880874448584,7.489439152524652,2.195218904889921,359.71457230765833,0.2944924768920615,COMPLETE
2297,0.09075,0.4049542291060762,4.933362998330481,4.730916168079807,5.6878068615007775,11.34645454198699,COMPLETE
2298,0.1223,0.7989104571083628,7.489439152524652,3.4709986937730752,1688.3846346819648,1.526275265602974,COMPLETE
2299,0.10985,0.6478099277325118,7.489439152524652,8.418374689108267,24.687993700004206,1.526275265602974,COMPLETE
2300,0.1176,0.6800365562821272,5.688120355695617,5.196045314781185,560.4775189597802,1.526275265602974,COMPLETE
2301,0.07965,0.43600698768935064,6.147027274717444,4.233029697806471,0.50010706770691,0.5985950343657075,COMPLETE
2302,0.1099,0.5065495638425113,2.6499516288940597,8.418374689108267,0.022872403443138362,2.1102891532478085,COMPLETE
2303,0.1001,0.6311020970556109,6.8937296787545215,3.0156649020845308,960.4703446521489,4.792699168837896,COMPLETE
2304,0.0795,0.33616332895365286,7.489439152524652,2.195218904889921,24.687993700004206,2.1102891532478085,COMPLETE
2305,0.1242,0.7273597897312535,5.5150049043702545,4.390239464358789,560.4775189597802,0.5985950343657075,COMPLETE
2306,0.1138,0.659725438775349,7.489439152524652,6.36471994718327,4.6216117253800055,0.17931719860776635,COMPLETE
2307,0.09785,0.6741901709200792,7.489439152524652,4.390239464358789,117.01164712837071,0.5084006019933035,COMPLETE
2308,0.11215,0.8009118668688398,7.489439152524652,7.639970758565217,231.26195730145238,2.1102891532478085,COMPLETE
2309,0.10475,0.5429055128881423,7.489439152524652,3.4489481599618146,117.01164712837071,0.022297705137410653,COMPLETE
2310,0.1304,0.8455209350432742,7.489439152524652,8.418374689108267,359.71457230765833,1.269868031404911,COMPLETE
2311,0.14495,0.8807880154717708,7.489439152524652,8.418374689108267,1575.9369216711668,2.1102891532478085,COMPLETE
2312,0.14065,0.9226185636772228,7.489439152524652,9.988586281068551,1476.1251734596226,2.9874842801176174,COMPLETE
2313,0.0807,0.4545850742533448,7.489439152524652,1.4394661696016524,384.81053681480347,0.7042671789255891,COMPLETE
2314,0.09135,0.5028830263302024,7.489439152524652,1.5232915956522353,1688.3846346819648,57.28355105443127,COMPLETE
2315,0.1278,0.8227298694232037,7.489439152524652,5.752577266161427,359.71457230765833,0.5985950343657075,COMPLETE
2316,0.08785,0.5524779260558799,5.5150049043702545,5.435716211948516,0.02215404262216536,1.526275265602974,COMPLETE
2317,0.06845,0.19546534543262647,7.489439152524652,1.2992706708708701,0.48160356426463263,0.5985950343657075,COMPLETE
2318,0.10605,0.7622785525378458,7.489439152524652,8.418374689108267,116.68218004772335,1.8602957309646184,COMPLETE
2319,0.0635,0.14705901427906742,7.489439152524652,1.0000874311382033,0.4111694316312813,4.792699168837896,COMPLETE
2320,0.1196,0.5658312162957474,7.489439152524652,9.767312130896007,0.022872403443138362,0.014443802549081182,COMPLETE
2321,0.13615,0.8376100196255452,4.451945532118286,7.451337432117496,2760.4815646280754,1.1166054580267695,COMPLETE
2322,0.1428,0.8525280252497783,4.492399235524072,9.988586281068551,1476.1251734596226,1.0864194972631505,COMPLETE
2323,0.0754,0.40182697854555155,7.398979747077997,3.0156649020845308,0.061530195681195304,0.5985950343657075,COMPLETE
2324,0.1297,0.8571875400362283,5.5150049043702545,9.767312130896007,560.4775189597802,2.002031360524101,COMPLETE
2325,0.11595,0.6870682156847039,7.489439152524652,8.418374689108267,4.6216117253800055,0.07657024017522018,COMPLETE
2326,0.081,0.47710966108854025,7.489439152524652,1.031983582772535,1688.3846346819648,0.5985950343657075,COMPLETE
2327,0.09615,0.5512443868263418,5.991796473352251,4.390239464358789,117.01164712837071,17.48559834491351,COMPLETE
2328,0.12285,0.8920624212819582,7.489439152524652,9.988586281068551,1476.1251734596226,4.792699168837896,COMPLETE
2329,0.0707,0.45589331858647886,7.489439152524652,4.128977545770486,0.09169913983064946,9.198492218593808,COMPLETE
2330,0.0862,0.47381603860399035,7.489439152524652,1.050098121310672,1688.3846346819648,1.1166054580267695,COMPLETE
2331,0.1007,0.3512665515575093,2.609329201221255,1.2992706708708701,787.0790540749365,0.5084006019933035,COMPLETE
2332,0.09515,0.5783912988509673,6.961796280678871,8.418374689108267,14.23661619565826,4.792699168837896,COMPLETE
2333,0.1217,0.8744438190043393,7.339695485358947,9.767312130896007,384.81053681480347,2.1102891532478085,COMPLETE
2334,0.1398,0.8656623382510766,6.098711628875743,9.988586281068551,1476.1251734596226,1.1899470592717616,COMPLETE
2335,0.0788,0.14893133205480752,1.665493415558857,1.2992706708708701,0.5661123334000365,0.5985950343657075,COMPLETE
2336,0.0976,0.5728053613298391,6.198351386555542,7.451337432117496,0.4111694316312813,2.1102891532478085,COMPLETE
2337,0.0788,0.35484673182944154,7.489439152524652,4.09051178126625,0.48160356426463263,13.737135040054913,COMPLETE
2338,0.10015,0.6379867899872098,7.489439152524652,8.418374689108267,0.5529959922862323,0.7306953052604724,COMPLETE
2339,0.08205,0.5026202392943763,6.563419313026712,1.5232915956522353,1688.3846346819648,1.526275265602974,COMPLETE
2340,0.1386,0.8987453612325544,7.489439152524652,9.988586281068551,1476.1251734596226,4.792699168837896,COMPLETE
2341,0.1143,0.6777856409669445,6.476835329222848,3.0352039660395387,359.71457230765833,0.23300329012790175,COMPLETE
2342,0.11575,0.41627831353833444,1.9943306839617392,4.390239464358789,117.01164712837071,0.5985950343657075,COMPLETE
2343,0.1154,0.7190795090019374,7.489439152524652,3.4709986937730752,1299.776438605687,1.526275265602974,COMPLETE
2344,0.0657,0.17926800519949757,6.8435536313626235,1.1679739768270172,2.4792588435669867,0.5985950343657075,COMPLETE
2345,0.11775,0.6077311612660072,7.489439152524652,9.767312130896007,0.01398840299286145,0.03432752566884519,COMPLETE
2346,0.0948,0.5796200910954907,7.489439152524652,5.061348409319827,65.42850617031253,8.226634810129443,COMPLETE
2347,0.1093,0.6677726480587317,7.489439152524652,4.434848468060117,560.4775189597802,4.792699168837896,COMPLETE
2348,0.14985,0.8020240855087236,7.321806062638004,6.111098659711679,3950.886279163173,0.5985950343657075,COMPLETE
2349,0.112,0.6700612412203414,7.489439152524652,2.195218904889921,3595.793668108661,0.3315801800041744,COMPLETE
2350,0.06635,0.27408976440086275,7.489439152524652,1.2992706708708701,61.128832411058866,0.5985950343657075,COMPLETE
2351,0.11275,0.7587947542752964,7.489439152524652,6.309839837081567,384.81053681480347,12.927660908038337,COMPLETE
2352,0.0934,0.3424303922199202,6.8435536313626235,1.1679739768270172,790.4131000657245,0.030595349341982422,COMPLETE
2353,0.11835,0.7091955851593765,7.339695485358947,4.7659569703548925,1575.9369216711668,20.929499049550042,COMPLETE
2354,0.095,0.4500710177751462,5.5150049043702545,5.196045314781185,0.022872403443138362,1.526275265602974,COMPLETE
2355,0.13515,0.6264118413417272,7.489439152524652,5.869623929785657,359.71457230765833,0.030595349341982422,COMPLETE
2356,0.14765,0.8834909919656239,7.489439152524652,8.418374689108267,1575.9369216711668,2.1102891532478085,COMPLETE
2357,0.0739,0.1057234258163651,3.361827731632292,1.0340435745788543,0.4717179776912716,1.6482369403467592,COMPLETE
2358,0.06465,0.20169057955187042,7.489439152524652,1.2992706708708701,0.022872403443138362,0.5985950343657075,COMPLETE
2359,0.1041,0.6526488635521044,7.489439152524652,7.639970758565217,0.05340174002506857,0.7306953052604724,COMPLETE
2360,0.1114,0.5543973701481727,7.398979747077997,9.988586281068551,0.50010706770691,4.792699168837896,COMPLETE
2361,0.0667,0.18773728307510898,5.334411901674462,1.2992706708708701,0.48160356426463263,0.6451972407874976,COMPLETE
2362,0.0918,0.5243532501345628,7.489439152524652,3.6525981514530184,53.512981167495155,61.14569226420943,COMPLETE
2363,0.0998,0.4706693483259457,2.5869153489268153,8.418374689108267,0.10067164924817759,44.21691305142473,COMPLETE
2364,0.0947,0.5243786042698398,2.4491862268220608,4.390239464358789,117.01164712837071,0.5084006019933035,COMPLETE
2365,0.1106,0.5208690340172576,5.334411901674462,5.297337137207742,112.323925330586,94.44186901713007,COMPLETE
2366,0.0728,0.22701782386175332,7.489439152524652,1.0000874311382033,117.01164712837071,12.207247747627315,COMPLETE
2367,0.08645,0.5028446798288911,7.489439152524652,1.2992706708708701,1688.3846346819648,1.526275265602974,COMPLETE
2368,0.09955,0.6663459184493453,7.489439152524652,4.390239464358789,117.01164712837071,0.5985950343657075,COMPLETE
2369,0.11215,0.7578220121173384,7.489439152524652,4.933712146745979,1476.1251734596226,10.593438288619845,COMPLETE
2370,0.1383,0.8842187560277281,7.321806062638004,9.933529862520766,2047.5022900169074,1.526275265602974,COMPLETE
2371,0.12855,0.8569407398969835,6.812644630608508,9.988586281068551,1476.1251734596226,4.792699168837896,COMPLETE
2372,0.1033,0.6795070904820867,5.63636234793483,7.011492556445695,30.54779366423335,0.5985950343657075,COMPLETE
2373,0.08595,0.5028135015088353,5.8255868108470885,4.5593987661777815,0.20220452843796535,0.5985950343657075,COMPLETE
2374,0.06195,0.1955389147013244,7.489439152524652,1.2992706708708701,0.024094423262815187,0.5985950343657075,COMPLETE
2375,0.0719,0.13073546378495557,2.7352446701283974,1.1068123627535122,0.022420725318437074,1.526275265602974,COMPLETE
2376,0.0951,0.2797582115297579,0.6107826387426225,5.061348409319827,0.5529959922862323,1.8602957309646184,COMPLETE
2377,0.06105,0.18477302881190374,7.489439152524652,1.1679739768270172,2.4792588435669867,0.7306953052604724,COMPLETE
2378,0.0876,0.44383172347982747,3.805152735950256,4.101823977297871,0.50010706770691,0.5985950343657075,COMPLETE
2379,0.0842,0.30696864811196944,7.339695485358947,1.2960752807814475,2.4792588435669867,0.030595349341982422,COMPLETE
2380,0.10555,0.4249753754825344,2.281929793215605,4.390239464358789,117.01164712837071,1.0864194972631505,COMPLETE
2381,0.1115,0.5266333198199743,3.105200624928148,9.988586281068551,0.022872403443138362,0.5985950343657075,COMPLETE
2382,0.08925,0.4865706889023736,7.489439152524652,2.195218904889921,2.4792588435669867,0.022926478224459805,COMPLETE
2383,0.07845,0.15331735672363386,4.712897053558974,1.0340435745788543,30.54779366423335,0.5985950343657075,COMPLETE
2384,0.11985,0.6871577878055889,7.489439152524652,5.941140549116513,0.061530195681195304,0.027529450924640007,COMPLETE
2385,0.0863,0.3975942931960886,0.40578941495574516,5.8081057233180955,359.71457230765833,0.9857936420911056,COMPLETE
2386,0.1381,0.8993849611207885,7.489439152524652,9.988586281068551,1476.1251734596226,4.792699168837896,COMPLETE
2387,0.10515,0.5872842394463001,0.739569177788063,3.0156649020845308,1476.1251734596226,0.06592363615955546,COMPLETE
2388,0.1121,0.6240032943153675,5.972946014561273,5.488737809606147,0.022872403443138362,0.03103105666163465,COMPLETE
2389,0.12755,0.8927497239589527,7.489439152524652,9.988586281068551,1476.1251734596226,4.792699168837896,COMPLETE
2390,0.11475,0.9049079931141749,7.489439152524652,9.988586281068551,359.71457230765833,1.526275265602974,COMPLETE
2391,0.1068,0.33097119564194305,0.5621107360432912,5.8081057233180955,0.5529959922862323,0.27475994937654014,COMPLETE
2392,0.1305,0.8543951525040963,7.489439152524652,8.418374689108267,1575.9369216711668,1.147192901491303,COMPLETE
2393,0.0701,0.13297419255385085,7.489439152524652,1.0000874311382033,0.4111694316312813,37.18529624200805,COMPLETE
2394,0.0997,0.6838216945660429,7.489439152524652,2.7187634325065777,560.4775189597802,0.7306953052604724,COMPLETE
2395,0.09555,0.6252113170275785,7.489439152524652,9.988586281068551,0.5440936507517786,4.792699168837896,COMPLETE
2396,0.10055,0.570343864156399,1.2397370293105756,5.8081057233180955,359.71457230765833,1.0864194972631505,COMPLETE
2397,0.11745,0.7271411983767034,5.897649382346271,5.196045314781185,560.4775189597802,1.526275265602974,COMPLETE
2398,0.0746,0.23149575655263147,7.398979747077997,1.6044076632621715,0.022872403443138362,0.5985950343657075,COMPLETE
2399,0.06055,0.18038009987174144,7.321806062638004,1.1815935685680892,0.022872403443138362,0.5985950343657075,COMPLETE
2400,0.1173,0.7240917667451929,7.398979747077997,7.451337432117496,61.128832411058866,0.5985950343657075,COMPLETE
2401,0.13265,0.8784076329502186,7.489439152524652,9.988586281068551,1476.1251734596226,4.792699168837896,COMPLETE
2402,0.10405,0.49152097713423437,2.724891430708462,3.0638630129150126,787.0790540749365,13.737135040054913,COMPLETE
2403,0.1116,0.6599026204106558,7.398979747077997,7.685873420389442,0.061530195681195304,0.5985950343657075,COMPLETE
2404,0.1047,0.12991543151591978,0.799955004937172,1.1757311325313509,153.2860257697558,0.7306953052604724,COMPLETE
2405,0.08185,0.4774885428202619,7.489439152524652,6.177375483210892,0.022872403443138362,4.792699168837896,COMPLETE
2406,0.09285,0.4750467028144869,0.8947364462605754,2.3579755064465395,3704.9091519389967,0.7306953052604724,COMPLETE
2407,0.11055,0.6785481183289146,7.339695485358947,3.0352039660395387,556.3259197517772,1.0864194972631505,COMPLETE
2408,0.1321,0.8044808264909781,7.489439152524652,5.233262199774333,1476.1251734596226,0.5985950343657075,COMPLETE
2409,0.10125,0.6627351494762701,7.489439152524652,4.390239464358789,117.01164712837071,0.5985950343657075,COMPLETE
2410,0.0769,0.49048604822450387,7.321806062638004,3.0638630129150126,18.15062746414582,0.5985950343657075,COMPLETE
2411,0.1008,0.7005001859887475,7.321806062638004,3.0638630129150126,359.71457230765833,0.5985950343657075,COMPLETE
2412,0.11485,0.8180882658274654,7.489439152524652,7.639970758565217,153.2860257697558,0.7306953052604724,COMPLETE
2413,0.11435,0.7629069736128712,7.489439152524652,9.767312130896007,111.18850587297112,2.1102891532478085,COMPLETE
2414,0.12245,0.7081265098690185,5.334411901674462,8.418374689108267,359.71457230765833,2.1102891532478085,COMPLETE
2415,0.109,0.683545330541168,7.489439152524652,5.869623929785657,215.1045110569498,7.673904867943642,COMPLETE
2416,0.0941,0.5534689241562528,6.7579433682308325,8.418374689108267,0.48160356426463263,3.7910543824544556,COMPLETE
2417,0.06665,0.17592566811124014,7.489439152524652,1.2992706708708701,0.1972796054427357,4.792699168837896,COMPLETE
2418,0.0889,0.3220826662000375,7.398979747077997,3.0156649020845308,0.061530195681195304,0.7306953052604724,COMPLETE
2419,0.127,0.8012168202813347,7.339695485358947,7.451337432117496,111.18850587297112,0.5111569738301501,COMPLETE
2420,0.0982,0.5623426289736125,7.489439152524652,9.767312130896007,7.12287410299241,2.1102891532478085,COMPLETE
2421,0.10495,0.5171539179335986,6.9066536100403,7.159056702812811,0.022872403443138362,0.5985950343657075,COMPLETE
2422,0.09455,0.5567994329456413,6.812644630608508,9.988586281068551,2.4792588435669867,4.792699168837896,COMPLETE
2423,0.0611,0.22272722590138327,7.489439152524652,1.2992706708708701,0.022872403443138362,0.13391944103899936,COMPLETE
2424,0.10945,0.6872592546587295,7.489439152524652,7.758683850089043,60.927414192939295,4.792699168837896,COMPLETE
2425,0.10445,0.6076839679736948,7.323505166986947,2.1419394916285253,1688.3846346819648,1.526275265602974,COMPLETE
2426,0.1371,0.7425974682492079,2.069378724049106,9.933529862520766,1762.0632857311803,1.526275265602974,COMPLETE
2427,0.10155,0.6587135254751603,7.339695485358947,9.933529862520766,0.5529959922862323,0.7306953052604724,COMPLETE
2428,0.0705,0.5739159317358216,7.489439152524652,4.101823977297871,0.48160356426463263,0.5985950343657075,COMPLETE
2429,0.0853,0.46981939689715957,6.098711628875743,5.8081057233180955,0.08154506734240183,4.792699168837896,COMPLETE
2430,0.1256,0.6135074516721755,7.339695485358947,5.869623929785657,359.71457230765833,0.030595349341982422,COMPLETE
2431,0.1249,0.6909032008304234,3.0951706495514877,9.767312130896007,359.71457230765833,1.269868031404911,COMPLETE
2432,0.1094,0.7156385150450115,7.366786432028211,9.988586281068551,180.25763184117613,96.55161694480425,COMPLETE
2433,0.07115,0.2239126892425646,3.9164169341451163,1.7172471998769807,0.4100002941628259,0.5985950343657075,COMPLETE
2434,0.111,0.7272335483395024,7.489439152524652,8.418374689108267,55.00773752735032,1.8602957309646184,COMPLETE
2435,0.07685,0.3554124745717163,7.489439152524652,1.4551955107906318,2.4792588435669867,0.030595349341982422,COMPLETE
2436,0.10365,0.4347056382633713,3.082277787947391,7.577600507517448,0.16517562879321135,5.178768828648937,COMPLETE
2437,0.1115,0.727393973012341,7.321806062638004,4.908831032234142,112.323925330586,0.5985950343657075,COMPLETE
2438,0.0538,0.27287014941821813,7.489439152524652,1.1489170825421764,0.014018032932027242,0.06495292786187189,COMPLETE
2439,0.11755,0.5390286376069892,4.8872499190941685,8.418374689108267,24.687993700004206,0.010230015310135277,COMPLETE
2440,0.0999,0.5222721689653357,2.7572193427191034,2.569973403783547,1476.1251734596226,1.526275265602974,COMPLETE
2441,0.09625,0.5229051509296083,6.28906753484449,4.101823977297871,0.50010706770691,0.5985950343657075,COMPLETE
2442,0.08445,0.5294883159310005,7.489439152524652,4.101823977297871,0.50010706770691,0.5985950343657075,COMPLETE
2443,0.13315,0.9023015272995637,7.489439152524652,9.767312130896007,384.81053681480347,1.526275265602974,COMPLETE
2444,0.0839,0.47641279516223756,7.398979747077997,3.0156649020845308,61.128832411058866,0.5985950343657075,COMPLETE
2445,0.11585,0.7980666680018742,7.489439152524652,7.639970758565217,153.2860257697558,0.7306953052604724,COMPLETE
2446,0.06185,0.14855154581768285,5.840633498851299,1.0000874311382033,0.4111694316312813,0.6218798677310259,COMPLETE
2447,0.08545,0.5516352550492558,6.8784133263184195,3.0352039660395387,116.68218004772335,0.5803223661374917,COMPLETE
2448,0.0622,0.2048120863714271,7.366786432028211,1.2992706708708701,0.022872403443138362,0.5985950343657075,COMPLETE
2449,0.0648,0.158650519029897,7.398979747077997,1.0155034675280858,10.531983551648734,0.5985950343657075,COMPLETE
2450,0.0765,0.3841756815067481,6.8435536313626235,4.4134824816202025,2.4792588435669867,49.28420089289496,COMPLETE
2451,0.1269,0.9005319350429283,7.489439152524652,9.767312130896007,384.81053681480347,2.1102891532478085,COMPLETE
2452,0.1065,0.633922283830474,7.489439152524652,5.869623929785657,17.24432635233025,0.5985950343657075,COMPLETE
2453,0.0779,0.2459859557847055,7.339695485358947,2.128767968251514,0.4111694316312813,22.410623526449623,COMPLETE
2454,0.0677,0.20344331135169447,7.339695485358947,1.1679739768270172,5.310892876623787,0.09466332931565606,COMPLETE
2455,0.08705,0.5254487568278305,7.489439152524652,1.5232915956522353,1688.3846346819648,1.526275265602974,COMPLETE
2456,0.12685,0.8263800252668251,7.339695485358947,8.418374689108267,560.4775189597802,3.4749151142286685,COMPLETE
2457,0.11095,0.6426166518985957,7.339695485358947,8.65691741707793,2.4792588435669867,0.030595349341982422,COMPLETE
2458,0.0681,0.17936140912508763,6.8435536313626235,1.1679739768270172,24.687993700004206,44.76380938653201,COMPLETE
2459,0.07955,0.3983097271402397,7.489439152524652,3.6902104605952415,2.4792588435669867,4.3839983207868,COMPLETE
2460,0.0863,0.4414552720049855,6.812644630608508,9.988586281068551,2.4792588435669867,44.76380938653201,COMPLETE
2461,0.11955,0.8485376480055332,7.489439152524652,5.869623929785657,359.71457230765833,1.0864194972631505,COMPLETE
2462,0.1074,0.6376582640477824,7.339695485358947,8.418374689108267,0.5529959922862323,0.7306953052604724,COMPLETE
2463,0.0954,0.46435767587163773,4.933362998330481,4.730916168079807,5.6878068615007775,0.4426944092773212,COMPLETE
2464,0.09205,0.52952025277007,2.155388697713189,3.1109816593785697,1476.1251734596226,4.792699168837896,COMPLETE
2465,0.0745,0.4552702454082692,6.666959706638387,2.0647338773279094,214.9926878783172,12.146893267526337,COMPLETE
2466,0.0843,0.45698565299240906,7.398979747077997,3.1109816593785697,18.118559289787008,0.5985950343657075,COMPLETE
2467,0.09585,0.5085365040584603,7.489439152524652,3.1090902711924278,1476.1251734596226,0.011021209943584959,COMPLETE
2468,0.0998,0.6621952909508576,7.339695485358947,8.418374689108267,0.5529959922862323,0.5849209772565525,COMPLETE
2469,0.1127,0.7756986742886866,7.398979747077997,3.556568238029615,787.0790540749365,0.7306953052604724,COMPLETE
2470,0.10905,0.7958807361971096,7.398979747077997,5.196045314781185,560.4775189597802,1.526275265602974,COMPLETE
2471,0.13375,0.8489909696753859,6.666959706638387,9.988586281068551,1309.853864084464,12.146893267526337,COMPLETE
2472,0.1246,0.6825350170508997,3.771232411772206,5.196045314781185,384.81053681480347,0.08409168580797387,COMPLETE
2473,0.0816,0.32819491585113353,7.321806062638004,1.0266163124324799,384.81053681480347,35.516387365285134,COMPLETE
2474,0.07755,0.2629770464935465,7.489439152524652,2.6457738880282986,0.022872403443138362,4.792699168837896,COMPLETE
2475,0.12105,0.7507631886684771,6.8435536313626235,5.869623929785657,3605.3925740342074,44.76380938653201,COMPLETE
2476,0.1171,0.7999353499436739,7.489439152524652,5.8081057233180955,359.71457230765833,1.0864194972631505,COMPLETE
2477,0.1017,0.5208196789138859,3.7746298689385434,3.1109816593785697,359.71457230765833,1.0864194972631505,COMPLETE
2478,0.0874,0.2589377740115898,7.398979747077997,1.3983148036633177,61.128832411058866,0.7306953052604724,COMPLETE
2479,0.12855,0.8619667147931513,7.321806062638004,9.988586281068551,359.71457230765833,0.5985950343657075,COMPLETE
2480,0.0736,0.36229769447269844,7.489439152524652,3.1109816593785697,3.7559991467249683,11.34645454198699,COMPLETE
2481,0.1408,0.7950760106425474,7.489439152524652,4.101823977297871,7149.378824648107,0.5985950343657075,COMPLETE
2482,0.13545,0.8209330248174761,7.489439152524652,8.418374689108267,1575.9369216711668,0.5985950343657075,COMPLETE
2483,0.10395,0.526274669762231,2.2047424374141276,8.773022899852439,61.128832411058866,0.7306953052604724,COMPLETE
2484,0.09255,0.5571611279875878,7.489439152524652,5.517496560172354,2.813636896214278,0.5985950343657075,COMPLETE
2485,0.1096,0.7329168750820022,7.339695485358947,8.418374689108267,111.18850587297112,4.792699168837896,COMPLETE
2486,0.08515,0.2841373551344482,7.366786432028211,3.0156649020845308,2.325948696512874,96.55161694480425,COMPLETE
2487,0.1027,0.511025832781385,7.398979747077997,4.101823977297871,80.44662820088081,0.010156802350793723,COMPLETE
2488,0.1096,0.27705495506922573,1.9548842262714223,4.38016058563925,12.591433152642677,0.5985950343657075,COMPLETE
2489,0.0977,0.431755452450114,0.8025803531551621,4.101823977297871,460.6047135429631,0.5985950343657075,COMPLETE
2490,0.0892,0.3567968230941677,2.585127060098696,7.451337432117496,0.022364668918790125,4.792699168837896,COMPLETE
2491,0.10455,0.5472985281276267,5.5150049043702545,3.005284577810775,560.4775189597802,14.77360751332541,COMPLETE
2492,0.06675,0.3314771888554069,7.418968833572681,1.3664133082642738,0.21044342271440875,0.030595349341982422,COMPLETE
2493,0.1086,0.614455520393512,7.357699173776985,7.451337432117496,0.031129554056877274,0.5985950343657075,COMPLETE
2494,0.10545,0.6429515067353799,5.334411901674462,3.1784175267641896,1688.3846346819648,1.526275265602974,COMPLETE
2495,0.079,0.5280419084706179,7.398979747077997,3.0156649020845308,61.128832411058866,0.5985950343657075,COMPLETE
2496,0.0811,0.34823551361058375,7.339695485358947,3.0352039660395387,0.5529959922862323,0.7306953052604724,COMPLETE
2497,0.08525,0.3520300620704927,3.4207133233427687,2.3242511754719466,112.323925330586,0.7306953052604724,COMPLETE
2498,0.0861,0.37782766509817295,5.596057119019102,1.4102838309584085,359.71457230765833,1.526275265602974,COMPLETE
2499,0.1168,0.703168021599051,6.147027274717444,7.639970758565217,153.2860257697558,1.526275265602974,COMPLETE
2500,0.1012,0.6316816400899352,7.398979747077997,3.0638630129150126,359.71457230765833,0.5985950343657075,COMPLETE
2501,0.0845,0.2665596652515114,3.5546678387248556,1.7534647860434929,0.32506155313805296,0.15116372445863835,COMPLETE
2502,0.1053,0.5687567296634979,7.489439152524652,9.933529862520766,0.4806220777093001,1.526275265602974,COMPLETE
2503,0.12855,0.8380239572414494,6.666959706638387,9.988586281068551,1476.1251734596226,12.146893267526337,COMPLETE
2504,0.0916,0.5509158831660077,7.398979747077997,3.0156649020845308,30.54779366423335,0.023089344538143885,COMPLETE
2505,0.1085,0.5955402851659268,7.366786432028211,5.196045314781185,0.04242357277729937,0.06204283355848753,COMPLETE
2506,0.118,0.7957530416335294,7.321806062638004,9.933529862520766,82.03062503482498,0.5985950343657075,COMPLETE
2507,0.12835,0.7649631977811763,7.489439152524652,4.101823977297871,1476.1251734596226,0.5985950343657075,COMPLETE
2508,0.08535,0.3067341014455198,7.321806062638004,3.0638630129150126,0.04736226378256264,16.00617908133386,COMPLETE
2509,0.08635,0.49823251954113645,7.339695485358947,7.451337432117496,3.224674445273256,11.34645454198699,COMPLETE
2510,0.07935,0.43511148164475616,7.339695485358947,4.632073818629002,0.5529959922862323,4.792699168837896,COMPLETE
2511,0.1099,0.2645916597800656,1.5812136540026533,3.1109816593785697,30.54779366423335,11.058433888394104,COMPLETE
2512,0.0762,0.30116069116009325,7.321806062638004,1.2992706708708701,112.323925330586,0.5985950343657075,COMPLETE
2513,0.1181,0.7709955943829684,3.0834579534698707,8.418374689108267,1575.9369216711668,2.1102891532478085,COMPLETE
2514,0.1031,0.2680717059868928,2.2683770394089846,3.1109816593785697,0.15694951882903801,11.34645454198699,COMPLETE
2515,0.06685,0.20223361545250204,7.489439152524652,1.381135349976128,0.022872403443138362,1.2843572870103992,COMPLETE
2516,0.11025,0.3509773528080042,0.8470288854995662,9.767312130896007,1.7645687169254434,0.5985950343657075,COMPLETE
2517,0.103,0.5610876537162147,5.334411901674462,9.933529862520766,0.03108237962584868,1.526275265602974,COMPLETE
2518,0.08795,0.42076327764196503,7.489439152524652,3.0156649020845308,0.022872403443138362,0.5985950343657075,COMPLETE
2519,0.09925,0.6699154979345787,7.339695485358947,4.101823977297871,2.4792588435669867,0.030595349341982422,COMPLETE
2520,0.116,0.6138406654961627,3.5373389383182654,4.390239464358789,117.01164712837071,0.03676434448999576,COMPLETE
2521,0.11915,0.8213496730987621,7.398979747077997,7.451337432117496,167.26671827492052,0.5985950343657075,COMPLETE
2522,0.0865,0.47280631721959454,7.489439152524652,1.0301522592941639,1575.9369216711668,4.792699168837896,COMPLETE
2523,0.1283,0.8852444656321119,7.339695485358947,9.933529862520766,359.71457230765833,1.526275265602974,COMPLETE
2524,0.07635,0.4603094252018064,7.339695485358947,1.2992706708708701,681.4923644543815,0.7306953052604724,COMPLETE
2525,0.07995,0.5242053764385598,7.489439152524652,3.9542479196946987,24.687993700004206,2.1102891532478085,COMPLETE
2526,0.0766,0.44259224138066927,7.398979747077997,3.0156649020845308,0.5529959922862323,0.7306953052604724,COMPLETE
2527,0.13965,0.7299401992875543,7.398979747077997,4.101823977297871,8953.525415008999,11.34645454198699,COMPLETE
2528,0.08115,0.5612473541469724,7.398979747077997,3.0604281537241538,79.61851534753835,0.5985950343657075,COMPLETE
2529,0.06875,0.4691430103165751,7.489439152524652,3.1109816593785697,30.54779366423335,11.34645454198699,COMPLETE
2530,0.10375,0.7224050761553443,7.489439152524652,9.767312130896007,111.18850587297112,13.737135040054913,COMPLETE
2531,0.0665,0.15696514759288585,7.489439152524652,1.1535007045422678,0.4111694316312813,2.396571978809707,COMPLETE
2532,0.06725,0.12937429727546987,7.489439152524652,1.0000874311382033,0.4111694316312813,11.34645454198699,COMPLETE
2533,0.0805,0.4971943234609104,7.489439152524652,3.0638630129150126,18.15062746414582,0.5985950343657075,COMPLETE
2534,0.07795,0.43307245563598007,7.489439152524652,1.29617683970172,560.4775189597802,4.792699168837896,COMPLETE
2535,0.0714,0.23120166737470818,7.398979747077997,1.775957688444912,0.061530195681195304,0.5985950343657075,COMPLETE
2536,0.08895,0.5322500350490402,7.398979747077997,4.101823977297871,0.50010706770691,0.5985950343657075,COMPLETE
2537,0.1041,0.3064703647503781,0.5513403487780997,3.0638630129150126,359.71457230765833,4.792699168837896,COMPLETE
2538,0.12825,0.84829657003308,7.489439152524652,8.418374689108267,465.4802020583523,0.7306953052604724,COMPLETE
2539,0.12775,0.8187248343349851,7.489439152524652,5.57707388971105,560.4775189597802,0.7306953052604724,COMPLETE
2540,0.07045,0.20044661764045094,6.8435536313626235,1.3464772469480761,2.4792588435669867,44.76380938653201,COMPLETE
2541,0.11985,0.8676086378673201,7.489439152524652,9.988586281068551,359.71457230765833,1.526275265602974,COMPLETE
2542,0.0684,0.20834099069939638,7.489439152524652,1.2992706708708701,0.48160356426463263,0.5985950343657075,COMPLETE
2543,0.09785,0.3254151866550734,7.339695485358947,1.1679739768270172,359.71457230765833,0.030595349341982422,COMPLETE
2544,0.141,0.8316481464323542,7.489439152524652,9.988586281068551,1476.1251734596226,0.7306953052604724,COMPLETE
2545,0.1078,0.6270492354371672,6.151490049654067,4.390239464358789,117.01164712837071,0.5985950343657075,COMPLETE
2546,0.1307,0.8418518947622886,7.339695485358947,5.8081057233180955,787.0790540749365,0.7306953052604724,COMPLETE
2547,0.08785,0.550416386569151,7.489439152524652,7.451337432117496,0.4111694316312813,4.792699168837896,COMPLETE
2548,0.0987,0.6475740358843441,7.398979747077997,2.9618191290867015,1476.1251734596226,4.792699168837896,COMPLETE
2549,0.11595,0.24766211423703363,0.5392458275052047,4.390239464358789,0.10215210013088757,4.792699168837896,COMPLETE
2550,0.08045,0.3301227093581542,7.339695485358947,2.3035601651507616,20.02488628184159,11.34645454198699,COMPLETE
2551,0.1153,0.7741726398943878,7.489439152524652,4.390239464358789,359.71457230765833,0.5985950343657075,COMPLETE
2552,0.0954,0.3551291595877924,4.472873187248941,4.101823977297871,0.48160356426463263,13.737135040054913,COMPLETE
2553,0.0983,0.6746501690569148,7.489439152524652,3.0638630129150126,359.71457230765833,0.9117374699328749,COMPLETE
2554,0.0754,0.259234869449794,7.489439152524652,1.2992706708708701,65.42850617031253,2.1102891532478085,COMPLETE
2555,0.1123,0.6554560672800344,5.334411901674462,5.949281855269068,112.323925330586,1.526275265602974,COMPLETE
2556,0.0956,0.5978058026775235,7.489439152524652,3.0638630129150126,560.4775189597802,13.737135040054913,COMPLETE
2557,0.08025,0.3765550355288416,7.489439152524652,1.1601983959356705,359.71457230765833,1.1166054580267695,COMPLETE
2558,0.1041,0.609355225733303,7.339695485358947,7.451337432117496,0.4111694316312813,0.5985950343657075,COMPLETE
2559,0.13195,0.7494159173457116,3.399160297777585,8.21116563528379,359.71457230765833,0.6808997237143748,COMPLETE
2560,0.091,0.5751566246529832,7.339695485358947,3.0638630129150126,359.71457230765833,13.737135040054913,COMPLETE
2561,0.064,0.1597747526156369,6.8435536313626235,1.1679739768270172,0.46941263933069544,44.76380938653201,COMPLETE
2562,0.0839,0.27961051046469587,7.398979747077997,1.2265462627738066,153.2860257697558,0.7306953052604724,COMPLETE
2563,0.0733,0.5476353376808721,7.321806062638004,3.0638630129150126,61.128832411058866,0.5985950343657075,COMPLETE
2564,0.0968,0.6017650324093091,7.321806062638004,2.1816376714346966,660.569443850554,0.5985950343657075,COMPLETE
2565,0.09355,0.35035201497369434,6.362089557276368,1.1799505076511354,1476.1251734596226,0.023213833359733555,COMPLETE
2566,0.0606,0.20826491535682035,7.339695485358947,1.2992706708708701,0.5529959922862323,0.5985950343657075,COMPLETE
2567,0.0955,0.5194375538617302,7.339695485358947,7.451337432117496,0.4111694316312813,11.34645454198699,COMPLETE
2568,0.0776,0.42751063898763797,4.892469424571216,1.6971031873713354,359.71457230765833,0.5985950343657075,COMPLETE
2569,0.10145,0.6717643660559068,7.489439152524652,8.418374689108267,24.687993700004206,2.1102891532478085,COMPLETE
2570,0.1007,0.665798990154906,7.489439152524652,9.988586281068551,0.13927225699277535,0.7306953052604724,COMPLETE
2571,0.06375,0.1580645379461119,6.781278894767038,1.0000874311382033,0.022872403443138362,0.13391944103899936,COMPLETE
2572,0.10375,0.3242386887690848,0.5771263648513797,3.0638630129150126,359.71457230765833,0.5985950343657075,COMPLETE
2573,0.08425,0.13175263264658538,0.8756133871733488,1.2992706708708701,2.4792588435669867,32.16295115456471,COMPLETE
2574,0.0738,0.1564446270404161,5.3978954418526515,1.0340435745788543,30.54779366423335,0.5985950343657075,COMPLETE
2575,0.07435,0.40238625959331925,7.489439152524652,1.2992706708708701,359.71457230765833,0.5985950343657075,COMPLETE
2576,0.0805,0.3744769481015029,6.8435536313626235,1.1679739768270172,359.71457230765833,13.737135040054913,COMPLETE
2577,0.10435,0.6176688753724686,7.489439152524652,8.418374689108267,0.5529959922862323,0.7306953052604724,COMPLETE
2578,0.1006,0.6697756486775843,7.489439152524652,9.988586281068551,0.022872403443138362,0.13391944103899936,COMPLETE
2579,0.0764,0.34934396587624444,7.489439152524652,3.0638630129150126,1.495033177301862,13.737135040054913,COMPLETE
2580,0.1395,0.7118018437313673,7.489439152524652,5.733400172463412,6046.381748163507,0.07023094282656478,COMPLETE
2581,0.1257,0.742110246932825,4.301844385422047,7.639970758565217,153.2860257697558,0.7306953052604724,COMPLETE
2582,0.1273,0.7460335661176932,7.489439152524652,2.7187634325065777,3067.710093160474,0.7306953052604724,COMPLETE
2583,0.078,0.2474014995515929,7.398979747077997,1.775957688444912,0.061530195681195304,1.526275265602974,COMPLETE
2584,0.0609,0.1819341884644849,7.489439152524652,1.2992706708708701,0.022872403443138362,0.7306953052604724,COMPLETE
2585,0.10235,0.5804728309717708,5.654080800960704,9.988586281068551,0.5529959922862323,0.7306953052604724,COMPLETE
2586,0.09685,0.6264999748544834,7.489439152524652,9.988586281068551,0.011612421620162591,4.792699168837896,COMPLETE
2587,0.1253,0.7611213275250905,4.20252139081129,6.101176851046029,1476.1251734596226,1.613903279741129,COMPLETE
2588,0.0759,0.11638640583426868,4.192352367364858,1.0000874311382033,0.4111694316312813,4.006702490627634,COMPLETE
2589,0.0895,0.5780256232498266,7.489439152524652,4.101823977297871,4.6216117253800055,0.5985950343657075,COMPLETE
2590,0.11595,0.2956187397158997,0.439022577135733,9.988586281068551,2.4792588435669867,97.8618983264133,COMPLETE
2591,0.1092,0.679478148156025,7.321806062638004,3.0638630129150126,359.71457230765833,0.5985950343657075,COMPLETE
2592,0.08455,0.3431570034686385,7.339695485358947,1.027113864949176,117.01164712837071,0.030595349341982422,COMPLETE
2593,0.0947,0.4333704171754881,1.9564050897869922,5.949281855269068,18.15062746414582,96.55161694480425,COMPLETE
2594,0.108,0.2567731176980846,1.0805368680457772,2.6931798610234305,65.42850617031253,2.1102891532478085,COMPLETE
2595,0.1348,0.8164929830275117,6.007905800759598,9.988586281068551,359.71457230765833,1.8613472748644395,COMPLETE
2596,0.09855,0.3730784233109373,2.2715935327535655,1.1679739768270172,1476.1251734596226,59.72538586467294,COMPLETE
2597,0.0879,0.3109883491547569,4.794163301434161,1.775957688444912,112.323925330586,1.526275265602974,COMPLETE
2598,0.1025,0.6043723378037748,7.339695485358947,9.988586281068551,2.4792588435669867,0.030595349341982422,COMPLETE
2599,0.1016,0.6756324535707723,7.489439152524652,9.988586281068551,0.022872403443138362,1.526275265602974,COMPLETE
2600,0.0925,0.5333522481588888,7.339695485358947,5.061348409319827,0.5529959922862323,0.7306953052604724,COMPLETE
2601,0.0844,0.30933658687687055,7.321806062638004,3.0638630129150126,0.4111694316312813,4.792699168837896,COMPLETE
2602,0.1202,0.8226549455912922,7.489439152524652,7.639970758565217,153.2860257697558,0.5985950343657075,COMPLETE
2603,0.1432,0.8021560155145684,4.685705842963688,9.988586281068551,1476.1251734596226,4.792699168837896,COMPLETE
2604,0.0661,0.20177568971348586,7.489439152524652,1.2992706708708701,1.0543924744968527,4.792699168837896,COMPLETE
2605,0.0641,0.17372873572916026,6.8435536313626235,1.1679739768270172,2.4792588435669867,12.184699896150729,COMPLETE
2606,0.0811,0.22984405339149344,6.147027274717444,1.8361557209958475,2.3391066171695876,0.5985950343657075,COMPLETE
2607,0.06155,0.20210001121859622,7.489439152524652,1.2992706708708701,0.010521678139360561,2.1102891532478085,COMPLETE
2608,0.1146,0.6292046695641262,7.339695485358947,8.418374689108267,2.4792588435669867,0.030595349341982422,COMPLETE
2609,0.1134,0.3098973643302684,2.4476024960259046,8.418374689108267,0.061530195681195304,1.8602957309646184,COMPLETE
2610,0.0799,0.45166546303949046,7.339695485358947,2.268728599878797,18.15062746414582,0.18347401028386792,COMPLETE
2611,0.0719,0.3074948292592253,7.489439152524652,2.195218904889921,2.4792588435669867,4.792699168837896,COMPLETE
2612,0.11985,0.8058136927167795,7.489439152524652,9.933529862520766,112.323925330586,0.7306953052604724,COMPLETE
2613,0.14545,0.6755637968149898,1.425686947825696,7.639970758565217,496.3716738871222,0.10419382365365064,COMPLETE
2614,0.0848,0.37660886631482815,7.321806062638004,1.1815935685680892,359.71457230765833,0.5985950343657075,COMPLETE
2615,0.07635,0.4934110874936348,7.489439152524652,2.014685703059728,155.06250278552238,0.5985950343657075,COMPLETE
2616,0.0631,0.2061365968018155,6.17128865259137,1.3961784824164016,0.5108465964686367,0.7306953052604724,COMPLETE
2617,0.08835,0.4261081898483222,6.8435536313626235,2.9088972463276854,0.31460934716889316,0.13391944103899936,COMPLETE
2618,0.08165,0.4526151433670756,7.489439152524652,4.429088349844195,0.5529959922862323,13.737135040054913,COMPLETE
2619,0.13485,0.7834323524117215,7.321806062638004,9.988586281068551,1476.1251734596226,0.18801590569397622,COMPLETE
2620,0.0666,0.19985557040821575,7.489439152524652,1.2992706708708701,0.022872403443138362,0.5985950343657075,COMPLETE
2621,0.12185,0.8134804618499937,7.339695485358947,4.9259187925560735,359.71457230765833,0.5985950343657075,COMPLETE
2622,0.13235,0.4067819467537387,0.49136523784490904,9.988586281068551,1476.1251734596226,2.516518891092916,COMPLETE
2623,0.1246,0.6714018594160901,7.398979747077997,3.0156649020845308,4584.312646113529,75.65380982707389,COMPLETE
2624,0.1196,0.5701532104097873,7.489439152524652,7.451337432117496,1575.9369216711668,0.014166560002747996,COMPLETE
2625,0.13,0.8052489837032613,7.489439152524652,8.418374689108267,116.68218004772335,0.2944924768920615,COMPLETE
2626,0.08475,0.29267727850668995,7.398979747077997,1.775957688444912,0.061530195681195304,0.1089817154185627,COMPLETE
2627,0.122,0.8505622937298489,7.489439152524652,9.988586281068551,560.4775189597802,4.792699168837896,COMPLETE
2628,0.07935,0.39986843662997673,6.237213083453674,3.0638630129150126,4.6216117253800055,0.5985950343657075,COMPLETE
2629,0.133,0.857074260440588,7.339695485358947,5.8081057233180955,2186.840450680998,1.0864194972631505,COMPLETE
2630,0.1068,0.7157839690419509,7.489439152524652,8.418374689108267,0.022872403443138362,0.13391944103899936,COMPLETE
2631,0.1009,0.5121404757107971,7.321806062638004,5.65514196288405,0.022872403443138362,4.792699168837896,COMPLETE
2632,0.081,0.49888992630422435,7.489439152524652,1.2992706708708701,1575.9369216711668,2.1102891532478085,COMPLETE
2633,0.0614,0.20189267668117128,7.489439152524652,1.2798669963673392,0.4111694316312813,4.792699168837896,COMPLETE
2634,0.11465,0.4721442953902305,7.489439152524652,8.418374689108267,1575.9369216711668,0.011712200691217957,COMPLETE
2635,0.08395,0.44116264255350435,3.567196542641091,9.988586281068551,0.32783540060617833,4.792699168837896,COMPLETE
2636,0.0736,0.42642377256833336,7.339695485358947,3.1109816593785697,30.54779366423335,11.34645454198699,COMPLETE
2637,0.09885,0.3011784290778139,3.5632715496526246,1.2992706708708701,381.3102548315081,44.76380938653201,COMPLETE
2638,0.10345,0.7174902282713516,7.489439152524652,5.949281855269068,109.56134142757347,0.7306953052604724,COMPLETE
2639,0.07975,0.5214655039810303,6.447770542179792,3.0156649020845308,0.055919783055051665,0.0878058572282164,COMPLETE
2640,0.09165,0.47134248133377404,5.183951076319727,1.5514918990314905,1476.1251734596226,4.792699168837896,COMPLETE
2641,0.0585,0.20437484099260422,7.321806062638004,1.2992706708708701,0.48160356426463263,0.6304885654340486,COMPLETE
2642,0.11185,0.7269460543210078,7.489439152524652,7.464754916006517,76.1123524238474,0.5985950343657075,COMPLETE
2643,0.1183,0.8598638194179301,7.339695485358947,7.451337432117496,560.4775189597802,1.526275265602974,COMPLETE
2644,0.0769,0.15874387278596874,3.1392684985021675,1.2992706708708701,30.54779366423335,0.5985950343657075,COMPLETE
2645,0.102,0.6885161560354862,7.489439152524652,7.910390071786971,0.022872403443138362,0.5985950343657075,COMPLETE
2646,0.099,0.3758706174018317,1.8297683545569057,2.250646060442683,0.022872403443138362,0.013443980517775006,COMPLETE
2647,0.10275,0.6696629813553042,7.489439152524652,4.101823977297871,153.2860257697558,0.7306953052604724,COMPLETE
2648,0.09705,0.5711982558583876,7.489439152524652,4.390239464358789,117.01164712837071,75.5845149405511,COMPLETE
2649,0.1051,0.688529404091047,7.489439152524652,9.767312130896007,117.01164712837071,90.27810993267666,COMPLETE
2650,0.0746,0.4503939288323687,7.489439152524652,3.0638630129150126,18.15062746414582,0.7306953052604724,COMPLETE
2651,0.14295,0.8517461339181865,5.334411901674462,9.933529862520766,560.4775189597802,0.7306953052604724,COMPLETE
2652,0.10335,0.6796866211593813,7.321806062638004,3.0638630129150126,359.71457230765833,0.5985950343657075,COMPLETE
2653,0.11315,0.760382626532328,7.489439152524652,9.988586281068551,153.2860257697558,4.792699168837896,COMPLETE
2654,0.08625,0.4450115777108592,5.835118976086119,3.922778559017364,0.022872403443138362,1.526275265602974,COMPLETE
2655,0.1289,0.6747453543536954,7.489439152524652,9.988586281068551,111.18850587297112,0.055642506930968824,COMPLETE
2656,0.0671,0.21497008990019176,6.0522471206342585,1.4229998644198496,0.022872403443138362,1.526275265602974,COMPLETE
2657,0.08535,0.4503878384800238,7.339695485358947,5.8081057233180955,10.325552721183772,15.059656956499742,COMPLETE
2658,0.1125,0.7753929818228465,7.398979747077997,9.988586281068551,61.128832411058866,0.5985950343657075,COMPLETE
2659,0.0918,0.5669903108009512,7.339695485358947,2.478178047772644,359.71457230765833,1.0864194972631505,COMPLETE
2660,0.12835,0.8382506676945845,5.334411901674462,9.933529862520766,359.71457230765833,0.5985950343657075,COMPLETE
2661,0.0791,0.43798886725145975,7.489439152524652,1.2992706708708701,1575.9369216711668,0.04619633985528336,COMPLETE
2662,0.1144,0.8198747476336568,7.489439152524652,8.787368643628476,111.18850587297112,0.5985950343657075,COMPLETE
2663,0.1333,0.8828428954366271,7.398979747077997,9.40674807874671,1476.1251734596226,5.362333988540998,COMPLETE
2664,0.0801,0.38813898122761303,7.321806062638004,3.0638630129150126,18.15062746414582,4.034350983351775,COMPLETE
2665,0.10595,0.3186004697691556,0.5467958674953728,9.988586281068551,0.5529959922862323,11.723822492249713,COMPLETE
2666,0.1017,0.6226321479791174,7.339695485358947,8.418374689108267,0.5529959922862323,0.7306953052604724,COMPLETE
2667,0.0753,0.4395878577806494,7.489439152524652,1.5785160613839542,359.71457230765833,1.526275265602974,COMPLETE
2668,0.07715,0.26182372737942106,7.489439152524652,1.2992706708708701,72.43361902630711,0.7306953052604724,COMPLETE
2669,0.0769,0.37466972808648225,7.339695485358947,1.4039906099480848,30.54779366423335,0.030595349341982422,COMPLETE
2670,0.11575,0.2626073664523628,1.3219717646844658,2.7187634325065777,117.01164712837071,20.09686457784381,COMPLETE
2671,0.10275,0.4611582936560456,1.1862559071945329,9.767312130896007,111.18850587297112,0.5985950343657075,COMPLETE
2672,0.09345,0.44107420399597,3.3764870868418666,8.418374689108267,0.022872403443138362,6.713314632633543,COMPLETE
2673,0.0817,0.42585064258387495,3.8346380845705017,1.1278472195740186,1476.1251734596226,4.792699168837896,COMPLETE
2674,0.06485,0.19973518635599447,7.489439152524652,1.2992706708708701,0.022872403443138362,0.5985950343657075,COMPLETE
2675,0.08645,0.3519621925196574,4.731537041347984,4.101823977297871,0.04620160541994263,11.34645454198699,COMPLETE
2676,0.12905,0.82597071433655,7.339695485358947,7.451337432117496,359.71457230765833,0.5985950343657075,COMPLETE
2677,0.07095,0.17858327305960617,7.321806062638004,1.2126459563343854,0.48160356426463263,0.5985950343657075,COMPLETE
2678,0.1047,0.6840310767585963,7.339695485358947,5.196045314781185,111.18850587297112,1.526275265602974,COMPLETE
2679,0.0881,0.3744832371731249,7.398979747077997,3.0156649020845308,0.061530195681195304,0.5985950343657075,COMPLETE
2680,0.10505,0.6871794521852598,7.339695485358947,7.451337432117496,65.42850617031253,2.1102891532478085,COMPLETE
2681,0.06915,0.25531096519964286,7.398979747077997,1.775957688444912,0.061530195681195304,0.5985950343657075,COMPLETE
2682,0.0632,0.13145227318989833,7.489439152524652,1.0259078466407172,0.034009512597071676,4.792699168837896,COMPLETE
2683,0.0709,0.1750218242221926,7.339695485358947,1.1679739768270172,0.4111694316312813,11.34645454198699,COMPLETE
2684,0.11335,0.7663505555924937,7.489439152524652,4.101823977297871,359.71457230765833,0.5985950343657075,COMPLETE
2685,0.1148,0.7752061918345226,7.489439152524652,8.418374689108267,116.68218004772335,1.8602957309646184,COMPLETE
2686,0.0959,0.5856118276145956,7.398979747077997,6.921747883569932,2.4792588435669867,7.7168930647658405,COMPLETE
2687,0.09465,0.13213467194690096,1.0908915990907735,1.352537980384261,4.6216117253800055,1.526275265602974,COMPLETE
2688,0.0774,0.37058575899144763,7.489439152524652,3.0638630129150126,0.061530195681195304,48.90955468432314,COMPLETE
2689,0.07505,0.19554280205955013,7.489439152524652,1.0995680175971454,24.687993700004206,0.2944924768920615,COMPLETE
2690,0.1376,0.65483452269103,3.0209407597308395,9.988586281068551,1476.1251734596226,75.83402605796871,COMPLETE
2691,0.09345,0.4445078048398572,7.489439152524652,4.101823977297871,1.3691441633906023,0.5985950343657075,COMPLETE
2692,0.12865,0.7932564828072732,6.812644630608508,9.988586281068551,1476.1251734596226,0.5985950343657075,COMPLETE
2693,0.07335,0.5416191737096219,7.398979747077997,3.286986734204973,0.061530195681195304,0.5985950343657075,COMPLETE
2694,0.1215,0.7763972140538211,7.0737485364795,4.101823977297871,1476.1251734596226,0.5985950343657075,COMPLETE
2695,0.0766,0.3032917278946331,7.339695485358947,3.1486620010526893,2.4792588435669867,17.887697277262166,COMPLETE
2696,0.06925,0.2048899865578563,7.489439152524652,1.2992706708708701,0.022872403443138362,0.2944924768920615,COMPLETE
2697,0.0765,0.4038036619339525,7.489439152524652,3.0638630129150126,14.25186533096253,2.1102891532478085,COMPLETE
2698,0.1001,0.6355566217114847,7.489439152524652,2.7187634325065777,560.4775189597802,0.7306953052604724,COMPLETE
2699,0.07855,0.3855729948605316,7.489439152524652,2.195218904889921,0.029416276127674536,0.2944924768920615,COMPLETE
2700,0.12885,0.650016408071585,2.177574855564659,9.988586281068551,1476.1251734596226,4.792699168837896,COMPLETE
2701,0.1111,0.6897166331319695,7.339695485358947,5.8081057233180955,359.71457230765833,13.737135040054913,COMPLETE
2702,0.0892,0.48918040736239415,7.489439152524652,1.1815935685680892,1575.9369216711668,0.5985950343657075,COMPLETE
2703,0.08325,0.32204959579508374,7.339695485358947,1.1679739768270172,30.54779366423335,0.030595349341982422,COMPLETE
2704,0.07485,0.32558845345861354,7.489439152524652,2.7187634325065777,0.022872403443138362,0.5985950343657075,COMPLETE
2705,0.0755,0.4966360492038068,7.339695485358947,3.271979231933756,0.5529959922862323,0.7306953052604724,COMPLETE
2706,0.1341,0.46531027444989614,7.398979747077997,9.988586281068551,1476.1251734596226,0.01769111876020265,COMPLETE
2707,0.08935,0.5027475695084432,7.489439152524652,9.988586281068551,2.5486502690575117,11.34645454198699,COMPLETE
2708,0.0929,0.606005329346486,7.339695485358947,7.451337432117496,0.4111694316312813,1.526275265602974,COMPLETE
2709,0.0803,0.31451845715448995,7.489439152524652,2.195218904889921,2.4792588435669867,0.9117374699328749,COMPLETE
2710,0.0985,0.6305162596407031,7.489439152524652,2.2978430190710335,353.64407521246267,0.20061871013406685,COMPLETE
2711,0.1001,0.6707149236101367,7.339695485358947,3.0638630129150126,359.71457230765833,0.5985950343657075,COMPLETE
2712,0.1254,0.6745734383045052,2.2834170732309036,9.988586281068551,420.67948327766373,4.792699168837896,COMPLETE
2713,0.093,0.596132834268973,7.339695485358947,3.1109816593785697,2.4792588435669867,0.030595349341982422,COMPLETE
2714,0.08735,0.32326216470765573,3.4483903725233542,1.471232449326015,226.5883984084263,49.07830804768536,COMPLETE
2715,0.065,0.191076583783239,7.489439152524652,1.2992706708708701,0.0698786668933296,1.796919112531267,COMPLETE
2716,0.0997,0.659489122690457,7.489439152524652,8.418374689108267,5.302665100168709,0.5780656811102108,COMPLETE
2717,0.0788,0.5450266565317237,7.489439152524652,1.4165901695979262,1476.1251734596226,4.792699168837896,COMPLETE
2718,0.10365,0.6089245745013622,7.339695485358947,7.451337432117496,0.4111694316312813,0.670664108362958,COMPLETE
2719,0.0833,0.4326414337805726,4.817070373059405,5.061348409319827,0.5529959922862323,2.1102891532478085,COMPLETE
2720,0.12525,0.8172749015639139,6.812644630608508,8.331825231931314,1476.1251734596226,25.9309591510853,COMPLETE
2721,0.10485,0.6269504753108462,4.124936974976226,7.456062583319383,359.71457230765833,29.5184845851765,COMPLETE
2722,0.05665,0.24822127841485972,7.489439152524652,1.2992706708708701,0.022872403443138362,0.13391944103899936,COMPLETE
2723,0.07535,0.45111936734652297,7.398979747077997,3.0156649020845308,0.061530195681195304,0.5985950343657075,COMPLETE
2724,0.1006,0.6374313648679072,7.489439152524652,7.639970758565217,4.6216117253800055,1.3798903960453108,COMPLETE
2725,0.06895,0.1730838451194636,6.8435536313626235,1.1679739768270172,2.4792588435669867,0.5985950343657075,COMPLETE
2726,0.10335,0.702625737819654,7.489439152524652,8.418374689108267,24.687993700004206,2.1102891532478085,COMPLETE
2727,0.09465,0.4778689443797495,7.489439152524652,4.390239464358789,0.49503102506507474,0.5985950343657075,COMPLETE
2728,0.13585,0.8138398869289777,7.489439152524652,9.988586281068551,1476.1251734596226,0.3069842875322579,COMPLETE
2729,0.1032,0.584787211391721,4.497731497306128,3.0156649020845308,560.4775189597802,0.7306953052604724,COMPLETE
2730,0.1061,0.6998786187834477,7.489439152524652,9.031223997823972,117.01164712837071,8.50771624997185,COMPLETE
2731,0.09475,0.35412116899469126,4.238801201294959,3.1109816593785697,30.54779366423335,18.438888797892503,COMPLETE
2732,0.108,0.5416235152017044,7.489439152524652,1.9687417548891268,1476.1251734596226,0.17234883973664716,COMPLETE
2733,0.07645,0.17652953149026138,2.867360768376005,1.2992706708708701,0.9441518393688032,0.13391944103899936,COMPLETE
2734,0.0911,0.4308026551623462,2.050881093114105,7.639970758565217,0.5785647476977375,4.440421220736968,COMPLETE
2735,0.0773,0.5230108137110753,7.398979747077997,1.775957688444912,359.71457230765833,0.9117374699328749,COMPLETE
2736,0.0622,0.1963820987681912,7.489439152524652,1.2992706708708701,0.022872403443138362,0.7461243588001792,COMPLETE
2737,0.115,0.7901829099227088,7.489439152524652,4.390239464358789,903.991167774609,0.7306953052604724,COMPLETE
2738,0.1334,0.691567058289011,7.321806062638004,9.988586281068551,359.71457230765833,0.07810117449110304,COMPLETE
2739,0.1257,0.452859036891689,1.4673188595301851,9.767312130896007,153.2860257697558,0.7306953052604724,COMPLETE
2740,0.1217,0.8138716733664504,7.489439152524652,9.988586281068551,359.71457230765833,4.792699168837896,COMPLETE
2741,0.08405,0.232782528718921,7.489439152524652,1.2992706708708701,41.52459059467772,0.5985950343657075,COMPLETE
2742,0.08535,0.10809413910663272,0.14403844936055166,1.1679739768270172,2.4792588435669867,0.2944924768920615,COMPLETE
2743,0.1064,0.5990100618063157,2.5410203752027125,7.451337432117496,111.18850587297112,0.5985950343657075,COMPLETE
2744,0.1063,0.6594599386231395,7.489439152524652,4.747344866952802,359.71457230765833,13.737135040054913,COMPLETE
2745,0.14,0.823183909321114,7.489439152524652,9.988586281068551,1476.1251734596226,0.7433164688123308,COMPLETE
2746,0.11265,0.28811393456941276,1.5580192958224186,7.451337432117496,0.022872403443138362,1.1166054580267695,COMPLETE
2747,0.09915,0.5065931989783993,2.748865542250531,7.639970758565217,0.061530195681195304,0.8361517573581612,COMPLETE
2748,0.0864,0.45239750268263623,5.939625134717797,1.775957688444912,359.71457230765833,1.1166054580267695,COMPLETE
2749,0.1003,0.6048066851177658,7.489439152524652,2.172642741850989,560.4775189597802,0.7306953052604724,COMPLETE
2750,0.09955,0.3555357539973599,1.5800187244682347,7.451337432117496,0.4111694316312813,11.34645454198699,COMPLETE
2751,0.11135,0.5006502681906637,3.4470453001307275,7.451337432117496,0.013564606311359794,0.5985950343657075,COMPLETE
2752,0.10295,0.30600605618873017,0.1730304788412924,9.183384849842483,0.022872403443138362,4.792699168837896,COMPLETE
2753,0.09785,0.6738329886166942,7.339695485358947,5.8081057233180955,30.54779366423335,1.0864194972631505,COMPLETE
2754,0.13055,0.6667513017807886,7.321806062638004,7.451337432117496,1623.712957856449,0.035930743764958056,COMPLETE
2755,0.131,0.8377269848850989,7.489439152524652,9.988586281068551,359.71457230765833,0.5985950343657075,COMPLETE
2756,0.0721,0.49148402779392725,7.398979747077997,3.0156649020845308,0.4111694316312813,0.5985950343657075,COMPLETE
2757,0.1102,0.28292378947003466,1.4156377110038225,3.0638630129150126,111.18850587297112,13.737135040054913,COMPLETE
2758,0.08595,0.35313009662106026,7.339695485358947,1.2992706708708701,359.71457230765833,1.0864194972631505,COMPLETE
2759,0.07695,0.37771630470438744,7.489439152524652,3.0638630129150126,3.5214521659170854,1.526275265602974,COMPLETE
2760,0.10365,0.7493890067982812,7.489439152524652,8.418374689108267,65.42850617031253,2.1102891532478085,COMPLETE
2761,0.1412,0.8179746272963077,4.9422546555165185,9.988586281068551,1476.1251734596226,4.792699168837896,COMPLETE
2762,0.09775,0.46331942866462805,7.489439152524652,1.2992706708708701,1476.1251734596226,1.4974390582352017,COMPLETE
2763,0.13605,0.6653577769555905,7.489439152524652,7.639970758565217,359.71457230765833,0.07122195836518193,COMPLETE
2764,0.12065,0.5145979048442841,7.489439152524652,7.451337432117496,111.18850587297112,0.014076374941330768,COMPLETE
2765,0.1005,0.6281002284525141,7.489439152524652,9.931782975583873,4.6216117253800055,0.5985950343657075,COMPLETE
2766,0.08695,0.45677148008181456,7.339695485358947,2.5085832154617,116.68218004772335,1.8602957309646184,COMPLETE
2767,0.12885,0.8260043391753157,4.902025208583916,9.933529862520766,1476.1251734596226,4.792699168837896,COMPLETE
2768,0.1039,0.7456609427684403,7.489439152524652,9.988586281068551,62.608033476744694,1.526275265602974,COMPLETE
2769,0.10245,0.6224296563898579,7.489439152524652,2.195218904889921,1476.1251734596226,0.2944924768920615,COMPLETE
2770,0.12555,0.7302328938097219,2.9158002720479916,9.988586281068551,689.0430841109318,1.2199892149407623,COMPLETE
2771,0.10795,0.4413625388766569,1.993580176577981,7.639970758565217,96.46248962899779,19.20380884499028,COMPLETE
2772,0.13455,0.8836498394921766,7.489439152524652,9.988586281068551,1476.1251734596226,13.737135040054913,COMPLETE
2773,0.098,0.6255978299556106,7.489439152524652,8.418374689108267,0.029684434838745204,2.1102891532478085,COMPLETE
2774,0.135,0.8699914097036533,7.489439152524652,9.767312130896007,3387.048555027306,13.737135040054913,COMPLETE
2775,0.06865,0.1783746153549944,7.489439152524652,1.2992706708708701,1.1623015004251676,0.5985950343657075,COMPLETE
2776,0.11215,0.7451870156443883,7.489439152524652,9.988586281068551,117.01164712837071,4.792699168837896,COMPLETE
2777,0.12625,0.8460593805858733,7.339695485358947,7.475735782875168,359.71457230765833,0.5985950343657075,COMPLETE
2778,0.1147,0.6960673956769063,5.053312300156048,9.988586281068551,111.18850587297112,1.0107008069873842,COMPLETE
2779,0.10355,0.6617842697660308,6.812644630608508,2.37561135351188,1476.1251734596226,4.792699168837896,COMPLETE
2780,0.08575,0.38157810669388187,7.321806062638004,3.0638630129150126,0.45863143291839165,0.5985950343657075,COMPLETE
2781,0.0971,0.5897200094642856,7.489439152524652,8.418374689108267,0.5529959922862323,0.7306953052604724,COMPLETE
2782,0.1199,0.8149045426987842,7.489439152524652,5.8081057233180955,359.71457230765833,1.0864194972631505,COMPLETE
2783,0.1112,0.4428626643797118,2.971362084281863,3.1058706182197895,0.014975620784181872,0.06806446170126322,COMPLETE
2784,0.07965,0.5248095889438685,7.489439152524652,5.5900682653624765,0.4111694316312813,4.792699168837896,COMPLETE
2785,0.11915,0.8189907668386807,7.489439152524652,9.767312130896007,117.01164712837071,0.5985950343657075,COMPLETE
2786,0.1019,0.6049867576234046,7.489439152524652,8.418374689108267,24.687993700004206,2.1102891532478085,COMPLETE
2787,0.11255,0.6392225932377277,7.489439152524652,6.841503767896842,0.48160356426463263,0.010901617205966291,COMPLETE
2788,0.10775,0.7222267335845247,7.489439152524652,9.988586281068551,61.128832411058866,1.526275265602974,COMPLETE
2789,0.10435,0.6337844523635963,7.489439152524652,5.061348409319827,1.0648986935911966,0.08991020054804502,COMPLETE
2790,0.1427,0.8230716999020035,7.321806062638004,9.988586281068551,1476.1251734596226,0.6121247339074257,COMPLETE
2791,0.12335,0.6625077748642887,3.4049882335013466,5.21869827371815,460.6386290353462,0.05343257983071711,COMPLETE
2792,0.10945,0.675650807917561,7.339695485358947,8.418374689108267,0.5529959922862323,0.5985950343657075,COMPLETE
2793,0.11215,0.7304259569964311,4.924879462111701,7.639970758565217,153.2860257697558,0.7306953052604724,COMPLETE
2794,0.0666,0.17836354308644806,7.489439152524652,1.2992706708708701,0.022872403443138362,12.836943672174316,COMPLETE
2795,0.07695,0.5251874463752066,7.398979747077997,3.0156649020845308,61.128832411058866,0.5985950343657075,COMPLETE
2796,0.10885,0.6490990601403446,7.489439152524652,8.418374689108267,61.128832411058866,0.5985950343657075,COMPLETE
2797,0.0978,0.5339509934691421,6.066959815939184,6.7315064140270495,0.5529959922862323,0.5985950343657075,COMPLETE
2798,0.0629,0.1538171626368025,7.489439152524652,1.1032227710679692,2.508374643230767,4.792699168837896,COMPLETE
2799,0.11965,0.6756791260135593,2.5959673700539696,9.988586281068551,359.71457230765833,1.526275265602974,COMPLETE
2800,0.0835,0.5213427542045859,7.398979747077997,3.0156649020845308,61.128832411058866,0.5985950343657075,COMPLETE
2801,0.08745,0.28408836956778416,7.489439152524652,3.036887573554832,0.4111694316312813,4.792699168837896,COMPLETE
2802,0.1096,0.6438039783834945,7.489439152524652,9.988586281068551,0.35357688448377816,0.2944924768920615,COMPLETE
2803,0.1141,0.8135415667128097,7.489439152524652,4.864045119989859,359.71457230765833,0.9117374699328749,COMPLETE
2804,0.1006,0.6019859124276327,7.321806062638004,3.0638630129150126,359.71457230765833,13.737135040054913,COMPLETE
2805,0.0642,0.2557769523915045,7.321806062638004,1.0340435745788543,0.19102953712547566,0.012784201976318259,COMPLETE
2806,0.09565,0.5616961147920609,7.489439152524652,7.639970758565217,0.4111694316312813,4.792699168837896,COMPLETE
2807,0.1005,0.3363945478972598,0.42629040377282534,9.988586281068551,55.527059981048104,4.792699168837896,COMPLETE
2808,0.0753,0.37568560440781723,7.321806062638004,3.0638630129150126,0.061530195681195304,0.5985950343657075,COMPLETE
2809,0.1065,0.7290021413579069,7.339695485358947,7.451337432117496,111.18850587297112,0.6666211743683983,COMPLETE
2810,0.1008,0.6212269555801397,7.339695485358947,3.1109816593785697,359.71457230765833,11.34645454198699,COMPLETE
2811,0.14165,0.8274624088579907,7.321806062638004,9.988586281068551,1476.1251734596226,0.5985950343657075,COMPLETE
2812,0.11955,0.6333644946930778,7.339695485358947,7.741264874327694,0.37954965241659677,0.01482682328837317,COMPLETE
2813,0.10595,0.4562521076578735,0.7879178414960608,8.640690301012873,359.71457230765833,13.737135040054913,COMPLETE
2814,0.1158,0.7691832313595883,7.489439152524652,9.988586281068551,359.71457230765833,96.0170269451217,COMPLETE
2815,0.13905,0.8576928455399188,7.489439152524652,9.988586281068551,1476.1251734596226,4.792699168837896,COMPLETE
2816,0.087,0.5979344126385722,7.339695485358947,5.061348409319827,4.6216117253800055,0.7306953052604724,COMPLETE
2817,0.08365,0.12521974082153672,0.3615884091267516,1.3236785105736883,0.061530195681195304,4.792699168837896,COMPLETE
2818,0.10845,0.6513452975271797,7.489439152524652,3.0638630129150126,1158.4750578183189,13.737135040054913,COMPLETE
2819,0.09005,0.5236868633778011,3.077275222658127,4.101823977297871,279.16080574096725,4.792699168837896,COMPLETE
2820,0.1338,0.8477109808308616,7.398979747077997,7.613140022557079,4430.88556067848,0.4057956875634091,COMPLETE
2821,0.10355,0.6040056624188377,6.262374220716184,7.639970758565217,0.061530195681195304,0.7306953052604724,COMPLETE
2822,0.06335,0.15386960833402372,7.489439152524652,1.0000874311382033,0.061530195681195304,0.5985950343657075,COMPLETE
2823,0.09945,0.5701553271322085,7.489439152524652,9.988586281068551,0.4111694316312813,1.526275265602974,COMPLETE
2824,0.0626,0.19896442995450128,7.339695485358947,1.2992706708708701,0.5529959922862323,0.7306953052604724,COMPLETE
2825,0.12235,0.8303074077278562,7.339695485358947,8.418374689108267,153.2860257697558,0.7306953052604724,COMPLETE
2826,0.08585,0.5014676738301113,7.489439152524652,1.4005311995661764,1575.9369216711668,2.1102891532478085,COMPLETE
2827,0.0907,0.40675639964850113,7.398979747077997,3.0156649020845308,61.128832411058866,70.75111589850609,COMPLETE
2828,0.1116,0.763332528083086,7.489439152524652,9.988586281068551,112.323925330586,1.526275265602974,COMPLETE
2829,0.06505,0.197635296073132,7.339695485358947,1.2992706708708701,0.5529959922862323,0.7306953052604724,COMPLETE
2830,0.13435,0.875775448079036,6.7371965815491315,9.988586281068551,1476.1251734596226,4.792699168837896,COMPLETE
2831,0.0745,0.25158616448981114,2.530664271297527,1.0340435745788543,30.54779366423335,0.019894925294143585,COMPLETE
2832,0.09595,0.5541242705283617,7.339695485358947,5.061348409319827,5.005334715257803,0.7306953052604724,COMPLETE
2833,0.1333,0.8698693269345369,7.489439152524652,9.988586281068551,401.44371298998794,1.526275265602974,COMPLETE
2834,0.0898,0.6280559232850452,7.489439152524652,5.8081057233180955,0.0250089703982017,0.5985950343657075,COMPLETE
2835,0.0995,0.1088901053915745,1.3874158046173477,1.0340435745788543,30.54779366423335,1.283481107063079,COMPLETE
2836,0.0883,0.15530338902338311,1.6016290997521891,1.2992706708708701,0.022872403443138362,0.13391944103899936,COMPLETE
2837,0.09445,0.5413969759372734,7.0433419163274165,9.988586281068551,0.061530195681195304,0.5985950343657075,COMPLETE
2838,0.0704,0.4302720560791456,7.321806062638004,3.0638630129150126,0.19065284922136766,0.5985950343657075,COMPLETE
2839,0.12425,0.5335518256258314,2.081092567451275,9.933529862520766,153.2860257697558,1.526275265602974,COMPLETE
2840,0.1129,0.7292341897725876,7.489439152524652,9.767312130896007,111.18850587297112,13.737135040054913,COMPLETE
2841,0.10455,0.22862659999178608,0.493362589456654,3.0156649020845308,0.4111694316312813,11.34645454198699,COMPLETE
2842,0.0835,0.5515186851981193,7.489439152524652,3.8459573496425885,0.022872403443138362,0.5985950343657075,COMPLETE
2843,0.1239,0.6295286046548701,7.339695485358947,5.8081057233180955,359.71457230765833,0.03412518537064501,COMPLETE
2844,0.10375,0.6727080159267611,6.342579216765849,8.418374689108267,0.022872403443138362,0.13391944103899936,COMPLETE
2845,0.11705,0.8180530594282479,7.489439152524652,7.639970758565217,140.74541086952067,0.7306953052604724,COMPLETE
2846,0.0939,0.5258412835721,6.704460779184793,1.6696540373976054,1272.2493307585592,4.792699168837896,COMPLETE
2847,0.08395,0.428284410918926,7.339695485358947,1.017949891489174,4496.006201408127,0.030595349341982422,COMPLETE
2848,0.1179,0.6315690912759451,6.6676685081133655,9.988586281068551,4.185045220762494,0.12196242711887223,COMPLETE
2849,0.1075,0.6147338961624144,7.489439152524652,3.0638630129150126,61.128832411058866,0.13264217085995422,COMPLETE
2850,0.0817,0.49279113040013417,7.489439152524652,4.101823977297871,19.119565686030754,1.526275265602974,COMPLETE
2851,0.11355,0.7994672609516738,7.489439152524652,8.418374689108267,116.68218004772335,2.1102891532478085,COMPLETE
2852,0.0722,0.2788136036699104,7.339695485358947,1.1679739768270172,2.4792588435669867,0.030595349341982422,COMPLETE
2853,0.11805,0.5048029260141706,2.443046480095686,3.0638630129150126,1476.1251734596226,16.70787107454304,COMPLETE
2854,0.1017,0.6773832998124222,7.489439152524652,5.022322216522533,359.71457230765833,13.737135040054913,COMPLETE
2855,0.0647,0.26071484642514015,7.398979747077997,1.775957688444912,0.061530195681195304,0.5985950343657075,COMPLETE
2856,0.08125,0.5265991735429273,7.489439152524652,9.988586281068551,2.8291571995866174,12.664923375139988,COMPLETE
2857,0.08185,0.5458775635212872,7.321806062638004,3.0638630129150126,61.128832411058866,0.5985950343657075,COMPLETE
2858,0.068,0.20015157412405804,7.489439152524652,1.2992706708708701,4.6498981845080785,1.8602957309646184,COMPLETE
2859,0.0964,0.6831345734821805,7.489439152524652,8.418374689108267,65.42850617031253,2.1102891532478085,COMPLETE
2860,0.10565,0.6778093058951445,7.489439152524652,8.418374689108267,116.68218004772335,13.737135040054913,COMPLETE
2861,0.10655,0.6267009925204355,7.339695485358947,8.418374689108267,24.687993700004206,2.1102891532478085,COMPLETE
2862,0.13815,0.4829269502466838,7.339695485358947,9.988586281068551,359.71457230765833,0.030595349341982422,COMPLETE
2863,0.1118,0.7614293861857397,7.489439152524652,8.418374689108267,116.68218004772335,1.8602957309646184,COMPLETE
2864,0.1112,0.6987490847472211,7.489439152524652,8.418374689108267,65.42850617031253,2.1102891532478085,COMPLETE
2865,0.0865,0.28564004297626755,7.489439152524652,2.195218904889921,2.4792588435669867,0.2944924768920615,COMPLETE
2866,0.0962,0.5745079232036846,7.489439152524652,4.28973733102024,111.18850587297112,13.737135040054913,COMPLETE
2867,0.13135,0.6806757431586491,7.339695485358947,9.933529862520766,112.323925330586,0.0559509809309037,COMPLETE
2868,0.12585,0.6435727190286895,7.321806062638004,6.5024734472550465,359.71457230765833,0.04175551584742247,COMPLETE
2869,0.0665,0.16020551930766996,7.339695485358947,1.1679739768270172,2.4792588435669867,6.018828733972627,COMPLETE
2870,0.1257,0.7508884263057612,7.489439152524652,9.767312130896007,209.87880658124143,13.737135040054913,COMPLETE
2871,0.08835,0.10714485532384856,0.9078172976720889,1.0000874311382033,58.12114238140428,0.1249835063278487,COMPLETE
2872,0.0671,0.12892179482373045,7.489439152524652,1.0000874311382033,0.4111694316312813,4.792699168837896,COMPLETE
2873,0.07705,0.42771440506926617,7.339695485358947,1.3815092067065275,359.71457230765833,25.9309591510853,COMPLETE
2874,0.10315,0.6644665247050929,7.339695485358947,7.829031369859742,0.5529959922862323,0.7306953052604724,COMPLETE
2875,0.06675,0.18315265984210632,7.489439152524652,1.2992706708708701,0.022872403443138362,4.792699168837896,COMPLETE
2876,0.07885,0.27751198329510873,7.339695485358947,1.1679739768270172,2.4792588435669867,0.030595349341982422,COMPLETE
2877,0.072,0.34625362370270846,7.489439152524652,3.1109816593785697,0.11952673222043222,3.3734223080069916,COMPLETE
2878,0.0967,0.6008846800256238,7.489439152524652,9.988586281068551,6.3563590258525675,2.9721846513382584,COMPLETE
2879,0.0777,0.40546582206929604,1.3080147196015777,2.195218904889921,1476.1251734596226,4.792699168837896,COMPLETE
2880,0.0916,0.6571096843829207,7.321806062638004,5.376807828163037,103.50902000687822,4.792699168837896,COMPLETE
2881,0.07325,0.4118715125917963,7.489439152524652,1.775957688444912,153.2860257697558,0.7306953052604724,COMPLETE
2882,0.1203,0.753568665792817,7.489439152524652,7.451337432117496,359.71457230765833,11.34645454198699,COMPLETE
2883,0.09945,0.6000423811596962,6.812644630608508,2.951198361179832,560.4775189597802,1.526275265602974,COMPLETE
2884,0.1313,0.8300789993529294,7.339695485358947,7.451337432117496,1476.1251734596226,11.34645454198699,COMPLETE
2885,0.09865,0.373281113249398,2.2488219013519437,5.6342077292785,0.4606566842929474,0.8848454452058393,COMPLETE
2886,0.1417,0.7833160438060278,4.448326842243869,9.988586281068551,1476.1251734596226,4.792699168837896,COMPLETE
2887,0.1117,0.706670627842531,7.489439152524652,5.610368706174791,116.68218004772335,1.8602957309646184,COMPLETE
2888,0.07455,0.4638584760819971,7.489439152524652,1.0114956203738166,1476.1251734596226,2.1102891532478085,COMPLETE
2889,0.1267,0.8572324944952132,7.339695485358947,7.451337432117496,359.71457230765833,0.7306953052604724,COMPLETE
2890,0.08845,0.4870761013089603,7.489439152524652,3.107169736365082,116.68218004772335,7.537547530487387,COMPLETE
2891,0.06645,0.3241575577464747,7.489439152524652,1.2992706708708701,0.022872403443138362,0.023526414423958017,COMPLETE
2892,0.0769,0.42118106321358684,7.489439152524652,2.4292433488986678,65.42850617031253,2.1102891532478085,COMPLETE
2893,0.1087,0.7829615501434246,7.489439152524652,7.451337432117496,359.71457230765833,11.889313346619694,COMPLETE
2894,0.0964,0.5761092838493304,6.812644630608508,3.0638630129150126,48.73195945558973,0.19144195807357378,COMPLETE
2895,0.07265,0.28507385240439403,4.509055864613991,1.2992706708708701,0.022872403443138362,0.04189332312899492,COMPLETE
2896,0.08975,0.5922389275905271,7.489439152524652,9.988586281068551,1.0859406787940669,1.526275265602974,COMPLETE
2897,0.0796,0.3269024600662325,6.666959706638387,1.0873088568919205,359.71457230765833,19.85962119092576,COMPLETE
2898,0.0854,0.38185843438833106,7.489439152524652,2.7187634325065777,24.017370034222363,13.737135040054913,COMPLETE
2899,0.134,0.8393633472622046,7.339695485358947,5.8081057233180955,1376.2322355243807,1.0864194972631505,COMPLETE
2900,0.1275,0.8488257873152141,6.812644630608508,7.639970758565217,1476.1251734596226,4.792699168837896,COMPLETE
2901,0.0865,0.4755207633060315,1.602650958320292,7.451337432117496,94.5770839714296,11.34645454198699,COMPLETE
2902,0.099,0.4547979915768402,7.398979747077997,3.0156649020845308,61.128832411058866,0.010584868037172613,COMPLETE
2903,0.08655,0.4797545482650874,4.4197057434689215,7.451337432117496,0.011663295973088439,25.9309591510853,COMPLETE
2904,0.0941,0.5319236128005045,7.398979747077997,8.418374689108267,4.6216117253800055,7.839132445746106,COMPLETE
2905,0.0869,0.47555235351293407,7.489439152524652,8.418374689108267,2.311956489536877,12.146893267526337,COMPLETE
2906,0.1044,0.6552513287449528,7.321806062638004,8.400808814673104,0.738442465934532,0.7306953052604724,COMPLETE
2907,0.10245,0.6651870434080732,7.398979747077997,9.988586281068551,0.061530195681195304,0.5985950343657075,COMPLETE
2908,0.1279,0.8255284438516561,7.489439152524652,7.451337432117496,359.71457230765833,1.1166054580267695,COMPLETE
2909,0.0967,0.549160381172234,3.8210128731681903,9.988586281068551,0.022872403443138362,4.792699168837896,COMPLETE
2910,0.0833,0.3319650356717497,7.489439152524652,2.719674925280597,0.4111694316312813,4.792699168837896,COMPLETE
2911,0.1393,0.8939613633391058,7.489439152524652,9.988586281068551,1476.1251734596226,1.8602957309646184,COMPLETE
2912,0.13855,0.507000142307555,6.812644630608508,7.639970758565217,1476.1251734596226,0.015784739212765415,COMPLETE
2913,0.1061,0.5747056444575882,7.489439152524652,1.6164809527757489,1575.9369216711668,2.1102891532478085,COMPLETE
2914,0.116,0.8004388294679617,7.489439152524652,4.101823977297871,1575.9369216711668,2.1102891532478085,COMPLETE
2915,0.14195,0.6062807984747252,7.489439152524652,4.390239464358789,1575.9369216711668,0.04797820662657444,COMPLETE
2916,0.1276,0.525446745612229,7.489439152524652,9.988586281068551,359.71457230765833,0.03152516786742475,COMPLETE
2917,0.0798,0.4295552404671932,5.359340971697118,3.0156649020845308,61.128832411058866,4.792699168837896,COMPLETE
2918,0.1015,0.4761188751647695,5.5150049043702545,5.196045314781185,0.22540262841417696,0.36938529137710135,COMPLETE
2919,0.07445,0.361570477015923,7.339695485358947,1.1679739768270172,359.71457230765833,10.792540722580759,COMPLETE
2920,0.12065,0.7018715625704723,6.666959706638387,9.988586281068551,139.39174644638558,11.54518621482892,COMPLETE
2921,0.1161,0.6526577474772746,7.489439152524652,3.47120146656854,560.4775189597802,0.13391944103899936,COMPLETE
2922,0.07015,0.24777589688099316,7.489439152524652,1.0000874311382033,0.4111694316312813,0.04309722137792593,COMPLETE
2923,0.13445,0.8785392188773467,7.489439152524652,9.988586281068551,359.71457230765833,1.526275265602974,COMPLETE
2924,0.11015,0.5788896062772014,7.339695485358947,1.1966363401209084,9043.367385855341,1.0864194972631505,COMPLETE
2925,0.0996,0.6234455270132448,7.489439152524652,7.276115644850872,0.022872403443138362,0.5985950343657075,COMPLETE
2926,0.08425,0.5743100978291723,7.489439152524652,4.390239464358789,0.41772267640240174,0.5985950343657075,COMPLETE
2927,0.1434,0.8246007597788877,4.8408746479668965,8.418374689108267,1575.9369216711668,2.1102891532478085,COMPLETE
2928,0.0574,0.22774778578972096,7.489439152524652,1.3039471906394462,0.022872403443138362,1.8602957309646184,COMPLETE
2929,0.0893,0.5040435512321979,7.339695485358947,4.4858212874062575,0.48160356426463263,0.5985950343657075,COMPLETE
2930,0.0729,0.23231724865303485,7.489439152524652,1.6408927867910155,0.48160356426463263,0.5985950343657075,COMPLETE
2931,0.1008,0.652910579854873,7.489439152524652,2.7187634325065777,560.4775189597802,0.7306953052604724,COMPLETE
2932,0.0957,0.5416245890622272,7.489439152524652,3.1161513047600877,0.022872403443138362,0.014221485078051358,COMPLETE
2933,0.10205,0.6550511477180403,7.489439152524652,4.390239464358789,117.01164712837071,1.8602957309646184,COMPLETE
2934,0.09135,0.6310163059158601,7.339695485358947,7.451337432117496,0.4111694316312813,1.9422572735997865,COMPLETE
2935,0.0627,0.14915001437622405,7.489439152524652,1.0000874311382033,0.061530195681195304,3.078149166892409,COMPLETE
2936,0.11115,0.7233825331661896,7.489439152524652,4.390239464358789,359.71457230765833,1.1166054580267695,COMPLETE
2937,0.10845,0.6879078637582635,6.8435536313626235,7.639970758565217,153.2860257697558,44.76380938653201,COMPLETE
2938,0.06375,0.17235391740051215,7.489439152524652,1.0000874311382033,0.9358729896740521,0.5985950343657075,COMPLETE
2939,0.11395,0.7678275807491066,5.5150049043702545,5.196045314781185,560.4775189597802,1.1166054580267695,COMPLETE
2940,0.09725,0.6543942865337256,7.489439152524652,7.639970758565217,0.5335410308621299,0.5985950343657075,COMPLETE
2941,0.1433,0.785991576443757,7.489439152524652,9.988586281068551,359.71457230765833,0.2676990315563902,COMPLETE
2942,0.1244,0.8662581903698354,7.489439152524652,5.797600674276281,1476.1251734596226,4.792699168837896,COMPLETE
2943,0.09175,0.20253078731252383,1.2003950964970214,2.3276095777320096,0.09863482686585197,4.792699168837896,COMPLETE
2944,0.09675,0.6230605898914165,7.489439152524652,3.1109816593785697,560.4775189597802,11.34645454198699,COMPLETE
2945,0.0712,0.15083525607585369,4.727756895096573,1.1679739768270172,2.4792588435669867,0.5985950343657075,COMPLETE
2946,0.0646,0.17866036934091853,7.339695485358947,1.2992706708708701,0.2274008931102362,2.567701022107806,COMPLETE
2947,0.1173,0.47982433111728795,5.188903638692757,7.639970758565217,153.2860257697558,0.013398193401796427,COMPLETE
2948,0.1027,0.6850577474471599,7.339695485358947,8.418374689108267,65.42850617031253,2.1102891532478085,COMPLETE
2949,0.08265,0.46704846611729456,7.489439152524652,1.0056485026688822,1476.1251734596226,4.792699168837896,COMPLETE
2950,0.09095,0.59892074986144,7.489439152524652,9.988586281068551,0.5529959922862323,4.792699168837896,COMPLETE
2951,0.0998,0.6251651922806558,5.491633097339707,3.4028870039096115,359.71457230765833,0.9117374699328749,COMPLETE
2952,0.10015,0.5071445271359568,7.489439152524652,9.988586281068551,3.0723707989651468,4.792699168837896,COMPLETE
2953,0.13885,0.8314657939723975,7.489439152524652,9.988586281068551,1476.1251734596226,0.5985950343657075,COMPLETE
2954,0.1028,0.5616399577053464,7.489439152524652,9.988586281068551,0.5423310792346033,1.526275265602974,COMPLETE
2955,0.13635,0.8595830273853658,7.489439152524652,8.722659759722317,346.5903884659161,0.7306953052604724,COMPLETE
2956,0.12355,0.8052733035407207,7.489439152524652,8.418374689108267,359.71457230765833,1.8602957309646184,COMPLETE
2957,0.07515,0.30782117064634945,7.339695485358947,1.1679739768270172,30.54779366423335,0.030595349341982422,COMPLETE
2958,0.1099,0.7200713300714263,7.489439152524652,8.418374689108267,4.6216117253800055,0.12961084312962956,COMPLETE
2959,0.091,0.5514793363095779,7.489439152524652,3.1109816593785697,119.36176574044642,0.8960268918015606,COMPLETE
2960,0.08025,0.36996924887588145,7.321806062638004,3.0638630129150126,0.4111694316312813,0.5985950343657075,COMPLETE
2961,0.13025,0.6418231049355029,6.8435536313626235,7.639970758565217,174.81255899143062,0.04985356761017102,COMPLETE
2962,0.1422,0.8667706984379258,5.5150049043702545,7.0529413064214,2591.9778385808186,2.1102891532478085,COMPLETE
2963,0.14565,0.8643609213607191,6.812644630608508,9.988586281068551,1476.1251734596226,0.9117374699328749,COMPLETE
2964,0.1119,0.6485165844965992,7.339695485358947,8.418374689108267,0.5529959922862323,0.03592175021551325,COMPLETE
2965,0.10795,0.7248724101403644,7.489439152524652,2.7187634325065777,3745.3042824132062,0.7306953052604724,COMPLETE
2966,0.13715,0.7864759562135966,7.489439152524652,7.5785899029687265,297.95173019792173,0.2944924768920615,COMPLETE
2967,0.13955,0.88330530160779,7.489439152524652,9.988586281068551,1476.1251734596226,4.792699168837896,COMPLETE
2968,0.0714,0.5018034303176447,7.489439152524652,2.7652771653358617,112.323925330586,1.526275265602974,COMPLETE
2969,0.0904,0.5787404174486853,6.812644630608508,4.390239464358789,117.01164712837071,25.9309591510853,COMPLETE
2970,0.0668,0.17854952947611613,7.339695485358947,1.1679739768270172,2.4792588435669867,0.19083680961845448,COMPLETE
2971,0.11315,0.748024927889222,7.339695485358947,7.451337432117496,153.2860257697558,0.7306953052604724,COMPLETE
2972,0.09475,0.260575905313355,0.9618436533245409,1.3726866419579553,1575.9369216711668,2.1102891532478085,COMPLETE
2973,0.0792,0.3827653228546526,7.339695485358947,1.775957688444912,0.061530195681195304,0.030595349341982422,COMPLETE
2974,0.1066,0.6360255468479912,7.339695485358947,8.075871294584745,0.5529959922862323,0.01253906235398645,COMPLETE
2975,0.0797,0.3530454187974793,7.489439152524652,1.0856540586347518,359.71457230765833,4.792699168837896,COMPLETE
2976,0.1226,0.656126087790335,7.489439152524652,8.418374689108267,24.687993700004206,0.016916853351584046,COMPLETE
2977,0.06525,0.19583430905374008,7.489439152524652,1.2992706708708701,0.022872403443138362,4.792699168837896,COMPLETE
2978,0.09785,0.5071735345980325,5.31616363407229,7.451337432117496,0.7557635907231842,11.34645454198699,COMPLETE
2979,0.12385,0.8005210734942455,7.489439152524652,9.988586281068551,112.323925330586,1.526275265602974,COMPLETE
2980,0.13715,0.8407517490397675,6.666959706638387,8.418374689108267,1688.3846346819648,0.5985950343657075,COMPLETE
2981,0.1253,0.8835313255152045,7.489439152524652,9.988586281068551,359.71457230765833,1.526275265602974,COMPLETE
2982,0.11745,0.6727841700630028,5.860134276136747,7.639970758565217,42.96328679420298,0.7306953052604724,COMPLETE
2983,0.0961,0.5176779209888117,7.398979747077997,8.418374689108267,0.061530195681195304,2.084815282368795,COMPLETE
2984,0.0912,0.45368488158556586,1.8539900159211065,2.270671138380184,1476.1251734596226,4.792699168837896,COMPLETE
2985,0.09915,0.46562041950365646,5.249243267348295,9.988586281068551,0.10751200504497899,75.14918813444366,COMPLETE
2986,0.10465,0.47966078201779366,7.489439152524652,2.195218904889921,2.4792588435669867,0.039738520410628635,COMPLETE
2987,0.0912,0.5725066075538795,7.489439152524652,5.8081057233180955,0.16096012719650646,1.0864194972631505,COMPLETE
2988,0.08195,0.21172870776202712,5.0892162862195764,1.775957688444912,0.061530195681195304,13.737135040054913,COMPLETE
2989,0.0654,0.16766606554891306,7.489439152524652,1.11404869595773,0.5529959922862323,0.7306953052604724,COMPLETE
2990,0.0958,0.6310751945521753,7.489439152524652,8.418374689108267,24.687993700004206,2.1102891532478085,COMPLETE
2991,0.0824,0.3761363298496754,7.339695485358947,1.1679739768270172,359.71457230765833,0.5587634728916858,COMPLETE
2992,0.0636,0.1785169597834623,7.489439152524652,1.0000874311382033,0.4111694316312813,0.13391944103899936,COMPLETE
2993,0.0697,0.1327863494205968,7.321806062638004,1.0340435745788543,2.4792588435669867,44.76380938653201,COMPLETE
2994,0.1273,0.8572858393132786,7.489439152524652,9.988586281068551,359.71457230765833,1.8134624463948232,COMPLETE
2995,0.1041,0.629829993959637,7.489439152524652,2.7187634325065777,560.4775189597802,6.8607550725029505,COMPLETE
2996,0.1372,0.8699828029145529,7.489439152524652,9.988586281068551,1476.1251734596226,4.792699168837896,COMPLETE
2997,0.06605,0.25081593576682437,7.489439152524652,1.2992706708708701,0.02337465332019417,0.13391944103899936,COMPLETE
2998,0.1235,0.5511249954910928,1.1048982806666592,7.411392794743276,1476.1251734596226,4.792699168837896,COMPLETE
2999,0.1349,0.9077012048863875,7.489439152524652,8.418374689108267,9454.457281601339,2.1102891532478085,COMPLETE
3000,0.09535,0.5293942524272703,7.489439152524652,9.767312130896007,0.05966034020864583,4.792699168837896,COMPLETE
3001,0.1148,0.681649808890973,4.183832560476854,4.101823977297871,359.71457230765833,0.34016073318928575,COMPLETE
3002,0.0807,0.16572062353768222,3.7641616708272325,1.2992706708708701,0.02393360724795977,1.1166054580267695,COMPLETE
3003,0.1001,0.6403122155991997,7.489439152524652,8.418374689108267,0.04963982445946961,2.1102891532478085,COMPLETE
3004,0.0763,0.2512494245555461,7.489439152524652,1.0000874311382033,0.4111694316312813,0.021862647909230412,COMPLETE
3005,0.1308,0.6615913898206947,7.489439152524652,9.145253513588663,359.71457230765833,0.08052400512692084,COMPLETE
3006,0.09865,0.2825221948252492,1.1537937265797742,3.8552898439814096,0.061530195681195304,0.5985950343657075,COMPLETE
3007,0.08715,0.5267573195946044,7.489439152524652,9.767312130896007,0.12302676984227283,13.737135040054913,COMPLETE
3008,0.1138,0.8203525845410582,7.339695485358947,7.639970758565217,153.2860257697558,0.7306953052604724,COMPLETE
3009,0.09915,0.6140481065447482,7.489439152524652,3.0638630129150126,359.71457230765833,13.737135040054913,COMPLETE
3010,0.1024,0.6686400082433929,7.489439152524652,8.418374689108267,24.687993700004206,2.1102891532478085,COMPLETE
3011,0.09865,0.5466893385876932,7.489439152524652,9.988586281068551,0.48160356426463263,34.8774023697913,COMPLETE
3012,0.09455,0.546519127133033,7.339695485358947,8.035209547988167,3.981802412158924,4.792699168837896,COMPLETE
3013,0.1085,0.677825346817032,7.321806062638004,3.0638630129150126,560.4775189597802,0.5985950343657075,COMPLETE
3014,0.08285,0.3584294015234701,7.321806062638004,3.0638630129150126,0.4190647479583424,4.792699168837896,COMPLETE
3015,0.0779,0.10247286599275912,0.4351346408045419,1.0340435745788543,30.54779366423335,0.5985950343657075,COMPLETE
3016,0.0885,0.6343629156573578,7.321806062638004,8.418374689108267,4.6216117253800055,1.3964044847064154,COMPLETE
3017,0.11775,0.40684224246333833,0.34863408683587094,3.1109816593785697,30.54779366423335,0.030212930605288454,COMPLETE
3018,0.0992,0.6763355144422729,7.339695485358947,7.7092517701854195,30.54779366423335,1.526275265602974,COMPLETE
3019,0.0635,0.15016766842140372,7.489439152524652,1.0000874311382033,0.4111694316312813,4.792699168837896,COMPLETE
3020,0.1442,0.8966042107201396,6.099963448901082,9.988586281068551,1476.1251734596226,2.1102891532478085,COMPLETE
3021,0.09125,0.5251208072501826,7.489439152524652,3.228869749865527,111.18850587297112,13.737135040054913,COMPLETE
3022,0.0921,0.5209250367346542,7.339695485358947,7.451337432117496,0.018441978141097454,11.34645454198699,COMPLETE
3023,0.07045,0.25578035300137747,7.398979747077997,1.775957688444912,0.061530195681195304,0.5985950343657075,COMPLETE
3024,0.0654,0.19587335212685986,7.321806062638004,1.0340435745788543,30.54779366423335,0.5985950343657075,COMPLETE
3025,0.1193,0.6529470682916236,5.334411901674462,5.885311273512638,112.323925330586,0.03952223247594178,COMPLETE
3026,0.0992,0.40746314256618055,1.1465340247413676,4.101823977297871,359.71457230765833,12.146893267526337,COMPLETE
3027,0.06595,0.1473660984239153,7.321806062638004,1.0000874311382033,0.05413481926539975,0.5985950343657075,COMPLETE
3028,0.08205,0.40446749150650524,7.398979747077997,3.0638630129150126,0.061530195681195304,0.5985950343657075,COMPLETE
3029,0.10225,0.5998483113238311,6.666959706638387,9.988586281068551,0.022872403443138362,0.5985950343657075,COMPLETE
3030,0.12285,0.7915284930110171,7.489439152524652,4.197913193959432,1476.1251734596226,0.5985950343657075,COMPLETE
3031,0.09055,0.3918928392033892,2.3440880736499463,3.9396071823114647,111.18850587297112,4.792699168837896,COMPLETE
3032,0.14175,0.8139695997852967,5.416419282460999,8.418374689108267,6571.130826112113,0.5985950343657075,COMPLETE
3033,0.12295,0.49760490921447725,2.752312060017252,9.767312130896007,111.18850587297112,0.015893547953107892,COMPLETE
3034,0.0744,0.24989741554408407,7.489439152524652,1.775957688444912,0.061530195681195304,3.679865972069919,COMPLETE
3035,0.1359,0.8837380839216227,6.812644630608508,9.988586281068551,1476.1251734596226,4.792699168837896,COMPLETE
3036,0.1137,0.4748164829636244,0.67834223606029,9.988586281068551,1476.1251734596226,1.526275265602974,COMPLETE
3037,0.131,0.882221088795061,7.489439152524652,9.988586281068551,1476.1251734596226,4.792699168837896,COMPLETE
3038,0.09835,0.620808968310919,7.489439152524652,3.4285343933579093,153.2860257697558,0.7306953052604724,COMPLETE
3039,0.10885,0.7520648090928774,7.489439152524652,9.767312130896007,116.68218004772335,13.737135040054913,COMPLETE
3040,0.0749,0.5212962128253895,7.339695485358947,2.957897552641991,2.4792588435669867,0.030595349341982422,COMPLETE
3041,0.1116,0.7244277406495008,5.577789975368826,8.418374689108267,112.323925330586,1.526275265602974,COMPLETE
3042,0.07075,0.4487362463735648,7.489439152524652,2.1071886461782747,153.2860257697558,0.7306953052604724,COMPLETE
3043,0.07895,0.46604130557036777,7.339695485358947,4.004766151574847,30.54779366423335,11.34645454198699,COMPLETE
3044,0.10715,0.6352742262327198,7.398979747077997,7.451337432117496,61.128832411058866,1.7506305859961395,COMPLETE
3045,0.08975,0.4634238122176048,7.489439152524652,4.101823977297871,0.48160356426463263,0.5985950343657075,COMPLETE
3046,0.0753,0.3052834164074601,7.321806062638004,1.3892211555560452,76.56449673890558,35.224336192679345,COMPLETE
3047,0.1325,0.9139757177815558,7.489439152524652,9.988586281068551,1476.1251734596226,4.792699168837896,COMPLETE
3048,0.12755,0.8393755136014177,6.812644630608508,9.988586281068551,216.92465949991893,0.7306953052604724,COMPLETE
3049,0.11245,0.6247566577179026,5.47355679891981,4.306653628528161,359.71457230765833,1.0864194972631505,COMPLETE
3050,0.0828,0.3548304192784641,7.489439152524652,3.0156649020845308,1.3419623330880024,15.132251616207864,COMPLETE
3051,0.06835,0.16274976439127362,7.489439152524652,1.1720712688582464,2.4792588435669867,0.5985950343657075,COMPLETE
3052,0.14395,0.8300743894382216,3.508421779973718,7.970045508831415,560.4775189597802,0.46984181317994417,COMPLETE
3053,0.11755,0.6157240139634705,7.489439152524652,9.064108610678831,0.022872403443138362,0.5985950343657075,COMPLETE
3054,0.09785,0.6230848430423533,7.489439152524652,5.8081057233180955,0.0250089703982017,1.1166054580267695,COMPLETE
3055,0.1406,0.756709939417876,7.489439152524652,4.101823977297871,2285.4296194889994,0.5985950343657075,COMPLETE
3056,0.12755,0.8906337760042917,7.489439152524652,9.988586281068551,1476.1251734596226,4.792699168837896,COMPLETE
3057,0.05885,0.20351111474621028,7.489439152524652,1.2992706708708701,0.04913870058689309,2.1102891532478085,COMPLETE
3058,0.05765,0.2483024799369827,7.489439152524652,1.2992706708708701,0.022872403443138362,0.13391944103899936,COMPLETE
3059,0.1087,0.3980295897506187,1.0618746247051478,5.8081057233180955,30.54779366423335,0.5985950343657075,COMPLETE
3060,0.08885,0.5247430195249141,7.489439152524652,9.767312130896007,2.0140685478048517,13.737135040054913,COMPLETE
3061,0.1198,0.5735192204815633,7.489439152524652,2.895324930376958,359.71457230765833,0.06016419094765034,COMPLETE
3062,0.124,0.7261045759350778,7.339695485358947,4.541284660643183,2127.3389592495078,0.1865771774932903,COMPLETE
3063,0.11435,0.5034542463910983,7.321806062638004,8.418374689108267,65.42850617031253,0.015267833968254403,COMPLETE
3064,0.11105,0.6835484266699436,7.339695485358947,5.8081057233180955,359.71457230765833,4.792699168837896,COMPLETE
3065,0.1081,0.5244307781305767,1.1343419286846357,7.639970758565217,359.71457230765833,0.7306953052604724,COMPLETE
3066,0.12055,0.8418815281478077,7.489439152524652,7.824522864034197,1476.1251734596226,11.34645454198699,COMPLETE
3067,0.1301,0.6442222211817218,7.339695485358947,7.451337432117496,252.48623881741065,0.03164573083187518,COMPLETE
3068,0.12775,0.8748628335407072,7.489439152524652,9.988586281068551,359.71457230765833,1.526275265602974,COMPLETE
3069,0.0952,0.6662369402413538,7.489439152524652,5.8081057233180955,50.367371997918646,1.0864194972631505,COMPLETE
3070,0.10875,0.6652202219039395,7.489439152524652,5.8081057233180955,0.0250089703982017,0.5985950343657075,COMPLETE
3071,0.08325,0.5263543558327913,6.8435536313626235,6.5204090105544035,2.4792588435669867,30.055672594187193,COMPLETE
3072,0.10675,0.3066728384701684,0.5628899245476192,4.101823977297871,0.042640733128761564,0.4416812200857163,COMPLETE
3073,0.0985,0.651525361699582,7.489439152524652,8.418374689108267,6.871360722485,0.7306953052604724,COMPLETE
3074,0.07205,0.3979614452776586,4.894938005712902,1.2992706708708701,359.71457230765833,0.2224483681132728,COMPLETE
3075,0.09825,0.5497861672255947,5.5150049043702545,8.418374689108267,10.137389991132011,1.526275265602974,COMPLETE
3076,0.12495,0.29588404717017,0.11580485053044379,8.418374689108267,1575.9369216711668,0.7306953052604724,COMPLETE
3077,0.10775,0.6878292299729521,7.489439152524652,3.0638630129150126,1476.1251734596226,4.792699168837896,COMPLETE
3078,0.10665,0.49036365083585287,1.8688406577096843,7.639970758565217,112.323925330586,0.7306953052604724,COMPLETE
3079,0.13275,0.647880722484316,6.826262344628805,7.086252919406348,21.255190112180426,0.016408245153274388,COMPLETE
3080,0.13605,0.8464167128679574,6.812644630608508,9.287128980955003,1476.1251734596226,0.7448443868757905,COMPLETE
3081,0.0842,0.542774795175862,7.489439152524652,8.418374689108267,0.061530195681195304,2.1102891532478085,COMPLETE
3082,0.1025,0.39744868327020194,1.0673526644986353,3.0638630129150126,0.022872403443138362,0.038842611567199786,COMPLETE
3083,0.08395,0.4778898739832804,7.489439152524652,3.1109816593785697,30.54779366423335,0.7306953052604724,COMPLETE
3084,0.1223,0.820994003664553,7.489439152524652,9.988586281068551,381.4908113250647,4.792699168837896,COMPLETE
3085,0.1472,0.9007842619567146,7.489439152524652,9.988586281068551,1476.1251734596226,2.1102891532478085,COMPLETE
3086,0.1415,0.883828292717698,5.63708682766951,9.988586281068551,863.0256175583659,1.5698191831026844,COMPLETE
3087,0.0887,0.5257103296181267,7.398979747077997,5.8081057233180955,0.061530195681195304,4.640749276950073,COMPLETE
3088,0.0958,0.5980698808299729,7.489439152524652,9.988586281068551,0.013814080579590004,1.526275265602974,COMPLETE
3089,0.0841,0.37960979914137577,7.321806062638004,1.1679739768270172,359.71457230765833,1.770411843169564,COMPLETE
3090,0.1278,0.876843484351612,7.489439152524652,8.418374689108267,560.4775189597802,2.1102891532478085,COMPLETE
3091,0.05865,0.18208353681029457,7.489439152524652,1.1533918696729237,0.022872403443138362,0.7491238600289779,COMPLETE
3092,0.09455,0.4768418265317206,7.489439152524652,8.418374689108267,1.9483787371016945,13.737135040054913,COMPLETE
3093,0.08275,0.36656317277818173,7.489439152524652,1.6850399742286708,129.91898012338703,2.1102891532478085,COMPLETE
3094,0.1157,0.6114279735562493,7.489439152524652,1.5375091174642328,4903.332222475881,0.7306953052604724,COMPLETE
3095,0.08265,0.4487372169554068,7.489439152524652,3.630763247417991,0.39574086490078153,1.8602957309646184,COMPLETE
3096,0.059,0.2649292846653621,7.489439152524652,1.2992706708708701,0.01081519556413028,0.13391944103899936,COMPLETE
3097,0.0919,0.5489598323553492,7.489439152524652,9.988586281068551,25.97346052127663,44.50581537038333,COMPLETE
3098,0.08615,0.47096107804766635,7.489439152524652,4.263578939247651,30.54779366423335,11.34645454198699,COMPLETE
3099,0.10255,0.6275732669852385,7.268885539266936,2.7187634325065777,560.4775189597802,0.7306953052604724,COMPLETE
3100,0.08255,0.3976132123505685,5.312602784443303,1.3330073966086562,359.71457230765833,0.5985950343657075,COMPLETE
3101,0.07695,0.4032630072752181,7.398979747077997,3.0156649020845308,0.061530195681195304,0.5985950343657075,COMPLETE
3102,0.07545,0.32659331912026845,7.489439152524652,2.3925358337122313,2.2033690429501815,1.526275265602974,COMPLETE
3103,0.09375,0.6042059906816173,7.489439152524652,5.753795483677452,0.061530195681195304,0.5985950343657075,COMPLETE
3104,0.11265,0.656097473174769,7.489439152524652,3.0638630129150126,1476.1251734596226,13.737135040054913,COMPLETE
3105,0.1286,0.8594329354222011,7.489439152524652,9.988586281068551,544.3210071908984,4.792699168837896,COMPLETE
3106,0.1065,0.6757358439033323,7.489439152524652,8.418374689108267,0.019864181534848337,0.5985950343657075,COMPLETE
3107,0.1245,0.6539171281306397,4.132313675053172,4.518876957125516,2227.4427190722467,45.408080098325875,COMPLETE
3108,0.0771,0.37756520207379485,7.321806062638004,1.1679739768270172,61.128832411058866,0.030595349341982422,COMPLETE
3109,0.07705,0.371297324691414,7.339695485358947,3.1109816593785697,1.295578309521323,11.34645454198699,COMPLETE
3110,0.10335,0.683468774892704,7.489439152524652,8.418374689108267,25.0907456593816,0.5985950343657075,COMPLETE
3111,0.12275,0.42112135538589834,2.058264848132141,9.988586281068551,112.323925330586,1.526275265602974,COMPLETE
3112,0.09705,0.43570067516258276,5.334411901674462,3.1109816593785697,112.323925330586,13.027145571361938,COMPLETE
3113,0.1369,0.8566209722864707,7.398979747077997,9.988586281068551,1688.3846346819648,12.146893267526337,COMPLETE
3114,0.1034,0.30213238901523143,0.2777601292242505,1.8300473814324036,111.18850587297112,0.010582367205955994,COMPLETE
3115,0.0699,0.1845948561570265,7.489439152524652,1.2992706708708701,0.022872403443138362,0.5985950343657075,COMPLETE
3116,0.074,0.2523413286045379,7.489439152524652,1.2992706708708701,65.42850617031253,2.1102891532478085,COMPLETE
3117,0.1092,0.6404698075249056,7.339695485358947,8.934542132109442,0.5771276602958424,0.5985950343657075,COMPLETE
3118,0.0948,0.574418453009814,3.9383399752697756,4.377243485812329,116.68218004772335,0.7306953052604724,COMPLETE
3119,0.0932,0.4552055445115042,2.7939352271994102,2.7187634325065777,560.4775189597802,1.3668442009419919,COMPLETE
3120,0.1216,0.7016831565383944,7.489439152524652,3.0638630129150126,1476.1251734596226,0.3681767360727985,COMPLETE
3121,0.0855,0.3794016991963061,7.489439152524652,1.2992706708708701,359.71457230765833,1.0832078239030967,COMPLETE
3122,0.12655,0.9246174261040243,7.489439152524652,9.988586281068551,1476.1251734596226,4.792699168837896,COMPLETE
3123,0.07065,0.42467478727204105,7.321806062638004,3.0156649020845308,30.54779366423335,1.4955110797688442,COMPLETE
3124,0.09075,0.5764523338136913,7.489439152524652,8.418374689108267,0.012996980873501873,2.1102891532478085,COMPLETE
3125,0.1209,0.5617234799815009,3.347042122354044,7.451337432117496,194.26654642322512,11.34645454198699,COMPLETE
3126,0.1158,0.7910694487358334,7.489439152524652,7.516679917121334,116.68218004772335,0.7306953052604724,COMPLETE
3127,0.06125,0.155725329564863,7.339695485358947,1.0340435745788543,0.958646564439013,4.792699168837896,COMPLETE
3128,0.08105,0.4966730713689014,7.339695485358947,3.0638630129150126,61.128832411058866,0.5985950343657075,COMPLETE
3129,0.1076,0.6565728998931835,7.489439152524652,8.418374689108267,4.6216117253800055,0.5985950343657075,COMPLETE
3130,0.081,0.5005324552418954,7.339695485358947,4.212731449975979,0.5529959922862323,0.7306953052604724,COMPLETE
3131,0.08835,0.33012370640248734,4.0436686605401535,3.1109816593785697,0.07169249295291848,1.526275265602974,COMPLETE
3132,0.11605,0.7281042707863432,7.321806062638004,8.418374689108267,116.68218004772335,1.3964044847064154,COMPLETE
3133,0.08635,0.4801723788666003,7.321806062638004,4.230233502875716,2.8391670848823316,0.5985950343657075,COMPLETE
3134,0.0927,0.37386270632013074,5.41100642495178,3.1109816593785697,30.54779366423335,11.34645454198699,COMPLETE
3135,0.11625,0.31431891244147164,0.10638030074312493,9.988586281068551,6576.76871350195,4.792699168837896,COMPLETE
3136,0.062,0.2010526745017218,6.837969923110865,1.2992706708708701,0.5529959922862323,0.7306953052604724,COMPLETE
3137,0.07005,0.2991686681414074,6.870539828154805,1.775957688444912,0.958834076604531,0.5985950343657075,COMPLETE
3138,0.1141,0.6512625145032803,2.5187927399905097,8.418374689108267,1476.1251734596226,4.792699168837896,COMPLETE
3139,0.0642,0.23065778086493932,7.489439152524652,1.4297349448428534,0.6494832708888578,0.8066172090490491,COMPLETE
3140,0.11475,0.7911088739148192,7.339695485358947,9.988586281068551,359.71457230765833,7.04894948839478,COMPLETE
3141,0.07425,0.17958439578385468,7.398979747077997,1.0340435745788543,30.54779366423335,0.5985950343657075,COMPLETE
3142,0.13365,0.72952353506767,4.387227941704022,9.767312130896007,1476.1251734596226,13.737135040054913,COMPLETE
3143,0.11385,0.8160706216361138,7.339695485358947,5.8081057233180955,359.71457230765833,1.0864194972631505,COMPLETE
3144,0.0994,0.5549964004835021,6.8435536313626235,8.418374689108267,2.4792588435669867,2.1102891532478085,COMPLETE
3145,0.1282,0.8362459690445722,7.489439152524652,8.122308631728174,359.71457230765833,0.5985950343657075,COMPLETE
3146,0.14365,0.6931344059794504,4.218346379489568,9.988586281068551,1476.1251734596226,0.13813610308976335,COMPLETE
3147,0.08265,0.28440395043807815,7.489439152524652,3.0156649020845308,0.061530195681195304,46.99229483019099,COMPLETE
3148,0.10015,0.5822134488937224,7.489439152524652,3.0638630129150126,359.71457230765833,13.737135040054913,COMPLETE
3149,0.1387,0.9131405733571202,7.489439152524652,8.418374689108267,1575.9369216711668,2.1102891532478085,COMPLETE
3150,0.1112,0.5299218759085679,3.1562602152568227,9.988586281068551,111.18850587297112,4.792699168837896,COMPLETE
3151,0.10855,0.7296733313818227,7.321806062638004,7.639970758565217,153.2860257697558,22.849861822430388,COMPLETE
3152,0.1179,0.6683727394245339,7.339695485358947,8.418374689108267,0.5529959922862323,0.032334113548120075,COMPLETE
3153,0.1115,0.7289512009136183,7.489439152524652,9.767312130896007,65.42850617031253,2.1102891532478085,COMPLETE
3154,0.13125,0.7508747073307417,7.321806062638004,3.0638630129150126,9300.393030001447,0.5985950343657075,COMPLETE
3155,0.12745,0.8045225107750505,7.339695485358947,7.451337432117496,359.71457230765833,1.526275265602974,COMPLETE
3156,0.1241,0.7451082029805836,7.321806062638004,3.0638630129150126,4637.536880700718,0.5985950343657075,COMPLETE
3157,0.0914,0.2601335144455298,4.030914236569052,2.195218904889921,2.4792588435669867,0.38183444392139865,COMPLETE
3158,0.1211,0.8379682178527537,7.489439152524652,8.418374689108267,814.4232945500095,4.792699168837896,COMPLETE
3159,0.10255,0.6750628864830035,7.489439152524652,8.418374689108267,24.687993700004206,2.1102891532478085,COMPLETE
3160,0.1373,0.8548479558649348,7.489439152524652,9.988586281068551,1476.1251734596226,4.792699168837896,COMPLETE
3161,0.10465,0.6731240242897053,7.339695485358947,7.451337432117496,111.18850587297112,11.34645454198699,COMPLETE
3162,0.1114,0.748158988555005,7.489439152524652,9.988586281068551,152.4126950865307,4.792699168837896,COMPLETE
3163,0.13815,0.8854407371908241,7.489439152524652,7.639970758565217,1476.1251734596226,2.589752601507347,COMPLETE
3164,0.15715,0.7994012533939252,2.7881770747513497,9.988586281068551,1476.1251734596226,0.6572735784597593,COMPLETE
3165,0.1179,0.632350420316168,7.489439152524652,8.418374689108267,0.039566814120042974,0.02850041833851111,COMPLETE
3166,0.1154,0.8228826116618335,7.339695485358947,6.612639322764853,359.71457230765833,1.3157650113770214,COMPLETE
3167,0.11125,0.7016517147421107,7.489439152524652,9.767312130896007,111.18850587297112,13.737135040054913,COMPLETE
3168,0.0883,0.481567642232008,7.489439152524652,6.637719713743008,0.4111694316312813,13.737135040054913,COMPLETE
3169,0.10795,0.4198546148900313,2.6276707646543045,9.988586281068551,2.4792588435669867,3.392017410386626,COMPLETE
3170,0.13305,0.9117039416491716,7.339695485358947,9.988586281068551,1476.1251734596226,3.646616628444733,COMPLETE
3171,0.06435,0.1986876242321372,6.941426765367179,1.3001953812561144,2.4792588435669867,0.5985950343657075,COMPLETE
3172,0.10705,0.6424028628699169,6.812644630608508,9.988586281068551,4.6216117253800055,0.5985950343657075,COMPLETE
3173,0.09125,0.4370499447737094,7.339695485358947,5.061348409319827,0.5529959922862323,12.146893267526337,COMPLETE
3174,0.0758,0.4490107258826021,7.398979747077997,3.0156649020845308,0.061530195681195304,0.5985950343657075,COMPLETE
3175,0.124,0.8239400466286434,7.489439152524652,5.491696423561388,9454.457281601339,0.7306953052604724,COMPLETE
3176,0.11465,0.7504323918139043,5.698757751391829,9.767312130896007,111.18850587297112,0.5985950343657075,COMPLETE
3177,0.13495,0.5286871076499976,7.489439152524652,5.8081057233180955,1476.1251734596226,0.016695803232612907,COMPLETE
3178,0.10845,0.5571098647287722,7.489439152524652,5.8081057233180955,0.4344363663961553,0.5985950343657075,COMPLETE
3179,0.11805,0.6606264470984224,6.767862473621836,3.1109816593785697,1476.1251734596226,11.34645454198699,COMPLETE
3180,0.0774,0.30665077411077934,7.489439152524652,1.7604157047476263,0.022872403443138362,0.13391944103899936,COMPLETE
3181,0.10655,0.644686047372639,6.217131946493271,8.418374689108267,116.68218004772335,4.792699168837896,COMPLETE
3182,0.0868,0.312085772035138,7.339695485358947,3.1109816593785697,0.4111694316312813,11.34645454198699,COMPLETE
3183,0.08075,0.4000592279384984,7.321806062638004,3.0638630129150126,0.19809052525740356,0.578891918473586,COMPLETE
3184,0.0751,0.47696771966637924,7.489439152524652,2.3494320904147354,116.68218004772335,4.792699168837896,COMPLETE
3185,0.09235,0.5453869037624357,5.115762892267322,3.1275582369782446,0.05407719367866828,0.013017899038106092,COMPLETE
3186,0.0611,0.2512934144713271,6.666959706638387,1.1679739768270172,2.4792588435669867,0.030595349341982422,COMPLETE
3187,0.0643,0.1557912208781667,6.8435536313626235,1.1679739768270172,0.38692766318110855,75.72434995000233,COMPLETE
3188,0.12765,0.7337704560894872,7.398979747077997,3.0156649020845308,8103.285862654242,0.5753688642532865,COMPLETE
3189,0.1267,0.8428328944868141,7.489439152524652,7.639970758565217,359.71457230765833,0.5985950343657075,COMPLETE
3190,0.1015,0.5738331937895423,6.666959706638387,9.988586281068551,0.011456668750556774,4.792699168837896,COMPLETE
3191,0.09555,0.6920886918529211,7.489439152524652,7.184951772628472,50.440871221799064,2.1102891532478085,COMPLETE
3192,0.083,0.28473171168683176,7.339695485358947,1.1679739768270172,153.2860257697558,0.7306953052604724,COMPLETE
3193,0.0798,0.5431105610881769,7.321806062638004,3.0638630129150126,61.128832411058866,0.5985950343657075,COMPLETE
3194,0.0896,0.5245138008032966,6.8435536313626235,3.0638630129150126,2.4792588435669867,0.014404527092571938,COMPLETE
3195,0.10395,0.6557600622476384,7.398979747077997,8.418374689108267,0.5529959922862323,0.5985950343657075,COMPLETE
3196,0.1081,0.5842934158967681,7.489439152524652,3.0638630129150126,359.71457230765833,13.737135040054913,COMPLETE
3197,0.07915,0.4514801818434855,7.489439152524652,1.0189702302348118,1476.1251734596226,1.526275265602974,COMPLETE
3198,0.0849,0.4407994338875255,7.489439152524652,3.0724131373419303,30.54779366423335,2.1102891532478085,COMPLETE
3199,0.0678,0.13287263919018868,7.489439152524652,1.0000874311382033,0.4111694316312813,79.39587471908287,COMPLETE
3200,0.1018,0.6737129248460441,7.339695485358947,8.418374689108267,0.5529959922862323,0.7306953052604724,COMPLETE
3201,0.09385,0.4789643600815461,7.321806062638004,1.775957688444912,359.71457230765833,0.06252696391701738,COMPLETE
3202,0.10845,0.6412963575147481,3.9957939830584093,9.933529862520766,112.323925330586,2.1102891532478085,COMPLETE
3203,0.1239,0.754782727717565,5.895287777329023,9.933529862520766,112.323925330586,1.526275265602974,COMPLETE
3204,0.07125,0.47096927337602384,7.489439152524652,3.4588787757953767,0.030305180706804113,2.1102891532478085,COMPLETE
3205,0.10325,0.6539424184196847,7.489439152524652,9.988586281068551,0.08945160710349936,1.8602957309646184,COMPLETE
3206,0.0872,0.5037243192129592,7.489439152524652,4.101823977297871,0.48160356426463263,0.5985950343657075,COMPLETE
3207,0.0852,0.539876595459998,6.812644630608508,8.320906646097804,0.5529959922862323,4.792699168837896,COMPLETE
3208,0.07995,0.5258123874001598,7.489439152524652,4.101823977297871,0.48160356426463263,0.5985950343657075,COMPLETE
3209,0.06375,0.17338109799979387,7.489439152524652,1.0340435745788543,0.022872403443138362,0.13391944103899936,COMPLETE
3210,0.07455,0.10822161254833226,3.24420884619701,1.0000874311382033,0.4111694316312813,0.5985950343657075,COMPLETE
3211,0.1062,0.6485054250481745,6.812644630608508,9.988586281068551,40.91206675373482,4.792699168837896,COMPLETE
3212,0.1171,0.5645221430649446,2.2646198980074193,5.8081057233180955,359.71457230765833,3.8126851379948796,COMPLETE
3213,0.1091,0.8296943876647985,7.489439152524652,9.988586281068551,359.71457230765833,10.24068965763637,COMPLETE
3214,0.1374,0.5868375607768241,7.489439152524652,9.988586281068551,153.2860257697558,0.03128694149882324,COMPLETE
3215,0.062,0.22898621362545396,7.339695485358947,1.1679739768270172,2.4792588435669867,0.08077425087950417,COMPLETE
3216,0.07155,0.16762244737067425,7.489439152524652,1.0340435745788543,30.54779366423335,2.1102891532478085,COMPLETE
3217,0.1053,0.7495385867839218,7.489439152524652,8.418374689108267,116.68218004772335,2.1102891532478085,COMPLETE
3218,0.10705,0.6092570138800606,7.321806062638004,3.0638630129150126,359.71457230765833,0.7306953052604724,COMPLETE
3219,0.10925,0.733324989907249,7.321806062638004,4.828361570347917,153.2860257697558,0.7306953052604724,COMPLETE
3220,0.10355,0.6392133650449029,7.489439152524652,7.435445973697022,6.478898401402474,0.7306953052604724,COMPLETE
3221,0.09635,0.5775934367762601,7.370738924004202,3.0638630129150126,359.71457230765833,9.959091337395659,COMPLETE
3222,0.0905,0.4622032729665163,7.339695485358947,7.451337432117496,0.4111694316312813,61.14712929906825,COMPLETE
3223,0.1058,0.5308544328181923,5.334411901674462,4.394775002428691,112.323925330586,1.526275265602974,COMPLETE
3224,0.09985,0.6273008191818633,7.489439152524652,8.418374689108267,24.687993700004206,2.1102891532478085,COMPLETE
3225,0.0939,0.5608234625214809,7.339695485358947,8.4704151086551,30.54779366423335,11.34645454198699,COMPLETE
3226,0.1255,0.8408845854056355,7.489439152524652,7.639970758565217,1476.1251734596226,4.792699168837896,COMPLETE
3227,0.08105,0.4475502129911891,7.398979747077997,2.7187634325065777,0.9502840452732505,0.5985950343657075,COMPLETE
3228,0.09535,0.5516815021120827,7.339695485358947,3.0638630129150126,153.2860257697558,0.7306953052604724,COMPLETE
3229,0.13175,0.848084096302422,7.489439152524652,9.988586281068551,359.71457230765833,1.526275265602974,COMPLETE
3230,0.09815,0.6731394448711726,7.321806062638004,3.0638630129150126,359.71457230765833,0.5985950343657075,COMPLETE
3231,0.1255,0.8451425123903278,7.339695485358947,9.988586281068551,196.37314710526016,0.7306953052604724,COMPLETE
3232,0.08585,0.45460636149122713,6.812644630608508,1.1933354197184316,1476.1251734596226,2.1102891532478085,COMPLETE
3233,0.10555,0.6006076099314192,7.489439152524652,8.418374689108267,4.6216117253800055,0.5985950343657075,COMPLETE
3234,0.0716,0.15465858464276794,5.7322756191897595,1.1679739768270172,0.5529959922862323,16.183703392300604,COMPLETE
3235,0.1246,0.8596806081674373,7.489439152524652,8.418374689108267,1575.9369216711668,13.737135040054913,COMPLETE
3236,0.10725,0.550337767757664,5.560810200810915,9.988586281068551,0.0250089703982017,0.5985950343657075,COMPLETE
3237,0.08345,0.530445217986652,7.489439152524652,9.591180942604549,5.714726271906691,4.792699168837896,COMPLETE
3238,0.09535,0.5745520181084504,7.489439152524652,4.011406067136035,61.128832411058866,2.1102891532478085,COMPLETE
3239,0.0707,0.45214736094012414,7.339695485358947,1.56976277293406,308.8915266610851,0.5985950343657075,COMPLETE
3240,0.12405,0.8503644623467539,7.321806062638004,8.418374689108267,359.71457230765833,0.5985950343657075,COMPLETE
3241,0.1154,0.6900940572983941,7.489439152524652,7.639970758565217,2.4792588435669867,0.03563231943114724,COMPLETE
3242,0.0919,0.5505651975144235,7.339695485358947,8.418374689108267,4.6216117253800055,4.792699168837896,COMPLETE
3243,0.1093,0.676644055744001,7.489439152524652,7.451337432117496,0.022872403443138362,0.13391944103899936,COMPLETE
3244,0.10035,0.5002185147895477,4.8790839022812085,9.988586281068551,0.5236524399213033,4.792699168837896,COMPLETE
3245,0.0814,0.15289161101995197,3.713320962083249,1.2992706708708701,0.48160356426463263,0.5985950343657075,COMPLETE
3246,0.1237,0.7589670223316625,7.489439152524652,8.418374689108267,359.71457230765833,13.737135040054913,COMPLETE
3247,0.07135,0.20902810873240088,7.489439152524652,1.3485563544125208,4.6216117253800055,0.7306953052604724,COMPLETE
3248,0.0924,0.45351540263373874,6.812644630608508,5.0527813389634915,0.061530195681195304,4.792699168837896,COMPLETE
3249,0.1119,0.6091811807371116,3.346443754705691,8.418374689108267,4.6216117253800055,0.09221737591886486,COMPLETE
3250,0.08975,0.5249119435722694,7.489439152524652,2.100352133785577,359.71457230765833,1.526275265602974,COMPLETE
3251,0.10775,0.6374589938773103,7.489439152524652,5.697391189332226,0.022872403443138362,0.13391944103899936,COMPLETE
3252,0.0878,0.42223469512375905,5.5150049043702545,5.196045314781185,0.015949637454364816,8.319946470164494,COMPLETE
3253,0.06645,0.16065786930676798,6.8435536313626235,1.1679739768270172,2.4792588435669867,44.76380938653201,COMPLETE
3254,0.11625,0.7507952797718759,7.489439152524652,8.418374689108267,112.323925330586,2.1395532100064116,COMPLETE
3255,0.1284,0.8918465083635816,7.489439152524652,9.988586281068551,1476.1251734596226,4.792699168837896,COMPLETE
3256,0.1269,0.8725985448518979,5.222016868692356,9.933529862520766,1476.1251734596226,4.792699168837896,COMPLETE
3257,0.12735,0.695919308669955,3.611134372536653,9.988586281068551,359.71457230765833,4.792699168837896,COMPLETE
3258,0.08685,0.5520944526649583,7.489439152524652,5.061348409319827,0.5529959922862323,2.1102891532478085,COMPLETE
3259,0.07965,0.3988137285793086,7.398979747077997,3.0156649020845308,0.061530195681195304,0.5985950343657075,COMPLETE
3260,0.11355,0.7380111345266737,7.489439152524652,6.604645163145342,359.71457230765833,4.792699168837896,COMPLETE
3261,0.06515,0.22129110169509858,4.084919295542608,1.5978966475719691,0.17329863969346224,1.526275265602974,COMPLETE
3262,0.106,0.7119009429090895,7.489439152524652,9.988586281068551,0.0250089703982017,0.5985950343657075,COMPLETE
3263,0.11175,0.5732483341565122,4.807354205402632,7.451337432117496,106.0524564811259,4.792699168837896,COMPLETE
3264,0.07475,0.3218585599052859,7.321806062638004,2.195218904889921,1.616679458082518,0.2944924768920615,COMPLETE
3265,0.0776,0.4044629407474833,3.4960209897378696,3.0638630129150126,4.6216117253800055,0.5985950343657075,COMPLETE
3266,0.0996,0.552484792740357,4.327178703320956,5.8081057233180955,39.981402400545086,0.7306953052604724,COMPLETE
3267,0.136,0.8140290654162727,7.489439152524652,5.8081057233180955,1476.1251734596226,0.5985950343657075,COMPLETE
3268,0.0768,0.16545111386679787,7.339695485358947,1.1679739768270172,2.4792588435669867,24.605986645570493,COMPLETE
3269,0.08445,0.2552677982690446,5.334411901674462,1.4214004489846928,112.323925330586,1.526275265602974,COMPLETE
3270,0.1067,0.7451554304584795,7.489439152524652,5.8081057233180955,112.323925330586,0.5985950343657075,COMPLETE
3271,0.07405,0.3895903364944038,6.140176180548631,2.132727359940852,65.42850617031253,0.5985950343657075,COMPLETE
3272,0.12025,0.529079519900668,7.489439152524652,8.418374689108267,116.68218004772335,0.017202649428739527,COMPLETE
3273,0.09095,0.33360499673939237,4.499448849304179,3.1109816593785697,22.944493511185094,96.63407722683283,COMPLETE
3274,0.1186,0.6420998418583386,6.812644630608508,1.6674348018680416,9454.457281601339,0.4209914751434247,COMPLETE
3275,0.09865,0.5183007397666066,5.790980002982951,9.988586281068551,6.359347373753636,4.792699168837896,COMPLETE
3276,0.0978,0.3544284831545219,0.145259364188061,1.8299744577083084,1575.9369216711668,0.028493045052045515,COMPLETE
3277,0.0844,0.3792733400724037,6.8435536313626235,4.0476269852746585,2.4792588435669867,44.76380938653201,COMPLETE
3278,0.0911,0.574859655477491,7.489439152524652,3.044496758486503,24.687993700004206,0.02359269192994896,COMPLETE
3279,0.11965,0.7527448959756714,7.321806062638004,3.0638630129150126,2211.2561117262617,1.0864194972631505,COMPLETE
3280,0.08885,0.45671578469132845,7.339695485358947,3.662979932852882,0.5529959922862323,0.5985950343657075,COMPLETE
3281,0.09715,0.6393372275665746,7.489439152524652,1.7276170218662714,1476.1251734596226,0.5985950343657075,COMPLETE
3282,0.11985,0.6327702841752727,2.014917830970903,8.418374689108267,359.71457230765833,1.0864194972631505,COMPLETE
3283,0.10055,0.4703756617658952,1.9652236305600668,8.418374689108267,116.68218004772335,2.1102891532478085,COMPLETE
3284,0.13175,0.7671901220438968,5.9442165152614646,5.8081057233180955,5803.787757957473,0.1751326730910691,COMPLETE
3285,0.08,0.320970930693957,4.086847924754659,3.0638630129150126,3.8501932587549126,0.7306953052604724,COMPLETE
3286,0.112,0.7733524530289624,7.339695485358947,7.639970758565217,153.2860257697558,0.7306953052604724,COMPLETE
3287,0.1056,0.5782111290835312,7.339695485358947,7.451337432117496,2.4792588435669867,4.792699168837896,COMPLETE
3288,0.13055,0.8229061377396957,5.5150049043702545,9.988586281068551,560.4775189597802,1.526275265602974,COMPLETE
3289,0.07775,0.31894632839194126,7.339695485358947,2.195218904889921,2.4792588435669867,0.2944924768920615,COMPLETE
3290,0.07385,0.49657360740280254,7.489439152524652,3.0156649020845308,61.128832411058866,2.1102891532478085,COMPLETE
3291,0.06665,0.17977148802237308,5.923488888878805,1.2992706708708701,0.022872403443138362,9.125087805924377,COMPLETE
3292,0.11955,0.775687724801491,7.339695485358947,5.8081057233180955,359.71457230765833,1.8602957309646184,COMPLETE
3293,0.081,0.5415856254337744,7.489439152524652,5.061348409319827,0.5529959922862323,0.7306953052604724,COMPLETE
3294,0.10385,0.6041701027993557,7.489439152524652,8.418374689108267,0.017842638561142342,2.1102891532478085,COMPLETE
3295,0.09525,0.4849401040031169,7.489439152524652,8.418374689108267,0.48160356426463263,18.91504147426087,COMPLETE
3296,0.12445,0.5772542683850636,7.339695485358947,7.451337432117496,111.18850587297112,0.019051418960277858,COMPLETE
3297,0.1141,0.7598172094934889,7.489439152524652,7.046398629328492,560.4775189597802,78.10447944678967,COMPLETE
3298,0.0897,0.5610012823900753,7.339695485358947,6.612639322764853,0.48160356426463263,1.3157650113770214,COMPLETE
3299,0.09835,0.43471979714624065,3.144827598743254,7.451337432117496,0.4111694316312813,11.34645454198699,COMPLETE
3300,0.1369,0.9001442260206209,7.489439152524652,8.418374689108267,1476.1251734596226,2.1102891532478085,COMPLETE
3301,0.11335,0.8071386661882978,7.339695485358947,9.988586281068551,359.71457230765833,4.792699168837896,COMPLETE
3302,0.14355,0.6657021296490844,7.489439152524652,4.717485816466507,2779.3270810167287,0.10862891505838794,COMPLETE
3303,0.0957,0.47754275864001067,7.489439152524652,3.0638630129150126,0.022872403443138362,0.13391944103899936,COMPLETE
3304,0.14105,0.7982520725105362,3.102949643369227,9.988586281068551,1476.1251734596226,0.5985950343657075,COMPLETE
3305,0.07915,0.34647922837799977,7.489439152524652,2.7187634325065777,3.780434783666814,0.7306953052604724,COMPLETE
3306,0.09545,0.5171161781382565,4.998865056912916,5.8081057233180955,0.0250089703982017,0.5985950343657075,COMPLETE
3307,0.08535,0.5284826612022553,7.489439152524652,4.101823977297871,0.48160356426463263,0.5985950343657075,COMPLETE
3308,0.0679,0.1504210163880129,7.321806062638004,1.05361246830692,4.6216117253800055,1.8602957309646184,COMPLETE
3309,0.1155,0.4268156596851122,2.473547488262538,9.988586281068551,1.6736193454445272,0.7306953052604724,COMPLETE
3310,0.0949,0.5794689369228959,7.489439152524652,7.2261296245118425,0.022872403443138362,1.526275265602974,COMPLETE
3311,0.11015,0.533432731854604,7.489439152524652,3.0638630129150126,359.71457230765833,0.03666624968389284,COMPLETE
3312,0.1092,0.7227156089001654,5.334411901674462,9.933529862520766,112.323925330586,4.792699168837896,COMPLETE
3313,0.1034,0.6689390627221625,7.489439152524652,8.418374689108267,0.0250089703982017,0.5985950343657075,COMPLETE
3314,0.0814,0.49925517400411806,5.868505918370924,4.101823977297871,0.057623206276589144,0.5985950343657075,COMPLETE
3315,0.1067,0.6330225088847651,4.980480748052062,8.418374689108267,0.4111694316312813,2.1102891532478085,COMPLETE
3316,0.1357,0.8524777105339104,7.489439152524652,9.988586281068551,1476.1251734596226,13.737135040054913,COMPLETE
3317,0.107,0.6730857323175444,7.339695485358947,2.0456848237903604,4194.806887764152,0.7306953052604724,COMPLETE
3318,0.07125,0.16715011684389577,7.321806062638004,1.0340435745788543,30.54779366423335,0.5985950343657075,COMPLETE
3319,0.1141,0.629479288221648,5.337164969743517,9.767312130896007,111.18850587297112,2.1461636384867457,COMPLETE
3320,0.13845,0.8039977238168886,4.517751721285683,9.988586281068551,1476.1251734596226,3.646616628444733,COMPLETE
3321,0.10055,0.5757724218103669,7.489439152524652,3.0638630129150126,359.71457230765833,13.737135040054913,COMPLETE
3322,0.06915,0.44919344914257636,5.443169702125653,1.0340435745788543,1476.1251734596226,1.010558986363453,COMPLETE
3323,0.0747,0.3848844896560539,7.339695485358947,3.1109816593785697,0.5529959922862323,3.1622582557296277,COMPLETE
3324,0.12555,0.6453484312480462,3.1904817433082275,5.8081057233180955,359.71457230765833,1.0864194972631505,COMPLETE
3325,0.1114,0.6646597259650271,7.489439152524652,7.790033834756148,0.017955205663539118,0.5985950343657075,COMPLETE
3326,0.1337,0.9013714860032113,7.489439152524652,8.439907356702408,1575.9369216711668,2.1102891532478085,COMPLETE
3327,0.0867,0.3991917289019523,6.8435536313626235,1.3329432521257907,359.71457230765833,13.737135040054913,COMPLETE
3328,0.0764,0.4482875227841296,7.339695485358947,1.8255099716330319,183.86763777585836,0.7306953052604724,COMPLETE
3329,0.1107,0.47919940833775443,3.9562488613352262,8.418374689108267,65.42850617031253,7.461988224342168,COMPLETE
3330,0.0934,0.45129732803802425,0.5661717033292071,8.418374689108267,1212.3265166280087,44.76380938653201,COMPLETE
3331,0.0814,0.15805584995126815,4.572046410296353,1.2992706708708701,0.022872403443138362,12.146893267526337,COMPLETE
3332,0.1052,0.6927396176464873,7.489439152524652,9.623543652840597,0.0250089703982017,0.5985950343657075,COMPLETE
3333,0.0755,0.22611759391091082,4.764653977135832,1.1752534301176467,111.18850587297112,23.982825427956648,COMPLETE
3334,0.1385,0.7980814715387685,7.489439152524652,5.8081057233180955,1476.1251734596226,0.5985950343657075,COMPLETE
3335,0.05885,0.23432477593774925,7.339695485358947,1.2992706708708701,0.5529959922862323,0.13391944103899936,COMPLETE
3336,0.12185,0.6849723814758165,5.334411901674462,9.933529862520766,112.323925330586,1.526275265602974,COMPLETE
3337,0.0847,0.5204971898015172,7.339695485358947,7.451337432117496,0.4111694316312813,21.33254225203594,COMPLETE
3338,0.09515,0.6880808016199805,7.489439152524652,6.855565905323276,0.07854897593284331,0.5985950343657075,COMPLETE
3339,0.12145,0.5673779340931658,7.339695485358947,3.2051220900273707,153.2860257697558,0.03380732725402125,COMPLETE
3340,0.1481,0.8902879724967108,6.390370848371015,8.418374689108267,1575.9369216711668,2.1102891532478085,COMPLETE
3341,0.09905,0.6291139557055275,4.059846313165341,8.418374689108267,65.42850617031253,2.1102891532478085,COMPLETE
3342,0.076,0.13254060032474993,2.931920086774941,1.1679739768270172,2.4792588435669867,44.76380938653201,COMPLETE
3343,0.09295,0.3867620040494978,5.5150049043702545,1.312049010950183,560.4775189597802,1.526275265602974,COMPLETE
3344,0.099,0.5473602750772988,7.489439152524652,5.8081057233180955,0.022872403443138362,0.5985950343657075,COMPLETE
3345,0.0854,0.5431386891535297,7.339695485358947,5.8081057233180955,0.0250089703982017,1.9209123202468554,COMPLETE
3346,0.1408,0.6896682685491039,5.334411901674462,9.933529862520766,622.2866888636565,0.11403536935091677,COMPLETE
3347,0.11945,0.7746400061663378,7.489439152524652,9.988586281068551,359.71457230765833,12.146893267526337,COMPLETE
3348,0.1421,0.9086479787734477,7.489439152524652,9.988586281068551,1476.1251734596226,3.3618910895712224,COMPLETE
3349,0.09185,0.27762045777873606,0.4959177805745991,7.451337432117496,0.4111694316312813,11.34645454198699,COMPLETE
3350,0.1307,0.5646387868685979,7.489439152524652,9.988586281068551,1476.1251734596226,0.030595349341982422,COMPLETE
3351,0.1135,0.3352424767705457,1.3143419909515657,7.451337432117496,0.48160356426463263,0.5985950343657075,COMPLETE
3352,0.08495,0.5315493739484576,7.489439152524652,3.0638630129150126,112.323925330586,0.5985950343657075,COMPLETE
3353,0.13655,0.7005072823573785,3.380628422664375,5.196045314781185,1575.9369216711668,1.526275265602974,COMPLETE
3354,0.10255,0.43059631438854956,4.2172191327087765,6.612639322764853,0.061530195681195304,5.745692193785241,COMPLETE
3355,0.1411,0.7804749133859576,7.339695485358947,6.612639322764853,2487.880933611511,0.415916794817734,COMPLETE
3356,0.0972,0.5306801074708273,7.339695485358947,8.081900811612105,0.4111694316312813,11.34645454198699,COMPLETE
3357,0.10685,0.7480576309564524,7.489439152524652,9.988586281068551,112.323925330586,9.195535630694218,COMPLETE
3358,0.1355,0.734483421362811,4.31137035005329,6.027390440535013,1575.9369216711668,0.1882047632017993,COMPLETE
3359,0.0855,0.4730543135616913,4.502362961409503,4.101823977297871,30.54779366423335,0.5985950343657075,COMPLETE
3360,0.08865,0.5882112735944826,7.339695485358947,9.988586281068551,0.4111694316312813,5.320082832789028,COMPLETE
3361,0.1166,0.7581867472618835,7.489439152524652,9.988586281068551,112.323925330586,4.792699168837896,COMPLETE
3362,0.0883,0.23445017388954226,7.489439152524652,1.1679739768270172,112.323925330586,46.43162225085181,COMPLETE
3363,0.08735,0.49935219426033106,7.489439152524652,1.2686176056525094,2489.250408064059,4.792699168837896,COMPLETE
3364,0.07905,0.4606551993471571,7.245196443667046,3.0638630129150126,0.17238586292249744,0.5985950343657075,COMPLETE
3365,0.13175,0.8844059248533822,7.489439152524652,9.988586281068551,1476.1251734596226,79.36287977487018,COMPLETE
3366,0.08165,0.4719850692695829,7.489439152524652,4.180304669996441,0.060475637084139784,2.1102891532478085,COMPLETE
3367,0.0669,0.30415290976776116,7.339695485358947,1.1679739768270172,2.4792588435669867,0.030595349341982422,COMPLETE
3368,0.091,0.5308034492533671,7.321806062638004,3.0638630129150126,61.128832411058866,0.5985950343657075,COMPLETE
3369,0.092,0.44876724479390095,7.339695485358947,4.256093673819688,2.4792588435669867,1.526275265602974,COMPLETE
3370,0.11265,0.6466450700137025,7.339695485358947,6.308118934870641,2.5350509851002125,0.3282947809647012,COMPLETE
3371,0.09745,0.42328717074010075,1.7086667784341705,2.754040559680909,359.71457230765833,1.526275265602974,COMPLETE
3372,0.088,0.4241045973466033,7.339695485358947,5.8081057233180955,2.4792588435669867,44.76380938653201,COMPLETE
3373,0.1179,0.3041138606264597,0.5532468723531021,9.988586281068551,0.061530195681195304,1.526275265602974,COMPLETE
3374,0.08685,0.5635514947053262,7.489439152524652,1.8051958141062716,560.4775189597802,0.7306953052604724,COMPLETE
3375,0.10345,0.6233870294620565,7.321806062638004,2.113779673542099,1476.1251734596226,3.255775173040617,COMPLETE
3376,0.1314,0.7933102286246736,7.489439152524652,5.196045314781185,560.4775189597802,0.5985950343657075,COMPLETE
3377,0.074,0.46190766931071076,5.28700932213262,1.2992706708708701,560.4775189597802,0.13391944103899936,COMPLETE
3378,0.1092,0.7772773540636384,7.321806062638004,7.579869627335266,359.71457230765833,7.3155679636009445,COMPLETE
3379,0.0921,0.5650300553924144,5.5150049043702545,3.0638630129150126,359.71457230765833,1.526275265602974,COMPLETE
3380,0.0679,0.2753649573180452,7.339695485358947,1.1679739768270172,2.4792588435669867,0.030595349341982422,COMPLETE
3381,0.1094,0.7391092591604163,7.339695485358947,9.988586281068551,111.18850587297112,4.792699168837896,COMPLETE
3382,0.1332,0.858124299820657,7.398979747077997,9.988586281068551,1688.3846346819648,53.58576174994864,COMPLETE
3383,0.13385,0.6073104404426567,7.489439152524652,9.988586281068551,1476.1251734596226,0.03941030767630006,COMPLETE
3384,0.1096,0.685336007652289,7.321806062638004,5.674502371900788,61.128832411058866,0.5985950343657075,COMPLETE
3385,0.0658,0.19942693223207797,7.489439152524652,1.2802610555033749,4.6216117253800055,0.5985950343657075,COMPLETE
3386,0.1074,0.5325605233144074,7.489439152524652,1.2992706708708701,2836.3917581332557,0.3166458306328103,COMPLETE
3387,0.11435,0.625085594450752,6.59772038715731,3.0156649020845308,1575.9369216711668,0.06316192775051899,COMPLETE
3388,0.0966,0.46735411655311193,0.46037724583492246,8.418374689108267,1575.9369216711668,1.8602957309646184,COMPLETE
3389,0.08345,0.36761729031119034,7.489439152524652,3.1999915787523325,0.061530195681195304,1.4981213252160623,COMPLETE
3390,0.13175,0.8667147329678423,7.339695485358947,9.988586281068551,359.71457230765833,1.526275265602974,COMPLETE
3391,0.06685,0.2023297950583152,7.489439152524652,1.2992706708708701,0.6465066184133956,0.5985950343657075,COMPLETE
3392,0.0946,0.6308048832885983,7.339695485358947,8.418374689108267,0.5529959922862323,4.418708729683433,COMPLETE
3393,0.1339,0.7245577149582669,2.874323013758674,9.988586281068551,359.71457230765833,0.5985950343657075,COMPLETE
3394,0.1003,0.6297621074680024,7.339695485358947,8.418374689108267,4.6216117253800055,0.5985950343657075,COMPLETE
3395,0.1153,0.5966959646371499,3.7790241425097744,9.988586281068551,153.2860257697558,30.885900600448938,COMPLETE
3396,0.13295,0.6743061913453066,7.356692538748289,2.8605181945834883,1575.9369216711668,0.19191409934857934,COMPLETE
3397,0.06705,0.17748604639564625,7.489439152524652,1.1679739768270172,2.4792588435669867,4.792699168837896,COMPLETE
3398,0.09675,0.5081124472861643,3.7001512568248582,2.8100029422266535,1476.1251734596226,15.304390539534651,COMPLETE
3399,0.13175,0.5579135008692919,7.489439152524652,9.988586281068551,359.71457230765833,0.031809313766425665,COMPLETE
3400,0.09695,0.642062685016192,7.339695485358947,5.8081057233180955,0.022872403443138362,0.13391944103899936,COMPLETE
3401,0.15165,0.8815918072926805,7.304590843783377,8.418374689108267,1575.9369216711668,1.526275265602974,COMPLETE
3402,0.1308,0.8340246517610571,7.489439152524652,9.988586281068551,1688.3846346819648,76.94197724645433,COMPLETE
3403,0.1187,0.6940644488079132,7.489439152524652,8.418374689108267,0.9506878556790075,0.2075516905757788,COMPLETE
3404,0.09645,0.5397710403169094,7.489439152524652,1.7168613762124068,1476.1251734596226,4.792699168837896,COMPLETE
3405,0.0788,0.4247223078011437,7.489439152524652,4.101823977297871,0.48160356426463263,77.51578539440435,COMPLETE
3406,0.08955,0.5670926728367421,7.489439152524652,9.988586281068551,4.6216117253800055,4.792699168837896,COMPLETE
3407,0.1081,0.43926594804500374,2.0796594046089907,8.418374689108267,116.68218004772335,2.1102891532478085,COMPLETE
3408,0.09595,0.6488589272686128,7.339695485358947,5.8081057233180955,0.6494832708888578,0.8066172090490491,COMPLETE
3409,0.10885,0.5716468510107688,5.5150049043702545,5.196045314781185,93.82981700805003,2.776695796910002,COMPLETE
3410,0.0933,0.6512982567316428,7.339695485358947,5.8081057233180955,63.41944690821999,1.0864194972631505,COMPLETE
3411,0.0883,0.5408598998363234,7.321806062638004,5.061348409319827,4.6216117253800055,1.3964044847064154,COMPLETE
3412,0.0835,0.45124297440994343,5.334411901674462,5.921478829148517,1.1267578030689007,1.526275265602974,COMPLETE
3413,0.1093,0.7482256657027319,6.875258688642642,9.988586281068551,116.68218004772335,1.8602957309646184,COMPLETE
3414,0.1036,0.6108520334742308,7.489439152524652,8.418374689108267,65.42850617031253,33.282411742177764,COMPLETE
3415,0.11805,0.6790169217260839,4.401525667137002,7.639970758565217,153.2860257697558,0.7306953052604724,COMPLETE
3416,0.1272,0.8738160465477904,7.489439152524652,5.196045314781185,6081.955716887981,2.1102891532478085,COMPLETE
3417,0.13085,0.8102539486725893,5.430813773936036,5.8081057233180955,560.4775189597802,0.7306953052604724,COMPLETE
3418,0.07715,0.47524404361171074,7.321806062638004,2.758131350099462,61.128832411058866,1.526275265602974,COMPLETE
3419,0.1143,0.7705177793143805,7.489439152524652,4.55981566249151,1476.1251734596226,3.646616628444733,COMPLETE
3420,0.0772,0.4737849735995126,7.321806062638004,3.0638630129150126,30.54779366423335,0.5985950343657075,COMPLETE
3421,0.09475,0.28449373688985824,0.6778979115919537,1.4955726903370994,116.68218004772335,0.026885007664558827,COMPLETE
3422,0.10865,0.346607303126958,1.4054621799071265,9.767312130896007,0.11245604393372541,0.5985950343657075,COMPLETE
3423,0.10925,0.4552749338579614,0.6554388644151743,9.988586281068551,153.2860257697558,0.0505439599298405,COMPLETE
3424,0.14125,0.8749978250911494,7.339695485358947,8.418374689108267,811.8195153192778,2.1102891532478085,COMPLETE
3425,0.06575,0.27920301297988936,7.211246974011563,1.1679739768270172,0.011064191135752277,0.030595349341982422,COMPLETE
3426,0.0918,0.6508290787373641,7.339695485358947,5.061348409319827,0.017944270076093727,0.7306953052604724,COMPLETE
3427,0.10205,0.6291517629586246,7.489439152524652,7.639970758565217,1.1171881114042286,0.7306953052604724,COMPLETE
3428,0.1252,0.8247386027733633,6.729464897501328,5.8081057233180955,359.71457230765833,0.7306953052604724,COMPLETE
3429,0.0781,0.42965861482069656,7.321806062638004,1.0340435745788543,692.5878120600468,0.5985950343657075,COMPLETE
3430,0.08415,0.4991789686685367,7.489439152524652,1.8106534183711205,359.71457230765833,0.2944924768920615,COMPLETE
3431,0.1102,0.4885471047558643,7.489439152524652,3.0156649020845308,1476.1251734596226,0.01322477665211861,COMPLETE
3432,0.13585,0.8506206592481612,7.489439152524652,9.988586281068551,1476.1251734596226,60.34591917921575,COMPLETE
3433,0.07785,0.43317906263494615,7.3549742250053765,3.0638630129150126,0.061530195681195304,0.5985950343657075,COMPLETE
3434,0.09445,0.2569452154871813,7.339695485358947,1.1679739768270172,153.2860257697558,0.7306953052604724,COMPLETE
3435,0.1007,0.6305671207542433,7.489439152524652,9.988586281068551,0.022872403443138362,0.5985950343657075,COMPLETE
3436,0.10045,0.5804230178587437,7.489439152524652,9.988586281068551,0.022872403443138362,1.526275265602974,COMPLETE
3437,0.09535,0.6966438798549436,7.489439152524652,8.418374689108267,0.019315069618518407,2.1102891532478085,COMPLETE
3438,0.0799,0.425079553408499,7.489439152524652,1.5525615162873339,359.71457230765833,13.737135040054913,COMPLETE
3439,0.13125,0.8414165849680468,7.489439152524652,6.1605220973732475,370.4654137880751,0.5985950343657075,COMPLETE
3440,0.1119,0.7386766239031493,7.339695485358947,9.988586281068551,43.6957618553681,3.646616628444733,COMPLETE
3441,0.0797,0.4529933068519436,4.675117783360348,3.0156649020845308,61.128832411058866,0.7306953052604724,COMPLETE
3442,0.1062,0.5934136436929274,7.339695485358947,3.775563486220683,0.4111694316312813,0.024972857977992174,COMPLETE
3443,0.10305,0.6659189383216699,7.321806062638004,3.0638630129150126,359.71457230765833,0.5985950343657075,COMPLETE
3444,0.08805,0.5933888988617394,7.489439152524652,6.612639322764853,6.48522403315561,1.3157650113770214,COMPLETE
3445,0.0604,0.1498121242526591,7.339695485358947,1.0340435745788543,0.0465254297299156,0.5985950343657075,COMPLETE
3446,0.09555,0.47754884737131387,2.2872347914117457,9.988586281068551,111.18850587297112,13.737135040054913,COMPLETE
3447,0.1161,0.7235884119590887,7.489439152524652,8.418374689108267,116.68218004772335,1.8602957309646184,COMPLETE
3448,0.07465,0.3266116537631836,7.489439152524652,1.4072952555720888,153.2860257697558,4.792699168837896,COMPLETE
3449,0.1112,0.6988687852551649,6.832298223561225,8.418374689108267,112.323925330586,2.1102891532478085,COMPLETE
3450,0.09205,0.5561845879084831,7.321806062638004,5.500595080498222,0.4111694316312813,0.5985950343657075,COMPLETE
3451,0.08475,0.502293320638138,7.489439152524652,3.0156649020845308,61.128832411058866,0.5985950343657075,COMPLETE
3452,0.08505,0.4666666168227941,5.681358401216625,5.196045314781185,3.974547176750094,1.526275265602974,COMPLETE
3453,0.1375,0.8979516388184832,7.489439152524652,8.418374689108267,1575.9369216711668,2.1102891532478085,COMPLETE
3454,0.0743,0.17520350478005414,7.339695485358947,1.0340435745788543,30.54779366423335,0.5985950343657075,COMPLETE
3455,0.10175,0.47391519865754145,2.8779172014773358,9.933529862520766,2.4792588435669867,1.526275265602974,COMPLETE
3456,0.12035,0.6394203451016855,4.122521726411296,2.195218904889921,1575.9369216711668,0.2944924768920615,COMPLETE
3457,0.1166,0.45009036658391904,1.7946593258002077,9.988586281068551,2.4792588435669867,0.2944924768920615,COMPLETE
3458,0.07265,0.3433439589676534,7.489439152524652,2.195218904889921,4.6216117253800055,0.5985950343657075,COMPLETE
3459,0.13325,0.886249750900151,7.489439152524652,9.988586281068551,359.71457230765833,2.5531648778881637,COMPLETE
3460,0.0811,0.47600270985044874,5.334411901674462,3.1109816593785697,112.323925330586,1.526275265602974,COMPLETE
3461,0.06645,0.2275122739557567,7.489439152524652,1.2992706708708701,0.061530195681195304,0.13391944103899936,COMPLETE
3462,0.0691,0.2029609987755401,7.489439152524652,1.3674974069946337,0.21095777458485312,2.1102891532478085,COMPLETE
3463,0.13635,0.8926189368065223,7.489439152524652,9.988586281068551,1476.1251734596226,4.792699168837896,COMPLETE
3464,0.11495,0.773956984006863,7.489439152524652,8.418374689108267,156.57334966779806,1.8602957309646184,COMPLETE
3465,0.1008,0.5959242127706402,5.156994118992101,2.7187634325065777,560.4775189597802,0.5985950343657075,COMPLETE
3466,0.10425,0.6884060537710041,7.489439152524652,2.93674834704511,1575.9369216711668,2.1102891532478085,COMPLETE
3467,0.09555,0.490476393030308,4.92963798500106,9.988586281068551,0.48160356426463263,0.5985950343657075,COMPLETE
3468,0.08115,0.42436085516790545,2.2387919300586736,2.7187634325065777,215.05696312501925,12.146893267526337,COMPLETE
3469,0.0723,0.15123344668602062,5.334411901674462,1.1938657414826843,0.022872403443138362,1.526275265602974,COMPLETE
3470,0.0839,0.3101350645706199,6.666959706638387,1.7560111640095153,46.291176092712185,0.5985950343657075,COMPLETE
3471,0.13265,0.741133128565599,4.2376248058725325,8.841368474310277,1476.1251734596226,6.264867031145251,COMPLETE
3472,0.15175,0.8823821916764593,7.489439152524652,9.988586281068551,1476.1251734596226,1.526275265602974,COMPLETE
3473,0.09645,0.6056246009991414,6.09066196939423,8.418374689108267,4.6216117253800055,0.5985950343657075,COMPLETE
3474,0.1134,0.506311078703465,3.799551183129501,7.639970758565217,0.2748384141654528,0.7306953052604724,COMPLETE
3475,0.1038,0.599582831154107,7.489439152524652,8.529593119984648,0.48160356426463263,0.5985950343657075,COMPLETE
3476,0.10055,0.47805715471062565,4.390054301754714,9.988586281068551,0.061530195681195304,4.792699168837896,COMPLETE
3477,0.10785,0.7258460947312806,7.321806062638004,8.418374689108267,30.54779366423335,0.5985950343657075,COMPLETE
3478,0.1077,0.6772632664920181,7.489439152524652,9.988586281068551,0.022872403443138362,1.526275265602974,COMPLETE
3479,0.0633,0.13992954532356286,7.321806062638004,1.0000874311382033,0.08922984244589945,4.792699168837896,COMPLETE
3480,0.10065,0.6697934670770578,7.489439152524652,5.513104631062516,71.24028349344489,2.1102891532478085,COMPLETE
3481,0.1249,0.7701609498220977,7.489439152524652,9.767312130896007,153.2860257697558,13.737135040054913,COMPLETE
3482,0.0812,0.17752019681893697,4.203756810347998,1.2992706708708701,2.4792588435669867,0.2944924768920615,COMPLETE
3483,0.09025,0.6446852225483106,7.321806062638004,8.283244821457274,0.5529959922862323,1.3964044847064154,COMPLETE
3484,0.0608,0.274873100563632,7.398979747077997,1.775957688444912,0.022872403443138362,0.5985950343657075,COMPLETE
3485,0.08895,0.5557283299792686,6.812644630608508,8.418374689108267,4.538783556974162,37.25076774430422,COMPLETE
3486,0.13815,0.8892646048172465,7.489439152524652,9.988586281068551,1476.1251734596226,4.792699168837896,COMPLETE
3487,0.0714,0.281146193650282,4.888741914308159,1.2992706708708701,0.022872403443138362,0.02007693510278496,COMPLETE
3488,0.0831,0.5144837519899629,7.339695485358947,3.7077075638100734,30.54779366423335,0.7306953052604724,COMPLETE
3489,0.12035,0.4933417259596568,6.223957040111202,2.7187634325065777,560.4775189597802,0.03961195820789001,COMPLETE
3490,0.10105,0.5735513861099549,6.666959706638387,9.988586281068551,0.022872403443138362,12.146893267526337,COMPLETE
3491,0.08035,0.3086900737014178,7.398979747077997,2.4648460612596095,1.0450188029740042,0.5985950343657075,COMPLETE
3492,0.08415,0.42952311469688936,1.803170009146012,3.0638630129150126,331.8233502721085,4.792699168837896,COMPLETE
3493,0.13705,0.8680146352131797,7.489439152524652,9.988586281068551,1476.1251734596226,4.792699168837896,COMPLETE
3494,0.12885,0.6913707065306095,1.9424310489405916,8.418374689108267,359.71457230765833,0.05195545032481974,COMPLETE
3495,0.08255,0.15097686568861945,0.12215583022210118,1.0340435745788543,0.3809240723376463,0.010533177202369357,COMPLETE
3496,0.092,0.47839622642828916,7.489439152524652,6.612639322764853,2.428638297450127,14.812169448974496,COMPLETE
3497,0.07965,0.36858999774312307,7.489439152524652,3.0156649020845308,0.061530195681195304,0.5985950343657075,COMPLETE
3498,0.07945,0.47467873507618313,7.489439152524652,3.0638630129150126,30.263627998438107,0.5985950343657075,COMPLETE
3499,0.0854,0.37492005205507745,7.339695485358947,1.848367087764542,112.323925330586,1.3157650113770214,COMPLETE
3500,0.1077,0.6840216922035418,7.489439152524652,2.535063692309998,1209.6454426426224,0.7934952697132324,COMPLETE
3501,0.1161,0.7724580827450104,7.489439152524652,7.639970758565217,153.2860257697558,2.1102891532478085,COMPLETE
3502,0.07695,0.28037597132632597,7.339695485358947,2.266706893974273,0.5529959922862323,21.646619319954524,COMPLETE
3503,0.0666,0.22313088758655303,7.339695485358947,1.2992706708708701,0.4111694316312813,0.5985950343657075,COMPLETE
3504,0.13175,0.8018803590819512,4.033822744940598,9.988586281068551,1476.1251734596226,4.792699168837896,COMPLETE
3505,0.1383,0.866489037322236,6.023691739413453,9.988586281068551,1476.1251734596226,4.792699168837896,COMPLETE
3506,0.1327,0.8196328381221772,4.431570488126525,9.933529862520766,560.4775189597802,1.526275265602974,COMPLETE
3507,0.1446,0.8801248816002575,7.489439152524652,8.418374689108267,1058.7609117699067,2.1102891532478085,COMPLETE
3508,0.0703,0.13137516493275067,7.489439152524652,1.0000874311382033,0.4111694316312813,4.792699168837896,COMPLETE
3509,0.1209,0.7965812834047032,7.339695485358947,7.639970758565217,118.47869673740527,0.7306953052604724,COMPLETE
3510,0.1001,0.6248803259606014,7.321806062638004,7.774192976603129,39.428407693923226,11.34645454198699,COMPLETE
3511,0.08815,0.4284830804831778,3.3248536804457727,4.101823977297871,0.48160356426463263,0.5985950343657075,COMPLETE
3512,0.07995,0.501324955351833,7.489439152524652,1.7016896627123075,359.71457230765833,1.3157650113770214,COMPLETE
3513,0.081,0.3501393370158264,6.314800085924504,2.5909511572983366,2.4792588435669867,0.8066172090490491,COMPLETE
3514,0.10265,0.6496141095185214,7.489439152524652,3.0638630129150126,359.71457230765833,2.1102891532478085,COMPLETE
3515,0.0809,0.500384027617581,7.489439152524652,2.407722407987984,252.46186145128087,1.8602957309646184,COMPLETE
3516,0.1039,0.6564090469213689,7.489439152524652,2.347155944128823,1476.1251734596226,2.088572968907801,COMPLETE
3517,0.0774,0.426009449605228,5.771040942769903,1.0340435745788543,1476.1251734596226,1.010558986363453,COMPLETE
3518,0.06045,0.23188161137883825,7.489439152524652,1.3330152272922624,4.6216117253800055,0.5985950343657075,COMPLETE
3519,0.09245,0.5531221834484129,7.489439152524652,8.418374689108267,2.7440083411806357,1.8602957309646184,COMPLETE
3520,0.09805,0.5440533213171224,3.1701403706165974,9.988586281068551,2.4792588435669867,0.16278011320337743,COMPLETE
3521,0.0939,0.4931732330172771,5.443169702125653,1.551397150514549,1476.1251734596226,80.7406939705012,COMPLETE
3522,0.10465,0.6597802470467958,7.489439152524652,8.418374689108267,8.676557319115458,0.5985950343657075,COMPLETE
3523,0.0911,0.5052972525688663,7.339695485358947,7.451337432117496,6.040329797871905,11.34645454198699,COMPLETE
3524,0.1055,0.6921574674824438,7.321806062638004,3.0638630129150126,1688.3846346819648,12.146893267526337,COMPLETE
3525,0.09565,0.6752776646990872,7.489439152524652,2.9583122982594694,359.71457230765833,0.5985950343657075,COMPLETE
3526,0.08995,0.458624893584099,7.489439152524652,2.195218904889921,10.590434659746853,0.031173038926967232,COMPLETE
3527,0.0956,0.6252958096097073,7.398979747077997,8.418374689108267,0.061530195681195304,2.1102891532478085,COMPLETE
3528,0.1329,0.8037666054832774,5.633704455060251,8.595447804302493,1476.1251734596226,11.34645454198699,COMPLETE
3529,0.11615,0.8254212548934949,7.489439152524652,6.102328026868661,560.4775189597802,1.526275265602974,COMPLETE
3530,0.1106,0.3310547768161011,1.0763541921033672,5.061348409319827,24.687993700004206,2.1102891532478085,COMPLETE
3531,0.10025,0.6559703678511964,7.489439152524652,5.196045314781185,2.4526386720579247,0.13391944103899936,COMPLETE
3532,0.09955,0.6644991424917732,7.489439152524652,8.418374689108267,0.4352464977799297,0.7306953052604724,COMPLETE
3533,0.1113,0.712904678254932,7.339695485358947,7.639970758565217,153.2860257697558,2.1102891532478085,COMPLETE
3534,0.12255,0.8254457930062182,7.489439152524652,5.196045314781185,560.4775189597802,1.526275265602974,COMPLETE
3535,0.1143,0.7781266884637088,7.489439152524652,9.988586281068551,112.323925330586,1.526275265602974,COMPLETE
3536,0.12855,0.8893654489695345,7.489439152524652,9.988586281068551,359.71457230765833,1.526275265602974,COMPLETE
3537,0.13255,0.9148507575950106,7.398979747077997,9.988586281068551,1476.1251734596226,4.792699168837896,COMPLETE
3538,0.11215,0.7044645390763156,7.489439152524652,9.767312130896007,111.18850587297112,32.54731787684607,COMPLETE
3539,0.13035,0.894736955819645,7.489439152524652,9.988586281068551,1476.1251734596226,43.205339145821306,COMPLETE
3540,0.1237,0.6243792324351509,7.489439152524652,8.418374689108267,0.02612984449783322,0.024291334734525445,COMPLETE
3541,0.1073,0.6814676078078548,6.812644630608508,8.418374689108267,65.42850617031253,4.792699168837896,COMPLETE
3542,0.06525,0.1807129283229242,4.007892711687712,1.4297349448428534,0.6494832708888578,1.5418602747262318,COMPLETE
3543,0.0599,0.20499298707752,7.489439152524652,1.2992706708708701,2.03013172928489,0.5985950343657075,COMPLETE
3544,0.09195,0.4259403325523961,7.489439152524652,5.182240770361348,12.166571905009015,13.737135040054913,COMPLETE
3545,0.1181,0.6500107665998773,5.373472949271659,7.639970758565217,153.2860257697558,24.54165536628788,COMPLETE
3546,0.07285,0.10294006621180427,0.6903454864669748,1.0000874311382033,0.061530195681195304,4.792699168837896,COMPLETE
3547,0.1328,0.8619775834087575,7.339695485358947,8.418374689108267,359.71457230765833,0.7306953052604724,COMPLETE
3548,0.1122,0.7539794798412266,7.489439152524652,9.933529862520766,112.323925330586,1.526275265602974,COMPLETE
3549,0.1055,0.7090149751454592,7.321806062638004,8.418374689108267,65.42850617031253,2.1102891532478085,COMPLETE
3550,0.0889,0.38212437008406647,2.76668928338523,2.7187634325065777,116.68218004772335,14.141768761547445,COMPLETE
3551,0.08485,0.15709088747473854,3.473033567313649,1.4297349448428534,0.6494832708888578,0.8066172090490491,COMPLETE
3552,0.12185,0.8546851448575029,7.489439152524652,5.656673400543446,1476.1251734596226,4.792699168837896,COMPLETE
3553,0.11945,0.7369584891131903,6.197966438962515,7.639970758565217,153.2860257697558,0.7306953052604724,COMPLETE
3554,0.06965,0.2287814557830796,7.489439152524652,1.7699209449695394,0.016017101285379753,1.8602957309646184,COMPLETE
3555,0.06315,0.13168604169749054,7.489439152524652,1.0500462480218127,0.022872403443138362,4.792699168837896,COMPLETE
3556,0.1229,0.8393082253223587,6.812644630608508,9.988586281068551,359.71457230765833,5.2008648394523425,COMPLETE
3557,0.0656,0.15278500251166477,7.489439152524652,1.1679739768270172,2.4792588435669867,44.76380938653201,COMPLETE
3558,0.07595,0.4526805409147634,6.812644630608508,1.071322290947519,1476.1251734596226,0.5985950343657075,COMPLETE
3559,0.07915,0.5035904924552522,7.489439152524652,3.1109816593785697,30.54779366423335,0.7306953052604724,COMPLETE
3560,0.131,0.8183093454600248,7.339695485358947,7.639970758565217,1476.1251734596226,0.7306953052604724,COMPLETE
3561,0.11935,0.8485085098221725,7.339695485358947,6.612639322764853,359.71457230765833,1.3157650113770214,COMPLETE
3562,0.14465,0.8593972811509242,7.489439152524652,9.988586281068551,1476.1251734596226,1.526275265602974,COMPLETE
3563,0.1059,0.5285227640811387,7.339695485358947,2.906172560386717,2.4792588435669867,0.030595349341982422,COMPLETE
3564,0.08615,0.32346605163875347,7.489439152524652,2.195218904889921,0.5295273041676261,0.5985950343657075,COMPLETE
3565,0.0996,0.5416115506340518,7.339695485358947,9.988586281068551,1.2571777324246323,4.792699168837896,COMPLETE
3566,0.09215,0.6863693966078659,7.489439152524652,2.7187634325065777,560.4775189597802,0.7306953052604724,COMPLETE
3567,0.08685,0.5276154322319658,7.398979747077997,3.0156649020845308,61.128832411058866,2.1102891532478085,COMPLETE
3568,0.11185,0.7004563113250615,5.5150049043702545,5.196045314781185,359.71457230765833,1.526275265602974,COMPLETE
3569,0.0965,0.39483509999338307,1.510133654020389,1.8955973723798956,1476.1251734596226,4.792699168837896,COMPLETE
3570,0.09875,0.691584914694272,7.489439152524652,8.282030625515599,4.6216117253800055,0.5985950343657075,COMPLETE
3571,0.09765,0.575452176897923,7.339695485358947,5.061348409319827,0.5529959922862323,0.6398027462016909,COMPLETE
3572,0.12295,0.7013057137094509,5.5150049043702545,5.196045314781185,560.4775189597802,1.526275265602974,COMPLETE
3573,0.08495,0.14668022106024842,1.1632040304973386,1.3521529960652552,0.022872403443138362,0.5985950343657075,COMPLETE
3574,0.07295,0.36546195467170467,7.211246974011563,3.0638630129150126,0.011064191135752277,13.737135040054913,COMPLETE
3575,0.11625,0.7783597447375197,7.489439152524652,9.933529862520766,112.323925330586,1.526275265602974,COMPLETE
3576,0.12875,0.8615592310400594,6.804333762095754,8.418374689108267,1476.1251734596226,3.646616628444733,COMPLETE
3577,0.10415,0.6287732629568441,7.339695485358947,3.116190558733073,359.71457230765833,1.010558986363453,COMPLETE
3578,0.11655,0.586853678555472,5.31453694504764,4.101823977297871,0.48160356426463263,0.0310911055321694,COMPLETE
3579,0.0783,0.47216080657063075,7.489439152524652,1.7308919378564165,359.71457230765833,13.737135040054913,COMPLETE
3580,0.0994,0.5562361480859886,7.489439152524652,8.418374689108267,11.45467972157631,2.1102891532478085,COMPLETE
3581,0.08725,0.32617106321727063,7.339695485358947,1.4578368117438267,153.2860257697558,0.7306953052604724,COMPLETE
3582,0.0973,0.2589824838381798,0.5948786463554958,3.0638630129150126,4.6216117253800055,1.3964044847064154,COMPLETE
3583,0.09985,0.5729928783495944,7.489439152524652,1.811388033646456,1575.9369216711668,2.3200887165235784,COMPLETE
3584,0.10195,0.48447743665360415,2.1673415250363166,8.751220254618724,116.68218004772335,7.675699795582554,COMPLETE
3585,0.08025,0.2739026261099042,7.339695485358947,1.0512157310687695,153.2860257697558,1.9501407781458437,COMPLETE
3586,0.07225,0.4064504116620056,7.321806062638004,2.245317764627026,61.128832411058866,2.1102891532478085,COMPLETE
3587,0.0664,0.22184586132934406,6.8435536313626235,1.1679739768270172,57.59941287611571,1.526275265602974,COMPLETE
3588,0.11565,0.5805662142486231,0.7872706995281307,9.988586281068551,1476.1251734596226,0.5985950343657075,COMPLETE
3589,0.0973,0.38099233267462873,0.8818683342799392,9.988586281068551,2.4792588435669867,4.792699168837896,COMPLETE
3590,0.07945,0.4051544887351187,5.2974626680940595,1.7948307800559349,153.2860257697558,1.454545138503899,COMPLETE
3591,0.09345,0.6818639287399764,7.489439152524652,6.612639322764853,0.5503013998546388,1.3157650113770214,COMPLETE
3592,0.0685,0.1828746171942062,7.321806062638004,1.0340435745788543,30.54779366423335,0.5985950343657075,COMPLETE
3593,0.12265,0.9052548790656905,7.489439152524652,9.988586281068551,359.71457230765833,1.526275265602974,COMPLETE
3594,0.0612,0.25452261192727194,7.211246974011563,1.0340435745788543,0.011064191135752277,0.030595349341982422,COMPLETE
3595,0.07295,0.3186643812629132,6.812644630608508,1.6738969491141478,48.59743013699194,4.792699168837896,COMPLETE
3596,0.11015,0.684295638695978,7.489439152524652,8.418374689108267,0.026191810053557092,0.1252899315601943,COMPLETE
3597,0.10625,0.3746939252739623,2.2236013967053094,9.988586281068551,30.54779366423335,14.861838179671679,COMPLETE
3598,0.0755,0.27109740649227354,7.339695485358947,1.9941424805357275,0.5529959922862323,0.7306953052604724,COMPLETE
3599,0.1088,0.6965341687021481,6.812644630608508,2.707214467236155,1476.1251734596226,0.589205230644228,COMPLETE
3600,0.11245,0.6774221378807429,4.65172326510555,3.0156649020845308,1038.0774079784321,0.5985950343657075,COMPLETE
3601,0.10035,0.2874227805929857,0.1283680621279728,8.418374689108267,0.019315069618518407,0.5480351798736385,COMPLETE
3602,0.1037,0.5382451303093153,7.398979747077997,1.775957688444912,1476.1251734596226,4.792699168837896,COMPLETE
3603,0.12755,0.8108914935228482,6.228025825121384,7.187363764786405,1476.1251734596226,3.78279429135193,COMPLETE
3604,0.09525,0.5992303521548326,7.489439152524652,9.988586281068551,0.016305026222654163,10.514927983924258,COMPLETE
3605,0.1301,0.8933104464684931,7.489439152524652,9.988586281068551,1476.1251734596226,4.792699168837896,COMPLETE
3606,0.11755,0.6016044065183007,1.4167984460041083,9.988586281068551,1688.3846346819648,12.146893267526337,COMPLETE
3607,0.1269,0.8090167762937098,7.489439152524652,8.418374689108267,359.71457230765833,2.1102891532478085,COMPLETE
3608,0.1028,0.6274006115806673,7.339695485358947,5.541801766661239,0.061530195681195304,0.0839567761403903,COMPLETE
3609,0.1077,0.39776796773490175,7.489439152524652,1.126944320792207,1077.1687565945156,0.046735549872362975,COMPLETE
3610,0.1109,0.716442360637593,5.443169702125653,3.1109816593785697,1476.1251734596226,1.010558986363453,COMPLETE
3611,0.12905,0.7967001236477017,7.489439152524652,9.767312130896007,112.323925330586,0.19866338803134279,COMPLETE
3612,0.13725,0.8630980165002937,5.7886573057873285,9.988586281068551,2413.3671698641388,4.792699168837896,COMPLETE
3613,0.0849,0.28796116011047157,6.666959706638387,3.0156649020845308,0.061530195681195304,19.13270297307883,COMPLETE
3614,0.11495,0.6379245941276221,7.321806062638004,8.418374689108267,35.70707098128019,0.030595349341982422,COMPLETE
3615,0.0554,0.2780994866350691,7.489439152524652,1.2992706708708701,0.022872403443138362,0.07899621808581027,COMPLETE
3616,0.08055,0.525401864047842,7.489439152524652,5.156029958674213,0.6494832708888578,0.8066172090490491,COMPLETE
3617,0.11625,0.7970877860617164,7.489439152524652,3.9631236247462933,3767.145286076438,1.010558986363453,COMPLETE
3618,0.0648,0.20767711298182143,7.489439152524652,1.2901224729323897,0.019315069618518407,0.7306953052604724,COMPLETE
3619,0.127,0.6131898696086502,7.489439152524652,9.988586281068551,1476.1251734596226,0.030595349341982422,COMPLETE
3620,0.14415,0.7929762270095208,6.666959706638387,9.988586281068551,1688.3846346819648,0.2944924768920615,COMPLETE
3621,0.0713,0.12694369290265836,4.579950463588766,1.0109306592074625,4.6216117253800055,0.6308850023170011,COMPLETE
3622,0.12935,0.8049703024434736,7.339695485358947,5.061348409319827,1476.1251734596226,0.7306953052604724,COMPLETE
3623,0.0856,0.10700567022803566,0.4501964219868324,1.050589162505611,78.38477212666335,0.5985950343657075,COMPLETE
3624,0.11175,0.6738748339846675,7.339695485358947,7.639970758565217,153.2860257697558,92.80703208615445,COMPLETE
3625,0.0876,0.4282530571189361,5.443169702125653,1.0340435745788543,1476.1251734596226,3.646616628444733,COMPLETE
3626,0.1379,0.8745160300138032,7.489439152524652,9.988586281068551,1476.1251734596226,4.792699168837896,COMPLETE
3627,0.0896,0.5743158488594752,7.489439152524652,3.4207248376472847,112.56177897104392,1.0864194972631505,COMPLETE
3628,0.08945,0.6534502806665168,7.339695485358947,5.8081057233180955,108.13897778859966,11.34645454198699,COMPLETE
3629,0.0922,0.3071951515381224,2.6430001493405912,3.667946692983201,0.019315069618518407,1.4997724599580782,COMPLETE
3630,0.14205,0.9013408115715671,7.489439152524652,8.418374689108267,1575.9369216711668,2.1102891532478085,COMPLETE
3631,0.0936,0.5783188214228802,7.489439152524652,9.988586281068551,7.214800921395393,2.773646492892522,COMPLETE
3632,0.1008,0.22921273177390172,4.558721038640685,1.9935705833494002,24.687993700004206,2.1102891532478085,COMPLETE
3633,0.11355,0.6842074062787407,5.334411901674462,9.933529862520766,112.323925330586,1.526275265602974,COMPLETE
3634,0.10465,0.6694531825558662,2.5349764050365606,7.451337432117496,524.1907099750379,11.34645454198699,COMPLETE
3635,0.10885,0.7036623659500542,7.339695485358947,9.988586281068551,30.54779366423335,0.5755560193004724,COMPLETE
3636,0.0635,0.15988844515966202,7.489439152524652,1.0000874311382033,0.4111694316312813,0.13391944103899936,COMPLETE
3637,0.0942,0.5852670515414343,7.489439152524652,3.605237698717172,112.323925330586,13.737135040054913,COMPLETE
3638,0.10065,0.7958129424194982,7.489439152524652,9.988586281068551,112.323925330586,1.526275265602974,COMPLETE
3639,0.1368,0.8496416683611862,6.8435536313626235,9.988586281068551,1476.1251734596226,44.76380938653201,COMPLETE
3640,0.1084,0.6682256244968098,7.339695485358947,3.1109816593785697,1302.6493901065826,4.792699168837896,COMPLETE
3641,0.12925,0.8428219335024605,7.339695485358947,9.988586281068551,359.71457230765833,1.8602957309646184,COMPLETE
3642,0.0929,0.3225652220931208,5.1176833270689395,3.0156649020845308,2.8640223426051468,0.5985950343657075,COMPLETE
3643,0.077,0.13208795413704336,5.443169702125653,1.0340435745788543,4.683673495652711,0.5985950343657075,COMPLETE
3644,0.10485,0.6522860454969027,7.321806062638004,8.418374689108267,8.847021105349594,0.5985950343657075,COMPLETE
3645,0.13215,0.880613242843763,7.011306707694752,9.074463265750081,1476.1251734596226,4.792699168837896,COMPLETE
3646,0.0938,0.5696613348073025,7.489439152524652,1.3870310375231512,2859.6839932459134,0.8066172090490491,COMPLETE
3647,0.101,0.5221662673136112,2.422580344203561,4.374485697093977,359.71457230765833,11.34645454198699,COMPLETE
3648,0.13705,0.8459710036396071,7.489439152524652,8.418374689108267,1575.9369216711668,0.5985950343657075,COMPLETE
3649,0.1024,0.5846309017800294,6.666959706638387,9.988586281068551,0.4111694316312813,4.792699168837896,COMPLETE
3650,0.1054,0.4708813830938141,3.7484856077413533,8.418374689108267,4.6216117253800055,0.7306953052604724,COMPLETE
3651,0.07195,0.2453409791492553,6.762227049610639,1.660793312744208,2.4792588435669867,0.2944924768920615,COMPLETE
3652,0.11515,0.7240347612031309,5.287054864108622,8.418374689108267,93.6508074331408,0.34627329650139055,COMPLETE
3653,0.1246,0.8018316020576209,7.489439152524652,8.418374689108267,116.68218004772335,0.3629840000764272,COMPLETE
3654,0.08445,0.28171676444579924,7.211246974011563,2.279507150453469,4.6216117253800055,0.725301469941333,COMPLETE
3655,0.10315,0.5991135552408139,1.784462321074169,5.196045314781185,560.4775189597802,1.526275265602974,COMPLETE
3656,0.10855,0.5258393155672167,7.489439152524652,1.1679739768270172,6298.250043239397,0.22354462490048255,COMPLETE
3657,0.13125,0.8534211923961477,7.339695485358947,7.639970758565217,1575.9369216711668,1.062290424973966,COMPLETE
3658,0.0857,0.3985920713497818,2.17907111698597,3.0156649020845308,17.712903892547914,0.13391944103899936,COMPLETE
3659,0.12325,0.614554643714081,7.339695485358947,3.0638630129150126,359.71457230765833,0.06553503489290163,COMPLETE
3660,0.11285,0.4301102890838149,2.059212556028181,7.639970758565217,0.022872403443138362,0.5551119458102317,COMPLETE
3661,0.10125,0.5789009894178028,7.489439152524652,9.988586281068551,16.304826032785787,2.567041213139624,COMPLETE
3662,0.1453,0.7279838689506515,4.233703790057446,9.988586281068551,1688.3846346819648,0.17238331998360545,COMPLETE
3663,0.1154,0.6271326483898484,4.874267507127047,7.639970758565217,153.2860257697558,23.397159298907734,COMPLETE
3664,0.1185,0.471410249984631,0.48136936182276635,9.988586281068551,1476.1251734596226,0.011842977478863401,COMPLETE
3665,0.09225,0.526648769017715,7.489439152524652,4.373652887699127,35.18065884417502,13.737135040054913,COMPLETE
3666,0.0984,0.7057647581717084,7.489439152524652,9.767312130896007,2.4792588435669867,0.8360014182779373,COMPLETE
3667,0.0617,0.2063706305185323,7.489439152524652,1.262549750857019,10.514983733441577,13.737135040054913,COMPLETE
3668,0.09275,0.4917555871156884,7.489439152524652,9.988586281068551,4.6216117253800055,4.792699168837896,COMPLETE
3669,0.1097,0.3846321625006738,2.5940960231487553,8.418374689108267,23.99629954985195,2.1102891532478085,COMPLETE
3670,0.0702,0.2596905997971764,6.573075568287722,1.775957688444912,22.79918801852944,8.107214106699187,COMPLETE
3671,0.1065,0.3998991245752459,3.109000304726056,9.988586281068551,0.14618897394500707,4.792699168837896,COMPLETE
3672,0.1179,0.7263968783382367,7.489439152524652,8.418374689108267,272.07058701102017,12.954269363122343,COMPLETE
3673,0.14195,0.7817322307339613,3.754847490031652,8.418374689108267,1106.1499780960037,1.3964044847064154,COMPLETE
3674,0.09725,0.49039736458856914,7.339695485358947,7.639970758565217,4.8044951110400635,7.429092597613119,COMPLETE
3675,0.07545,0.19827911666708065,7.321806062638004,1.0340435745788543,30.54779366423335,0.13391944103899936,COMPLETE
3676,0.08185,0.4779594864291082,7.398979747077997,3.0156649020845308,0.393098827724196,0.14623243189713522,COMPLETE
3677,0.0844,0.1567579228021273,1.0957193442858904,1.2992706708708701,0.022872403443138362,0.13391944103899936,COMPLETE
3678,0.125,0.3315948035637707,1.179365709290277,8.418374689108267,4.6216117253800055,1.3964044847064154,COMPLETE
3679,0.06555,0.1794125972426748,7.489439152524652,1.2992706708708701,0.022872403443138362,79.80411190250685,COMPLETE
3680,0.10135,0.6087642556841331,7.489439152524652,4.693410021583558,0.05011403714673695,0.5985950343657075,COMPLETE
3681,0.12685,0.6662531080700255,6.666959706638387,2.7827848984844024,8636.264030151791,98.03099902424502,COMPLETE
3682,0.0776,0.303336589616553,5.909234998510002,2.3335689259140038,0.022872403443138362,0.5985950343657075,COMPLETE
3683,0.11965,0.5384182659526808,7.489439152524652,9.988586281068551,112.323925330586,0.02117166044463598,COMPLETE
3684,0.1352,0.852249282038958,7.339695485358947,9.988586281068551,312.0281015669825,1.3157650113770214,COMPLETE
3685,0.0936,0.5212363273613291,5.620889157471926,9.718261191835115,0.019315069618518407,2.1102891532478085,COMPLETE
3686,0.1125,0.27426645835983415,0.23859523879541011,6.612639322764853,62.439547364340314,1.3157650113770214,COMPLETE
3687,0.1028,0.6625908991042516,7.489439152524652,7.639970758565217,0.061530195681195304,0.5985950343657075,COMPLETE
3688,0.1276,0.8927653803287063,7.489439152524652,9.933529862520766,359.71457230765833,1.526275265602974,COMPLETE
3689,0.14385,0.8860870899882067,7.489439152524652,8.418374689108267,1476.1251734596226,1.8602957309646184,COMPLETE
3690,0.0741,0.1567154303209028,7.489439152524652,1.1679739768270172,2.4792588435669867,2.1102891532478085,COMPLETE
3691,0.06875,0.2523385650358112,7.339695485358947,1.7379120900014777,0.017944270076093727,0.7306953052604724,COMPLETE
3692,0.10105,0.5951854637586024,7.489439152524652,8.418374689108267,0.4111694316312813,4.023930407847424,COMPLETE
3693,0.11415,0.7120363715394759,7.489439152524652,7.885966990045877,116.68218004772335,1.8602957309646184,COMPLETE
3694,0.1211,0.6768967752802638,7.489439152524652,9.767312130896007,24.687993700004206,0.060573577726443714,COMPLETE
3695,0.06915,0.20764350412370305,7.489439152524652,1.4297349448428534,0.6494832708888578,4.792699168837896,COMPLETE
3696,0.1214,0.6394670946633411,7.211246974011563,8.418374689108267,116.68218004772335,0.030595349341982422,COMPLETE
3697,0.1031,0.5375880693677222,7.489439152524652,9.767312130896007,0.010206291664710026,13.737135040054913,COMPLETE
3698,0.12365,0.8743382238679344,7.489439152524652,9.988586281068551,359.71457230765833,1.526275265602974,COMPLETE
3699,0.0695,0.2543987520379035,7.339695485358947,1.1679739768270172,2.4792588435669867,0.030595349341982422,COMPLETE
3700,0.07455,0.2834664682570233,7.071966850650684,1.2992706708708701,2.4792588435669867,0.03865243142586708,COMPLETE
3701,0.14685,0.8631631615339993,7.339695485358947,7.639970758565217,4084.006930890018,1.3157650113770214,COMPLETE
3702,0.0745,0.4695310757336975,7.398979747077997,3.0156649020845308,4.6216117253800055,0.5985950343657075,COMPLETE
3703,0.0994,0.40777408906784224,2.0022100434246886,7.451337432117496,2.4792588435669867,11.34645454198699,COMPLETE
3704,0.10095,0.598812823848118,7.489439152524652,2.0024715673801867,1476.1251734596226,4.792699168837896,COMPLETE
3705,0.0882,0.4824219069213258,7.489439152524652,1.2992706708708701,1575.9369216711668,2.1102891532478085,COMPLETE
3706,0.10945,0.529926413868949,5.635908104563043,9.988586281068551,2.4792588435669867,0.2944924768920615,COMPLETE
3707,0.11715,0.7640164153027392,7.489439152524652,9.988586281068551,112.323925330586,1.526275265602974,COMPLETE
3708,0.08035,0.3920743750820766,6.903012180753286,4.101823977297871,0.032440161812824594,32.26137387200981,COMPLETE
3709,0.12235,0.6667279867332877,7.489439152524652,8.418374689108267,0.036342528926425914,0.04126786068763636,COMPLETE
3710,0.11755,0.7257342311458339,7.489439152524652,9.988586281068551,132.82022724445855,4.792699168837896,COMPLETE
3711,0.1329,0.8840197095517378,7.489439152524652,9.598176983927896,4471.617544167083,83.17189746007304,COMPLETE
3712,0.1039,0.580760116576385,7.489439152524652,9.988586281068551,30.54779366423335,11.34645454198699,COMPLETE
3713,0.06985,0.17526063807664144,6.8435536313626235,1.2992706708708701,0.11806800529776124,2.9491191624226234,COMPLETE
3714,0.08665,0.4751414435571684,7.398979747077997,3.0156649020845308,61.128832411058866,44.76380938653201,COMPLETE
3715,0.1176,0.6963430701156994,7.339695485358947,7.2809487324497955,0.5529959922862323,0.030595349341982422,COMPLETE
3716,0.08945,0.5792127223268767,7.321806062638004,5.061348409319827,0.017944270076093727,0.5985950343657075,COMPLETE
3717,0.0755,0.4766055689148246,7.489439152524652,3.0638630129150126,67.76734546051371,4.792699168837896,COMPLETE
3718,0.08945,0.623915442256391,7.489439152524652,6.612639322764853,6.48522403315561,3.582241529497219,COMPLETE
3719,0.0935,0.6439019273754085,7.321806062638004,5.252842404867624,3.5117497506616533,0.5985950343657075,COMPLETE
3720,0.1086,0.5274095601525591,4.940126266972066,9.988586281068551,6.711063045308862,1.8602957309646184,COMPLETE
3721,0.1233,0.8482190487997056,7.489439152524652,9.988586281068551,302.9051034714493,1.526275265602974,COMPLETE
3722,0.05975,0.1987013094641209,7.211246974011563,1.0340435745788543,0.011064191135752277,0.1065260421922396,COMPLETE
3723,0.0998,0.6580451521666832,7.321806062638004,5.406503926068193,61.128832411058866,0.7916187295333597,COMPLETE
3724,0.11185,0.7363710715715631,7.489439152524652,3.0156649020845308,1476.1251734596226,0.5985950343657075,COMPLETE
3725,0.11825,0.7111143973337671,7.489439152524652,8.160941529838574,359.71457230765833,13.737135040054913,COMPLETE
3726,0.09115,0.6001317370520588,7.489439152524652,7.639970758565217,0.06851566634219772,2.1102891532478085,COMPLETE
3727,0.08345,0.35974815112069214,6.737331083233622,2.8484038118040527,0.5529959922862323,0.7306953052604724,COMPLETE
3728,0.1293,0.8142598973256935,7.339695485358947,7.639970758565217,153.2860257697558,0.43892390883489674,COMPLETE
3729,0.07415,0.2520454308521491,6.8435536313626235,1.536531192373283,24.687993700004206,2.1102891532478085,COMPLETE
3730,0.10115,0.6367042287328273,7.489439152524652,3.8422142204178593,116.68218004772335,0.5985950343657075,COMPLETE
3731,0.12065,0.8248707251436801,7.489439152524652,7.639970758565217,502.1663293731389,4.792699168837896,COMPLETE
3732,0.10965,0.3303474453398709,0.9842124432147599,5.8081057233180955,0.44949750274962713,0.7306953052604724,COMPLETE
3733,0.09655,0.6131212562355332,7.489439152524652,5.848165540852496,4.6216117253800055,0.5985950343657075,COMPLETE
3734,0.0774,0.4254594064568452,7.339695485358947,3.1109816593785697,30.54779366423335,1.3964044847064154,COMPLETE
3735,0.06955,0.11034558984155025,4.017845613409758,1.0340435745788543,0.022872403443138362,0.5985950343657075,COMPLETE
3736,0.1076,0.6508977078526919,7.339695485358947,3.1109816593785697,1476.1251734596226,4.792699168837896,COMPLETE
3737,0.0917,0.6268551349534671,7.489439152524652,9.988586281068551,0.5503013998546388,4.792699168837896,COMPLETE
3738,0.09505,0.5939864229404166,7.339695485358947,7.639970758565217,0.050407024376558376,1.7097100610907403,COMPLETE
3739,0.1021,0.5719580399509117,6.987881512764903,9.988586281068551,24.687993700004206,2.1102891532478085,COMPLETE
3740,0.116,0.6449731628624134,7.211246974011563,8.418374689108267,0.011064191135752277,0.030595349341982422,COMPLETE
3741,0.1498,0.8572849639061045,7.321806062638004,8.418374689108267,1214.7886284164135,1.3964044847064154,COMPLETE
3742,0.0998,0.6701973092964545,7.489439152524652,7.3794551953857095,0.019315069618518407,0.46904863749817116,COMPLETE
3743,0.12605,0.854630863730923,7.339695485358947,7.451337432117496,1575.9369216711668,11.34645454198699,COMPLETE
3744,0.1273,0.8805043399201437,7.489439152524652,9.600259591448967,359.71457230765833,1.3157650113770214,COMPLETE
3745,0.13285,0.86877615812761,7.489439152524652,9.988586281068551,359.71457230765833,1.0864194972631505,COMPLETE
3746,0.0943,0.5588260878160897,7.489439152524652,8.418374689108267,0.019315069618518407,7.164839262501523,COMPLETE
3747,0.13005,0.8792422671949176,7.489439152524652,7.639970758565217,2649.0045320494287,13.737135040054913,COMPLETE
3748,0.14135,0.6979846510373017,6.666959706638387,9.988586281068551,1476.1251734596226,0.08402069357494363,COMPLETE
3749,0.0951,0.5313378065567105,6.666959706638387,8.418374689108267,1.5630285350980229,1.8602957309646184,COMPLETE
3750,0.1294,0.7831599456516201,5.716849609963034,6.374892468585764,1688.3846346819648,12.146893267526337,COMPLETE
3751,0.07815,0.24707342610979444,7.489439152524652,2.195218904889921,0.061530195681195304,4.5996702066918305,COMPLETE
3752,0.1197,0.6471940219395728,3.330587510448996,5.8081057233180955,359.71457230765833,1.0864194972631505,COMPLETE
3753,0.1147,0.5580084280899379,0.8664205458890601,8.101343682744979,1476.1251734596226,1.526275265602974,COMPLETE
3754,0.07385,0.255567461516935,7.489439152524652,2.1457938409119386,0.023367214872880168,4.792699168837896,COMPLETE
3755,0.09165,0.23131832403372177,1.0108591192038905,1.8941512611292954,116.68218004772335,2.1102891532478085,COMPLETE
3756,0.1226,0.6069001069667518,1.9854453534600158,9.988586281068551,359.71457230765833,1.526275265602974,COMPLETE
3757,0.12475,0.6239399062644295,7.339695485358947,7.451337432117496,65.42850617031253,0.02142067667726155,COMPLETE
3758,0.1424,0.8617818684337006,7.339695485358947,6.612639322764853,1418.3027511883918,1.3157650113770214,COMPLETE
3759,0.07385,0.1349168254655837,5.443169702125653,1.0340435745788543,3.9427802629738267,1.010558986363453,COMPLETE
3760,0.06935,0.3102558854232902,7.211246974011563,1.1679739768270172,0.05975520689544397,0.017909065170240338,COMPLETE
3761,0.1053,0.6096026696479099,6.812644630608508,2.0905506319448914,1476.1251734596226,4.792699168837896,COMPLETE
3762,0.10515,0.7263936928122253,7.489439152524652,9.767312130896007,111.18850587297112,13.737135040054913,COMPLETE
3763,0.0874,0.5469205532036865,4.065266434351589,6.75716595525997,30.54779366423335,1.0738768888663448,COMPLETE
3764,0.13555,0.8615186587009411,6.812644630608508,9.988586281068551,1090.7553308824297,4.792699168837896,COMPLETE
3765,0.1406,0.8975979184589167,7.489439152524652,8.418374689108267,1614.2005318958788,2.1102891532478085,COMPLETE
3766,0.108,0.6925544792788615,7.489439152524652,6.612639322764853,36.48880375787611,0.8395382421401469,COMPLETE
3767,0.08105,0.3825930869134161,7.489439152524652,2.4656458276312603,24.88751446348427,0.5985950343657075,COMPLETE
3768,0.12535,0.27346627059684436,0.8513525616282279,8.657625030331275,32.5499016480293,1.526275265602974,COMPLETE
3769,0.1224,0.6360173741207443,7.211246974011563,9.988586281068551,0.011064191135752277,0.030595349341982422,COMPLETE
3770,0.11145,0.7655493734148007,7.321806062638004,9.988586281068551,61.128832411058866,0.5985950343657075,COMPLETE
3771,0.10435,0.5896171940434091,7.211246974011563,4.2633560464040405,0.011064191135752277,0.030595349341982422,COMPLETE
3772,0.081,0.4480977980865421,5.443169702125653,1.0340435745788543,1476.1251734596226,0.5165756003912475,COMPLETE
3773,0.0917,0.5038515223201704,7.339695485358947,4.236869645337586,0.4111694316312813,0.5985950343657075,COMPLETE
3774,0.1029,0.628435874053825,7.339695485358947,8.418374689108267,0.5529959922862323,0.7306953052604724,COMPLETE
3775,0.07885,0.2695971257842056,7.489439152524652,2.195218904889921,0.529397020726381,0.5985950343657075,COMPLETE
3776,0.1355,0.9028673704284969,7.489439152524652,8.418374689108267,1476.1251734596226,4.792699168837896,COMPLETE
3777,0.10455,0.6181603090248129,4.889988930185639,7.639970758565217,0.019315069618518407,0.7306953052604724,COMPLETE
3778,0.1254,0.6106217043725747,7.339695485358947,6.612639322764853,359.71457230765833,0.032066645118164615,COMPLETE
3779,0.0753,0.3038954305460343,7.211246974011563,1.1679739768270172,0.011064191135752277,0.018908674729531033,COMPLETE
3780,0.0875,0.5562269184750911,7.489439152524652,4.101823977297871,0.48160356426463263,0.5985950343657075,COMPLETE
3781,0.09995,0.4763245936853362,7.321806062638004,3.0638630129150126,116.68218004772335,0.02023487992341901,COMPLETE
3782,0.08295,0.3045328825774843,7.339695485358947,1.1679739768270172,111.18850587297112,0.030595349341982422,COMPLETE
3783,0.0943,0.3534200630674309,5.5150049043702545,1.1679739768270172,560.4775189597802,1.526275265602974,COMPLETE
3784,0.09465,0.5136054414763407,6.812644630608508,9.988586281068551,0.04404355935644697,4.792699168837896,COMPLETE
3785,0.1436,0.8930638966809665,6.812644630608508,9.988586281068551,1476.1251734596226,4.792699168837896,COMPLETE
3786,0.0953,0.6250458142139164,7.489439152524652,3.070310343864464,116.68218004772335,0.22098323612553114,COMPLETE
3787,0.08345,0.3528240429230186,7.211246974011563,3.1109816593785697,0.011064191135752277,11.34645454198699,COMPLETE
3788,0.1319,0.8291075111839548,5.443169702125653,5.196045314781185,1476.1251734596226,1.0685189281333363,COMPLETE
3789,0.14255,0.8364220382962761,4.245334045540806,9.988586281068551,1476.1251734596226,3.646616628444733,COMPLETE
3790,0.09325,0.5401484446134064,7.489439152524652,1.675677896558578,1575.9369216711668,2.1102891532478085,COMPLETE
3791,0.1405,0.8343612984152591,7.489439152524652,9.578242435690248,1476.1251734596226,7.872027742403016,COMPLETE
3792,0.0898,0.27838210641148486,7.321806062638004,1.5764069139067285,61.128832411058866,0.5985950343657075,COMPLETE
3793,0.14815,0.8676313376218583,7.489439152524652,9.988586281068551,8750.699184212268,1.177674326227598,COMPLETE
3794,0.10155,0.680595920693068,7.489439152524652,8.418374689108267,24.687993700004206,2.1102891532478085,COMPLETE
3795,0.07885,0.2689824823808136,1.8183703495520802,2.1602289944283357,61.128832411058866,44.76380938653201,COMPLETE
3796,0.0774,0.24280251686168944,0.6536930373112604,1.2992706708708701,0.5529959922862323,0.010436849010409536,COMPLETE
3797,0.07855,0.4234349156662729,5.443169702125653,1.0340435745788543,1476.1251734596226,4.792699168837896,COMPLETE
3798,0.067,0.4253000218796662,7.489439152524652,4.101823977297871,0.48160356426463263,20.53241074618111,COMPLETE
3799,0.0708,0.15800714395916768,5.9761398167323305,1.0160075476457626,0.022872403443138362,0.13391944103899936,COMPLETE
3800,0.08705,0.35062592547897425,7.321806062638004,2.6325117192561205,0.8124005744336052,0.5985950343657075,COMPLETE
3801,0.10045,0.6479448699064783,7.489439152524652,2.145139889762589,1476.1251734596226,4.792699168837896,COMPLETE
3802,0.1156,0.7059963240805687,5.334411901674462,9.933529862520766,112.323925330586,1.526275265602974,COMPLETE
3803,0.1439,0.8989788777670494,6.113254957785057,9.988586281068551,1476.1251734596226,2.1102891532478085,COMPLETE
3804,0.1274,0.620791013780835,3.404743901748421,7.639970758565217,153.2860257697558,0.030595349341982422,COMPLETE
3805,0.0966,0.49927943035475764,6.666959706638387,9.988586281068551,18.963605409074674,12.146893267526337,COMPLETE
3806,0.09505,0.5257262141605756,7.489439152524652,8.418374689108267,3.75723531991993,2.1102891532478085,COMPLETE
3807,0.0957,0.6263648085874387,7.489439152524652,8.418374689108267,0.31846446693770997,2.1102891532478085,COMPLETE
3808,0.1335,0.864907034474699,7.489439152524652,8.418374689108267,1476.1251734596226,3.646616628444733,COMPLETE
3809,0.1032,0.6164660567053655,7.489439152524652,3.0638630129150126,359.71457230765833,85.44477108279935,COMPLETE
3810,0.11795,0.7587933905625803,7.489439152524652,4.30437344766625,359.71457230765833,0.5305437321475595,COMPLETE
3811,0.142,0.8729264353396978,7.339695485358947,9.988586281068551,1575.9369216711668,4.792699168837896,COMPLETE
3812,0.11105,0.6778616862579685,7.489439152524652,8.418374689108267,0.18757496354022943,0.03535936021385445,COMPLETE
3813,0.072,0.20475921740755024,3.2371772498516345,1.0483882172678727,0.179327356103976,0.030595349341982422,COMPLETE
3814,0.121,0.819571509424734,7.339695485358947,9.988586281068551,153.2860257697558,0.7306953052604724,COMPLETE
3815,0.0989,0.42551516013572044,2.6401036099670443,7.639970758565217,30.54779366423335,11.34645454198699,COMPLETE
3816,0.0741,0.45358828547368085,7.489439152524652,1.0340435745788543,1476.1251734596226,4.792699168837896,COMPLETE
3817,0.10785,0.6576288607150913,5.334411901674462,9.988586281068551,112.323925330586,10.84418492220004,COMPLETE
3818,0.08095,0.38995819656032166,7.362525021640617,3.0156649020845308,0.14095000732375132,0.5985950343657075,COMPLETE
3819,0.08425,0.35709841573303963,7.339695485358947,3.1109816593785697,13.90002302376504,11.34645454198699,COMPLETE
3820,0.10175,0.6814765919318079,7.489439152524652,8.418374689108267,4.6216117253800055,1.3157650113770214,COMPLETE
3821,0.1142,0.7087569213395827,7.489439152524652,7.639970758565217,153.2860257697558,13.737135040054913,COMPLETE
3822,0.08855,0.35009965595624576,7.398979747077997,2.8079176257868736,0.061530195681195304,1.3716760143784998,COMPLETE
3823,0.0811,0.3821382885209664,7.489439152524652,2.112655351760861,0.022872403443138362,0.13391944103899936,COMPLETE
3824,0.11105,0.7362295203598125,7.489439152524652,9.361433107745171,116.68218004772335,18.148707480685825,COMPLETE
3825,0.0666,0.15298563517252656,7.489439152524652,1.1679739768270172,0.019315069618518407,8.051850375562656,COMPLETE
3826,0.09585,0.6380313018455749,7.339695485358947,9.988586281068551,1.258875290527135,3.646616628444733,COMPLETE
3827,0.12595,0.7303552602343555,7.339695485358947,8.60644557768735,359.71457230765833,32.3150245315449,COMPLETE
3828,0.08845,0.5256578204882241,6.8435536313626235,9.988586281068551,2.4792588435669867,44.76380938653201,COMPLETE
3829,0.0611,0.25019614692443304,7.339695485358947,1.1679739768270172,0.295807063735504,0.06973596239586297,COMPLETE
3830,0.12855,0.7287902709634142,7.339695485358947,4.721937340149496,359.71457230765833,0.16473075759885536,COMPLETE
3831,0.10455,0.630620813571141,7.489439152524652,9.91610856462906,0.019315069618518407,2.1102891532478085,COMPLETE
3832,0.09075,0.5711106570180409,7.489439152524652,2.196223273571391,560.4775189597802,1.526275265602974,COMPLETE
3833,0.0771,0.35642586927861636,7.339695485358947,1.039516088364536,359.71457230765833,1.0864194972631505,COMPLETE
3834,0.0862,0.24016877949926815,6.384870990966285,2.169553627688084,0.061530195681195304,2.1102891532478085,COMPLETE
3835,0.07035,0.2121024805671835,7.339695485358947,1.5263825438161032,0.5529959922862323,1.526275265602974,COMPLETE
3836,0.08695,0.3889062439175623,7.398979747077997,1.316252447589793,61.128832411058866,0.030595349341982422,COMPLETE
3837,0.07695,0.38583989000487234,7.339695485358947,2.5929224448570674,0.06611529142219816,0.9091145530763761,COMPLETE
3838,0.1202,0.7666755133824301,7.35983615531899,5.061348409319827,560.4775189597802,1.526275265602974,COMPLETE
3839,0.08525,0.2644032824948646,5.5150049043702545,2.195218904889921,2.4792588435669867,0.2944924768920615,COMPLETE
3840,0.1007,0.5629266263564525,5.334411901674462,9.933529862520766,4.6216117253800055,1.3964044847064154,COMPLETE
3841,0.08975,0.5574515887687839,7.489439152524652,5.061348409319827,0.017944270076093727,2.1102891532478085,COMPLETE
3842,0.12585,0.8613024807336166,7.339695485358947,8.418374689108267,1536.9619855055832,15.436703536221925,COMPLETE
3843,0.0952,0.5492091438313604,7.489439152524652,8.418374689108267,0.011064191135752277,2.1102891532478085,COMPLETE
3844,0.1357,0.649439250786958,2.2468959212184516,9.599481968104127,1476.1251734596226,4.792699168837896,COMPLETE
3845,0.1096,0.6641267528812707,7.489439152524652,6.612639322764853,6.48522403315561,0.3270964342650079,COMPLETE
3846,0.0628,0.22861164570173342,7.489439152524652,1.101211699839688,61.128832411058866,10.475778116839388,COMPLETE
3847,0.11895,0.4429417870682006,1.3061973484727245,9.933529862520766,153.2860257697558,1.526275265602974,COMPLETE
3848,0.1119,0.7242253382240061,7.489439152524652,6.612639322764853,359.71457230765833,4.010674288909624,COMPLETE
3849,0.13665,0.7604638042726884,7.398979747077997,5.073549444172891,3241.592921066852,0.3022463514300426,COMPLETE
3850,0.1212,0.8109131307889473,7.339695485358947,6.612639322764853,359.71457230765833,1.3157650113770214,COMPLETE
3851,0.1179,0.7717637963215465,7.489439152524652,9.988586281068551,112.323925330586,4.792699168837896,COMPLETE
3852,0.09645,0.6092872237025218,7.489439152524652,3.0638630129150126,359.71457230765833,13.737135040054913,COMPLETE
3853,0.0694,0.20206772272350138,7.489439152524652,1.1679739768270172,2.4792588435669867,0.13391944103899936,COMPLETE
3854,0.0887,0.49458108162186093,5.133266532669468,7.451337432117496,0.4111694316312813,4.792699168837896,COMPLETE
3855,0.08135,0.5465980614127913,7.489439152524652,4.101823977297871,6.48522403315561,0.5985950343657075,COMPLETE
3856,0.10795,0.7417096422647698,7.339695485358947,7.639970758565217,153.2860257697558,4.792699168837896,COMPLETE
3857,0.10005,0.6685472579823781,7.339695485358947,7.639970758565217,4.6216117253800055,0.7306953052604724,COMPLETE
3858,0.08835,0.500279981906437,7.2034445873102415,2.195218904889921,359.71457230765833,7.229980871992937,COMPLETE
3859,0.1264,0.8427830048041819,6.812644630608508,5.196045314781185,7352.894889640626,1.526275265602974,COMPLETE
3860,0.06465,0.17453089477625416,7.489439152524652,1.3225244807582155,0.022872403443138362,1.526275265602974,COMPLETE
3861,0.10705,0.7279329773073967,7.489439152524652,6.612639322764853,2.4792588435669867,0.2944924768920615,COMPLETE
3862,0.0709,0.4728969829541311,7.489439152524652,4.101823977297871,0.022872403443138362,0.5985950343657075,COMPLETE
3863,0.108,0.4226996163759157,2.8415457576239476,9.988586281068551,0.064536007371035,1.526275265602974,COMPLETE
3864,0.06925,0.2566639020284448,7.489439152524652,1.2992706708708701,0.022872403443138362,0.07899621808581027,COMPLETE
3865,0.10245,0.5971992424276684,7.489439152524652,8.418374689108267,24.687993700004206,4.792699168837896,COMPLETE
3866,0.13455,0.6614941212445082,7.489439152524652,9.988586281068551,359.71457230765833,0.06975491131623211,COMPLETE
3867,0.0674,0.20032709358292305,7.321806062638004,1.1679739768270172,3.6483343222657822,0.5985950343657075,COMPLETE
3868,0.13855,0.8800705342484234,7.339695485358947,9.988586281068551,2046.6058445328788,4.792699168837896,COMPLETE
3869,0.121,0.6515221514818144,2.7463207450618814,9.988586281068551,359.71457230765833,4.047581377862915,COMPLETE
3870,0.14415,0.8913229274100704,7.489439152524652,9.988586281068551,1476.1251734596226,3.5335649443407138,COMPLETE
3871,0.08075,0.4099830193795708,7.489439152524652,3.0638630129150126,0.13733081107918949,0.5985950343657075,COMPLETE
3872,0.1004,0.5786913806066033,7.489439152524652,8.418374689108267,0.019315069618518407,0.8629341428436784,COMPLETE
3873,0.11235,0.680965797622567,6.666959706638387,5.8081057233180955,359.71457230765833,12.146893267526337,COMPLETE
3874,0.0643,0.197390009625998,5.5150049043702545,1.2992706708708701,9.931811011672886,13.159611451630171,COMPLETE
3875,0.0908,0.5250255324625754,7.489439152524652,6.612639322764853,0.3088211431391635,4.792699168837896,COMPLETE
3876,0.13995,0.6784714066031262,7.489439152524652,8.418374689108267,553.5117706079106,0.07191323823421092,COMPLETE
3877,0.09245,0.5864295155677475,7.489439152524652,6.612639322764853,22.916663829188607,1.3964044847064154,COMPLETE
3878,0.12005,0.33671987783261575,0.4955725385534204,8.418374689108267,359.71457230765833,13.737135040054913,COMPLETE
3879,0.09525,0.6507837225070746,7.489439152524652,4.9315381136828735,0.19635775563404856,0.07899621808581027,COMPLETE
3880,0.12795,0.6506358506867171,7.339695485358947,8.418374689108267,5793.628310179968,0.030595349341982422,COMPLETE
3881,0.09525,0.5205816191988853,7.489439152524652,7.639970758565217,0.12020999256043768,2.1102891532478085,COMPLETE
3882,0.12455,0.8665612931171952,7.339695485358947,9.988586281068551,1476.1251734596226,4.792699168837896,COMPLETE
3883,0.1186,0.7548974542473551,7.489439152524652,8.418374689108267,359.71457230765833,24.69258432844077,COMPLETE
3884,0.11785,0.7606125450429566,7.489439152524652,3.21564404623997,2365.0095658352443,1.3157650113770214,COMPLETE
3885,0.08,0.46750117487652443,7.321806062638004,4.101823977297871,0.48160356426463263,0.5985950343657075,COMPLETE
3886,0.14025,0.8948664308925796,7.489439152524652,9.988586281068551,1476.1251734596226,1.5680469713374396,COMPLETE
3887,0.12735,0.9039745275300094,7.489439152524652,9.988586281068551,1476.1251734596226,4.792699168837896,COMPLETE
3888,0.10345,0.5795403770869605,5.748265316774864,4.101823977297871,0.011064191135752277,0.030595349341982422,COMPLETE
3889,0.11095,0.5282124504443209,7.489439152524652,2.21327036481238,359.71457230765833,0.07899621808581027,COMPLETE
3890,0.13115,0.7386375747848153,4.769845521584728,8.418374689108267,359.71457230765833,2.1102891532478085,COMPLETE
3891,0.09585,0.46448465798160093,1.9682285357075717,4.437583200960835,153.2860257697558,0.7306953052604724,COMPLETE
3892,0.0847,0.33984431737510173,7.339695485358947,1.1679739768270172,127.69512886835504,0.030595349341982422,COMPLETE
3893,0.09195,0.42901989968303544,2.70888747120831,7.304355521475117,1.773587894458004,1.0864194972631505,COMPLETE
3894,0.13915,0.8755697632200783,7.489439152524652,9.988586281068551,1515.1834651926638,1.526275265602974,COMPLETE
3895,0.104,0.7149556036456631,6.812644630608508,8.418374689108267,65.42850617031253,4.792699168837896,COMPLETE
3896,0.11605,0.8057804894828872,7.489439152524652,8.418374689108267,116.68218004772335,1.8602957309646184,COMPLETE
3897,0.06685,0.17139909494322939,7.489439152524652,1.0340435745788543,4.6216117253800055,0.5985950343657075,COMPLETE
3898,0.1341,0.5386036179087594,7.489439152524652,9.767312130896007,1575.9369216711668,0.023746693688979366,COMPLETE
3899,0.0964,0.5653820692382922,5.785038951073367,9.988586281068551,0.1485051453056504,4.792699168837896,COMPLETE
3900,0.0967,0.4881193862654469,7.339695485358947,7.451337432117496,0.4111694316312813,11.34645454198699,COMPLETE
3901,0.1025,0.6637313517199683,7.339695485358947,5.8081057233180955,0.2592110377970444,0.12007839303264316,COMPLETE
3902,0.0928,0.3723337749491631,6.666959706638387,1.1679739768270172,1688.3846346819648,0.030595349341982422,COMPLETE
3903,0.0971,0.42280965271203724,6.585970082169553,1.0340435745788543,1476.1251734596226,44.76380938653201,COMPLETE
3904,0.0944,0.4865967426690685,6.666959706638387,9.988586281068551,0.36609879773391035,12.146893267526337,COMPLETE
3905,0.087,0.492830354843342,7.489439152524652,9.988586281068551,4.5415257554153525,44.54648970844939,COMPLETE
3906,0.0769,0.3006366328919435,7.489439152524652,2.1588214640284127,0.5503013998546388,1.3157650113770214,COMPLETE
3907,0.12235,0.8267057328923038,7.339695485358947,6.612639322764853,359.71457230765833,1.3157650113770214,COMPLETE
3908,0.09965,0.44913369249733487,7.339695485358947,7.451337432117496,11.029824212366417,53.426552592153065,COMPLETE
3909,0.07905,0.45140354728752163,5.5150049043702545,1.354216044980717,560.4775189597802,0.5985950343657075,COMPLETE
3910,0.11775,0.8421475847826058,7.489439152524652,6.612639322764853,359.71457230765833,1.3157650113770214,COMPLETE
3911,0.0817,0.333131553157628,7.211246974011563,1.0340435745788543,359.71457230765833,8.59367917613428,COMPLETE
3912,0.1013,0.6061524780799615,6.8435536313626235,7.639970758565217,0.8391130786874567,0.2695078668635029,COMPLETE
3913,0.0655,0.15124622453894734,7.321806062638004,1.0340435745788543,0.0601473291882523,0.5985950343657075,COMPLETE
3914,0.09855,0.5077269962538344,5.52384086679849,9.988586281068551,0.015057033035072203,4.792699168837896,COMPLETE
3915,0.08525,0.13005423773443198,3.8754912560611756,1.0340435745788543,30.54779366423335,1.010558986363453,COMPLETE
3916,0.0714,0.227976053552137,7.489439152524652,1.6890127312814283,0.022872403443138362,0.7306953052604724,COMPLETE
3917,0.13575,0.8989909016386071,7.489439152524652,7.639970758565217,1476.1251734596226,2.1102891532478085,COMPLETE
3918,0.13285,0.6570088529553852,7.489439152524652,7.639970758565217,153.2860257697558,0.07899621808581027,COMPLETE
3919,0.0957,0.625102640421786,7.489439152524652,8.418374689108267,11.445867564247227,2.1102891532478085,COMPLETE
3920,0.09165,0.6357128081740246,7.489439152524652,7.119598285781757,0.05805706406981714,2.1102891532478085,COMPLETE
3921,0.09695,0.4077435236440299,4.688057408359341,3.0638630129150126,30.54779366423335,0.5985950343657075,COMPLETE
3922,0.1196,0.30503979721536095,2.553227867401783,5.196045314781185,2.4792588435669867,3.7705833104095947,COMPLETE
3923,0.09655,0.5455350775402549,7.283592801350966,3.0638630129150126,112.323925330586,1.526275265602974,COMPLETE
3924,0.07945,0.2455540556937131,7.489439152524652,1.1801625385226422,116.68218004772335,2.1102891532478085,COMPLETE
3925,0.0952,0.3825517217466082,7.339695485358947,4.627114872625429,0.4111694316312813,44.76380938653201,COMPLETE
3926,0.0874,0.5810639753741037,6.812644630608508,9.988586281068551,0.48160356426463263,54.20822894701807,COMPLETE
3927,0.0838,0.580037571571342,7.2723089278854225,6.606432970953896,0.02472317920406651,2.9191113276896496,COMPLETE
3928,0.1467,0.8339796866789239,7.321806062638004,5.8081057233180955,6466.850520120734,0.5985950343657075,COMPLETE
3929,0.11735,0.8455730864362411,7.339695485358947,5.196045314781185,560.4775189597802,1.0864194972631505,COMPLETE
3930,0.1163,0.5333995115184486,4.023256261836821,5.122950517570666,116.68218004772335,3.496879262427491,COMPLETE
3931,0.09425,0.5312208144939035,5.334411901674462,9.933529862520766,6.48522403315561,1.3157650113770214,COMPLETE
3932,0.09155,0.5204147699647202,7.489439152524652,9.988586281068551,0.5503013998546388,4.792699168837896,COMPLETE
3933,0.1072,0.5676886190321887,3.9864868401697837,9.988586281068551,0.022872403443138362,0.13391944103899936,COMPLETE
3934,0.0976,0.2323033330591395,0.3917701543937324,3.1109816593785697,0.8529526063772959,2.595601394558052,COMPLETE
3935,0.09205,0.5520118605235595,7.339695485358947,9.988586281068551,0.09869381337965963,4.792699168837896,COMPLETE
3936,0.09515,0.49843378557203666,3.5179041441734347,6.612639322764853,6.48522403315561,0.5985950343657075,COMPLETE
3937,0.08285,0.4416970781739158,4.36503509561558,3.139623693387797,61.128832411058866,0.5985950343657075,COMPLETE
3938,0.1113,0.627827870850736,7.489439152524652,8.418374689108267,0.022872403443138362,0.13391944103899936,COMPLETE
3939,0.12195,0.6938408849805525,4.906437732878244,7.639970758565217,153.2860257697558,0.7306953052604724,COMPLETE
3940,0.09635,0.6734032415596828,7.339695485358947,5.061348409319827,359.71457230765833,4.792699168837896,COMPLETE
3941,0.1078,0.678951707936207,5.247745679010757,9.988586281068551,153.2860257697558,4.792699168837896,COMPLETE
3942,0.12745,0.6768519562896032,7.489439152524652,9.767312130896007,111.18850587297112,0.06381886177366168,COMPLETE
3943,0.1197,0.583713216570366,7.489439152524652,2.5078194846832016,1476.1251734596226,0.13391944103899936,COMPLETE
3944,0.0776,0.37260064690307043,7.489439152524652,2.195218904889921,30.54779366423335,0.5985950343657075,COMPLETE
3945,0.0798,0.5004251038509032,7.339695485358947,3.1109816593785697,116.68218004772335,1.8602957309646184,COMPLETE
3946,0.10385,0.4183036115356819,0.4540227456568209,7.639970758565217,1476.1251734596226,4.792699168837896,COMPLETE
3947,0.07715,0.16249562344996252,7.321806062638004,1.0340435745788543,30.54779366423335,4.792699168837896,COMPLETE
3948,0.0716,0.3270927206648948,7.321806062638004,1.1679739768270172,4.6216117253800055,0.030595349341982422,COMPLETE
3949,0.1261,0.89156506346565,7.489439152524652,9.988586281068551,1476.1251734596226,4.792699168837896,COMPLETE
3950,0.09845,0.626698624893406,7.489439152524652,2.195218904889921,1575.9369216711668,2.1102891532478085,COMPLETE
3951,0.0991,0.6014801408701067,6.812644630608508,8.418374689108267,0.019315069618518407,2.1102891532478085,COMPLETE
3952,0.0908,0.4896624464532021,7.339695485358947,5.061348409319827,0.017944270076093727,4.792699168837896,COMPLETE
3953,0.1264,0.6077311879275353,7.339695485358947,7.639970758565217,153.2860257697558,0.030595349341982422,COMPLETE
3954,0.09905,0.5673204709816129,7.339695485358947,9.988586281068551,30.54779366423335,11.34645454198699,COMPLETE
3955,0.1086,0.6464111674372183,7.321806062638004,9.988586281068551,0.017944270076093727,0.5985950343657075,COMPLETE
3956,0.07145,0.2746587856989891,5.443169702125653,1.1679739768270172,0.011064191135752277,0.030595349341982422,COMPLETE
3957,0.13455,0.9041978921970247,7.489439152524652,9.988586281068551,1476.1251734596226,11.34645454198699,COMPLETE
3958,0.0982,0.629682379474849,7.489439152524652,8.418374689108267,4.6216117253800055,1.3964044847064154,COMPLETE
3959,0.11,0.6778793303070122,7.489439152524652,8.418374689108267,65.42850617031253,4.111402995223956,COMPLETE
3960,0.1207,0.44214141493589576,7.339695485358947,9.988586281068551,1476.1251734596226,0.012262750634837352,COMPLETE
3961,0.07975,0.49341244690671554,7.321806062638004,3.6854011129776656,0.5529959922862323,0.7306953052604724,COMPLETE
3962,0.13675,0.8571713517734874,6.699763905576901,9.988586281068551,359.71457230765833,1.526275265602974,COMPLETE
3963,0.06315,0.200486837738024,6.8868602057486745,1.1173128555125744,30.54779366423335,1.3157650113770214,COMPLETE
3964,0.11055,0.472476647549117,0.7256314478065667,7.639970758565217,0.011064191135752277,0.030595349341982422,COMPLETE
3965,0.13735,0.8954582384898787,6.812644630608508,8.418374689108267,1476.1251734596226,1.8602957309646184,COMPLETE
3966,0.13745,0.7580069385958228,7.489439152524652,4.1228633890077875,1476.1251734596226,0.5724386106648577,COMPLETE
3967,0.0927,0.2797879788706286,1.390749235828311,2.2977468880773553,153.2860257697558,1.3481867754530164,COMPLETE
3968,0.09485,0.5201412158388714,6.501179106113755,8.418374689108267,0.019315069618518407,2.1102891532478085,COMPLETE
3969,0.1011,0.5014334415482349,5.482908101088168,7.639970758565217,0.5529959922862323,0.7306953052604724,COMPLETE
3970,0.1134,0.7370890296083216,7.321806062638004,9.988586281068551,61.128832411058866,1.5300748484254258,COMPLETE
3971,0.09495,0.705462731019001,7.489439152524652,8.418374689108267,24.687993700004206,2.1102891532478085,COMPLETE
3972,0.1417,0.9033376071343193,7.339695485358947,9.988586281068551,5330.739080359486,4.792699168837896,COMPLETE
3973,0.12685,0.7607391092661614,6.666959706638387,9.988586281068551,359.71457230765833,12.146893267526337,COMPLETE
3974,0.132,0.9001299454633126,7.339695485358947,9.988586281068551,468.8283192107735,1.3964044847064154,COMPLETE
3975,0.09,0.624401524549533,7.339695485358947,8.418374689108267,0.07901569601719857,2.1102891532478085,COMPLETE
3976,0.0778,0.3973111746750724,7.489439152524652,3.0156649020845308,6.48522403315561,1.3157650113770214,COMPLETE
3977,0.1085,0.7246461014509046,7.339695485358947,3.0156649020845308,1080.4874260684683,0.6970767008358846,COMPLETE
3978,0.0641,0.2047790296175815,7.489439152524652,1.2992706708708701,13.973401962787221,2.1102891532478085,COMPLETE
3979,0.06005,0.27999477102585324,7.211246974011563,1.0340435745788543,0.011064191135752277,0.030595349341982422,COMPLETE
3980,0.08435,0.4552439574928926,7.321806062638004,4.101823977297871,0.48160356426463263,0.5985950343657075,COMPLETE
3981,0.08245,0.5266611486548726,7.489439152524652,3.635707500049627,2.327540896505269,1.3599130536418602,COMPLETE
3982,0.0638,0.16094492004869967,7.489439152524652,1.1363418851645617,2.4792588435669867,0.4104265079728401,COMPLETE
3983,0.0925,0.5555306956235623,5.575007212675362,8.418374689108267,0.4111694316312813,2.1102891532478085,COMPLETE
3984,0.11345,0.7482678633154114,7.321806062638004,9.767312130896007,111.18850587297112,13.737135040054913,COMPLETE
3985,0.10495,0.426120586639864,2.547030919407195,9.988586281068551,5.463004516278291,1.526275265602974,COMPLETE
3986,0.09305,0.5928887606469025,7.339695485358947,7.451337432117496,1.9671228418934674,1.526275265602974,COMPLETE
3987,0.11935,0.66755271642545,7.211246974011563,9.767312130896007,0.011064191135752277,0.030595349341982422,COMPLETE
3988,0.09375,0.6275074667427974,7.489439152524652,8.418374689108267,0.019315069618518407,2.1102891532478085,COMPLETE
3989,0.0636,0.2519302535860107,4.6408488757778255,1.1679739768270172,2.0122575885700065,0.030595349341982422,COMPLETE
3990,0.0673,0.20539337920485318,7.489439152524652,1.329677624462579,0.019315069618518407,2.1102891532478085,COMPLETE
3991,0.09335,0.5178351200760615,5.581684621147168,9.988586281068551,0.50915573651879,4.792699168837896,COMPLETE
3992,0.12525,0.8654340333343745,6.812644630608508,9.988586281068551,359.71457230765833,1.0864194972631505,COMPLETE
3993,0.1276,0.9028821932697958,7.489439152524652,9.988586281068551,1476.1251734596226,4.792699168837896,COMPLETE
3994,0.0783,0.42689031497859686,7.064342622879888,3.447498222367163,0.022872403443138362,1.3157650113770214,COMPLETE
3995,0.1018,0.3647988823611557,3.2479690262043195,5.863104623611835,0.4111694316312813,9.300193545437548,COMPLETE
3996,0.13715,0.6333661970383436,7.339695485358947,8.418374689108267,4035.2229917835607,0.028308563894378337,COMPLETE
3997,0.0978,0.54023976256329,7.489439152524652,2.828190677747145,65.42850617031253,0.02368896970054128,COMPLETE
3998,0.12275,0.8718643730479565,7.489439152524652,9.988586281068551,359.71457230765833,2.6571735969650154,COMPLETE
3999,0.1086,0.6815619598374664,5.334411901674462,9.988586281068551,61.128832411058866,1.526275265602974,COMPLETE
4000,0.0977,0.5294619008393026,7.489439152524652,9.988586281068551,0.5503013998546388,4.792699168837896,COMPLETE
4001,0.0675,0.20281547634144903,6.195146408994803,1.2992706708708701,0.022872403443138362,0.3511017441773392,COMPLETE
4002,0.11465,0.7032691359525239,7.398979747077997,3.4325627425068186,1476.1251734596226,2.512249230842331,COMPLETE
4003,0.1058,0.6246787714496806,7.339695485358947,9.988586281068551,2.4792588435669867,0.17635413086589105,COMPLETE
4004,0.07515,0.25082826562867117,6.666959706638387,1.2658197321499356,61.128832411058866,2.1748962167872565,COMPLETE
4005,0.0965,0.6699401628149357,7.489439152524652,8.293957695503595,0.36861182620802174,1.3157650113770214,COMPLETE
4006,0.0661,0.23214881395994957,5.486041316220938,1.2992706708708701,0.022872403443138362,0.13391944103899936,COMPLETE
4007,0.11655,0.576735673798734,1.0797186386069455,8.418374689108267,1575.9369216711668,2.1102891532478085,COMPLETE
4008,0.1048,0.7701763608906502,7.489439152524652,7.639970758565217,153.2860257697558,2.1102891532478085,COMPLETE
4009,0.1081,0.7516762695089997,7.489439152524652,8.418374689108267,116.68218004772335,2.1102891532478085,COMPLETE
4010,0.1014,0.23692065910153856,5.443169702125653,1.0340435745788543,252.39718240234984,4.792699168837896,COMPLETE
4011,0.0869,0.5213877898056105,5.443169702125653,2.302846079941501,153.2860257697558,0.1168553131758214,COMPLETE
4012,0.09265,0.4914254976248368,7.489439152524652,7.451337432117496,0.5500728460063554,11.34645454198699,COMPLETE
4013,0.07665,0.3214186669531944,7.321806062638004,1.0340435745788543,230.56233449440467,0.5985950343657075,COMPLETE
4014,0.0814,0.441854575450269,5.443169702125653,1.1679739768270172,1476.1251734596226,0.0656116274534186,COMPLETE
4015,0.12385,0.5682521310097515,5.334411901674462,9.933529862520766,24.687993700004206,0.01054308220590327,COMPLETE
4016,0.1072,0.5093955801591694,5.5150049043702545,5.196045314781185,24.687993700004206,1.526275265602974,COMPLETE
4017,0.12215,0.7673888882516677,6.837458598103094,8.418374689108267,616.7255811545747,71.75859341164724,COMPLETE
4018,0.1311,0.49237156329915244,1.094079196715974,9.988586281068551,61.128832411058866,0.1771082082610977,COMPLETE
4019,0.07295,0.15382505625369242,7.321806062638004,1.1679739768270172,2.4792588435669867,3.274982143694478,COMPLETE
4020,0.07545,0.3342964414909887,7.489439152524652,1.2992706708708701,0.022872403443138362,0.03491319087197653,COMPLETE
4021,0.13545,0.6555929799851806,5.5150049043702545,9.988586281068551,560.4775189597802,0.07155839475826911,COMPLETE
4022,0.14215,0.7995394192219853,4.958349945655184,9.988586281068551,1688.3846346819648,12.146893267526337,COMPLETE
4023,0.0742,0.25251967918089996,7.489439152524652,1.1679739768270172,0.23758938006481906,0.030595349341982422,COMPLETE
4024,0.1205,0.6533233670727544,7.339695485358947,8.418374689108267,24.687993700004206,0.030595349341982422,COMPLETE
4025,0.08165,0.29573296474944905,7.489439152524652,2.195218904889921,2.4792588435669867,4.792699168837896,COMPLETE
4026,0.1133,0.802098133408399,7.339695485358947,7.639970758565217,153.2860257697558,0.7306953052604724,COMPLETE
4027,0.06695,0.15527476706137758,6.8435536313626235,1.0340435745788543,2.4792588435669867,44.76380938653201,COMPLETE
4028,0.12185,0.623958125048731,2.6872006999624354,3.0156649020845308,4728.909173460049,0.5985950343657075,COMPLETE
4029,0.0995,0.6085909317869346,7.489439152524652,6.365002384815614,6.48522403315561,1.3157650113770214,COMPLETE
4030,0.1045,0.6053370338334588,4.904814204839697,6.612639322764853,116.68218004772335,2.1102891532478085,COMPLETE
4031,0.1035,0.40886943161895584,5.443169702125653,1.24539777198406,1476.1251734596226,0.026350319485123643,COMPLETE
4032,0.1199,0.7069627440278878,7.398979747077997,2.496560168011563,1476.1251734596226,0.5985950343657075,COMPLETE
4033,0.135,0.6349685537796302,7.211246974011563,5.891459701938171,1476.1251734596226,0.030595349341982422,COMPLETE
4034,0.13475,0.8594122076326234,6.812644630608508,9.988586281068551,1476.1251734596226,4.792699168837896,COMPLETE
4035,0.1071,0.5899403833520637,7.489439152524652,8.418374689108267,4.6216117253800055,0.5985950343657075,COMPLETE
4036,0.11525,0.6643498834620748,3.8466501890144835,5.8081057233180955,359.71457230765833,1.0864194972631505,COMPLETE
4037,0.0889,0.5032074846138436,7.489439152524652,7.451337432117496,0.4111694316312813,11.34645454198699,COMPLETE
4038,0.0723,0.17164958933093968,7.211246974011563,1.1679739768270172,0.011064191135752277,14.869578267848198,COMPLETE
4039,0.0961,0.5102565197199672,7.489439152524652,8.183915625277336,0.019315069618518407,11.34645454198699,COMPLETE
4040,0.1283,0.8656153543074308,6.666959706638387,9.988586281068551,590.9546310171432,1.3157650113770214,COMPLETE
4041,0.0635,0.24927868756152735,7.489439152524652,1.0340435745788543,0.011064191135752277,0.030595349341982422,COMPLETE
4042,0.13245,0.8457130431336273,6.666959706638387,9.988586281068551,1476.1251734596226,12.146893267526337,COMPLETE
4043,0.08325,0.3907574553345345,7.489439152524652,1.6888369056785417,112.323925330586,1.526275265602974,COMPLETE
4044,0.12825,0.8192158414581292,6.2518440522617755,5.499894220821313,359.71457230765833,0.5985950343657075,COMPLETE
4045,0.12005,0.8046080692089399,7.339695485358947,7.639970758565217,153.2860257697558,0.6541366726600736,COMPLETE
4046,0.1072,0.6723516453235345,7.3586803300839,8.418374689108267,4.966856868366926,0.5985950343657075,COMPLETE
4047,0.0806,0.4327686757364853,7.489439152524652,2.308829916722589,61.128832411058866,0.5985950343657075,COMPLETE
4048,0.1046,0.401122334222912,4.10332840409089,7.639970758565217,0.5529959922862323,16.559323939411517,COMPLETE
4049,0.0746,0.4777729010294988,7.489439152524652,3.1109816593785697,30.54779366423335,1.8602957309646184,COMPLETE
4050,0.1281,0.6012040737053598,1.1899513467979101,9.988586281068551,479.74560939002293,0.5985950343657075,COMPLETE
4051,0.084,0.47440553189498724,3.398751503898883,4.0532560626047935,116.68218004772335,32.87500737249124,COMPLETE
4052,0.13675,0.7750720072570022,7.489439152524652,8.418374689108267,359.71457230765833,0.21968531133864339,COMPLETE
4053,0.14065,0.8495304641275614,5.681212768743905,9.988586281068551,1476.1251734596226,5.9903931671636705,COMPLETE
4054,0.11105,0.6060621625461127,4.206219828215984,6.612639322764853,0.5503013998546388,0.030595349341982422,COMPLETE
4055,0.1142,0.7593667728208321,7.489439152524652,8.418374689108267,116.68218004772335,1.8602957309646184,COMPLETE
4056,0.12175,0.8251970043880968,7.339695485358947,6.612639322764853,359.71457230765833,1.3157650113770214,COMPLETE
4057,0.10335,0.6662017236580927,7.398979747077997,8.418374689108267,0.08121228625684741,0.5985950343657075,COMPLETE
4058,0.08135,0.32475158482083394,7.489439152524652,3.0156649020845308,0.061530195681195304,13.737135040054913,COMPLETE
4059,0.11735,0.4760655083139418,7.489439152524652,8.418374689108267,111.18850587297112,0.011314759647217022,COMPLETE
4060,0.0907,0.43571023777520956,5.377240000246928,3.0638630129150126,0.05129870445202897,0.5985950343657075,COMPLETE
4061,0.11495,0.6416795073949185,7.321806062638004,1.7556294081886956,9521.417457574982,1.3964044847064154,COMPLETE
4062,0.09085,0.6088776195630577,7.339695485358947,8.418374689108267,0.019315069618518407,2.1102891532478085,COMPLETE
4063,0.0774,0.45329427347080153,7.489439152524652,3.8768507604565836,0.06851566634219772,2.1102891532478085,COMPLETE
4064,0.1152,0.3779931072659463,1.4023208738605266,9.988586281068551,46.03214307655448,4.792699168837896,COMPLETE
4065,0.1115,0.7472728054749835,6.666959706638387,9.988586281068551,112.323925330586,1.526275265602974,COMPLETE
4066,0.1186,0.7760548104833032,4.767258720824675,8.418374689108267,359.71457230765833,1.3157650113770214,COMPLETE
4067,0.13465,0.8485347742897466,5.5150049043702545,7.639970758565217,560.4775189597802,0.7306953052604724,COMPLETE
4068,0.1373,0.8839908160668463,7.489439152524652,9.988586281068551,1476.1251734596226,8.159665462650162,COMPLETE
4069,0.11445,0.7368019924795314,7.489439152524652,9.988586281068551,116.68218004772335,1.8602957309646184,COMPLETE
4070,0.0907,0.5563704468590444,7.339695485358947,8.418374689108267,0.1093849502069356,11.34645454198699,COMPLETE
4071,0.1202,0.779903407261607,6.0996431172391885,6.612639322764853,359.71457230765833,0.5985950343657075,COMPLETE
4072,0.0755,0.29593930585224554,7.211246974011563,1.3616098992729466,0.011064191135752277,0.030595349341982422,COMPLETE
4073,0.091,0.3569202576627374,3.7521301667946956,3.3647749937126834,0.5529959922862323,0.5985950343657075,COMPLETE
4074,0.06905,0.20648287806873117,5.443169702125653,1.2992706708708701,0.022872403443138362,0.12142440186859353,COMPLETE
4075,0.08765,0.5631220306302388,7.489439152524652,6.612639322764853,0.5503013998546388,1.3157650113770214,COMPLETE
4076,0.06925,0.155825099638986,6.8435536313626235,1.1679739768270172,2.4792588435669867,44.76380938653201,COMPLETE
4077,0.08675,0.5308767858185197,7.489439152524652,6.562630966178881,4.6216117253800055,1.526275265602974,COMPLETE
4078,0.11705,0.6825818894451335,7.489439152524652,9.988586281068551,0.022872403443138362,0.07899621808581027,COMPLETE
4079,0.103,0.6499213775313833,7.339695485358947,8.418374689108267,0.5529959922862323,0.7306953052604724,COMPLETE
4080,0.06285,0.22052241856002455,7.489439152524652,1.5671922109051235,0.04848658787884092,6.241730585813809,COMPLETE
4081,0.14495,0.774466797378882,7.489439152524652,9.988586281068551,1476.1251734596226,0.22614008525058216,COMPLETE
4082,0.12595,0.8788154166353616,7.489439152524652,9.988586281068551,359.71457230765833,1.526275265602974,COMPLETE
4083,0.1381,0.8995480721476604,7.339695485358947,9.988586281068551,1476.1251734596226,3.646616628444733,COMPLETE
4084,0.09175,0.6027930113808518,7.489439152524652,3.904042883930055,111.18850587297112,3.2759680404837037,COMPLETE
4085,0.09985,0.5710788469685013,7.339695485358947,3.0638630129150126,359.71457230765833,9.60805026190072,COMPLETE
4086,0.1001,0.5948483396573159,7.489439152524652,5.019569700247678,24.996309983301952,0.4282366778998934,COMPLETE
4087,0.1069,0.6777725728440883,7.489439152524652,3.708718239910925,359.71457230765833,2.1102891532478085,COMPLETE
4088,0.12385,0.8468745409936881,7.339695485358947,5.061348409319827,1575.9369216711668,2.1102891532478085,COMPLETE
4089,0.10715,0.6506620770490077,7.489439152524652,3.9426438381504405,359.71457230765833,1.526275265602974,COMPLETE
4090,0.0846,0.26897198523898225,7.489439152524652,2.442970698625684,0.884811444920261,2.1102891532478085,COMPLETE
4091,0.13445,0.7802520084141745,3.164452901184486,8.418374689108267,1575.9369216711668,2.1102891532478085,COMPLETE
4092,0.0675,0.13153297195618133,5.886738153941364,1.0074439566418998,0.06851566634219772,0.5985950343657075,COMPLETE
4093,0.1163,0.7310560506541288,7.489439152524652,4.30339131267895,1476.1251734596226,4.792699168837896,COMPLETE
4094,0.0632,0.15572491228855512,7.211246974011563,1.0340435745788543,0.48160356426463263,0.5985950343657075,COMPLETE
4095,0.10875,0.7000097816088166,7.489439152524652,3.0638630129150126,4535.404524002995,13.737135040054913,COMPLETE
4096,0.0998,0.7022388147437887,7.339695485358947,7.639970758565217,61.128832411058866,0.7306953052604724,COMPLETE
4097,0.05815,0.2737765910967275,7.339695485358947,1.1679739768270172,0.5529959922862323,0.030595349341982422,COMPLETE
4098,0.11635,0.6967001279284833,5.334411901674462,9.933529862520766,112.323925330586,1.526275265602974,COMPLETE
4099,0.09135,0.6008610800701414,7.339695485358947,9.988586281068551,30.54779366423335,11.34645454198699,COMPLETE
4100,0.10505,0.6835501253157977,6.666959706638387,9.988586281068551,78.55800629630411,12.146893267526337,COMPLETE
4101,0.0899,0.3563144813460213,6.8435536313626235,1.2289796021108341,370.1021721143823,44.76380938653201,COMPLETE
4102,0.10445,0.5538002730696912,5.533815608754815,8.418374689108267,4.6216117253800055,0.2944924768920615,COMPLETE
4103,0.14075,0.8791713912738663,7.489439152524652,9.988586281068551,1476.1251734596226,1.5759814376514747,COMPLETE
4104,0.1007,0.6310796465347698,7.0157230260865155,8.418374689108267,4.6216117253800055,0.5985950343657075,COMPLETE
4105,0.06475,0.25454194823015913,7.489439152524652,1.2992706708708701,0.8429250801800083,0.07899621808581027,COMPLETE
4106,0.13875,0.8992433854339759,6.666959706638387,9.32637057882669,4700.425920778292,1.526275265602974,COMPLETE
4107,0.10095,0.5951898478785012,7.489439152524652,9.988586281068551,0.3478803578473254,2.1102891532478085,COMPLETE
4108,0.11445,0.7958861724859522,7.489439152524652,9.933529862520766,116.68218004772335,1.526275265602974,COMPLETE
4109,0.11915,0.649873401886607,2.8517915673779632,9.988586281068551,359.71457230765833,4.792699168837896,COMPLETE
4110,0.109,0.6553979968459336,7.339695485358947,5.061348409319827,80.30567330187752,0.7306953052604724,COMPLETE
4111,0.1237,0.6485387957486961,7.211246974011563,8.418374689108267,0.011064191135752277,0.030595349341982422,COMPLETE
4112,0.08325,0.22866611286637786,1.301886401486803,2.195218904889921,0.022872403443138362,22.285299040084478,COMPLETE
4113,0.1195,0.7151081047241089,7.489439152524652,3.9891593112222776,1476.1251734596226,4.792699168837896,COMPLETE
4114,0.11075,0.7422445236857403,7.321806062638004,9.988586281068551,61.128832411058866,0.5985950343657075,COMPLETE
4115,0.0948,0.6736997061913066,7.398979747077997,9.095421595866291,0.06851566634219772,0.5985950343657075,COMPLETE
4116,0.11225,0.6588307165071134,7.339695485358947,9.988586281068551,1.0283682784189134,0.5985950343657075,COMPLETE
4117,0.11525,0.8266898177161524,7.339695485358947,6.612639322764853,302.10965445428485,1.3157650113770214,COMPLETE
4118,0.09855,0.6527167310790313,7.398979747077997,8.418374689108267,0.061530195681195304,0.5985950343657075,COMPLETE
4119,0.14125,0.855513112159369,7.489439152524652,8.418374689108267,1476.1251734596226,4.792699168837896,COMPLETE
4120,0.11805,0.8491221754362116,7.489439152524652,6.612639322764853,359.71457230765833,1.3157650113770214,COMPLETE
4121,0.06295,0.15212732511576496,7.321806062638004,1.0257539594264877,2.533862100348592,0.5985950343657075,COMPLETE
4122,0.0755,0.22727592015063788,7.489439152524652,1.2992706708708701,0.022872403443138362,0.13391944103899936,COMPLETE
4123,0.12415,0.8568066417471977,7.489439152524652,9.988586281068551,359.71457230765833,2.1102891532478085,COMPLETE
4124,0.1131,0.660394440725406,7.489439152524652,9.988586281068551,0.011064191135752277,0.17500054332479617,COMPLETE
4125,0.11115,0.6470953668412821,6.198024358313533,2.9137850473421762,1271.2410273984185,29.230049442050127,COMPLETE
4126,0.0778,0.45759143318142115,7.087441789960586,3.138414613389927,2.4792588435669867,0.2944924768920615,COMPLETE
4127,0.1281,0.8986503664563116,7.489439152524652,9.988586281068551,359.71457230765833,1.526275265602974,COMPLETE
4128,0.1089,0.725151531948043,5.5150049043702545,5.196045314781185,560.4775189597802,1.526275265602974,COMPLETE
4129,0.1137,0.7624336859662216,6.482688390253783,8.418374689108267,228.78036668781002,1.526275265602974,COMPLETE
4130,0.0754,0.31473502259982744,7.489439152524652,1.8516334955171563,30.54779366423335,11.34645454198699,COMPLETE
4131,0.08615,0.30432863032556196,3.1970299938012268,3.0156649020845308,0.061530195681195304,1.526275265602974,COMPLETE
4132,0.0923,0.5552603416178771,7.489439152524652,9.988586281068551,0.022872403443138362,4.792699168837896,COMPLETE
4133,0.09475,0.5465487225666438,7.489439152524652,9.988586281068551,1.0397327779927636,2.1102891532478085,COMPLETE
4134,0.1235,0.8615829293460749,7.339695485358947,8.418374689108267,359.71457230765833,1.0864194972631505,COMPLETE
4135,0.1089,0.6350427827848565,7.339695485358947,5.995109516971105,112.323925330586,11.34645454198699,COMPLETE
4136,0.10995,0.7469196288788587,7.321806062638004,3.0638630129150126,1756.57294922163,1.3157650113770214,COMPLETE
4137,0.1151,0.7658833240570209,7.339695485358947,6.612639322764853,153.2860257697558,0.7306953052604724,COMPLETE
4138,0.10675,0.7315969397465633,7.398979747077997,8.156259364040121,61.128832411058866,1.3157650113770214,COMPLETE
4139,0.07315,0.2539804744098019,3.9952459767122623,2.1877914615508542,0.017944270076093727,2.1102891532478085,COMPLETE
4140,0.1268,0.6833042767200025,4.685134037096488,5.8081057233180955,359.71457230765833,0.06587162151627121,COMPLETE
4141,0.11705,0.8021596121163737,7.489439152524652,8.418374689108267,197.47492288190898,2.1102891532478085,COMPLETE
4142,0.08665,0.48724731307604907,7.339695485358947,2.546422398973162,0.011064191135752277,0.030595349341982422,COMPLETE
4143,0.08315,0.333415254115187,7.339695485358947,1.3169776084126057,147.53541910370345,1.0864194972631505,COMPLETE
4144,0.1022,0.6818776687767879,7.339695485358947,7.639970758565217,65.42850617031253,1.8431344692916043,COMPLETE
4145,0.10025,0.5997955396174162,7.489439152524652,9.933529862520766,2.204262013403906,1.526275265602974,COMPLETE
4146,0.1163,0.5400267994666177,7.489439152524652,3.0638630129150126,359.71457230765833,0.030412575340196014,COMPLETE
4147,0.10655,0.7272832929279737,7.489439152524652,8.418374689108267,40.213803247737296,2.1102891532478085,COMPLETE
4148,0.0953,0.6268203279257354,7.489439152524652,4.400712860611925,88.62412231458536,2.1102891532478085,COMPLETE
4149,0.1175,0.825318414676376,7.489439152524652,6.933117354159528,359.71457230765833,2.1102891532478085,COMPLETE
4150,0.0732,0.5154663487284387,7.489439152524652,4.101823977297871,0.48160356426463263,2.1102891532478085,COMPLETE
4151,0.1172,0.7990948771825914,7.489439152524652,9.988586281068551,165.47168104519193,2.1102891532478085,COMPLETE
4152,0.11625,0.7072490322718439,6.6636600584018675,9.988586281068551,61.128832411058866,0.5985950343657075,COMPLETE
4153,0.06615,0.2250413425925389,7.211246974011563,1.1679739768270172,38.54466541648385,13.737135040054913,COMPLETE
4154,0.07225,0.4495542480846875,4.656141228145893,1.584538734964804,681.5070181547048,0.2786677620553648,COMPLETE
4155,0.09125,0.611518714750334,7.321806062638004,8.418374689108267,4.6216117253800055,1.3964044847064154,COMPLETE
4156,0.11195,0.762649345735907,7.489439152524652,7.639970758565217,153.2860257697558,2.1102891532478085,COMPLETE
4157,0.1278,0.8503987005283749,7.321806062638004,8.418374689108267,350.5608365155896,0.5985950343657075,COMPLETE
4158,0.09315,0.5107695747290799,7.321806062638004,8.418374689108267,4.6216117253800055,11.34645454198699,COMPLETE
4159,0.0792,0.24304757798198884,7.489439152524652,2.195218904889921,2.4792588435669867,2.1102891532478085,COMPLETE
4160,0.1399,0.8879676168812246,7.489439152524652,8.418374689108267,1575.9369216711668,2.1102891532478085,COMPLETE
4161,0.12905,0.9157359027852352,7.489439152524652,9.988586281068551,1476.1251734596226,4.792699168837896,COMPLETE
4162,0.10375,0.7050436287923516,7.489439152524652,9.988586281068551,61.128832411058866,11.240729841044264,COMPLETE
4163,0.1003,0.6234705329976944,7.489439152524652,5.429044110131324,0.06974820729578256,0.5985950343657075,COMPLETE
4164,0.09585,0.37135484752558356,3.073794544695431,3.0156649020845308,61.128832411058866,0.5985950343657075,COMPLETE
4165,0.10715,0.6479780748246049,7.489439152524652,2.6124030300920236,560.4775189597802,82.56390166293667,COMPLETE
4166,0.1059,0.6667041110119213,7.211246974011563,8.418374689108267,35.64829170468459,2.1102891532478085,COMPLETE
4167,0.09525,0.5736911933619591,7.339695485358947,9.988586281068551,0.5529959922862323,4.792699168837896,COMPLETE
4168,0.08795,0.44318336431735394,7.321806062638004,2.4903270435150375,0.05215327343365117,0.011047918467070959,COMPLETE
4169,0.09485,0.5242668888058459,5.443169702125653,6.4214424816905,15.958855392079654,1.010558986363453,COMPLETE
4170,0.0996,0.6510894166683558,7.321806062638004,9.988586281068551,4.6216117253800055,1.3964044847064154,COMPLETE
4171,0.11375,0.7571141458486742,7.187716182222083,4.101823977297871,359.71457230765833,0.5985950343657075,COMPLETE
4172,0.1025,0.6040719562002433,7.489439152524652,8.418374689108267,65.42850617031253,12.146893267526337,COMPLETE
4173,0.0875,0.3254627624871592,7.339695485358947,1.0718785570816134,359.71457230765833,1.0864194972631505,COMPLETE
4174,0.0948,0.5438153120127301,7.339695485358947,5.061348409319827,0.017944270076093727,0.7306953052604724,COMPLETE
4175,0.05695,0.20411343766861495,7.489439152524652,1.2948741755217106,0.04690218877866369,13.737135040054913,COMPLETE
4176,0.1172,0.7036503787641109,7.489439152524652,9.544700050167162,0.022872403443138362,0.13391944103899936,COMPLETE
4177,0.1015,0.61167304015858,7.489439152524652,5.8081057233180955,19.474989415590873,1.0864194972631505,COMPLETE
4178,0.08785,0.524829295708513,6.936599018806363,8.418374689108267,0.011064191135752277,6.7114668680041,COMPLETE
4179,0.1063,0.7495655257582686,7.339695485358947,7.639970758565217,19.21088284415663,0.7306953052604724,COMPLETE
4180,0.09415,0.5051667902513189,5.5150049043702545,5.196045314781185,0.061530195681195304,0.5985950343657075,COMPLETE
4181,0.06285,0.16005760743451763,6.960275968505406,1.1679739768270172,0.023537038487645184,2.1102891532478085,COMPLETE
4182,0.13175,0.8574769568413735,6.666959706638387,9.988586281068551,1688.3846346819648,12.146893267526337,COMPLETE
4183,0.1009,0.624227304565367,7.489439152524652,9.988586281068551,6.48522403315561,4.792699168837896,COMPLETE
4184,0.116,0.8255058611931032,7.489439152524652,8.418374689108267,359.71457230765833,2.1102891532478085,COMPLETE
4185,0.1289,0.8471059551853163,7.489155345926652,7.122156245639466,359.71457230765833,1.0864194972631505,COMPLETE
4186,0.1215,0.7262120047128809,5.5150049043702545,5.196045314781185,560.4775189597802,1.526275265602974,COMPLETE
4187,0.11115,0.5367133702179328,7.489439152524652,8.418374689108267,116.68218004772335,0.013136347182026616,COMPLETE
4188,0.0698,0.15799012269594714,6.8435536313626235,1.1679739768270172,2.4792588435669867,6.185916849824577,COMPLETE
4189,0.1084,0.3732397274441041,0.5973888830819253,6.612639322764853,359.71457230765833,1.3157650113770214,COMPLETE
4190,0.0637,0.18274607189042102,7.489439152524652,1.2992706708708701,0.022872403443138362,2.050700774760792,COMPLETE
4191,0.09065,0.6016907748186672,7.339695485358947,8.418374689108267,0.5529959922862323,1.0864194972631505,COMPLETE
4192,0.093,0.6046530877917802,7.339695485358947,8.418374689108267,0.019315069618518407,2.1102891532478085,COMPLETE
4193,0.11885,0.7499699593183765,5.5150049043702545,5.196045314781185,560.4775189597802,1.526275265602974,COMPLETE
4194,0.0987,0.6017388695382874,7.339695485358947,9.988586281068551,0.396491812504902,4.792699168837896,COMPLETE
4195,0.0651,0.19867638698027992,7.211246974011563,1.1679739768270172,6.48522403315561,5.124912307576539,COMPLETE
4196,0.09775,0.6060153906192375,7.339695485358947,8.418374689108267,2.8191206905889152,1.3157650113770214,COMPLETE
4197,0.14115,0.7756869927692547,4.070565749724358,8.418374689108267,1476.1251734596226,2.1102891532478085,COMPLETE
4198,0.11725,0.7949699021593511,7.489439152524652,5.196045314781185,560.4775189597802,1.526275265602974,COMPLETE
4199,0.11875,0.5721060833849828,5.443169702125653,3.0156649020845308,1476.1251734596226,0.04584147047681126,COMPLETE
4200,0.09795,0.6108638913764871,6.812644630608508,9.988586281068551,1.838926016477134,4.792699168837896,COMPLETE
4201,0.12055,0.7061457975868092,7.489439152524652,9.988586281068551,0.061530195681195304,0.40785746987247484,COMPLETE
4202,0.12785,0.6581826088921597,7.489439152524652,8.418374689108267,0.02055396781401838,0.04115484438453497,COMPLETE
4203,0.139,0.7997887894561636,7.339695485358947,3.3286870810689413,9174.027900441404,0.7306953052604724,COMPLETE
4204,0.0809,0.33290329934642016,5.7373370068485965,2.13610969202653,30.54779366423335,0.5985950343657075,COMPLETE
4205,0.10035,0.6476663329362173,7.321806062638004,8.418374689108267,4.6216117253800055,1.3964044847064154,COMPLETE
4206,0.14515,0.7871243097792661,7.489439152524652,8.418374689108267,1575.9369216711668,0.2944924768920615,COMPLETE
4207,0.10345,0.6648015699218275,7.489439152524652,4.601425302670208,4.6216117253800055,0.030595349341982422,COMPLETE
4208,0.12285,0.5892629733955997,2.185928937749741,9.767312130896007,359.71457230765833,13.737135040054913,COMPLETE
4209,0.08035,0.49827359731035603,6.6665141859370225,3.0156649020845308,61.128832411058866,1.3157650113770214,COMPLETE
4210,0.07755,0.39108750467922565,7.489439152524652,3.0638630129150126,6.48522403315561,1.3157650113770214,COMPLETE
4211,0.12755,0.7143041363698193,2.9454044414201253,9.988586281068551,359.71457230765833,1.526275265602974,COMPLETE
4212,0.11435,0.8078084898359807,7.489439152524652,4.784335062379933,1575.9369216711668,2.1102891532478085,COMPLETE
4213,0.12045,0.558244940624234,4.682524285506051,8.418374689108267,0.4291787550495798,0.01958528178660939,COMPLETE
4214,0.11885,0.6296119832607863,7.489439152524652,8.046802743526563,0.4111694316312813,0.02595018451878776,COMPLETE
4215,0.1246,0.551982257353526,5.494110845699566,8.418374689108267,65.42850617031253,0.022897031289506847,COMPLETE
4216,0.06875,0.13207240244883348,4.142211561032523,1.1679739768270172,2.984682452790632,0.7306953052604724,COMPLETE
4217,0.13525,0.8673947000742933,6.812644630608508,9.988586281068551,359.71457230765833,1.526275265602974,COMPLETE
4218,0.10165,0.506137839957325,7.083398930310264,9.988586281068551,0.061487864303621784,4.792699168837896,COMPLETE
4219,0.122,0.7179053557625819,2.3776451445144886,9.988586281068551,2496.3595617559013,9.029190605425699,COMPLETE
4220,0.10095,0.677281310196753,7.489439152524652,8.418374689108267,0.019315069618518407,2.1102891532478085,COMPLETE
4221,0.0963,0.5509358452475731,4.156687209708218,3.090486046285055,359.71457230765833,1.526275265602974,COMPLETE
4222,0.10125,0.6196544082403634,7.489439152524652,9.424991759892267,2.3334551165144113,1.526275265602974,COMPLETE
4223,0.0985,0.4996908939061647,7.489439152524652,2.8748285685591375,0.011064191135752277,0.050734386197510105,COMPLETE
4224,0.095,0.5799702856742954,7.489439152524652,8.418374689108267,0.2375632155177592,1.526275265602974,COMPLETE
4225,0.09335,0.5960565234060122,7.489439152524652,8.418374689108267,0.9751068163263072,2.9980212930138057,COMPLETE
4226,0.10205,0.5965682939022652,7.321806062638004,5.196045314781185,0.03112046607053022,0.5985950343657075,COMPLETE
4227,0.1426,0.8400825496460206,2.9296562742008927,9.933529862520766,2952.8077542071637,1.526275265602974,COMPLETE
4228,0.12845,0.599274787925145,7.489439152524652,8.418374689108267,359.71457230765833,0.025451981912181502,COMPLETE
4229,0.0987,0.5826190451764234,5.667619334323397,8.158314831101805,0.018436925102235574,2.2285377892205345,COMPLETE
4230,0.1262,0.7922473481328903,5.443169702125653,5.8081057233180955,1476.1251734596226,3.5904945948381464,COMPLETE
4231,0.1286,0.25433887373006075,0.3773709111089333,9.988586281068551,112.323925330586,24.302730657803238,COMPLETE
4232,0.14865,0.8373807731645966,7.489439152524652,9.988586281068551,781.4867253658133,0.7381855245008525,COMPLETE
4233,0.1305,0.7974454936853763,5.5150049043702545,6.612639322764853,359.71457230765833,0.5756808322227802,COMPLETE
4234,0.1118,0.8076338179806679,7.339695485358947,5.8081057233180955,359.71457230765833,1.0864194972631505,COMPLETE
4235,0.08885,0.5559445635293101,7.321806062638004,4.538168244409677,30.54779366423335,0.5985950343657075,COMPLETE
4236,0.0791,0.47575390665908296,7.489439152524652,3.8199285326040684,0.061530195681195304,2.1102891532478085,COMPLETE
4237,0.07025,0.36490594867743037,7.489439152524652,3.1109816593785697,0.2596877862342373,4.792699168837896,COMPLETE
4238,0.08965,0.41648260808268706,5.023313547362663,1.0035449246610728,1575.9369216711668,11.34645454198699,COMPLETE
4239,0.13965,0.8354044579211212,7.339695485358947,9.988586281068551,1476.1251734596226,0.7306953052604724,COMPLETE
4240,0.11875,0.8392819870092376,7.489439152524652,9.988586281068551,368.85547705930156,4.792699168837896,COMPLETE
4241,0.10445,0.5945056516012701,7.398979747077997,9.988586281068551,61.128832411058866,53.58309277079498,COMPLETE
4242,0.08825,0.17893770399409528,2.412987041021947,1.1679739768270172,153.425653363688,2.5816199979354315,COMPLETE
4243,0.12205,0.8090851136555464,7.339695485358947,7.5807374664498095,377.0908960454622,1.526275265602974,COMPLETE
4244,0.06975,0.16201027647810312,7.211246974011563,1.1679739768270172,0.011064191135752277,1.3157650113770214,COMPLETE
4245,0.1238,0.819194346496293,7.489439152524652,8.418374689108267,359.71457230765833,1.3964044847064154,COMPLETE
4246,0.0738,0.4251888007455454,7.211246974011563,3.0156649020845308,0.011064191135752277,0.5985950343657075,COMPLETE
4247,0.09075,0.5009380980911149,7.339695485358947,7.451337432117496,0.4111694316312813,11.34645454198699,COMPLETE
4248,0.0752,0.4525587251991701,7.398979747077997,3.0156649020845308,3.8550936582892494,0.5985950343657075,COMPLETE
4249,0.1023,0.4281994416319069,7.489439152524652,2.003376307974027,1575.9369216711668,0.013716410145987535,COMPLETE
4250,0.12605,0.8101249060378863,6.781386086844817,8.418374689108267,153.2860257697558,0.7306953052604724,COMPLETE
4251,0.08935,0.33518586973193726,5.443169702125653,1.0340435745788543,1476.1251734596226,0.019234642317662365,COMPLETE
4252,0.12245,0.7077175050589077,5.334411901674462,8.418374689108267,112.323925330586,2.1102891532478085,COMPLETE
4253,0.0995,0.5660134769851116,7.339695485358947,7.451337432117496,0.4111694316312813,3.03676595916068,COMPLETE
4254,0.1074,0.6870769878876539,6.666959706638387,9.988586281068551,65.42850617031253,2.1102891532478085,COMPLETE
4255,0.1074,0.25302463725421265,1.1687734845235984,4.101823977297871,0.48160356426463263,0.5985950343657075,COMPLETE
4256,0.10795,0.7229429505259465,7.489439152524652,7.478652923829845,116.68218004772335,1.8602957309646184,COMPLETE
4257,0.08085,0.47494066073564084,7.489439152524652,4.101823977297871,0.48160356426463263,1.526275265602974,COMPLETE
4258,0.10165,0.6224133091494546,5.334411901674462,7.451337432117496,0.4111694316312813,1.526275265602974,COMPLETE
4259,0.1167,0.8287000632197958,7.489439152524652,9.988586281068551,359.71457230765833,1.8602957309646184,COMPLETE
4260,0.09545,0.5522292916726972,7.339695485358947,5.135021241681545,4.01057044168432,0.5985950343657075,COMPLETE
4261,0.1512,0.7966887131857878,7.339695485358947,9.988586281068551,1476.1251734596226,0.30902319197258643,COMPLETE
4262,0.08545,0.5657006852493592,7.339695485358947,5.8081057233180955,0.019315069618518407,2.1102891532478085,COMPLETE
4263,0.1256,0.8927626862076633,7.489439152524652,9.988586281068551,359.71457230765833,1.526275265602974,COMPLETE
4264,0.0949,0.2793721437262617,1.5301830070197202,3.0156649020845308,5.7421514629511226,0.5985950343657075,COMPLETE
4265,0.12525,0.2592360293312356,0.3523961607866627,5.8081057233180955,164.0320475805673,1.0864194972631505,COMPLETE
4266,0.0924,0.4990962090236907,4.0618225247174795,7.451337432117496,0.019916891194649865,1.9248599758995548,COMPLETE
4267,0.1141,0.8042898903477812,7.489439152524652,7.064828853371695,359.71457230765833,1.526275265602974,COMPLETE
4268,0.0916,0.5468221431524004,7.321806062638004,3.0638630129150126,153.2860257697558,55.996411875888526,COMPLETE
4269,0.06155,0.2798139512162062,7.489439152524652,1.2992706708708701,0.022872403443138362,0.07899621808581027,COMPLETE
4270,0.0908,0.4792488243041644,2.3129545867578547,1.795318855653401,1476.1251734596226,0.04936096421719876,COMPLETE
4271,0.10825,0.7056317730053294,7.489439152524652,8.418374689108267,65.42850617031253,2.1102891532478085,COMPLETE
4272,0.0978,0.6360000681148428,7.489439152524652,7.493753871170365,61.128832411058866,39.38968708755794,COMPLETE
4273,0.11585,0.7674395470223189,6.812644630608508,6.612639322764853,359.71457230765833,3.0201208946973193,COMPLETE
4274,0.10255,0.5285168447208894,1.551939006821255,6.612639322764853,359.71457230765833,1.3157650113770214,COMPLETE
4275,0.1366,0.6888226212482683,3.6357549203410633,9.988586281068551,5255.529825303912,0.04348158345166699,COMPLETE
4276,0.1069,0.641615013832675,7.489439152524652,3.4481014163397137,560.4775189597802,25.06267964019288,COMPLETE
4277,0.09015,0.2781436073080369,4.9011015945340795,1.48795908758087,116.68218004772335,1.8602957309646184,COMPLETE
4278,0.1072,0.757849401790774,7.321806062638004,8.418374689108267,61.128832411058866,0.5985950343657075,COMPLETE
4279,0.09565,0.49015803897195026,7.321806062638004,3.8026244351241663,61.128832411058866,2.1102891532478085,COMPLETE
4280,0.1193,0.7669929419709068,7.339695485358947,9.988586281068551,359.71457230765833,12.16975894393884,COMPLETE
4281,0.1238,0.7777505943905454,7.489439152524652,4.83544139530696,1476.1251734596226,4.792699168837896,COMPLETE
4282,0.0661,0.258239256158507,7.339695485358947,1.7594328755806863,2.8425664764979945,11.34645454198699,COMPLETE
4283,0.08775,0.5206892371976399,3.9356771138051783,3.8552122469967838,153.2860257697558,0.7306953052604724,COMPLETE
4284,0.1019,0.5034376268295928,6.8435536313626235,1.1679739768270172,3869.1509953143877,11.34645454198699,COMPLETE
4285,0.13115,0.8498529754522648,5.5150049043702545,9.988586281068551,560.4775189597802,1.526275265602974,COMPLETE
4286,0.1102,0.3305506966178851,0.18019821881385134,6.0066432499229245,2.4792588435669867,0.030595349341982422,COMPLETE
4287,0.11195,0.6244952442778363,7.489439152524652,8.418374689108267,4.6216117253800055,0.0842104768342887,COMPLETE
4288,0.1428,0.9099219532522568,7.339695485358947,9.988586281068551,1476.1251734596226,3.646616628444733,COMPLETE
4289,0.1213,0.7624773412089029,7.489439152524652,5.196045314781185,560.4775189597802,1.526275265602974,COMPLETE
4290,0.10445,0.6931870759602976,7.489439152524652,3.866079192149569,61.128832411058866,0.14049656611727465,COMPLETE
4291,0.0964,0.6191143841530373,7.321806062638004,3.0638630129150126,116.68218004772335,0.16236422945856918,COMPLETE
4292,0.07245,0.25607643266132346,3.432523070459628,2.195218904889921,0.03780832005363387,45.20614467374995,COMPLETE
4293,0.11025,0.6123768528902594,3.7690961992797805,9.767312130896007,126.26550040961611,13.737135040054913,COMPLETE
4294,0.12595,0.7977858134060202,6.422403247815312,7.639970758565217,153.2860257697558,0.34648684302717897,COMPLETE
4295,0.12435,0.7997450349421364,7.489439152524652,9.767312130896007,111.18850587297112,0.21319649131308402,COMPLETE
4296,0.0938,0.36640757389304623,6.033175863692749,4.101823977297871,0.014734827659324965,0.5985950343657075,COMPLETE
4297,0.06665,0.22641158755324392,7.489439152524652,1.2992706708708701,8.615645123162675,0.43045658998406305,COMPLETE
4298,0.08915,0.5063854609931888,7.339695485358947,7.451337432117496,0.06392662805126086,4.615975235691457,COMPLETE
4299,0.09865,0.6228735675526855,7.339695485358947,8.768164107027408,6.48522403315561,1.3157650113770214,COMPLETE
4300,0.0926,0.5139226589792364,7.489439152524652,9.988586281068551,0.04234673868903906,18.916442188241962,COMPLETE
4301,0.0996,0.6009870518553002,6.666959706638387,9.988586281068551,28.578615906082415,13.737135040054913,COMPLETE
4302,0.1413,0.8043613217515072,7.489439152524652,6.612639322764853,359.71457230765833,0.34579457008483555,COMPLETE
4303,0.11925,0.8300933383527365,7.321806062638004,7.639970758565217,153.2860257697558,0.7306953052604724,COMPLETE
4304,0.13965,0.8405299870483827,5.860436861395003,9.988586281068551,1476.1251734596226,4.792699168837896,COMPLETE
4305,0.08175,0.4635293306749106,4.747710951279684,1.2992706708708701,1659.5802707037597,0.13391944103899936,COMPLETE
4306,0.09765,0.4021405731864508,1.7654213548000806,9.988586281068551,6.845377886067434,4.792699168837896,COMPLETE
4307,0.1414,0.9026674619096277,7.489439152524652,9.988586281068551,1476.1251734596226,4.792699168837896,COMPLETE
4308,0.12785,0.8069771203380391,7.489439152524652,6.612639322764853,359.71457230765833,1.3157650113770214,COMPLETE
4309,0.1205,0.7129759920202732,5.4071762861770525,8.939762892642012,359.71457230765833,13.737135040054913,COMPLETE
4310,0.1186,0.7844522987894519,7.489439152524652,7.639970758565217,153.2860257697558,0.7306953052604724,COMPLETE
4311,0.1024,0.5975840497581976,4.404437932902968,5.763358209492632,2.4792588435669867,0.0666399031927573,COMPLETE
4312,0.12815,0.6837031731912191,7.339695485358947,7.639970758565217,153.2860257697558,0.07205422546811541,COMPLETE
4313,0.089,0.49953126422594707,7.321806062638004,7.451337432117496,0.4111694316312813,11.34645454198699,COMPLETE
4314,0.0837,0.3543471772922725,7.339695485358947,1.0340435745788543,359.71457230765833,0.5985950343657075,COMPLETE
4315,0.06605,0.16011176307514524,7.489439152524652,1.1679739768270172,2.4792588435669867,1.526275265602974,COMPLETE
4316,0.1366,0.8340099337729838,7.489439152524652,8.900895827429272,1476.1251734596226,0.6332762249686974,COMPLETE
4317,0.0962,0.5769544812205459,4.619052198960162,6.612639322764853,33.38286258688138,1.3157650113770214,COMPLETE
4318,0.0643,0.25695775290603035,7.489439152524652,1.2992706708708701,6.48522403315561,0.07899621808581027,COMPLETE
4319,0.09325,0.5715983829384218,5.334411901674462,9.933529862520766,2.4792588435669867,1.526275265602974,COMPLETE
4320,0.1013,0.35727444119045354,0.7173040848696003,9.988586281068551,0.18789870720668425,27.05296490832267,COMPLETE
4321,0.0731,0.2621923902792504,7.339695485358947,1.740398603646929,0.5529959922862323,0.4237775328566238,COMPLETE
4322,0.09265,0.47446007128520795,5.443169702125653,1.0340435745788543,4805.408510725193,1.010558986363453,COMPLETE
4323,0.1274,0.8944837008027654,7.489439152524652,8.418374689108267,1575.9369216711668,2.1102891532478085,COMPLETE
4324,0.096,0.524642641698072,7.146308408451052,6.612639322764853,6.48522403315561,4.792699168837896,COMPLETE
4325,0.08315,0.2979630320242856,6.243366793589219,2.31037745090762,4.6216117253800055,0.44404789641050096,COMPLETE
4326,0.0634,0.1545014412137188,6.888084840389096,1.02906213574867,0.5503013998546388,1.3157650113770214,COMPLETE
4327,0.0664,0.1314548309631993,5.443169702125653,1.0340435745788543,1.033477985960891,0.7306953052604724,COMPLETE
4328,0.1524,0.8510655922816542,5.334411901674462,9.933529862520766,1476.1251734596226,1.526275265602974,COMPLETE
4329,0.11225,0.6588283676619492,7.43935192642072,2.5480370108037094,7027.637728304234,0.13224545739064966,COMPLETE
4330,0.0979,0.15528569435357312,0.7715295979506454,1.3672378725582144,65.42850617031253,48.912370331027205,COMPLETE
4331,0.0887,0.5508287498106017,7.339695485358947,3.0638630129150126,0.019315069618518407,0.0276670053903893,COMPLETE
4332,0.0886,0.587110797729617,7.489439152524652,3.0638630129150126,0.3314944694841193,0.044754322426772755,COMPLETE
4333,0.113,0.5763027658775558,3.4869934757535526,8.418374689108267,30.54779366423335,0.7306953052604724,COMPLETE
4334,0.11225,0.5812378475183949,6.859344814493618,9.767312130896007,2.4792588435669867,0.030595349341982422,COMPLETE
4335,0.1076,0.65388618905826,7.247734013461835,6.612639322764853,6.48522403315561,0.5985950343657075,COMPLETE
4336,0.0766,0.45964761798008685,7.489439152524652,1.0423605731910592,1476.1251734596226,3.646616628444733,COMPLETE
4337,0.11805,0.6939045340590692,6.812644630608508,9.988586281068551,111.18850587297112,13.737135040054913,COMPLETE
4338,0.11445,0.5694726586757631,7.489439152524652,3.0638630129150126,1476.1251734596226,0.061702634751248465,COMPLETE
4339,0.07405,0.22749163416218615,0.20565538495360436,2.378228839232941,0.5529959922862323,4.792699168837896,COMPLETE
4340,0.0901,0.5493217148662213,6.812644630608508,1.6268034317692641,1408.7360416587683,4.792699168837896,COMPLETE
4341,0.11415,0.575879913721987,1.6638736019314924,6.612639322764853,359.71457230765833,1.3157650113770214,COMPLETE
4342,0.08805,0.43257780092385384,2.530129349133357,3.373615474603948,0.019315069618518407,0.2944924768920615,COMPLETE
4343,0.07625,0.3014323846012816,7.321806062638004,2.7990992567202793,0.011064191135752277,12.564994736868005,COMPLETE
4344,0.11345,0.47530004994415215,0.5870953444324025,7.639970758565217,153.2860257697558,0.010564747029592843,COMPLETE
4345,0.09095,0.5982131583363701,7.489439152524652,9.988586281068551,0.022872403443138362,3.646616628444733,COMPLETE
4346,0.07585,0.4742185512094201,7.330935980420013,2.3551494548314484,112.323925330586,1.526275265602974,COMPLETE
4347,0.1041,0.6976831032716313,7.321806062638004,3.0638630129150126,1575.9369216711668,2.1102891532478085,COMPLETE
4348,0.07965,0.4587728351850076,7.489439152524652,1.2992706708708701,1476.1251734596226,3.646616628444733,COMPLETE
4349,0.0932,0.6046007678359572,7.339695485358947,3.514935061029921,153.2860257697558,0.7306953052604724,COMPLETE
4350,0.0938,0.4949802252242503,5.067504885748308,6.612639322764853,0.022872403443138362,1.3157650113770214,COMPLETE
4351,0.1108,0.7498398348161485,7.489439152524652,3.4533094781148153,1575.9369216711668,2.1102891532478085,COMPLETE
4352,0.07625,0.4729323710545786,7.489439152524652,1.0340435745788543,1575.9369216711668,2.1102891532478085,COMPLETE
4353,0.12955,0.6749125026555808,7.339695485358947,7.639970758565217,153.2860257697558,0.06447626796985431,COMPLETE
4354,0.08505,0.45156549219263614,7.339695485358947,5.061348409319827,0.4111694316312813,11.34645454198699,COMPLETE
4355,0.07585,0.5236814085571786,7.489439152524652,3.1109816593785697,30.54779366423335,0.2944924768920615,COMPLETE
4356,0.1322,0.849261746270289,7.489439152524652,8.418374689108267,359.71457230765833,1.3157650113770214,COMPLETE
4357,0.1333,0.6590795093954709,7.489439152524652,9.988586281068551,1476.1251734596226,0.04005828775431917,COMPLETE
4358,0.0955,0.4496518579664341,2.248939319922275,7.451337432117496,65.42850617031253,11.34645454198699,COMPLETE
4359,0.11915,0.7540978832522033,6.8435536313626235,7.639970758565217,213.12385576447687,2.8621765397402323,COMPLETE
4360,0.1021,0.7030508933225925,7.489439152524652,7.639970758565217,23.82879914384567,0.5985950343657075,COMPLETE
4361,0.1236,0.6084697759736811,2.044432427599434,9.988586281068551,359.71457230765833,1.0864194972631505,COMPLETE
4362,0.1542,0.8983242394341352,7.489439152524652,8.418374689108267,8709.167560980246,2.1102891532478085,COMPLETE
4363,0.1421,0.835824647425659,7.398979747077997,9.988586281068551,1476.1251734596226,0.5985950343657075,COMPLETE
4364,0.12725,0.7737483368676255,6.666959706638387,9.988586281068551,153.2860257697558,0.7306953052604724,COMPLETE
4365,0.1206,0.8208722326191302,7.489439152524652,9.933529862520766,260.6818181574416,1.526275265602974,COMPLETE
4366,0.1144,0.6510771731278259,2.241982975946041,9.988586281068551,359.71457230765833,4.408527923957216,COMPLETE
4367,0.13235,0.8702361024883308,7.339695485358947,8.418374689108267,1450.8545023123113,3.646616628444733,COMPLETE
4368,0.12245,0.7604028117350601,7.339695485358947,9.040257071876136,153.2860257697558,1.3964044847064154,COMPLETE
4369,0.1366,0.8017519451231052,3.814232086638084,8.418374689108267,1575.9369216711668,2.1102891532478085,COMPLETE
4370,0.1211,0.7464839180816577,7.489439152524652,3.2563705933703173,1476.1251734596226,0.7518988954773639,COMPLETE
4371,0.10745,0.27368017040470194,2.5743005977804483,3.1109816593785697,30.54779366423335,20.522497908169573,COMPLETE
4372,0.0726,0.5017814340005894,7.489439152524652,3.1109816593785697,30.54779366423335,1.526275265602974,COMPLETE
4373,0.0839,0.14717530590686523,2.669229316954611,1.2992706708708701,0.022872403443138362,2.1102891532478085,COMPLETE
4374,0.0589,0.20061211043152405,7.489439152524652,1.2992706708708701,0.022872403443138362,44.76380938653201,COMPLETE
4375,0.09345,0.6240899160439,7.489439152524652,6.612639322764853,6.48522403315561,0.7306953052604724,COMPLETE
4376,0.12785,0.8475496474668136,7.489439152524652,9.988586281068551,359.71457230765833,1.526275265602974,COMPLETE
4377,0.0814,0.27061546240290474,7.489439152524652,2.2317549291616117,0.12060258560368582,0.7306953052604724,COMPLETE
4378,0.10185,0.18319465609735616,1.3386343294055953,1.1679739768270172,359.71457230765833,46.47569887862423,COMPLETE
4379,0.11785,0.7334388657853693,7.489439152524652,8.418374689108267,39.01067432802768,0.5985950343657075,COMPLETE
4380,0.09175,0.28169471092712267,3.431959889846064,3.1109816593785697,0.04062663865186074,41.918700246586454,COMPLETE
4381,0.0754,0.4767380256666209,7.489439152524652,1.4256816350169421,116.68218004772335,0.058427009886278046,COMPLETE
4382,0.1034,0.6359971669006087,7.489439152524652,6.612639322764853,19.617536409352564,1.3157650113770214,COMPLETE
4383,0.05955,0.27678939770942756,7.339695485358947,1.1679739768270172,0.19601747140498094,0.030595349341982422,COMPLETE
4384,0.11535,0.7131123291480899,7.211246974011563,8.418374689108267,8.478216311607943,0.030595349341982422,COMPLETE
4385,0.1205,0.875931967273442,7.339695485358947,9.03843167731967,359.71457230765833,1.3157650113770214,COMPLETE
4386,0.0632,0.19550811747569477,7.489439152524652,1.2756087401855505,0.48160356426463263,1.526275265602974,COMPLETE
4387,0.11125,0.3747358697996754,1.0235394476017896,8.418374689108267,73.07904253013295,1.8602957309646184,COMPLETE
4388,0.10915,0.6757890395421774,7.339695485358947,5.061348409319827,0.08190527355775834,0.04806599538441981,COMPLETE
4389,0.1188,0.8267525938528907,7.339695485358947,7.639970758565217,153.2860257697558,0.7306953052604724,COMPLETE
4390,0.11575,0.7428970901419452,7.489439152524652,7.414577919670555,359.71457230765833,18.149153087367182,COMPLETE
4391,0.09875,0.5146911706208505,7.339695485358947,5.755321473436826,0.5529959922862323,1.0864194972631505,COMPLETE
4392,0.09235,0.6504597436913213,7.339695485358947,9.130456651686037,61.128832411058866,35.58412589755892,COMPLETE
4393,0.1279,0.7711182330728042,7.489439152524652,4.101823977297871,2729.2643114531697,0.5985950343657075,COMPLETE
4394,0.1143,0.7299158514331754,4.45024451256108,9.988586281068551,61.128832411058866,0.5985950343657075,COMPLETE
4395,0.08485,0.5532732262678747,6.81551942880984,4.484802674252547,0.019315069618518407,0.7306953052604724,COMPLETE
4396,0.09125,0.5081064648961308,7.339695485358947,6.998105782411911,0.4111694316312813,11.34645454198699,COMPLETE
4397,0.1051,0.3218473938660692,0.6919395518144643,9.143878541087274,0.5503013998546388,1.3157650113770214,COMPLETE
4398,0.0753,0.4492999833168318,6.639217744971412,1.0340435745788543,1476.1251734596226,1.010558986363453,COMPLETE
4399,0.0664,0.16479199269808256,7.339695485358947,1.1679739768270172,2.4792588435669867,2.1102891532478085,COMPLETE
4400,0.0791,0.32458823649651913,7.339695485358947,1.2992706708708701,153.2860257697558,0.7306953052604724,COMPLETE
4401,0.12,0.7067738304218858,7.321806062638004,9.709912767956418,30.54779366423335,0.05293656572598473,COMPLETE
4402,0.06655,0.23046076918218372,7.489439152524652,1.4718234271942974,0.019315069618518407,2.1102891532478085,COMPLETE
4403,0.0947,0.5653029705014981,7.489439152524652,6.612639322764853,0.5503013998546388,1.526275265602974,COMPLETE
4404,0.07995,0.47234236805496155,1.8343731613319927,2.7324924364179903,1476.1251734596226,4.792699168837896,COMPLETE
4405,0.10125,0.5274653826769511,7.489439152524652,1.2992706708708701,2102.564607090361,0.5985950343657075,COMPLETE
4406,0.10685,0.7558922087085971,7.339695485358947,7.639970758565217,112.323925330586,1.526275265602974,COMPLETE
4407,0.1097,0.7261892203441381,7.489439152524652,9.988586281068551,0.019315069618518407,0.21056460415999662,COMPLETE
4408,0.091,0.452661290667502,2.123775309474879,8.418374689108267,3.6120509902729183,1.526275265602974,COMPLETE
4409,0.06585,0.15963687927989617,7.489439152524652,1.153713793014621,0.019315069618518407,2.1102891532478085,COMPLETE
4410,0.11535,0.7527732234320759,7.489439152524652,9.988586281068551,185.66116479187846,4.792699168837896,COMPLETE
4411,0.1054,0.34717388221129797,1.0902109108758637,5.849260919902709,0.48160356426463263,0.5985950343657075,COMPLETE
4412,0.10585,0.7983072624742532,7.398979747077997,5.8081057233180955,359.71457230765833,1.0864194972631505,COMPLETE
4413,0.096,0.5123681722875243,6.666959706638387,9.988586281068551,0.016734666614152027,7.087131287891845,COMPLETE
4414,0.11725,0.753513204520724,7.489439152524652,4.101823977297871,1575.9369216711668,2.1102891532478085,COMPLETE
4415,0.14415,0.8833164600100823,7.489439152524652,9.988586281068551,1476.1251734596226,1.526275265602974,COMPLETE
4416,0.11395,0.38726693738138024,0.5942666605460633,9.988586281068551,359.71457230765833,12.87083319148458,COMPLETE
4417,0.089,0.502664797066136,7.489439152524652,3.0638630129150126,0.022872403443138362,0.13391944103899936,COMPLETE
4418,0.0775,0.4693963021361632,7.489439152524652,2.497048511338613,116.68218004772335,1.8602957309646184,COMPLETE
4419,0.06905,0.12838284789950427,5.253743274381843,1.0340435745788543,0.061530195681195304,0.5985950343657075,COMPLETE
4420,0.083,0.26445378337451797,7.454221212447131,2.2336057373686447,7.028841454032889,2.1102891532478085,COMPLETE
4421,0.0931,0.6645903720782856,7.489439152524652,6.612639322764853,6.48522403315561,0.5985950343657075,COMPLETE
4422,0.12995,0.702126099698548,3.333531622802184,9.988586281068551,1476.1251734596226,22.907686225284852,COMPLETE
4423,0.11805,0.780420350175391,7.339695485358947,9.988586281068551,61.128832411058866,0.8019628575134709,COMPLETE
4424,0.0637,0.25180795215325263,7.489439152524652,1.2992706708708701,2.4792588435669867,0.13391944103899936,COMPLETE
4425,0.0817,0.47818294693966634,7.489439152524652,3.1109816593785697,30.54779366423335,1.8602957309646184,COMPLETE
4426,0.0962,0.5949561146668817,6.8435536313626235,3.0638630129150126,359.71457230765833,13.737135040054913,COMPLETE
4427,0.1103,0.8232092828507419,7.489439152524652,6.612639322764853,359.71457230765833,1.526275265602974,COMPLETE
4428,0.0686,0.1787885571335817,7.489439152524652,1.087668155387133,24.687993700004206,4.792699168837896,COMPLETE
4429,0.1034,0.6784828696786166,7.489439152524652,8.418374689108267,0.061530195681195304,0.5985950343657075,COMPLETE
4430,0.1079,0.7357164108197297,7.489439152524652,6.612639322764853,153.2860257697558,1.3157650113770214,COMPLETE
4431,0.12705,0.847528347210589,7.489439152524652,8.418374689108267,582.0876573876707,0.5985950343657075,COMPLETE
4432,0.13575,0.8620765889777935,7.489439152524652,6.612639322764853,1476.1251734596226,4.812070351967461,COMPLETE
4433,0.1133,0.31168697094426406,0.5945305578416555,8.418374689108267,61.128832411058866,2.1102891532478085,COMPLETE
4434,0.11525,0.7155759248047499,7.339695485358947,6.612639322764853,6.48522403315561,0.08494689489187741,COMPLETE
4435,0.1079,0.7491315137410423,7.339695485358947,7.639970758565217,116.68218004772335,1.8602957309646184,COMPLETE
4436,0.09495,0.4779494131924189,7.339695485358947,9.988586281068551,0.03932809943429758,12.146893267526337,COMPLETE
4437,0.11485,0.8663340787455627,7.339695485358947,9.988586281068551,359.71457230765833,4.792699168837896,COMPLETE
4438,0.11545,0.6310271392867258,7.339695485358947,8.418374689108267,0.5529959922862323,0.09359901081835402,COMPLETE
4439,0.0957,0.6769067094786353,7.321806062638004,5.061348409319827,61.128832411058866,0.7306953052604724,COMPLETE
4440,0.10725,0.6523472795600129,5.396799233797731,3.0638630129150126,5618.222944929511,2.1102891532478085,COMPLETE
4441,0.0931,0.5786080365458334,7.489439152524652,6.612639322764853,6.48522403315561,2.1102891532478085,COMPLETE
4442,0.09335,0.6004136262832164,6.463993443225865,7.639970758565217,0.023479284891503895,3.646616628444733,COMPLETE
4443,0.07055,0.1546333574447641,6.8435536313626235,1.1679739768270172,2.4792588435669867,44.76380938653201,COMPLETE
4444,0.13135,0.7427179990281984,7.489439152524652,9.988586281068551,359.71457230765833,0.1218358641007261,COMPLETE
4445,0.0796,0.4512958135723784,7.489439152524652,1.2992706708708701,6401.190215081623,0.030595349341982422,COMPLETE
4446,0.09985,0.4537539545008926,1.0287605548513368,7.639970758565217,153.2860257697558,0.7306953052604724,COMPLETE
4447,0.09515,0.556886632239017,5.45457419904251,8.418374689108267,0.5503013998546388,2.1102891532478085,COMPLETE
4448,0.1402,0.862634780627458,6.666959706638387,9.988586281068551,1688.3846346819648,12.146893267526337,COMPLETE
4449,0.0968,0.6502426781775592,7.339695485358947,8.418374689108267,0.5529959922862323,0.7306953052604724,COMPLETE
4450,0.1431,0.8271289189786072,7.489439152524652,8.418374689108267,1575.9369216711668,0.5985950343657075,COMPLETE
4451,0.0784,0.3761066865205446,7.398979747077997,3.1132900404754213,0.019315069618518407,0.5985950343657075,COMPLETE
4452,0.0883,0.5766828654877748,7.489439152524652,5.061348409319827,4.6216117253800055,0.5985950343657075,COMPLETE
4453,0.0964,0.4297802556889785,2.767317741580549,5.3230286490016745,45.526420090394815,63.25144350882207,COMPLETE
4454,0.08485,0.3319348316739099,7.489439152524652,2.195218904889921,4.6216117253800055,0.2944924768920615,COMPLETE
4455,0.11335,0.8416088363273188,7.339695485358947,5.8081057233180955,1476.1251734596226,4.792699168837896,COMPLETE
4456,0.08415,0.5520382413537684,7.321806062638004,8.418374689108267,0.3487733014720393,2.1102891532478085,COMPLETE
4457,0.11075,0.7224296467590491,7.339695485358947,8.418374689108267,24.687993700004206,0.7306953052604724,COMPLETE
4458,0.13945,0.8762906889875043,6.812644630608508,9.988586281068551,1476.1251734596226,4.792699168837896,COMPLETE
4459,0.1034,0.7182267804179421,7.489439152524652,9.767312130896007,111.18850587297112,13.737135040054913,COMPLETE
4460,0.11105,0.6244956009536221,7.489439152524652,8.418374689108267,4.6216117253800055,0.0158635961798149,COMPLETE
4461,0.088,0.4310960425566267,7.489439152524652,1.003415574441021,1476.1251734596226,60.16370070861553,COMPLETE
4462,0.13,0.854983295424061,7.339695485358947,7.451337432117496,1476.1251734596226,11.34645454198699,COMPLETE
4463,0.0973,0.45688342060704673,2.7090732174822425,6.612639322764853,0.5503013998546388,1.3157650113770214,COMPLETE
4464,0.10455,0.4740603484148226,1.9822908863243307,8.418374689108267,91.7352161098327,1.3964044847064154,COMPLETE
4465,0.09725,0.2903363717373202,7.489439152524652,1.1679739768270172,359.71457230765833,0.030595349341982422,COMPLETE
4466,0.0924,0.5299472995389061,6.812644630608508,8.418374689108267,0.5529959922862323,4.792699168837896,COMPLETE
4467,0.11975,0.7824144477694025,7.339695485358947,5.8081057233180955,359.71457230765833,0.7306953052604724,COMPLETE
4468,0.10025,0.556172730466578,7.339695485358947,8.418374689108267,0.019315069618518407,2.1102891532478085,COMPLETE
4469,0.1072,0.6078809450534712,7.489439152524652,9.988586281068551,0.13725091306703854,1.3157650113770214,COMPLETE
4470,0.09235,0.4875928183166552,7.489439152524652,9.988586281068551,1.9884564233027244,72.26351011386929,COMPLETE
4471,0.0944,0.4248190548594531,1.6117000191663722,5.089415649973235,111.18850587297112,13.737135040054913,COMPLETE
4472,0.1145,0.7298014637408592,7.321806062638004,3.0638630129150126,1476.1251734596226,0.5985950343657075,COMPLETE
4473,0.1354,0.9158603566489004,7.398979747077997,9.988586281068551,1476.1251734596226,4.792699168837896,COMPLETE
4474,0.09995,0.5588708738631563,7.489439152524652,9.988586281068551,0.022872403443138362,7.901102941136675,COMPLETE
4475,0.0916,0.48064803443490484,5.070803561810164,7.639970758565217,19.21088284415663,20.4030962807166,COMPLETE
4476,0.13675,0.8824790633365254,7.489439152524652,9.988586281068551,1476.1251734596226,4.792699168837896,COMPLETE
4477,0.1298,0.8821819861323967,7.489439152524652,9.988586281068551,359.71457230765833,1.526275265602974,COMPLETE
4478,0.0987,0.6753907776536542,7.489439152524652,8.418374689108267,6.48522403315561,1.3157650113770214,COMPLETE
4479,0.0646,0.1463897870249413,7.489439152524652,1.0340435745788543,0.015278403815351895,0.5985950343657075,COMPLETE
4480,0.106,0.6750225006845518,7.489439152524652,6.766609676773699,0.48160356426463263,0.5985950343657075,COMPLETE
4481,0.13085,0.8691741719729856,7.489439152524652,6.644120366955047,1476.1251734596226,2.1102891532478085,COMPLETE
4482,0.1097,0.30964189616335663,1.8413258155607974,7.639970758565217,0.21438351789912244,12.146893267526337,COMPLETE
4483,0.0985,0.5586305882354125,7.489439152524652,8.418374689108267,0.4111694316312813,2.1102891532478085,COMPLETE
4484,0.1356,0.8585446348535721,7.489439152524652,9.988586281068551,1476.1251734596226,12.146893267526337,COMPLETE
4485,0.09535,0.6308584406932862,7.339695485358947,8.418374689108267,0.019315069618518407,1.3157650113770214,COMPLETE
4486,0.1158,0.7813034051452797,7.489439152524652,9.988586281068551,109.77068272814573,0.7465523593598244,COMPLETE
4487,0.0784,0.34796227858262907,7.321806062638004,1.8740975910385527,61.128832411058866,0.5985950343657075,COMPLETE
4488,0.09445,0.5236871222560585,7.489439152524652,9.988586281068551,0.02571496179199066,4.792699168837896,COMPLETE
4489,0.09395,0.6016556872456914,7.339695485358947,5.8081057233180955,7.512621522396279,1.3157650113770214,COMPLETE
4490,0.07965,0.10943417808227814,2.550348613301908,1.0340435745788543,2.1321313085454965,0.5985950343657075,COMPLETE
4491,0.1078,0.5779019698113803,5.334411901674462,3.5926067748716846,359.71457230765833,3.139386437220335,COMPLETE
4492,0.10625,0.7389243536838325,7.339695485358947,9.988586281068551,61.128832411058866,2.867038467083101,COMPLETE
4493,0.0703,0.12625053131321862,0.7691670356137462,1.1895431020668739,4.6216117253800055,0.5985950343657075,COMPLETE
4494,0.1086,0.7628583015962961,7.489439152524652,8.418374689108267,116.68218004772335,2.1102891532478085,COMPLETE
4495,0.1071,0.7526925075915779,7.489439152524652,7.639970758565217,153.2860257697558,15.88986466746122,COMPLETE
4496,0.12655,0.8030536950944904,7.489439152524652,8.418374689108267,111.18850587297112,0.40621040653378493,COMPLETE
4497,0.1342,0.9010990732034905,7.489439152524652,9.988586281068551,5727.8461240961315,2.1102891532478085,COMPLETE
4498,0.0743,0.4043477885410494,7.398979747077997,3.0156649020845308,0.061530195681195304,0.5985950343657075,COMPLETE
4499,0.0819,0.46443041135923513,2.6992713698273176,3.0638630129150126,359.71457230765833,13.737135040054913,COMPLETE
4500,0.1093,0.7844383666084188,7.489439152524652,8.418374689108267,116.68218004772335,2.1102891532478085,COMPLETE
4501,0.1134,0.7984847696035767,6.666959706638387,6.506714006110976,153.2860257697558,0.7306953052604724,COMPLETE
4502,0.08785,0.5003544864017351,7.489439152524652,6.612639322764853,0.5503013998546388,1.3157650113770214,COMPLETE
4503,0.1257,0.6822731285838323,2.2302666052560833,8.418374689108267,1575.9369216711668,2.1102891532478085,COMPLETE
4504,0.12845,0.712024901708732,7.489439152524652,8.418374689108267,205.87351005956364,0.06398267006667634,COMPLETE
4505,0.07835,0.4919570385582246,5.334411901674462,4.024310116320845,0.06448346792730066,1.526275265602974,COMPLETE
4506,0.1213,0.2921039494642438,0.5935508227738826,8.418374689108267,23.82879914384567,2.1102891532478085,COMPLETE
4507,0.10435,0.6902796085326581,7.489439152524652,8.418374689108267,24.687993700004206,2.1102891532478085,COMPLETE
4508,0.08975,0.32590941997015593,2.904959467206131,3.0156649020845308,19.21088284415663,0.5985950343657075,COMPLETE
4509,0.09825,0.5804587944991344,7.489439152524652,6.84665461670175,0.5529959922862323,0.7306953052604724,COMPLETE
4510,0.12675,0.7370050062387259,7.489439152524652,9.988586281068551,0.5503013998546388,0.06133621864311887,COMPLETE
4511,0.0775,0.47272333468560007,7.398979747077997,3.0156649020845308,0.061530195681195304,0.5985950343657075,COMPLETE
4512,0.0859,0.4882875268933057,7.339695485358947,9.988586281068551,2.4792588435669867,44.76380938653201,COMPLETE
4513,0.13905,0.8618202792947841,5.443169702125653,9.988586281068551,1476.1251734596226,1.010558986363453,COMPLETE
4514,0.1029,0.4313553018252701,4.026381525055774,8.418374689108267,0.019315069618518407,12.146893267526337,COMPLETE
4515,0.1129,0.4036722169192953,1.5523321700272243,9.988586281068551,0.12126332071476785,16.62654822404776,COMPLETE
4516,0.111,0.7025807672332268,7.489439152524652,8.418374689108267,116.68218004772335,1.8602957309646184,COMPLETE
4517,0.12765,0.8468022682837298,7.489439152524652,9.988586281068551,359.71457230765833,1.526275265602974,COMPLETE
4518,0.1046,0.6486855960910988,7.489439152524652,2.4250326408725345,1476.1251734596226,26.977753358789563,COMPLETE
4519,0.11545,0.5154890929386664,7.489439152524652,3.0638630129150126,251.16340834733586,0.03648646565925486,COMPLETE
4520,0.06685,0.20266006911629122,6.155198776686632,1.5511837451804567,2.4834422656535935,5.540604818971486,COMPLETE
4521,0.1224,0.6205967247103242,2.5983468042613223,7.639970758565217,153.2860257697558,0.7306953052604724,COMPLETE
4522,0.09935,0.6260139351691131,5.334411901674462,3.363571885644368,532.9009723790857,1.526275265602974,COMPLETE
4523,0.06455,0.18967224303643174,7.321806062638004,1.0340435745788543,30.54779366423335,0.5985950343657075,COMPLETE
4524,0.08545,0.47853302726097835,5.334411901674462,3.1109816593785697,112.323925330586,11.34645454198699,COMPLETE
4525,0.11955,0.8039246240489609,7.398979747077997,8.418374689108267,116.68218004772335,0.5985950343657075,COMPLETE
4526,0.0992,0.5835054586487637,7.211246974011563,5.8081057233180955,0.011064191135752277,1.0864194972631505,COMPLETE
4527,0.1358,0.7803607404512756,4.146121074208026,9.988586281068551,1476.1251734596226,4.792699168837896,COMPLETE
4528,0.1066,0.6768007315507066,7.321806062638004,9.988586281068551,0.022872403443138362,0.5985950343657075,COMPLETE
4529,0.09775,0.5317492826428201,7.489439152524652,8.550720324169767,0.4429645247029233,1.3157650113770214,COMPLETE
4530,0.1404,0.7230804668057099,7.489439152524652,9.988586281068551,359.71457230765833,0.10934034190049624,COMPLETE
4531,0.1188,0.5783929469985789,6.2996526178289205,9.767312130896007,1575.9369216711668,0.03169061484115681,COMPLETE
4532,0.10165,0.5955284704873381,7.489439152524652,7.639970758565217,23.82879914384567,4.858186918526125,COMPLETE
4533,0.0849,0.550587744450114,5.334411901674462,5.1135376852058,0.48160356426463263,0.5985950343657075,COMPLETE
4534,0.07715,0.4295400119206626,7.339695485358947,3.0156649020845308,0.061530195681195304,0.5985950343657075,COMPLETE
4535,0.13675,0.9038889145464174,7.321806062638004,8.418374689108267,1669.1438328099212,2.1102891532478085,COMPLETE
4536,0.1061,0.7219432724936456,7.321806062638004,9.988586281068551,30.54779366423335,0.5985950343657075,COMPLETE
4537,0.1202,0.5261506555376598,2.5977388809427233,8.418374689108267,0.011064191135752277,0.030595349341982422,COMPLETE
4538,0.08685,0.5250116951564957,7.489439152524652,7.451337432117496,0.4111694316312813,11.34645454198699,COMPLETE
4539,0.10045,0.6236940353585527,7.489439152524652,9.933529862520766,2.4792588435669867,1.526275265602974,COMPLETE
4540,0.09755,0.5970245193128317,7.489439152524652,8.418374689108267,0.022872403443138362,2.1102891532478085,COMPLETE
4541,0.1265,0.8689659137824649,7.489439152524652,9.988586281068551,359.71457230765833,1.010558986363453,COMPLETE
4542,0.10815,0.7247348581576666,7.339695485358947,5.8081057233180955,359.71457230765833,4.792699168837896,COMPLETE
4543,0.13615,0.8547701033122299,6.666959706638387,9.988586281068551,1476.1251734596226,4.792699168837896,COMPLETE
4544,0.0829,0.1963258256104499,7.211246974011563,1.0340435745788543,115.12761251994729,0.01691358940948196,COMPLETE
4545,0.1316,0.636663426780197,2.109525559357076,8.418374689108267,1575.9369216711668,6.302950401810882,COMPLETE
4546,0.1044,0.25544598235138805,2.865235304799807,3.0638630129150126,0.017944270076093727,0.7306953052604724,COMPLETE
4547,0.08895,0.4746379753761921,7.489439152524652,1.2992706708708701,3462.4540093878772,0.07899621808581027,COMPLETE
4548,0.1358,0.6790129252237631,7.339695485358947,8.418374689108267,1575.9369216711668,0.05434434264881905,COMPLETE
4549,0.0632,0.17369357458017623,7.339695485358947,1.0340435745788543,19.21088284415663,15.411646400314352,COMPLETE
4550,0.1027,0.6849465896364263,7.339695485358947,8.418374689108267,65.42850617031253,2.1102891532478085,COMPLETE
4551,0.1334,0.7466928674752427,7.489439152524652,3.397646011587968,4847.942106879536,0.5985950343657075,COMPLETE
4552,0.10785,0.6999582734049573,7.489439152524652,8.142119395917883,65.42850617031253,2.1102891532478085,COMPLETE
4553,0.0756,0.25589857465328253,7.321806062638004,2.1304600826409836,4.6216117253800055,12.146893267526337,COMPLETE
4554,0.10155,0.6992274971513086,7.398979747077997,4.101823977297871,147.00624883262375,0.5985950343657075,COMPLETE
4555,0.1191,0.7747386077525578,6.812644630608508,4.796266228212219,1476.1251734596226,4.792699168837896,COMPLETE
4556,0.08015,0.16257120292806185,2.8389377955424946,1.1764768557515388,61.128832411058866,0.5985950343657075,COMPLETE
4557,0.1099,0.683658720519888,7.489439152524652,3.0156649020845308,1575.9369216711668,2.1102891532478085,COMPLETE
4558,0.10405,0.5776684104160764,3.7087917071088707,4.101823977297871,359.71457230765833,1.3157650113770214,COMPLETE
4559,0.1016,0.5244316062994677,7.489439152524652,9.988586281068551,0.5503013998546388,1.3157650113770214,COMPLETE
4560,0.05735,0.2971826751617491,7.489439152524652,1.1679739768270172,0.011064191135752277,0.030595349341982422,COMPLETE
4561,0.1081,0.32230204829060877,1.034416497457539,1.1679739768270172,649.891046015081,0.030595349341982422,COMPLETE
4562,0.1229,0.8559514475109178,7.489439152524652,8.418374689108267,359.71457230765833,1.526275265602974,COMPLETE
4563,0.1097,0.5524791921218881,5.443169702125653,9.897928263918134,24.687993700004206,1.010558986363453,COMPLETE
4564,0.0826,0.3976866335352299,5.334411901674462,3.0156649020845308,36.33741216310726,1.526275265602974,COMPLETE
4565,0.06935,0.22679546392919392,7.339695485358947,1.6505391513975194,0.03447164763726188,4.792699168837896,COMPLETE
4566,0.11905,0.49574049822773314,0.33252565115360255,9.988586281068551,1476.1251734596226,0.014561373991326319,COMPLETE
4567,0.08925,0.40274725406856743,6.246878221743485,1.7234493051506024,0.022872403443138362,0.031043688522933058,COMPLETE
4568,0.10325,0.6180214696979195,5.3008394769803,9.988586281068551,0.036343564671045624,1.3157650113770214,COMPLETE
4569,0.12455,0.7867563895568707,5.1409175352828385,5.8081057233180955,359.71457230765833,0.2944924768920615,COMPLETE
4570,0.109,0.36002645871810857,4.741547097299187,1.0340435745788543,1476.1251734596226,0.030595349341982422,COMPLETE
4571,0.1024,0.6299020461799779,7.489439152524652,9.988586281068551,9.206219849540648,0.2336688257228452,COMPLETE
4572,0.11335,0.761072155579808,7.489439152524652,6.612639322764853,153.2860257697558,0.7306953052604724,COMPLETE
4573,0.0839,0.4456385572048703,2.7470267322819626,1.1679739768270172,1575.9369216711668,0.030595349341982422,COMPLETE
4574,0.1079,0.7622279143036274,7.489439152524652,8.418374689108267,54.01725330033727,2.1102891532478085,COMPLETE
4575,0.08445,0.450006184532263,7.339695485358947,1.6751139939482844,359.71457230765833,2.0439738946255277,COMPLETE
4576,0.0662,0.205832284948013,7.489439152524652,1.3976197066155518,2.35822879773905,1.3157650113770214,COMPLETE
4577,0.143,0.8377788994059463,5.443169702125653,8.477675406541984,1476.1251734596226,1.010558986363453,COMPLETE
4578,0.1291,0.8658721779264551,6.63974450703787,6.612639322764853,2327.772019861446,1.3157650113770214,COMPLETE
4579,0.12345,0.8102019093514046,7.339695485358947,8.418374689108267,185.21043033809445,2.1102891532478085,COMPLETE
4580,0.09935,0.5324721548746365,5.334411901674462,9.933529862520766,45.677320369040615,11.34645454198699,COMPLETE
4581,0.1378,0.7484753024624899,7.489439152524652,7.639970758565217,359.71457230765833,0.1364195756512819,COMPLETE
4582,0.08355,0.4252873791382818,5.443169702125653,1.0340435745788543,1476.1251734596226,1.010558986363453,COMPLETE
4583,0.0674,0.18133595247459697,7.489439152524652,1.2502560608063495,5.977110700128126,2.1102891532478085,COMPLETE
4584,0.0654,0.17398304337152473,7.489439152524652,1.1679739768270172,2.4792588435669867,3.5911812565782975,COMPLETE
4585,0.11845,0.7392089055570676,4.556787867825204,8.418374689108267,116.68218004772335,0.5985950343657075,COMPLETE
4586,0.10705,0.3841253394506992,0.23677430430194657,9.988586281068551,1476.1251734596226,4.792699168837896,COMPLETE
4587,0.13515,0.8947613411126353,7.489439152524652,8.418374689108267,1575.9369216711668,2.1102891532478085,COMPLETE
4588,0.14125,0.8236161269810416,6.612035700825833,8.597697030328181,7859.393154905895,0.5985950343657075,COMPLETE
4589,0.0726,0.16040278895227558,7.211246974011563,1.1679739768270172,2.4792588435669867,44.76380938653201,COMPLETE
4590,0.1204,0.7571707579539543,5.4510056891652585,8.418374689108267,339.542287486413,2.1102891532478085,COMPLETE
4591,0.06985,0.17651751578974664,6.8435536313626235,1.1679739768270172,14.608416639797317,1.0450261333048612,COMPLETE
4592,0.0974,0.4074483369782508,1.3436377649235498,7.451337432117496,0.4111694316312813,11.34645454198699,COMPLETE
4593,0.1038,0.6718764159360197,7.489439152524652,8.418374689108267,24.600628597704336,1.526275265602974,COMPLETE
4594,0.08775,0.28534225787411127,2.664907220275928,2.195218904889921,0.017944270076093727,0.24437525801509333,COMPLETE
4595,0.06405,0.20408899967075805,7.339695485358947,1.2992706708708701,0.062427769341356895,1.0864194972631505,COMPLETE
4596,0.12405,0.8718955343570444,7.489439152524652,6.612639322764853,2528.571127802582,1.526275265602974,COMPLETE
4597,0.1398,0.9111084963850686,7.489439152524652,9.988586281068551,1476.1251734596226,4.792699168837896,COMPLETE
4598,0.13385,0.8514378838096051,7.489439152524652,8.418374689108267,359.71457230765833,2.1102891532478085,COMPLETE
4599,0.07555,0.32517027182973707,7.489439152524652,1.1679739768270172,2.4792588435669867,0.02770812120764146,COMPLETE
4600,0.0616,0.23159189218726248,7.489439152524652,1.1902094064516906,0.6420480395200108,0.0948299924510123,COMPLETE
4601,0.12555,0.8485467742879895,7.339695485358947,9.988586281068551,359.71457230765833,3.646616628444733,COMPLETE
4602,0.0725,0.4334845406466942,7.339695485358947,1.9687339305877525,153.2860257697558,0.7306953052604724,COMPLETE
4603,0.07635,0.5044056867188578,7.339695485358947,3.0156649020845308,0.04702080129595837,0.06031497289824699,COMPLETE
4604,0.11765,0.5983906405021887,1.7641193886611564,4.76205095500554,1476.1251734596226,1.010558986363453,COMPLETE
4605,0.077,0.13204107160733763,5.443169702125653,1.0340435745788543,2.4792588435669867,1.010558986363453,COMPLETE
4606,0.0717,0.4742606590837505,7.398979747077997,3.0638630129150126,61.128832411058866,37.883495388276934,COMPLETE
4607,0.09865,0.45526350098454005,4.208952451810333,7.451337432117496,0.4111694316312813,0.5985950343657075,COMPLETE
4608,0.10005,0.7470877065688305,7.489439152524652,6.612639322764853,61.128832411058866,1.3157650113770214,COMPLETE
4609,0.07055,0.15911059317092205,6.8435536313626235,1.1679739768270172,2.4792588435669867,44.76380938653201,COMPLETE
4610,0.06245,0.278312963955308,7.489439152524652,1.2992706708708701,0.019315069618518407,0.07899621808581027,COMPLETE
4611,0.13805,0.8733464722685712,5.443169702125653,8.418374689108267,1476.1251734596226,2.1102891532478085,COMPLETE
4612,0.14625,0.8561404128521566,7.489439152524652,8.418374689108267,7392.511329087904,2.1102891532478085,COMPLETE
4613,0.13375,0.8247904660473053,7.365641971781974,8.418374689108267,1575.9369216711668,44.76380938653201,COMPLETE
4614,0.11155,0.6488849997335736,7.489439152524652,4.917936707374018,0.011064191135752277,0.030595349341982422,COMPLETE
4615,0.1004,0.624213914108063,7.489439152524652,6.612639322764853,4.6216117253800055,0.5985950343657075,COMPLETE
4616,0.0896,0.5944385783551286,7.489439152524652,6.612639322764853,6.48522403315561,2.1102891532478085,COMPLETE
4617,0.0857,0.3568517599405483,7.211246974011563,1.5592526722243119,0.011064191135752277,0.030595349341982422,COMPLETE
4618,0.1007,0.6106619845995717,7.339695485358947,8.418374689108267,0.017944270076093727,0.7306953052604724,COMPLETE
4619,0.1079,0.7290317846905842,7.398979747077997,8.418374689108267,61.128832411058866,2.1102891532478085,COMPLETE
4620,0.0698,0.2518827371923983,7.489439152524652,1.2831676378896244,0.022872403443138362,0.07899621808581027,COMPLETE
4621,0.0964,0.49754463581798675,3.807175232012933,8.418374689108267,2.2037786546119746,2.1102891532478085,COMPLETE
4622,0.10065,0.6759801740449931,7.339695485358947,8.418374689108267,0.09031898583894257,2.1102891532478085,COMPLETE
4623,0.1031,0.6193837269647238,7.398979747077997,2.195218904889921,1476.1251734596226,13.818793345206325,COMPLETE
4624,0.1387,0.8164382106074564,7.489439152524652,8.418374689108267,1575.9369216711668,0.5985950343657075,COMPLETE
4625,0.1425,0.8735607052884423,7.489439152524652,9.988586281068551,1476.1251734596226,1.3157650113770214,COMPLETE
4626,0.09975,0.48514054678907903,3.5019784745638276,8.418374689108267,14.96494521760777,2.1102891532478085,COMPLETE
4627,0.1029,0.43358874244158235,0.5137214051386462,9.988586281068551,1476.1251734596226,4.792699168837896,COMPLETE
4628,0.0906,0.4733885359259929,5.237545344019275,4.180978882767759,61.128832411058866,4.792699168837896,COMPLETE
4629,0.06045,0.25231733801702527,7.489439152524652,1.2992706708708701,0.022872403443138362,0.13391944103899936,COMPLETE
4630,0.0887,0.3332023234941895,6.8435536313626235,1.1679739768270172,359.71457230765833,25.27215221281111,COMPLETE
4631,0.14335,0.8609155059205977,7.398979747077997,9.988586281068551,1476.1251734596226,1.0742693848031049,COMPLETE
4632,0.1179,0.4540769282934564,7.489439152524652,9.988586281068551,116.68218004772335,0.015992719356791498,COMPLETE
4633,0.1211,0.6975710310921449,4.774879162261016,5.061348409319827,1476.1251734596226,4.792699168837896,COMPLETE
4634,0.10095,0.372657586973503,7.339695485358947,1.0184677747986592,1575.9369216711668,0.030595349341982422,COMPLETE
4635,0.0672,0.1378872711097918,3.52987743409861,1.1679739768270172,0.15483822727351973,44.76380938653201,COMPLETE
4636,0.09215,0.2357252015469865,1.3936835891943558,3.0156649020845308,23.82879914384567,0.5985950343657075,COMPLETE
4637,0.11695,0.7122211886485142,5.639951062803478,9.767312130896007,111.18850587297112,4.792699168837896,COMPLETE
4638,0.0951,0.12754933147723907,1.9614109021723574,1.0537915254098162,61.128832411058866,0.7306953052604724,COMPLETE
4639,0.09285,0.5014730164094319,3.9091697638222955,7.451337432117496,0.4111694316312813,1.3964044847064154,COMPLETE
4640,0.13605,0.6021379100964152,4.785502041625477,9.988586281068551,1476.1251734596226,0.042796482467882944,COMPLETE
4641,0.0958,0.4772412920881275,7.489439152524652,7.639970758565217,23.82879914384567,28.598280965792156,COMPLETE
4642,0.0857,0.5371699511019655,7.489439152524652,2.209091155155809,365.6399036274867,0.5985950343657075,COMPLETE
4643,0.07995,0.1313859129929523,5.149617033463582,1.0340435745788543,30.54779366423335,2.867038467083101,COMPLETE
4644,0.09675,0.34032205692452056,2.453324419071441,4.101823977297871,0.48160356426463263,0.5985950343657075,COMPLETE
4645,0.1024,0.6382666276826713,7.321806062638004,8.418374689108267,0.019140428319051626,0.5985950343657075,COMPLETE
4646,0.08635,0.2849963021400071,7.489439152524652,2.2572637765624917,4.6216117253800055,0.5985950343657075,COMPLETE
4647,0.1406,0.9070543209349229,7.398979747077997,9.988586281068551,1476.1251734596226,2.1102891532478085,COMPLETE
4648,0.09125,0.49669662140976295,7.489439152524652,8.418374689108267,15.829632989490058,13.63538154856681,COMPLETE
4649,0.07485,0.3539802237373802,6.8435536313626235,1.1679739768270172,359.71457230765833,44.76380938653201,COMPLETE
4650,0.115,0.6658863965738103,7.321806062638004,5.061348409319827,61.128832411058866,0.5985950343657075,COMPLETE
4651,0.1122,0.5283123117986922,2.597673954939656,8.418374689108267,153.2860257697558,2.1102891532478085,COMPLETE
4652,0.14595,0.5744280633515402,7.489439152524652,9.988586281068551,1476.1251734596226,0.03770416206941865,COMPLETE
4653,0.11145,0.7032651470528921,5.334411901674462,9.933529862520766,112.323925330586,1.526275265602974,COMPLETE
4654,0.0991,0.34190196398309197,1.9918156991088405,3.0156649020845308,92.22763519945033,11.34645454198699,COMPLETE
4655,0.0922,0.5119563302756703,7.489439152524652,2.517923415315317,359.71457230765833,1.526275265602974,COMPLETE
4656,0.08645,0.2795196415073962,5.3057935443042155,2.3023508683436735,24.687993700004206,2.1102891532478085,COMPLETE
4657,0.1377,0.8776216521771899,6.812644630608508,9.988586281068551,1476.1251734596226,1.3964044847064154,COMPLETE
4658,0.09795,0.6047098218040053,5.334411901674462,3.0638630129150126,762.5411645187701,1.526275265602974,COMPLETE
4659,0.1445,0.8842946173468875,7.489439152524652,9.988586281068551,1575.9369216711668,1.526275265602974,COMPLETE
4660,0.11695,0.8066552705994827,7.339695485358947,9.988586281068551,359.71457230765833,4.792699168837896,COMPLETE
4661,0.09185,0.49789025022521927,5.017631538198577,9.988586281068551,0.017944270076093727,12.146893267526337,COMPLETE
4662,0.10065,0.6523384220484139,7.489439152524652,8.418374689108267,0.1415098549966063,0.7306953052604724,COMPLETE
4663,0.1122,0.2934927403927585,0.2738295272971905,8.418374689108267,61.128832411058866,2.1102891532478085,COMPLETE
4664,0.10655,0.37683108658235287,0.7093831689714455,8.418374689108267,0.01382444997888856,2.1102891532478085,COMPLETE
4665,0.1054,0.6927639406514885,7.339695485358947,9.988586281068551,38.92383488351572,4.792699168837896,COMPLETE
4666,0.1109,0.5004499162849969,0.8968699434640215,9.988586281068551,359.71457230765833,1.010558986363453,COMPLETE
4667,0.10895,0.5636352832984112,7.489439152524652,1.80687441437007,1476.1251734596226,84.04933800143073,COMPLETE
4668,0.0982,0.59480620442433,7.489439152524652,7.975625987979572,0.11725706125774195,2.1102891532478085,COMPLETE
4669,0.06545,0.23230844782564722,7.489439152524652,1.034105683858353,116.68218004772335,2.1102891532478085,COMPLETE
4670,0.10445,0.6500949792357541,7.489439152524652,8.418374689108267,4.6216117253800055,2.1102891532478085,COMPLETE
4671,0.0693,0.20738592540850823,7.321806062638004,1.0340435745788543,65.89698604294499,0.5985950343657075,COMPLETE
4672,0.13175,0.7229089161775338,4.415853830470251,8.418374689108267,1575.9369216711668,8.947069120657344,COMPLETE
4673,0.0857,0.43222693833919446,7.339695485358947,4.843564239178992,0.017944270076093727,11.34645454198699,COMPLETE
4674,0.0954,0.6011798089537348,7.339695485358947,8.418374689108267,0.5529959922862323,0.7306953052604724,COMPLETE
4675,0.14285,0.7777926275454102,7.489439152524652,9.988586281068551,359.71457230765833,0.24607728470867693,COMPLETE
4676,0.11475,0.6569079320388215,6.944232781608114,6.068939441866542,0.022872403443138362,0.07899621808581027,COMPLETE
4677,0.0918,0.2875198932123255,7.339695485358947,2.195218904889921,0.2289301136518664,0.4552698798669634,COMPLETE
4678,0.07735,0.4719707199833945,7.489439152524652,3.0638630129150126,61.128832411058866,13.737135040054913,COMPLETE
4679,0.1233,0.7523758681087661,7.339695485358947,9.709150732276248,359.71457230765833,11.34645454198699,COMPLETE
4680,0.0639,0.2785435396049683,7.211246974011563,1.1679739768270172,0.011064191135752277,0.030595349341982422,COMPLETE
4681,0.0835,0.5230135293758855,7.321806062638004,3.0638630129150126,61.128832411058866,0.5985950343657075,COMPLETE
4682,0.07555,0.500642252643334,7.398979747077997,3.0156649020845308,61.128832411058866,0.5985950343657075,COMPLETE
4683,0.10805,0.68833539949869,7.489439152524652,7.061008702952971,0.15481248574147033,0.2944924768920615,COMPLETE
4684,0.1154,0.8082142195558671,7.321806062638004,6.612639322764853,359.71457230765833,1.3157650113770214,COMPLETE
4685,0.11885,0.5640621694578755,2.949420568318571,5.061348409319827,1476.1251734596226,0.010551130992112533,COMPLETE
4686,0.06955,0.1610053428567799,7.321806062638004,1.0340435745788543,30.54779366423335,39.94827662414044,COMPLETE
4687,0.08525,0.3298074000264984,7.489439152524652,3.0638630129150126,1.5223154001981734,13.737135040054913,COMPLETE
4688,0.13625,0.892053661176186,7.489439152524652,9.988586281068551,1476.1251734596226,4.792699168837896,COMPLETE
4689,0.12945,0.8473936386492864,7.489439152524652,5.830261489611633,1575.9369216711668,1.3157650113770214,COMPLETE
4690,0.08115,0.3823941297522235,7.489439152524652,3.0156649020845308,6.48522403315561,1.3157650113770214,COMPLETE
4691,0.09015,0.39686157481974554,7.339695485358947,1.0340435745788543,3956.1097352012384,0.030595349341982422,COMPLETE
4692,0.11035,0.7972466520190269,7.489439152524652,9.79953790214069,116.68218004772335,1.723154043068887,COMPLETE
4693,0.08215,0.28566667953770875,7.489439152524652,3.0638630129150126,0.019315069618518407,13.737135040054913,COMPLETE
4694,0.13035,0.8095706244398915,7.339695485358947,8.965239832258959,1476.1251734596226,80.5099895680182,COMPLETE
4695,0.1159,0.7205428181115295,5.334411901674462,8.418374689108267,112.323925330586,2.1102891532478085,COMPLETE
4696,0.1085,0.6988587687384875,6.898752832287347,5.061348409319827,497.7738064463379,9.450952365658406,COMPLETE
4697,0.0882,0.2703458316134837,7.489439152524652,2.4516707395127164,0.07962592476844563,2.1102891532478085,COMPLETE
4698,0.13945,0.5952935252635163,7.489439152524652,9.767312130896007,1476.1251734596226,0.04000664612675069,COMPLETE
4699,0.08145,0.45239299719700904,6.8435536313626235,1.0340435745788543,1476.1251734596226,1.010558986363453,COMPLETE
4700,0.1177,0.6780871605848754,3.631576504837203,7.639970758565217,111.18850587297112,0.7306953052604724,COMPLETE
4701,0.08865,0.5768165808275656,7.489439152524652,5.684896145842466,0.019315069618518407,1.526275265602974,COMPLETE
4702,0.0917,0.5287929821142873,7.339695485358947,5.061348409319827,0.5503013998546388,1.3157650113770214,COMPLETE
4703,0.1036,0.5881771881621384,5.334411901674462,3.591960180686111,281.9759333874334,1.526275265602974,COMPLETE
4704,0.1263,0.6954468644909263,7.321806062638004,9.988586281068551,61.128832411058866,0.06479149958816575,COMPLETE
4705,0.1207,0.6803437514454913,5.252196195971314,9.988586281068551,93.03053769612467,1.010558986363453,COMPLETE
4706,0.0956,0.6003930849981121,7.489439152524652,6.612639322764853,6.48522403315561,1.3157650113770214,COMPLETE
4707,0.09825,0.3799606613914218,2.1220542854952567,6.612639322764853,0.5503013998546388,11.34645454198699,COMPLETE
4708,0.13625,0.8925488737632444,7.489439152524652,8.418374689108267,2246.5226577623766,2.1102891532478085,COMPLETE
4709,0.1059,0.6772981815698184,7.339695485358947,5.061348409319827,0.017944270076093727,0.13391944103899936,COMPLETE
4710,0.1027,0.6432944929769396,7.489439152524652,9.988586281068551,0.022872403443138362,1.526275265602974,COMPLETE
4711,0.0622,0.18034959840423948,7.321806062638004,1.1096399654749078,0.014179460309864488,0.5985950343657075,COMPLETE
4712,0.09585,0.5212197245510515,7.321806062638004,8.418374689108267,4.6216117253800055,18.90345354056516,COMPLETE
4713,0.10645,0.6765577216208499,7.321806062638004,2.4057472188098172,1029.2321206811555,0.5985950343657075,COMPLETE
4714,0.0984,0.6451240780587217,7.489439152524652,3.914385952668248,359.71457230765833,4.112861094749959,COMPLETE
4715,0.06605,0.17579463614166077,7.489439152524652,1.2992706708708701,0.48160356426463263,12.144096973715008,COMPLETE
4716,0.138,0.8702892551602601,6.666959706638387,9.988586281068551,1688.3846346819648,12.146893267526337,COMPLETE
4717,0.08355,0.26124759451049934,0.4418720881246727,3.5302745208500825,0.5503013998546388,4.792699168837896,COMPLETE
4718,0.11225,0.7513770886014046,7.489439152524652,9.57863263905584,61.128832411058866,1.526275265602974,COMPLETE
4719,0.11975,0.7428091672181493,7.398979747077997,9.988586281068551,61.128832411058866,0.5985950343657075,COMPLETE
4720,0.08955,0.6264822602934639,7.339695485358947,9.988586281068551,13.553091176978926,3.646616628444733,COMPLETE
4721,0.10395,0.6440727303998895,7.339695485358947,6.933864423587907,36.82951806600491,2.1102891532478085,COMPLETE
4722,0.0894,0.6031684469633624,7.489439152524652,5.061348409319827,0.017944270076093727,0.7306953052604724,COMPLETE
4723,0.0877,0.45969355617900726,1.9921356339232263,5.061348409319827,10.18802918811609,0.18856388724734058,COMPLETE
4724,0.0892,0.5513205479850506,7.321806062638004,2.4240021657205464,297.5051841320443,0.5985950343657075,COMPLETE
4725,0.1128,0.5236404249799318,7.339695485358947,9.988586281068551,59.718925669431094,0.015297547437565947,COMPLETE
4726,0.07055,0.24163415753654222,2.836367545957007,1.1679739768270172,0.011064191135752277,0.030595349341982422,COMPLETE
4727,0.1148,0.7626795689923747,7.339695485358947,8.418374689108267,61.128832411058866,0.7306953052604724,COMPLETE
4728,0.13415,0.7019777032818266,4.360242567133649,7.639970758565217,1688.3846346819648,12.146893267526337,COMPLETE
4729,0.0738,0.3992319428788217,7.489439152524652,1.2677364538613758,359.71457230765833,1.526275265602974,COMPLETE
4730,0.1262,0.28358100680856235,0.5743318254994423,9.988586281068551,61.128832411058866,16.496759107577766,COMPLETE
4731,0.118,0.7562563975869316,7.489439152524652,9.988586281068551,61.128832411058866,0.5985950343657075,COMPLETE
4732,0.13265,0.6723336560749588,7.489439152524652,9.988586281068551,359.71457230765833,0.055769390135395926,COMPLETE
4733,0.0638,0.1552456650804382,7.339695485358947,1.1448539094461736,0.4111694316312813,11.34645454198699,COMPLETE
4734,0.1101,0.624327248613675,7.321806062638004,8.418374689108267,0.48160356426463263,0.5985950343657075,COMPLETE
4735,0.1252,0.5074959374748226,1.6067369129910198,9.988586281068551,359.71457230765833,13.737135040054913,COMPLETE
4736,0.1095,0.33454206056501956,0.8240697736788704,8.418374689108267,2.2042155654500184,2.1102891532478085,COMPLETE
4737,0.138,0.7326847326608618,5.5871906808232605,8.418374689108267,348.74438355518663,0.1349976554975574,COMPLETE
4738,0.11645,0.5059336311506976,1.586643557194438,9.988586281068551,359.71457230765833,4.792699168837896,COMPLETE
4739,0.08165,0.5009125435510386,7.143116671004105,4.0424590512001055,0.48160356426463263,0.5985950343657075,COMPLETE
4740,0.1426,0.8716622382679099,5.2474074800931305,9.988586281068551,6979.176813970503,1.3157650113770214,COMPLETE
4741,0.101,0.37918315413738923,1.9813504258649144,6.612639322764853,0.5503013998546388,44.76380938653201,COMPLETE
4742,0.0998,0.401558148737293,2.228873995587847,9.988586281068551,0.019315069618518407,2.867038467083101,COMPLETE
4743,0.06365,0.20610065762979235,7.339695485358947,1.3816630999865533,2.4792588435669867,4.792699168837896,COMPLETE
4744,0.0828,0.35076286007906626,7.489439152524652,1.0340435745788543,367.946860871869,0.5985950343657075,COMPLETE
4745,0.10545,0.6245376841939506,7.321806062638004,3.0638630129150126,34.76907681267482,0.031989356889495286,COMPLETE
4746,0.1169,0.7574565893080937,7.489439152524652,8.418374689108267,116.68218004772335,2.1102891532478085,COMPLETE
4747,0.0827,0.42772274363060686,5.443169702125653,3.752730598585326,0.5503013998546388,1.3157650113770214,COMPLETE
4748,0.1007,0.645524369008177,7.489439152524652,9.988586281068551,0.8454966352214478,1.444720443395812,COMPLETE
4749,0.09855,0.5581425108429502,7.489439152524652,6.892226618522853,0.5503013998546388,2.35424249934198,COMPLETE
4750,0.10865,0.7113734553438064,7.339695485358947,2.313087481264479,1476.1251734596226,0.7306953052604724,COMPLETE
4751,0.1253,0.8961870085188811,7.489439152524652,8.418374689108267,643.4153575233488,2.1102891532478085,COMPLETE
4752,0.1186,0.8270616037634245,7.339695485358947,7.639970758565217,153.2860257697558,0.7306953052604724,COMPLETE
4753,0.11255,0.6456179827500166,7.055633723593907,5.462707690599209,2.4792588435669867,0.2944924768920615,COMPLETE
4754,0.06965,0.18321417920134034,5.9688897198749835,1.1679739768270172,2.4792588435669867,35.36551780136531,COMPLETE
4755,0.0769,0.284673752852435,7.339695485358947,1.760144312222702,30.54779366423335,2.37531733542949,COMPLETE
4756,0.0662,0.17428408687953137,7.489439152524652,1.0822903146911802,4.6216117253800055,0.5985950343657075,COMPLETE
4757,0.0761,0.3336343058382605,7.489439152524652,3.0638630129150126,3.0761642920076753,13.737135040054913,COMPLETE
4758,0.1147,0.7121009280029226,5.756600166855443,7.945378888379471,116.68218004772335,2.1102891532478085,COMPLETE
4759,0.1413,0.8283355368974715,7.339695485358947,9.25979666593329,359.71457230765833,0.4768128836155396,COMPLETE
4760,0.06585,0.1550459937129237,7.489439152524652,1.1679739768270172,2.4792588435669867,44.76380938653201,COMPLETE
4761,0.0965,0.6177683873468875,7.489439152524652,9.988586281068551,0.019315069618518407,4.792699168837896,COMPLETE
4762,0.1222,0.8261331796431443,7.489439152524652,8.418374689108267,153.2860257697558,0.7306953052604724,COMPLETE
4763,0.0964,0.23598485356121968,7.339695485358947,1.108914542983952,151.43715999448344,0.5985950343657075,COMPLETE
4764,0.07215,0.4763962258015605,7.321806062638004,3.720008081430656,30.54779366423335,23.729896346181814,COMPLETE
4765,0.09625,0.6698279311027675,7.321806062638004,8.418374689108267,24.687993700004206,2.1102891532478085,COMPLETE
4766,0.09095,0.45071103686364156,7.489439152524652,5.061348409319827,0.017944270076093727,2.1102891532478085,COMPLETE
4767,0.1121,0.7427475384353742,7.339695485358947,8.418374689108267,153.2860257697558,2.1102891532478085,COMPLETE
4768,0.11025,0.6468069943056748,7.339695485358947,9.988586281068551,0.02012154384972604,0.030595349341982422,COMPLETE
4769,0.1136,0.8083983622357321,7.489439152524652,9.988586281068551,116.68218004772335,2.1102891532478085,COMPLETE
4770,0.12855,0.829686632553866,5.443169702125653,9.988586281068551,1476.1251734596226,4.792699168837896,COMPLETE
4771,0.0758,0.4900759612480495,7.398979747077997,3.0156649020845308,61.128832411058866,1.526275265602974,COMPLETE
4772,0.109,0.39556660525209525,2.1871242575576724,9.988586281068551,0.019642440422693527,0.5985950343657075,COMPLETE
4773,0.11795,0.6601598334183272,1.973807684441044,9.988586281068551,359.71457230765833,4.792699168837896,COMPLETE
4774,0.10175,0.6383879890059593,7.489439152524652,9.988586281068551,0.5503013998546388,4.792699168837896,COMPLETE
4775,0.12035,0.7271014761049351,5.734414283934094,9.933529862520766,112.323925330586,1.526275265602974,COMPLETE
4776,0.0938,0.18387121178109386,0.9224038930074582,2.011143804323071,2.4792588435669867,0.31878331429927365,COMPLETE
4777,0.12815,0.6394971801291187,5.334411901674462,9.988586281068551,112.323925330586,0.06055650897774435,COMPLETE
4778,0.09625,0.43585181933470857,4.071014021050283,8.418374689108267,2.4792588435669867,2.1102891532478085,COMPLETE
4779,0.1279,0.6342204987121624,7.489439152524652,9.933529862520766,112.323925330586,0.0377928147430015,COMPLETE
4780,0.08555,0.4024752307844301,6.781983537093708,5.061348409319827,0.046594796440589434,11.34645454198699,COMPLETE
4781,0.06215,0.27761754734837246,5.933216975731767,1.2992706708708701,0.019315069618518407,0.07899621808581027,COMPLETE
4782,0.089,0.5504115861266969,7.489439152524652,5.061348409319827,0.558116062354818,0.7306953052604724,COMPLETE
4783,0.0996,0.6266641037559518,7.489439152524652,3.0638630129150126,359.71457230765833,13.737135040054913,COMPLETE
4784,0.0866,0.5189024000825192,7.489439152524652,4.169025905632021,23.82879914384567,0.5985950343657075,COMPLETE
4785,0.08925,0.25692863306987396,0.31379655266897666,3.0156649020845308,111.18850587297112,10.90119926260918,COMPLETE
4786,0.06915,0.23735202715798573,7.489439152524652,1.4316531268683665,24.687993700004206,4.792699168837896,COMPLETE
4787,0.07605,0.2835822594108505,6.8435536313626235,1.1679739768270172,2.4792588435669867,0.012157623791697748,COMPLETE
4788,0.1153,0.5771512482774024,2.9402386912650598,8.418374689108267,154.2897246039727,4.792699168837896,COMPLETE
4789,0.1091,0.610048723826479,7.321806062638004,9.988586281068551,0.5503013998546388,0.5985950343657075,COMPLETE
4790,0.1283,0.8780560916363144,7.489439152524652,9.988586281068551,359.71457230765833,1.526275265602974,COMPLETE
4791,0.103,0.5602779954716056,7.489439152524652,8.418374689108267,5.463371324726093,1.0864194972631505,COMPLETE
4792,0.0881,0.5004705686634839,6.8435536313626235,6.2112724906639185,2.4792588435669867,11.179991276429142,COMPLETE
4793,0.0975,0.529365042789259,3.1695290148365687,3.0156649020845308,359.71457230765833,0.5985950343657075,COMPLETE
4794,0.11295,0.7046222771568009,7.489439152524652,9.988586281068551,23.847066196426894,2.1102891532478085,COMPLETE
4795,0.08885,0.5424702351653904,7.321806062638004,9.988586281068551,0.05200254542851976,14.222384985536678,COMPLETE
4796,0.07165,0.17819308454569285,6.7348519979067385,1.2992706708708701,0.022872403443138362,7.288694638397593,COMPLETE
4797,0.08375,0.42302277567816143,6.666959706638387,3.2282632894988974,30.54779366423335,12.146893267526337,COMPLETE
4798,0.0952,0.5951979452721572,7.321806062638004,8.418374689108267,0.038304582127523704,1.010558986363453,COMPLETE
4799,0.11005,0.7337689145268917,7.339695485358947,8.418374689108267,116.68218004772335,2.1102891532478085,COMPLETE
4800,0.0976,0.6595284072016567,7.489439152524652,9.767312130896007,4.6216117253800055,1.3964044847064154,COMPLETE
4801,0.1111,0.711580408671355,7.321806062638004,9.988586281068551,61.128832411058866,1.526275265602974,COMPLETE
4802,0.1143,0.7290058845033607,7.398979747077997,3.0156649020845308,614.6591988180132,0.5985950343657075,COMPLETE
4803,0.07125,0.4534792284866421,7.489439152524652,1.5745605208397064,359.71457230765833,0.5985950343657075,COMPLETE
4804,0.0885,0.45519406912680427,7.489439152524652,2.195218904889921,119.74771116617767,13.737135040054913,COMPLETE
4805,0.1202,0.5988800021407937,2.0585025633831817,9.988586281068551,359.71457230765833,4.792699168837896,COMPLETE
4806,0.14105,0.8936179200368454,7.489439152524652,9.988586281068551,1476.1251734596226,1.526275265602974,COMPLETE
4807,0.09415,0.523215936605613,5.022264186661341,8.418374689108267,0.6172443779874432,2.1102891532478085,COMPLETE
4808,0.13575,0.9136667276133292,6.812644630608508,9.988586281068551,1476.1251734596226,4.792699168837896,COMPLETE
4809,0.0687,0.13034381125953187,5.02791605253252,1.0340435745788543,6.48522403315561,8.624716191750302,COMPLETE
4810,0.0981,0.647058920744492,7.489439152524652,3.0638630129150126,359.71457230765833,0.7306953052604724,COMPLETE
4811,0.093,0.5038901027812751,7.489439152524652,6.612639322764853,6.48522403315561,1.3157650113770214,COMPLETE
4812,0.06685,0.17106281224401657,7.321806062638004,1.1679739768270172,4.6216117253800055,1.3964044847064154,COMPLETE
4813,0.121,0.8508844437075317,7.339695485358947,5.754739339084878,1476.1251734596226,3.646616628444733,COMPLETE
4814,0.1007,0.6354153032170605,7.489439152524652,9.988586281068551,0.48160356426463263,0.5985950343657075,COMPLETE
4815,0.125,0.6538579669180759,2.6168986231260725,9.988586281068551,359.71457230765833,1.3157650113770214,COMPLETE
4816,0.1022,0.5567809632912966,6.8435536313626235,2.61863029687198,359.71457230765833,44.76380938653201,COMPLETE
4817,0.09465,0.524826767751893,5.334411901674462,1.2992706708708701,4869.133570521889,1.526275265602974,COMPLETE
4818,0.1083,0.6418110549568489,7.489439152524652,6.529865670727211,0.022872403443138362,0.3615370070093909,COMPLETE
4819,0.1063,0.6762352760910767,7.489439152524652,5.959644835016914,116.68218004772335,2.1102891532478085,COMPLETE
4820,0.11045,0.6415195707871328,7.489439152524652,8.418374689108267,0.022872403443138362,0.13391944103899936,COMPLETE
4821,0.14125,0.8022838000923804,7.489439152524652,9.988586281068551,359.71457230765833,0.4474585298206104,COMPLETE
4822,0.1021,0.5622672402055181,4.951288598024133,9.988586281068551,0.5503013998546388,1.3157650113770214,COMPLETE
4823,0.1146,0.6943695544457688,7.339695485358947,7.639970758565217,153.2860257697558,12.146893267526337,COMPLETE
4824,0.1093,0.5763703559928939,4.3827694429845625,7.639970758565217,0.04566313994724527,0.16732762086253297,COMPLETE
4825,0.1499,0.8904454449071367,7.489439152524652,8.418374689108267,1575.9369216711668,1.526275265602974,COMPLETE
4826,0.1421,0.8922560255632396,7.489439152524652,9.988586281068551,1476.1251734596226,4.792699168837896,COMPLETE
4827,0.06475,0.2550162515435753,7.489439152524652,1.2992706708708701,23.172877717511398,0.2159000955426575,COMPLETE
4828,0.09455,0.6103191063062307,7.339695485358947,7.451337432117496,0.4111694316312813,2.1102891532478085,COMPLETE
4829,0.1283,0.8480814115037588,7.339695485358947,9.988586281068551,359.71457230765833,0.5985950343657075,COMPLETE
4830,0.10965,0.7273040372045306,6.689685004508044,7.639970758565217,23.82879914384567,0.5985950343657075,COMPLETE
4831,0.06645,0.3207384215841856,7.339695485358947,1.2992706708708701,0.022872403443138362,0.030595349341982422,COMPLETE
4832,0.10995,0.6906642892915574,5.2049110008439845,8.418374689108267,116.68218004772335,2.1102891532478085,COMPLETE
4833,0.11065,0.4187812587374931,0.412294680331993,9.988586281068551,1476.1251734596226,2.1102891532478085,COMPLETE
4834,0.09805,0.5550190017354413,7.489439152524652,8.418374689108267,24.687993700004206,33.250084852262475,COMPLETE
4835,0.1097,0.7213763630809981,7.339695485358947,7.5895844316696275,359.71457230765833,36.18894849732063,COMPLETE
4836,0.0752,0.23317282256269065,7.339695485358947,2.0632290387718912,0.024520990189205262,2.1102891532478085,COMPLETE
4837,0.0796,0.4034935548651726,7.352824879316988,1.1679739768270172,386.35357863109147,4.792699168837896,COMPLETE
4838,0.11725,0.3702643790245472,0.6220650187509842,3.0638630129150126,62.68972712424202,0.04903704097331925,COMPLETE
4839,0.09075,0.49835548859838136,7.489439152524652,7.451337432117496,0.4111694316312813,11.34645454198699,COMPLETE
4840,0.10695,0.6723986920260175,7.489439152524652,7.639970758565217,23.82879914384567,0.5985950343657075,COMPLETE
4841,0.0999,0.25535281629461365,2.0335389586085277,3.1109816593785697,0.013316981868908352,0.7306953052604724,COMPLETE
4842,0.0804,0.14464003618986732,4.322589746453891,1.1679739768270172,5.799764619539358,44.76380938653201,COMPLETE
4843,0.09825,0.6034425577770759,7.321806062638004,4.680522726058494,61.128832411058866,1.4063538923922838,COMPLETE
4844,0.0769,0.23199516433796552,3.8759246272077927,1.2992706708708701,116.68218004772335,2.1102891532478085,COMPLETE
4845,0.1053,0.3077557289718202,1.428265413136588,2.234469920593802,0.5503013998546388,0.09247079369207187,COMPLETE
4846,0.0753,0.4295012201698757,7.489439152524652,3.071665588063221,4.6216117253800055,0.5985950343657075,COMPLETE
4847,0.0984,0.6112673662036802,7.489439152524652,3.0638630129150126,359.71457230765833,2.1102891532478085,COMPLETE
4848,0.09755,0.6057196422218806,7.339695485358947,9.988586281068551,0.3539846989495901,4.792699168837896,COMPLETE
4849,0.11085,0.632720953922733,3.7371524632794304,4.55652816377686,359.71457230765833,0.5985950343657075,COMPLETE
4850,0.10885,0.7538879268471772,7.489439152524652,9.988586281068551,116.68218004772335,4.792699168837896,COMPLETE
4851,0.14045,0.6818931762196163,7.489439152524652,9.988586281068551,1476.1251734596226,0.07899621808581027,COMPLETE
4852,0.12795,0.850700424024323,7.489439152524652,8.418374689108267,359.71457230765833,2.1102891532478085,COMPLETE
4853,0.08755,0.30648052040116275,6.8435536313626235,3.3668279654311,0.48160356426463263,44.76380938653201,COMPLETE
4854,0.0945,0.6084458803170342,7.489439152524652,6.612639322764853,4.6216117253800055,1.3157650113770214,COMPLETE
4855,0.08215,0.42760541221140513,7.321806062638004,4.1382292271762795,4.6216117253800055,2.1102891532478085,COMPLETE
4856,0.0999,0.6114498422687319,7.489439152524652,8.418374689108267,0.06473643541130009,2.1102891532478085,COMPLETE
4857,0.1036,0.654440594087944,7.339695485358947,9.988586281068551,0.017944270076093727,0.7306953052604724,COMPLETE
4858,0.05875,0.20271549693759291,7.446653104563991,1.297689949278338,6.48522403315561,1.3157650113770214,COMPLETE
4859,0.0861,0.4831527620501921,4.734125096090128,8.418374689108267,0.17365158734878622,2.1102891532478085,COMPLETE
4860,0.11815,0.7721021268138275,6.666959706638387,7.639970758565217,153.2860257697558,0.7306953052604724,COMPLETE
4861,0.0937,0.647475240214435,7.489439152524652,9.988586281068551,0.020233804750186577,0.7306953052604724,COMPLETE
4862,0.0997,0.3938890678456842,2.136954517153685,5.8081057233180955,24.687993700004206,2.1102891532478085,COMPLETE
4863,0.06625,0.14357566841502328,7.489439152524652,1.0165852912224882,0.5503013998546388,1.3157650113770214,COMPLETE
4864,0.15065,0.883171145988406,7.489439152524652,9.988586281068551,1476.1251734596226,1.3157650113770214,COMPLETE
4865,0.102,0.23087183320295976,0.37489918433193625,1.608570741765726,1476.1251734596226,1.010558986363453,COMPLETE
4866,0.0794,0.5242652281091433,7.339695485358947,3.021088914764986,61.128832411058866,0.5985950343657075,COMPLETE
4867,0.08985,0.5482686637100258,7.321806062638004,3.996924232894284,30.54779366423335,0.5985950343657075,COMPLETE
4868,0.08975,0.4294336901822213,7.489439152524652,4.101823977297871,0.48160356426463263,0.5985950343657075,COMPLETE
4869,0.0813,0.5262235079601639,7.339695485358947,2.7025617573041023,111.18850587297112,2.867038467083101,COMPLETE
4870,0.1306,0.5891894966475405,1.788818360684128,9.988586281068551,359.71457230765833,1.526275265602974,COMPLETE
4871,0.0949,0.5554518618807277,7.339695485358947,8.418374689108267,1.5165673042370935,4.792699168837896,COMPLETE
4872,0.13915,0.9089046684701876,7.398979747077997,9.988586281068551,1476.1251734596226,4.792699168837896,COMPLETE
4873,0.1392,0.8887531938531656,7.489439152524652,8.418374689108267,1575.9369216711668,2.1102891532478085,COMPLETE
4874,0.06535,0.25244436219497757,5.4971632430455815,1.2992706708708701,0.022872403443138362,0.07899621808581027,COMPLETE
4875,0.13025,0.6233698297128999,2.411714022094012,8.418374689108267,213.7258988311634,1.0864194972631505,COMPLETE
4876,0.0952,0.2849042182697232,7.339695485358947,1.1679739768270172,153.2860257697558,0.030595349341982422,COMPLETE
4877,0.10145,0.6092344215664935,7.489439152524652,8.418374689108267,4.6216117253800055,0.5985950343657075,COMPLETE
4878,0.13185,0.7755128027681871,7.339695485358947,9.988586281068551,359.71457230765833,4.792699168837896,COMPLETE
4879,0.12925,0.5974877478051579,6.666959706638387,9.988586281068551,30.54779366423335,0.02548765057241148,COMPLETE
4880,0.0789,0.46264201030603264,7.489439152524652,3.1483074725595186,61.128832411058866,13.590967019585793,COMPLETE
4881,0.11635,0.6530533837177073,7.489439152524652,2.2136754213616157,4952.268441750122,0.3285691848722036,COMPLETE
4882,0.14415,0.8561690068142667,7.339695485358947,8.418374689108267,1575.9369216711668,2.1102891532478085,COMPLETE
4883,0.1053,0.6347351494083651,6.266097362316237,6.557957504062328,23.82879914384567,0.5985950343657075,COMPLETE
4884,0.0839,0.3222760686089222,7.321806062638004,2.8669928706011363,0.010331961489517785,1.3964044847064154,COMPLETE
4885,0.0885,0.2918884228216159,7.489439152524652,2.195218904889921,2.4792588435669867,0.2944924768920615,COMPLETE
4886,0.1077,0.523839175203435,3.5214234803380244,8.418374689108267,1.1065166857575999,0.6008804992530804,COMPLETE
4887,0.0658,0.25378004035401125,5.845589307514007,1.2992706708708701,0.022872403443138362,0.07523058917730698,COMPLETE
4888,0.0604,0.24800331800632444,7.489439152524652,1.4530652562000104,2.669614290058056,1.526275265602974,COMPLETE
4889,0.09155,0.6330568737350054,7.339695485358947,5.8081057233180955,30.54779366423335,1.0864194972631505,COMPLETE
4890,0.1462,0.6624547564608191,7.489439152524652,9.988586281068551,3618.748877767542,0.0490101791788594,COMPLETE
4891,0.1386,0.6777349587474392,7.489439152524652,9.988586281068551,1476.1251734596226,0.0761308289694,COMPLETE
4892,0.11025,0.7543199691049084,7.489439152524652,8.418374689108267,116.68218004772335,2.1102891532478085,COMPLETE
4893,0.13585,0.926296962444038,7.489439152524652,9.988586281068551,1476.1251734596226,4.792699168837896,COMPLETE
4894,0.0863,0.3564630260991276,5.334411901674462,2.6781234239045513,2.193953970736553,0.3275171214375716,COMPLETE
4895,0.1243,0.7857524680804778,7.489439152524652,9.988586281068551,43.21967393777143,0.6018200913517353,COMPLETE
4896,0.1174,0.8560275764785109,7.489439152524652,9.988586281068551,359.71457230765833,2.3181516563270548,COMPLETE
4897,0.07,0.17925434158339362,4.640083041170622,1.1679739768270172,0.4111694316312813,0.08831278550448048,COMPLETE
4898,0.0843,0.4174713648726884,7.339695485358947,3.1109816593785697,30.54779366423335,3.646616628444733,COMPLETE
4899,0.0966,0.6494669338582354,7.489439152524652,8.418374689108267,0.4596533722404492,2.1102891532478085,COMPLETE
4900,0.13455,0.8688892530197428,7.339695485358947,8.418374689108267,609.209373707516,2.1102891532478085,COMPLETE
4901,0.1463,0.8806038412027447,7.489439152524652,8.418374689108267,3709.734533168526,2.1102891532478085,COMPLETE
4902,0.11625,0.6568466328090217,4.0726325627399795,7.639970758565217,153.2860257697558,11.34645454198699,COMPLETE
4903,0.08865,0.5474533445171688,6.507318085311334,3.0156649020845308,61.128832411058866,0.26371113352515446,COMPLETE
4904,0.09715,0.5966941357449466,7.339695485358947,9.988586281068551,4.6216117253800055,1.8342048927066525,COMPLETE
4905,0.11805,0.7474748653574644,7.339695485358947,8.418374689108267,61.128832411058866,0.5985950343657075,COMPLETE
4906,0.0859,0.49592933939175937,7.489439152524652,8.418374689108267,2.4792588435669867,44.76380938653201,COMPLETE
4907,0.0956,0.598103196414838,7.339695485358947,2.994270149440172,153.2860257697558,0.7306953052604724,COMPLETE
4908,0.10955,0.726293006543612,6.795071053144615,9.933529862520766,112.323925330586,1.526275265602974,COMPLETE
4909,0.148,0.8270746016721828,7.489439152524652,9.988586281068551,1476.1251734596226,0.5985950343657075,COMPLETE
4910,0.0779,0.35918309475137306,7.339695485358947,3.0638630129150126,0.1727532899106803,2.867038467083101,COMPLETE
4911,0.09665,0.6932202799066652,7.489439152524652,9.988586281068551,0.061530195681195304,1.526275265602974,COMPLETE
4912,0.07405,0.4258009459111583,7.489439152524652,2.8986814378659966,0.48160356426463263,0.5985950343657075,COMPLETE
4913,0.0924,0.2575597705118317,2.0244379201221285,3.0638630129150126,0.48160356426463263,13.737135040054913,COMPLETE
4914,0.1003,0.539911584157949,7.432055488352074,8.418374689108267,4.6216117253800055,1.3964044847064154,COMPLETE
4915,0.0875,0.4774416409222427,6.504248472133516,1.0340435745788543,1476.1251734596226,0.5985950343657075,COMPLETE
4916,0.09985,0.6007191814831557,7.489439152524652,3.0638630129150126,359.71457230765833,1.526275265602974,COMPLETE
4917,0.1121,0.7459082217638409,7.489439152524652,8.418374689108267,116.68218004772335,2.1102891532478085,COMPLETE
4918,0.09015,0.5474476628864661,5.933216975731767,2.783735904376753,61.128832411058866,0.07899621808581027,COMPLETE
4919,0.11035,0.3140736443543287,2.068078523575202,1.2992706708708701,820.497666677228,0.5985950343657075,COMPLETE
4920,0.1236,0.8250175164838034,7.339695485358947,9.988586281068551,153.2860257697558,0.7306953052604724,COMPLETE
4921,0.0806,0.25064305461241465,7.339695485358947,1.0340435745788543,153.2860257697558,0.7306953052604724,COMPLETE
4922,0.13435,0.6304539234962444,1.6213758566932954,9.988586281068551,1476.1251734596226,6.802464678436171,COMPLETE
4923,0.12475,0.8016841956607107,7.489439152524652,4.101823977297871,1476.1251734596226,0.862383015648973,COMPLETE
4924,0.1366,0.5273255127753558,7.489439152524652,9.988586281068551,1476.1251734596226,0.021125084602885563,COMPLETE
4925,0.0787,0.22908127866456307,0.10988074611449108,3.1092737570767848,146.11418305068216,2.867038467083101,COMPLETE
4926,0.08405,0.3099563794669948,7.211246974011563,3.1109816593785697,0.011064191135752277,11.34645454198699,COMPLETE
4927,0.06795,0.15737606476241445,7.489439152524652,1.0340435745788543,1.1939655066617063,0.5985950343657075,COMPLETE
4928,0.1168,0.8453798122311155,7.489439152524652,6.612639322764853,359.71457230765833,1.3157650113770214,COMPLETE
4929,0.09115,0.5629981067631111,7.339695485358947,8.418374689108267,0.128143544667562,2.1102891532478085,COMPLETE
4930,0.07895,0.36040943626220356,7.321806062638004,3.0638630129150126,0.019315069618518407,2.1102891532478085,COMPLETE
4931,0.0929,0.4285512281251581,6.762878078841658,1.0507661786783835,1476.1251734596226,2.1102891532478085,COMPLETE
4932,0.0858,0.4210695426697718,5.518602492874565,5.271994820112813,0.011064191135752277,57.358686610659404,COMPLETE
4933,0.11665,0.7438886875363904,6.8947210308565925,9.988586281068551,359.71457230765833,13.737135040054913,COMPLETE
4934,0.13965,0.7499435075692806,7.489439152524652,9.988586281068551,359.71457230765833,0.13391944103899936,COMPLETE
4935,0.099,0.6083805451240845,7.489439152524652,8.418374689108267,24.687993700004206,2.1102891532478085,COMPLETE
4936,0.09115,0.5745480893602504,7.398979747077997,9.988586281068551,0.019315069618518407,4.792699168837896,COMPLETE
4937,0.12115,0.8180897633354334,7.339695485358947,9.988586281068551,359.71457230765833,4.792699168837896,COMPLETE
4938,0.0923,0.4125990647906953,4.17846512769532,6.612639322764853,0.5503013998546388,13.737135040054913,COMPLETE
4939,0.10655,0.7943181753970532,7.489439152524652,8.418374689108267,111.18850587297112,2.1102891532478085,COMPLETE
4940,0.14135,0.8832756868034026,7.489439152524652,8.418374689108267,1575.9369216711668,2.376727481242746,COMPLETE
4941,0.1292,0.8462780077166925,7.339695485358947,7.639970758565217,1476.1251734596226,3.646616628444733,COMPLETE
4942,0.0962,0.6448972022020596,7.489439152524652,8.418374689108267,0.019315069618518407,2.1102891532478085,COMPLETE
4943,0.1053,0.7383770927652117,7.489439152524652,4.101823977297871,716.391127599171,4.792699168837896,COMPLETE
4944,0.11385,0.596929740108331,7.489439152524652,2.195218904889921,1476.1251734596226,0.1402509808243949,COMPLETE
4945,0.10565,0.7708919312166654,7.489439152524652,9.988586281068551,359.71457230765833,13.737135040054913,COMPLETE
4946,0.1122,0.7225678959827534,7.489439152524652,9.320720446752537,61.128832411058866,0.11547235964911952,COMPLETE
4947,0.10105,0.6734240282405496,7.339695485358947,9.988586281068551,23.82879914384567,2.9754432245683464,COMPLETE
4948,0.13645,0.9013581917882973,7.339695485358947,9.988586281068551,1254.601437752203,2.867038467083101,COMPLETE
4949,0.11525,0.540833723553784,0.8530532762229829,7.639970758565217,1575.9369216711668,2.1102891532478085,COMPLETE
4950,0.10635,0.6570607015732073,7.489439152524652,9.988586281068551,61.128832411058866,5.203900035032874,COMPLETE
4951,0.08675,0.46998475628045444,7.321806062638004,3.0638630129150126,61.128832411058866,9.179124161367348,COMPLETE
4952,0.08035,0.1070712595520158,1.0285186580116799,1.0340435745788543,30.54779366423335,0.5985950343657075,COMPLETE
4953,0.07415,0.26204378038896536,6.485382992562315,2.195218904889921,2.4792588435669867,64.10828001117169,COMPLETE
4954,0.1259,0.8465182798317994,7.489439152524652,9.933529862520766,359.71457230765833,1.526275265602974,COMPLETE
4955,0.0998,0.6663100970386712,7.489439152524652,3.0638630129150126,359.71457230765833,0.5985950343657075,COMPLETE
4956,0.09765,0.5739290209362652,7.489439152524652,2.548074155784124,112.323925330586,0.12108954964972238,COMPLETE
4957,0.0865,0.5972864241768134,7.339695485358947,9.988586281068551,0.061530195681195304,4.792699168837896,COMPLETE
4958,0.0944,0.5336979543024462,4.1584933271007625,8.418374689108267,24.687993700004206,2.1102891532478085,COMPLETE
4959,0.09905,0.6664446063361408,7.489439152524652,7.639970758565217,23.82879914384567,0.5985950343657075,COMPLETE
4960,0.09215,0.5781518606584358,7.489439152524652,6.612639322764853,6.48522403315561,4.792699168837896,COMPLETE
4961,0.06855,0.37715098971834743,7.394809955620337,2.195218904889921,2.4792588435669867,0.2944924768920615,COMPLETE
4962,0.0661,0.3195259647131406,7.211246974011563,1.1679739768270172,1.0773668414907498,0.030595349341982422,COMPLETE
4963,0.10275,0.3469527190155924,1.1588971874355916,9.988586281068551,2.0247598686802855,0.8972620028051286,COMPLETE
4964,0.10155,0.321393206703919,1.9531307192851963,1.0340435745788543,1504.806983349742,2.1102891532478085,COMPLETE
4965,0.0856,0.1572343470344042,0.7486479099754778,1.2842897779459053,14.737605525296884,4.792699168837896,COMPLETE
4966,0.13375,0.8431575252460345,7.339695485358947,8.418374689108267,6130.9617598508985,0.5985950343657075,COMPLETE
4967,0.0956,0.7213002266648909,7.489439152524652,8.418374689108267,0.10148218147096995,0.13391944103899936,COMPLETE
4968,0.0716,0.18197721583320028,7.489439152524652,1.2992706708708701,2.4792588435669867,1.5878685827485646,COMPLETE
4969,0.08265,0.42856508463191956,7.489439152524652,1.2992706708708701,359.71457230765833,0.25565593183459373,COMPLETE
4970,0.08365,0.23240702029624669,7.489439152524652,2.0317979649565716,0.5503013998546388,43.236059537701166,COMPLETE
4971,0.0919,0.3845388605176984,3.030275985921782,3.0156649020845308,61.128832411058866,0.5985950343657075,COMPLETE
4972,0.10915,0.7492152932814788,4.027627888030888,8.418374689108267,116.68218004772335,0.13391944103899936,COMPLETE
4973,0.05735,0.20482217604609027,2.8218885871831687,1.5745605208397064,0.061530195681195304,0.5985950343657075,COMPLETE
4974,0.1213,0.8061794641491729,6.812644630608508,9.988586281068551,1476.1251734596226,0.3135677857114632,COMPLETE
4975,0.0831,0.49010309842788585,6.047539201413153,3.0156649020845308,61.128832411058866,0.5985950343657075,COMPLETE
4976,0.0843,0.6119909298283538,7.489439152524652,6.14088052781218,37.826137129576594,2.1102891532478085,COMPLETE
4977,0.07975,0.4288503567118911,5.933216975731767,1.8779291983660926,30.54779366423335,0.07899621808581027,COMPLETE
4978,0.12795,0.8343775565774738,7.489439152524652,9.988586281068551,1476.1251734596226,4.792699168837896,COMPLETE
4979,0.1284,0.8212690649624393,6.158460480301609,9.988586281068551,1476.1251734596226,1.526275265602974,COMPLETE
4980,0.05885,0.23156939586079683,7.489439152524652,1.2992706708708701,0.011064191135752277,5.461571799225909,COMPLETE
4981,0.092,0.7155682028234925,7.489439152524652,8.418374689108267,61.128832411058866,2.1102891532478085,COMPLETE
4982,0.09055,0.6349691052150778,7.489439152524652,8.418374689108267,0.017944270076093727,6.59019711938754,COMPLETE
4983,0.0679,0.37818715335304703,7.339695485358947,3.1109816593785697,0.37030124505372963,11.34645454198699,COMPLETE
4984,0.09205,0.7336258765188535,7.489439152524652,8.418374689108267,116.68218004772335,2.1102891532478085,COMPLETE
4985,0.112,0.8466825038058569,7.339695485358947,8.626961010874062,359.71457230765833,2.867038467083101,COMPLETE
4986,0.09235,0.5702331411085287,7.321806062638004,3.0638630129150126,61.128832411058866,0.019535623236313932,COMPLETE
4987,0.0868,0.6316030557530892,7.398979747077997,9.988586281068551,61.128832411058866,76.18621658965733,COMPLETE
4988,0.0773,0.6457215707379667,7.489439152524652,6.612639322764853,0.48160356426463263,1.3157650113770214,COMPLETE
4989,0.0768,0.3963418544376885,7.339695485358947,1.2552905556874143,359.71457230765833,7.248669175722495,COMPLETE
4990,0.1159,0.7723591613986592,7.339695485358947,9.988586281068551,1476.1251734596226,0.31315467833652605,COMPLETE
4991,0.0803,0.4247801259840463,7.489439152524652,1.0303917583960003,1476.1251734596226,4.792699168837896,COMPLETE
4992,0.11255,0.6347420333829861,6.812644630608508,3.459412714120118,1688.3846346819648,12.146893267526337,COMPLETE
4993,0.11605,0.6703889968065372,3.7091921658732567,9.988586281068551,359.71457230765833,4.792699168837896,COMPLETE
4994,0.08875,0.46624602311028895,7.489439152524652,3.4643279549572297,23.82879914384567,1.3157650113770214,COMPLETE
4995,0.09495,0.451187572728572,1.345705109954589,9.988586281068551,4.24670814583228,11.34645454198699,COMPLETE
4996,0.09415,0.8425713605209286,6.2388320783952995,9.988586281068551,359.71457230765833,1.526275265602974,COMPLETE
4997,0.1001,0.54410765148794,7.489439152524652,3.1109816593785697,0.022872403443138362,0.13391944103899936,COMPLETE
4998,0.06355,0.4618265431592694,7.398979747077997,3.0156649020845308,61.128832411058866,11.34645454198699,COMPLETE
4999,0.09015,0.6763903431987811,3.942921696718906,9.988586281068551,153.2860257697558,0.7306953052604724,COMPLETE
