number,values_0,values_1,params_lambda1,params_lambda3,state
0,0.0,0.07624992496016587,0.0823774935982339,0.5281191555208476,COMPLETE
1,0.0,0.07492384582538053,7331.0147918883895,0.025709443136546162,COMPLETE
2,0.0,0.06789658653652089,0.7450232674255967,10.676705794926795,COMPLETE
3,0.0,0.07168869447856534,180.62715670971428,13.97999915443519,COMPLETE
4,0.0,0.06790384686513976,1586.2314080858619,0.23139670972789375,COMPLETE
5,0.0,0.0663449202338965,263.5314377954919,12.7574046685481,COMPLETE
6,0.0,0.06776968551914529,40.89172374751404,25.19151888615942,COMPLETE
7,0.0,0.0745315968160562,0.11336895366420673,0.02375941158819946,COMPLETE
8,0.0,0.07424763568668542,0.6225187772567919,0.004046246254916541,COMPLETE
9,0.0,0.07242240488565488,24.46777427500804,1.2472745141637447,COMPLETE
10,0.0,0.07082316469139055,3415.368978530252,0.009295220297708282,COMPLETE
11,0.0,0.06934978405259266,0.14425120428102606,0.38073062328454665,COMPLETE
12,0.0,0.07338801045612699,6052.7332849440345,5.038754747464007,COMPLETE
13,0.0,0.06945824205214762,587.1847557328076,0.23656511558878318,COMPLETE
14,0.0,0.07211360538231931,0.5123012963047274,14.270659259215694,COMPLETE
15,0.0,0.07834088136914318,4.192998761144268,1.7141506082599618,COMPLETE
16,0.0,0.07695984099259004,0.014966052888874438,2.8568377367341515,COMPLETE
17,0.0,0.07188470998111898,0.033108061315623466,2.2096857965058256,COMPLETE
18,0.0,0.05897436772387705,1288.1500253465642,0.00011461296330832796,COMPLETE
19,0.0,0.06740385192750208,3.497043803522203,0.00025584518116151004,COMPLETE
20,0.0,0.07653590646703405,7.479015105083923,0.00017205335451432493,COMPLETE
21,0.0,0.07324067324316019,157.41704231410233,2.3071607818234807,COMPLETE
22,0.0,0.06928383481476297,6.577254312266043,0.058103492598374384,COMPLETE
23,0.0,0.0715919586334222,0.16531503360664604,0.013624577642684724,COMPLETE
24,0.0,0.0688799093972188,16.404334753100382,6.505594000042856,COMPLETE
25,0.0,0.06774224492975,0.054330023608630755,0.009371321468043982,COMPLETE
26,0.0,0.07869039025862998,83.79414807568077,0.002291512878983546,COMPLETE
27,0.0,0.07208076281276127,3.816514400733927,0.17457468596711928,COMPLETE
28,0.0,0.07685258418735721,3.3763508319201603,39.24491990813462,COMPLETE
29,0.0,0.07083343284955859,128.7276491040635,50.588144148660014,COMPLETE
30,0.0,0.08158233541801367,2525.2992654679647,0.00042671146486399135,COMPLETE
31,0.0,0.07900436135721188,809.1791309266355,0.0022813939542548544,COMPLETE
32,0.0,0.08687332215564725,0.14175848225886795,0.28557412444415503,COMPLETE
33,0.0,0.08973954411850688,167.24127039872647,0.6281973192600224,COMPLETE
34,0.0,0.13064177348190095,49.76220198678533,0.06170046976955652,COMPLETE
35,0.0,0.15005238885104472,3.6670946760424137,0.007987577931521262,COMPLETE
36,0.0,0.12889529355715088,0.6548786898411818,14.883592442676997,COMPLETE
37,0.0,0.08048260885924073,466.9000005449334,0.002612942007719671,COMPLETE
38,0.0,0.07788020829157533,0.6525572493615062,0.4925704587555795,COMPLETE
39,0.0,0.07599411135165861,623.1277425322068,0.006159972423348942,COMPLETE
40,0.0,0.07313950559998562,0.018901911159798987,16.41219491294407,COMPLETE
41,0.0,0.07229782869619102,0.1624816330112394,26.743007428150914,COMPLETE
42,0.0,0.07617387456117625,191.38229069060432,0.00039191815750602867,COMPLETE
43,0.0,0.06638783749054666,344.67134888877575,2.4062311085378494,COMPLETE
44,0.0,0.07187478067675347,1.1789832263501625,15.744825533634081,COMPLETE
45,0.0,0.07432454615880092,189.85980521194122,0.00013652725825945573,COMPLETE
46,0.0,0.07450125419647546,0.03182200997009388,0.6960397041313889,COMPLETE
47,0.0,0.07299470393452617,0.4912509099531884,1.2623936025023779,COMPLETE
48,0.0,0.06998332526251681,4467.969869127375,0.4856549510739139,COMPLETE
49,0.0,0.0757849590231606,5.410963465355921,94.7155176854975,COMPLETE
50,0.0,0.07760567973766626,0.24084783188691805,0.2669565145838075,COMPLETE
51,0.0,0.07325104651254123,42.98873457896284,11.335827753590237,COMPLETE
52,0.0,0.07628634675343116,0.1667846706799792,0.16881892757988126,COMPLETE
53,0.0,0.07053293389005419,0.2905438113531972,0.0022121912976436294,COMPLETE
54,0.0,0.07199861407274404,44.15161951230622,0.012302352015935264,COMPLETE
55,0.0,0.07059751553074797,53.32817602886549,0.012313985776374667,COMPLETE
56,0.0,0.06995019910099075,1.4430852417217535,57.78639659898936,COMPLETE
57,0.0,0.07253964174773196,5.519790856220577,0.07199590660260202,COMPLETE
58,0.0,0.06633964705316209,2607.360788264959,0.000598779423024051,COMPLETE
59,0.0,0.07828541796880513,654.4307746826267,0.0006518349053909588,COMPLETE
60,0.0,0.0727882297555598,9.932786810857746,4.580026673292969,COMPLETE
61,0.0,0.07177534932305082,0.015453690887409636,0.02919229528907902,COMPLETE
62,0.0,0.0736197882144031,0.02194211022267258,0.010644185763997472,COMPLETE
63,0.0,0.07321760791597107,0.015907548053091632,0.48171114543132026,COMPLETE
64,0.0,0.06465462538466656,4298.294084536758,0.0002084359672596889,COMPLETE
65,0.0,0.07139122633886562,0.01462814930202196,0.009144595409238315,COMPLETE
66,0.0,0.06326467030714625,5703.034511551574,0.0011457504187719523,COMPLETE
67,0.0,0.0758886189983157,2205.4559887513205,0.9474875099702472,COMPLETE
68,0.0,0.0758557810749393,10.738297735133546,0.0734946509767307,COMPLETE
69,0.0,0.07384726976539667,0.025829408395171987,0.006217980067208252,COMPLETE
70,0.0,0.07270301599779723,89.94201138696593,0.08545266014281991,COMPLETE
71,0.0,0.07642182006515774,0.0909455841489279,14.295337809657633,COMPLETE
72,0.0,0.07557233703068718,117.62837847112732,97.02751418681552,COMPLETE
73,0.0,0.07124537358741503,3.451543121896808,0.007498154146448436,COMPLETE
74,0.0,0.07441037236579894,11.781736863322061,0.003046771735614353,COMPLETE
75,0.0,0.07036229786044212,43.099143694581585,0.07817645173551807,COMPLETE
76,0.0,0.08175988579617458,0.07504492299485561,0.05714520159796633,COMPLETE
77,0.0,0.06659054773605008,0.06843656905742009,0.0028213680186307483,COMPLETE
78,0.0,0.06839888725825073,7.88450293859366,0.20514058702566018,COMPLETE
79,0.0,0.07075103329750977,0.018901911159798987,16.41219491294407,COMPLETE
80,0.0,0.06630524392760602,391.1926223825881,0.4856549510739139,COMPLETE
81,0.0,0.07364897081963749,623.1277425322068,4.956537793973016,COMPLETE
82,0.0,0.07478975553339637,2.570449742737801,11.033549914966034,COMPLETE
83,0.0,0.0768014192882366,1432.5465701161281,0.23139670972789375,COMPLETE
84,0.0,0.07227213886542126,86.28800552038354,10.906329060040873,COMPLETE
85,0.0,0.06859598286525227,5.410963465355921,94.7155176854975,COMPLETE
86,0.0,0.06666618370859169,167.24127039872647,0.0918432072931006,COMPLETE
87,0.0,0.059995145755119196,1288.1500253465642,0.00011461296330832796,COMPLETE
88,0.0,0.07131481642292517,16.645638875718653,0.0022813939542548544,COMPLETE
89,0.0,0.07401039593830629,6.577254312266043,0.058103492598374384,COMPLETE
90,0.0,0.07226441990772049,3.6670946760424137,0.0004877768203322324,COMPLETE
91,0.0,0.07959753884468018,0.06666467141572965,0.00042671146486399135,COMPLETE
92,0.0,0.07054230375107536,49.76220198678533,0.0006044570093019373,COMPLETE
93,0.0,0.0592925048819235,587.1847557328076,0.00014034088142352483,COMPLETE
94,0.0,0.07025083041259388,0.6525572493615062,0.4925704587555795,COMPLETE
95,0.0,0.07280449293294151,0.016204278143466012,0.4925704587555795,COMPLETE
96,0.0,0.07215803653541075,7331.0147918883895,0.025709443136546162,COMPLETE
97,0.0,0.06868050797266317,0.16531503360664604,0.013624577642684724,COMPLETE
98,0.0,0.07045417828066515,0.14175848225886795,0.14803445062285497,COMPLETE
99,0.0,0.0746940061856618,587.1847557328076,16.41219491294407,COMPLETE
100,0.0,0.07566714487981087,128.7276491040635,0.002291512878983546,COMPLETE
101,0.0,0.07622385159201804,0.550662502520241,0.002291512878983546,COMPLETE
102,0.0,0.07636011035357236,4.616144317872392,0.5281191555208476,COMPLETE
103,0.0,0.07457091047368107,0.16323443879244282,13.97999915443519,COMPLETE
104,0.0,0.07096081934853649,4.192998761144268,0.014904096979930732,COMPLETE
105,0.0,0.07842987615305103,2.4584547433787884,0.0007127702803752188,COMPLETE
106,0.0,0.07069311999575986,0.03500563388260496,77.43534784920483,COMPLETE
107,0.0,0.07511623343420903,16.404334753100382,6.505594000042856,COMPLETE
108,0.0,0.06825267364389272,0.0823774935982339,1.0919593558313756,COMPLETE
109,0.0,0.0731477113127304,5.468209178817078,0.00042671146486399135,COMPLETE
110,0.0,0.06765146431492051,5.410963465355921,94.7155176854975,COMPLETE
111,0.0,0.07366782171315094,3.3763508319201603,2.8568377367341515,COMPLETE
112,0.0,0.057240743790044825,2525.2992654679647,0.00036547109216545216,COMPLETE
113,0.0,0.0790072072214166,6052.7332849440345,0.1081928938117169,COMPLETE
114,0.0,0.07606686408293482,0.033108061315623466,2.3071607818234807,COMPLETE
115,0.0,0.0674439798491979,120.23753975016412,0.00036959494347425743,COMPLETE
116,0.0,0.07749046851668848,35.04670414572725,0.03809293852379196,COMPLETE
117,0.0,0.07439371840927263,0.6525572493615062,0.020773983623534522,COMPLETE
118,0.0,0.07703061264135687,10.307263069209377,0.11087240093548927,COMPLETE
119,0.0,0.07921242845352577,0.019124466336413938,0.252901262000926,COMPLETE
120,0.0,0.06916248023353981,3.6670946760424137,69.28355686897564,COMPLETE
121,0.0,0.07322777323342079,41.56070238403375,0.006159972423348942,COMPLETE
122,0.0,0.076741603200647,1.7300444518561904,0.003982194989942686,COMPLETE
123,0.0,0.06812330162538803,40.16306020688071,0.00020169031320639076,COMPLETE
124,0.0,0.07092500957016173,178.61703134586566,0.17457468596711928,COMPLETE
125,0.0,0.06849174581613302,1845.1039598843092,5.813122967646072,COMPLETE
126,0.0,0.07230116354949945,3.6670946760424137,0.0022813939542548544,COMPLETE
127,0.0,0.07394693765840976,0.018901911159798987,0.1152714177977498,COMPLETE
128,0.0,0.07152991535868326,3.816514400733927,6.913735037717307,COMPLETE
129,0.0,0.08248866891651886,809.1791309266355,0.015017532020814798,COMPLETE
130,0.0,0.07017495255728019,0.14175848225886795,0.15553173104173865,COMPLETE
131,0.0,0.07848157818884666,16.404334753100382,0.21523699382362713,COMPLETE
132,0.0,0.0710930835881343,3.6670946760424137,0.007987577931521262,COMPLETE
133,0.0,0.0757120377505196,2654.404033969712,0.3238912239237897,COMPLETE
134,0.0,0.06981976925139642,1.5883244127695224,0.00029181087285573223,COMPLETE
135,0.0,0.07273839704363412,623.1277425322068,0.009295220297708282,COMPLETE
136,0.0,0.07560014913274685,12.645198252766859,0.00017205335451432493,COMPLETE
137,0.0,0.07385000472773426,3.816514400733927,0.06170046976955652,COMPLETE
138,0.0,0.0717088481690174,191.38229069060432,0.00039191815750602867,COMPLETE
139,0.0,0.07212204023691883,3415.368978530252,0.06170046976955652,COMPLETE
140,0.0,0.07096609902467721,1.4430852417217535,57.78639659898936,COMPLETE
141,0.0,0.07267873459581849,3.497043803522203,0.00025584518116151004,COMPLETE
142,0.0,0.08191372340356397,3091.730276495974,39.24491990813462,COMPLETE
143,0.0,0.06657740601822601,3622.9035998659797,0.4856549510739139,COMPLETE
144,0.0,0.06744915159954484,0.02160379643627471,0.0017133284014402878,COMPLETE
145,0.0,0.07307199512357547,1.7826885515225759,0.00011461296330832796,COMPLETE
146,0.0,0.07856899673665309,120.62601944665978,0.5281191555208476,COMPLETE
147,0.0,0.0763848465499035,83.79414807568077,0.002291512878983546,COMPLETE
148,0.0,0.07548645240031499,0.6225187772567919,0.004046246254916541,COMPLETE
149,0.0,0.0757895715713625,157.41704231410233,2.3071607818234807,COMPLETE
150,0.0,0.07873794409481875,643.0157935796261,2.8568377367341515,COMPLETE
151,0.0,0.07422881921058311,2790.301905459558,1.1773703066408963,COMPLETE
152,0.0,0.07442204929786622,11.023706518726923,0.004046246254916541,COMPLETE
153,0.0,0.07529468871910829,3.816514400733927,44.69893861929692,COMPLETE
154,0.0,0.07558213279287002,2.931215863742789,14.270659259215694,COMPLETE
155,0.0,0.07129590638355376,0.018901911159798987,0.00042671146486399135,COMPLETE
156,0.0,0.07152915254946883,31.906887723691582,0.01777240962029233,COMPLETE
157,0.0,0.07272508994883663,263.5314377954919,0.000376632896212367,COMPLETE
158,0.0,0.07396696872085753,0.036628627137717765,0.00264245780516643,COMPLETE
159,0.0,0.07515668935547631,809.1791309266355,0.007769180876846531,COMPLETE
160,0.0,0.07471055875129903,10.307263069209377,0.11087240093548927,COMPLETE
161,0.0,0.07593549795236382,0.01325798009961497,0.006784979073978235,COMPLETE
162,0.0,0.07391107453127757,17.588405547176173,1.421685016135106,COMPLETE
163,0.0,0.07362422327461045,4.616144317872392,0.04991032970255093,COMPLETE
164,0.0,0.07023935661808108,3.3763508319201603,0.0007127702803752188,COMPLETE
165,0.0,0.07223782589418255,4002.919904020804,0.022312940456469376,COMPLETE
166,0.0,0.07157113543184912,12.857302730834768,0.10279407462922609,COMPLETE
167,0.0,0.08370370823637963,35.04670414572725,0.0016489162923333195,COMPLETE
168,0.0,0.08078570879590542,6069.558954662461,0.3813400368757065,COMPLETE
169,0.0,0.07350116259533375,0.24084783188691805,39.24491990813462,COMPLETE
170,0.0,0.07668467425091462,5153.280118279156,0.005013379492933892,COMPLETE
171,0.0,0.05980243408723054,809.1791309266355,0.00012424047676960176,COMPLETE
172,0.0,0.07665950357374574,0.018901911159798987,16.41219491294407,COMPLETE
173,0.0,0.07399347349190351,83.79414807568077,0.002291512878983546,COMPLETE
174,0.0,0.07385290150670838,5.410963465355921,94.7155176854975,COMPLETE
175,0.0,0.07064779760150265,31.13133382358513,0.00042671146486399135,COMPLETE
176,0.0,0.07080371283483425,0.16323443879244282,13.97999915443519,COMPLETE
177,0.0,0.07766647716314344,1.2672142964804183,0.1081928938117169,COMPLETE
178,0.0,0.07529911086592898,11.014699668259208,0.2669565145838075,COMPLETE
179,0.0,0.06823687501491442,7.672723029097915,1.5293487132310737,COMPLETE
180,0.0,0.07084273079953599,11.485755849155169,34.4765919060341,COMPLETE
181,0.0,0.07423915762109602,227.23668187840548,0.0023381683427601565,COMPLETE
182,0.0,0.06896860093952513,13.863457819685104,0.007987577931521262,COMPLETE
183,0.0,0.0659860270767421,0.10175037292754036,0.28125502103907013,COMPLETE
184,0.0,0.08189740992611894,83.79414807568077,0.002291512878983546,COMPLETE
185,0.0,0.07287498910779473,35.04670414572725,0.02346833986257525,COMPLETE
186,0.0,0.07764003722024866,319.9700422626513,0.14525096691482658,COMPLETE
187,0.0,0.06417675610860617,0.06666467141572965,0.00042671146486399135,COMPLETE
188,0.0,0.07759740732864573,1.4434531828568546,0.6281973192600224,COMPLETE
189,0.0,0.07654646405344534,49.76220198678533,0.06170046976955652,COMPLETE
190,0.0,0.06908700288166991,1184.7226428695446,0.00042671146486399135,COMPLETE
191,0.0,0.07317312232782211,0.14175848225886795,0.003982194989942686,COMPLETE
192,0.0,0.06504181724099176,167.24127039872647,0.00042671146486399135,COMPLETE
193,0.0,0.07296647708581856,1782.7219134515829,0.002291512878983546,COMPLETE
194,0.0,0.07027256995463584,0.033108061315623466,2.3071607818234807,COMPLETE
195,0.0,0.07180999649245196,37.26900330367858,0.00042671146486399135,COMPLETE
196,0.0,0.07136034553929792,0.612325976947006,0.002291512878983546,COMPLETE
197,0.0,0.07729100357796861,0.18337877723880724,0.03315620029144965,COMPLETE
198,0.0,0.07449957419964384,718.1034726232133,0.00042671146486399135,COMPLETE
199,0.0,0.07378584514444264,24.06528416903382,0.09428203616325916,COMPLETE
200,0.0,0.07919219728319969,0.025189659395424606,13.77386597342457,COMPLETE
201,0.0,0.0751173157152178,5.22920274211589,0.0023584468297836443,COMPLETE
202,0.0,0.07746744746305265,5.410963465355921,94.7155176854975,COMPLETE
203,0.0,0.07849781265169631,809.1791309266355,2.851980895336985,COMPLETE
204,0.0,0.07361608611889245,0.6525572493615062,45.03479251277186,COMPLETE
205,0.0,0.06819756645762491,1334.9872411963074,4.035019069587491,COMPLETE
206,0.0,0.07616560153698078,0.6525572493615062,0.4925704587555795,COMPLETE
207,0.0,0.07125573750659672,4.192998761144268,0.06170046976955652,COMPLETE
208,0.0,0.061687555448355955,809.1791309266355,0.00011923275008555087,COMPLETE
209,0.0,0.08144298204170008,15.930753782485565,0.015017532020814798,COMPLETE
210,0.0,0.07815090502725928,6538.307584143768,0.5281191555208476,COMPLETE
211,0.0,0.06986769855467061,2.4584547433787884,0.0055402356253144115,COMPLETE
212,0.0,0.07623990776003707,809.1791309266355,0.06170046976955652,COMPLETE
213,0.0,0.060581075995874895,4285.268644130333,0.00039191815750602867,COMPLETE
214,0.0,0.07857252476865452,0.019124466336413938,0.8796437127924208,COMPLETE
215,0.0,0.08068959207865378,0.011469784162600792,0.1081928938117169,COMPLETE
216,0.0,0.07660386124112302,7054.5748754130145,0.2669565145838075,COMPLETE
217,0.0,0.08135708173150649,0.014300727995746838,0.0022813939542548544,COMPLETE
218,0.0,0.0744205846478113,2.157785210384808,0.001039308656322231,COMPLETE
219,0.0,0.07731851884393366,278.8160949658767,0.4925704587555795,COMPLETE
220,0.0,0.07615920672285828,0.30315701862372185,0.6281973192600224,COMPLETE
221,0.0,0.07246073960553005,4.616144317872392,0.6281973192600224,COMPLETE
222,0.0,0.07257888173151593,0.019124466336413938,0.002328924678644928,COMPLETE
223,0.0,0.05906164457900406,2525.2992654679647,0.00013431235882417587,COMPLETE
224,0.0,0.07219204534301299,0.25690348254180645,0.0001066373491606367,COMPLETE
225,0.0,0.0716514393292177,83.79414807568077,0.002291512878983546,COMPLETE
226,0.0,0.06813746746993306,6.094753636645412,0.003982194989942686,COMPLETE
227,0.0,0.07153052064951265,35.04670414572725,32.980216250281316,COMPLETE
228,0.0,0.07013687921809028,0.014966052888874438,0.003294823495861598,COMPLETE
229,0.0,0.07644846910098567,6052.7332849440345,0.0037781346289307454,COMPLETE
230,0.0,0.0770345903929274,0.14175848225886795,0.002291512878983546,COMPLETE
231,0.0,0.07621260596368917,0.014966052888874438,0.01655047370468874,COMPLETE
232,0.0,0.07396655059848518,1.612992827086241,14.019863426985188,COMPLETE
233,0.0,0.07159643446549414,43.30834035782139,2.8568377367341515,COMPLETE
234,0.0,0.07414806942087965,809.1791309266355,0.28557412444415503,COMPLETE
235,0.0,0.0693683276346914,3900.8472453708396,6.505594000042856,COMPLETE
236,0.0,0.07154744363106637,809.1791309266355,0.0002842001539426299,COMPLETE
237,0.0,0.07414832804572397,0.06666467141572965,0.031203028042824307,COMPLETE
238,0.0,0.07893902827594118,0.22231011439950768,0.0022813939542548544,COMPLETE
239,0.0,0.07071264446198651,0.05328987094077747,0.0003403457852178627,COMPLETE
240,0.0,0.07689057451674786,6.270118938295526,0.03809293852379196,COMPLETE
241,0.0,0.07874046583043531,9.317489872128832,0.001241169674480661,COMPLETE
242,0.0,0.06534292479774634,0.019124466336413938,13.77386597342457,COMPLETE
243,0.0,0.07206074469007552,1.2672142964804183,0.0028926365091875702,COMPLETE
244,0.0,0.06819026254600276,1.4434531828568546,0.6281973192600224,COMPLETE
245,0.0,0.07903123557517926,3130.1391752847494,0.015017532020814798,COMPLETE
246,0.0,0.06726492571330567,0.014966052888874438,2.8568377367341515,COMPLETE
247,0.0,0.07093215346734356,809.1791309266355,0.28557412444415503,COMPLETE
248,0.0,0.07013638351451416,4.192998761144268,0.026609889300033083,COMPLETE
249,0.0,0.07444846198109682,10.307263069209377,0.11087240093548927,COMPLETE
250,0.0,0.07424838832416077,0.6525572493615062,5.069385872102636,COMPLETE
251,0.0,0.07531232229136527,1.8190664591240135,0.005013379492933892,COMPLETE
252,0.0,0.0781491226172253,2525.2992654679647,0.035157078527452534,COMPLETE
253,0.0,0.07414819741828577,6069.558954662461,0.002291512878983546,COMPLETE
254,0.0,0.07160796141074977,3.3763508319201603,39.24491990813462,COMPLETE
255,0.0,0.0747529936123074,0.18337877723880724,0.0026216894541690023,COMPLETE
256,0.0,0.07576239755072871,0.24084783188691805,2.851980895336985,COMPLETE
257,0.0,0.07546625587429062,0.7854045393966416,2.8568377367341515,COMPLETE
258,0.0,0.06925718450367438,0.27646553423606857,0.001127055240426541,COMPLETE
259,0.0,0.06891671490121551,10.307263069209377,0.010031953627584632,COMPLETE
260,0.0,0.07794344653284035,6052.7332849440345,0.025892489532927592,COMPLETE
261,0.0,0.07092057156381133,453.82746654592097,0.04877567311240308,COMPLETE
262,0.0,0.07143544646353688,0.12737788072368195,2.851980895336985,COMPLETE
263,0.0,0.07270656635832028,0.6525572493615062,0.1081928938117169,COMPLETE
264,0.0,0.07822743732041994,5381.34340278899,0.002291512878983546,COMPLETE
265,0.0,0.08335077872671909,0.14175848225886795,0.28557412444415503,COMPLETE
266,0.0,0.07183781084680305,809.1791309266355,0.02402623608429687,COMPLETE
267,0.0,0.07090315700936613,79.5886211143723,0.14561645158110942,COMPLETE
268,0.0,0.07521866216833428,1.778396549883784,16.41219491294407,COMPLETE
269,0.0,0.07455275592946402,6069.558954662461,28.767488754665468,COMPLETE
270,0.0,0.07579239825143179,1.4434531828568546,0.6281973192600224,COMPLETE
271,0.0,0.07059452235404537,0.025189659395424606,0.007420753823962881,COMPLETE
272,0.0,0.08101315882147432,0.24084783188691805,0.1375665660731773,COMPLETE
273,0.0,0.07310657802947267,809.1791309266355,0.0022813939542548544,COMPLETE
274,0.0,0.07102467097168777,4.616144317872392,0.015017532020814798,COMPLETE
275,0.0,0.07400711012178829,10.307263069209377,0.09122776883422773,COMPLETE
276,0.0,0.07831433316578197,1.2672142964804183,0.1081928938117169,COMPLETE
277,0.0,0.06877800204814323,1.4434531828568546,0.5407830603594436,COMPLETE
278,0.0,0.08020215855004745,167.24127039872647,0.2669565145838075,COMPLETE
279,0.0,0.07008394313343337,0.07580436784376252,0.0009302131075591245,COMPLETE
280,0.0,0.07307843031905174,752.2757638690068,0.6071195660581225,COMPLETE
281,0.0,0.07326306003876204,809.1791309266355,0.9511231702147503,COMPLETE
282,0.0,0.07465369912351631,49.76220198678533,0.6281973192600224,COMPLETE
283,0.0,0.07040115813095298,28.609382110247772,21.09145387467252,COMPLETE
284,0.0,0.07640120729928819,10.307263069209377,0.11087240093548927,COMPLETE
285,0.0,0.07186571505413741,975.8671130988797,0.0008009227551723009,COMPLETE
286,0.0,0.07364014531597697,6069.558954662461,0.007987577931521262,COMPLETE
287,0.0,0.0698462980505388,809.1791309266355,0.28557412444415503,COMPLETE
288,0.0,0.0771580865105397,0.3027523104453944,0.06170046976955652,COMPLETE
289,0.0,0.07385095499727426,3.3763508319201603,0.28557412444415503,COMPLETE
290,0.0,0.07051101803241952,1.0501218117454125,0.003625759914611108,COMPLETE
291,0.0,0.07411594726196279,35.04670414572725,31.831785695384404,COMPLETE
292,0.0,0.0793767443342185,207.6522125666466,5.150269512632152,COMPLETE
293,0.0,0.07559346279028534,1.2672142964804183,0.1081928938117169,COMPLETE
294,0.0,0.06760399971947519,2.4584547433787884,0.0007127702803752188,COMPLETE
295,0.0,0.07598772671298964,0.18337877723880724,0.03315620029144965,COMPLETE
296,0.0,0.07418415554874931,5.317950323919285,16.41219491294407,COMPLETE
297,0.0,0.06827266981538299,3.3763508319201603,39.24491990813462,COMPLETE
298,0.0,0.07210234232188521,283.78789054711547,0.001892806833694228,COMPLETE
299,0.0,0.07466201597863825,5739.01214580134,0.004559427261693181,COMPLETE
300,0.0,0.07415227667886579,49.804567807062,0.00036315329199285493,COMPLETE
301,0.0,0.07591109228181703,199.72822590014238,0.11087240093548927,COMPLETE
302,0.0,0.07221507684796115,17.970780920488618,0.00012896920440900523,COMPLETE
303,0.0,0.07382084321191049,558.7943308116189,7.442524481084207,COMPLETE
304,0.0,0.07834848802582445,49.76220198678533,3.5856920817160107,COMPLETE
305,0.0,0.06536614517388627,427.236709665662,0.00017205335451432493,COMPLETE
306,0.0,0.06804628140513296,1.2672142964804183,0.00030530133906343906,COMPLETE
307,0.0,0.08132913981097745,14.235575776046506,0.0039735883787210755,COMPLETE
308,0.0,0.06797582829660591,3.6670946760424137,0.03315620029144965,COMPLETE
309,0.0,0.07272982209886929,107.72923447546215,0.07261160291364727,COMPLETE
310,0.0,0.07650493580576372,0.01650831295511353,0.00039191815750602867,COMPLETE
311,0.0,0.0771567746048229,623.1277425322068,0.026847580448023198,COMPLETE
312,0.0,0.07629070528755509,429.7794567128879,0.11087240093548927,COMPLETE
313,0.0,0.07773226050842083,7.479015105083923,0.08740688641517927,COMPLETE
314,0.0,0.07253487846340152,4891.200269434467,2.1829671910787796,COMPLETE
315,0.0,0.08237421820532308,809.1791309266355,0.004037230488436932,COMPLETE
316,0.0,0.0761759662711798,809.1791309266355,2.851980895336985,COMPLETE
317,0.0,0.07730469646732398,5.3116731967554704,9.355553210607482,COMPLETE
318,0.0,0.07282934040956354,0.299008510362296,0.252901262000926,COMPLETE
319,0.0,0.06980135915884184,1.5992990162244731,0.025892489532927592,COMPLETE
320,0.0,0.06979693615372046,83.79414807568077,0.002291512878983546,COMPLETE
321,0.0,0.07408307915827718,0.24084783188691805,0.45740628941415734,COMPLETE
322,0.0,0.07770432473982375,3.6670946760424137,0.007987577931521262,COMPLETE
323,0.0,0.07004216267665511,35.04670414572725,0.03809293852379196,COMPLETE
324,0.0,0.07464263918719453,0.41518858197191383,4.474946456579321,COMPLETE
325,0.0,0.0764573146885111,2525.2992654679647,2.5776499401585635,COMPLETE
326,0.0,0.07318126268292813,0.14175848225886795,0.28557412444415503,COMPLETE
327,0.0,0.06922055929149995,0.019124466336413938,6.372711061293248,COMPLETE
328,0.0,0.075810668234982,167.24127039872647,0.6281973192600224,COMPLETE
329,0.0,0.07425680923074447,17.434359492988175,0.06170046976955652,COMPLETE
330,0.0,0.07330778494152149,809.1791309266355,0.0022813939542548544,COMPLETE
331,0.0,0.07453204317974936,0.5433843858716241,2.113848556886765,COMPLETE
332,0.0,0.07890040678087783,2525.2992654679647,0.035157078527452534,COMPLETE
333,0.0,0.07869058698599385,3027.0956073899333,0.15719103878044616,COMPLETE
334,0.0,0.08008662990533787,0.14175848225886795,0.28557412444415503,COMPLETE
335,0.0,0.07304297379108342,2.5553798180855534,0.11366819279585075,COMPLETE
336,0.0,0.07153903590733025,2103.3872632261855,0.0023818460795979744,COMPLETE
337,0.0,0.061291518212975266,2671.05532180719,0.00042671146486399135,COMPLETE
338,0.0,0.06782910751335854,363.60207445714536,0.015017532020814798,COMPLETE
339,0.0,0.067582120649791,1.2672142964804183,0.009604648648191256,COMPLETE
340,0.0,0.06902481399059252,62.52714656461187,0.0250175704542013,COMPLETE
341,0.0,0.0712910841111599,3.55658710423682,3.856477397966437,COMPLETE
342,0.0,0.07569198375299267,35.04670414572725,50.8628415079751,COMPLETE
343,0.0,0.07266227181967747,3.3763508319201603,39.24491990813462,COMPLETE
344,0.0,0.08048339048417075,0.025189659395424606,13.77386597342457,COMPLETE
345,0.0,0.07493787458340571,9.317489872128832,0.2669565145838075,COMPLETE
346,0.0,0.07936062805829877,9.521350193487752,0.012538492530897406,COMPLETE
347,0.0,0.06648023897230299,0.08015102705210232,0.24219511236917057,COMPLETE
348,0.0,0.07365551844048218,81.50652023059405,44.34095036415096,COMPLETE
349,0.0,0.07602941478743132,0.22231011439950768,39.24491990813462,COMPLETE
350,0.0,0.08012717590615545,6052.7332849440345,0.003459839659092992,COMPLETE
351,0.0,0.07192653958440587,2525.2992654679647,0.1563489597796028,COMPLETE
352,0.0,0.07847191594417104,9.317489872128832,0.00038209527001711765,COMPLETE
353,0.0,0.06053487189547019,6069.558954662461,0.0004265913699569018,COMPLETE
354,0.0,0.0758646488105777,709.5389437044931,0.007987577931521262,COMPLETE
355,0.0,0.07199796438175564,0.18337877723880724,3.9427109765811386,COMPLETE
356,0.0,0.07521060511690356,2.4584547433787884,0.5281191555208476,COMPLETE
357,0.0,0.07444468539452773,3130.1391752847494,0.015017532020814798,COMPLETE
358,0.0,0.07684594785851034,0.14175848225886795,0.03906450785923783,COMPLETE
359,0.0,0.07514738689552256,965.5977033667591,0.0007127702803752188,COMPLETE
360,0.0,0.07715706706602306,2350.451361040496,0.11087240093548927,COMPLETE
361,0.0,0.08030141846469468,49.76220198678533,0.45154141244360013,COMPLETE
362,0.0,0.07542037287031254,2525.2992654679647,0.025892489532927592,COMPLETE
363,0.0,0.07614124205861408,0.24084783188691805,13.77386597342457,COMPLETE
364,0.0,0.0746898785799227,83.79414807568077,0.012462191344285138,COMPLETE
365,0.0,0.07589912214915745,167.24127039872647,0.03809293852379196,COMPLETE
366,0.0,0.07596118016784718,809.1791309266355,0.06170046976955652,COMPLETE
367,0.0,0.07540395042425635,550.3928303243016,0.28557412444415503,COMPLETE
368,0.0,0.0778290071335358,167.24127039872647,0.6281973192600224,COMPLETE
369,0.0,0.06777398146068873,6.270118938295526,4.291616977906868,COMPLETE
370,0.0,0.07176680062382262,6052.7332849440345,0.28557412444415503,COMPLETE
371,0.0,0.07616363851211413,0.013311997675852043,0.002051007952778377,COMPLETE
372,0.0,0.07204925070651347,1.2672142964804183,0.1286112182445877,COMPLETE
373,0.0,0.07702475775197248,3130.1391752847494,0.008449626322042554,COMPLETE
374,0.0,0.0745672379930866,661.757202717451,0.0005520546797753169,COMPLETE
375,0.0,0.07808357883900331,4.192998761144268,0.28557412444415503,COMPLETE
376,0.0,0.0711340024745866,12.105245823929135,5.802656254479748,COMPLETE
377,0.0,0.07143921407253458,2132.2351731634585,4.453686587070515,COMPLETE
378,0.0,0.07742230556236046,5381.34340278899,0.002291512878983546,COMPLETE
379,0.0,0.07160749994842125,0.24084783188691805,0.2669565145838075,COMPLETE
380,0.0,0.08023131336883815,0.2778262280836265,0.00021306942916444192,COMPLETE
381,0.0,0.07557265537427844,21.255001401139616,0.002291512878983546,COMPLETE
382,0.0,0.0803216046600009,319.9700422626513,0.0009779400764173309,COMPLETE
383,0.0,0.06976948120748618,0.025189659395424606,0.13958538165268627,COMPLETE
384,0.0,0.06588985260211296,40.53113756703338,0.0018321101971892247,COMPLETE
385,0.0,0.07046579914471439,3.6670946760424137,0.007987577931521262,COMPLETE
386,0.0,0.08063783699190571,0.16911296462375386,0.000486064844460296,COMPLETE
387,0.0,0.07477155227151555,167.24127039872647,0.00014079686435041437,COMPLETE
388,0.0,0.0726662447907026,167.24127039872647,0.7727298903972083,COMPLETE
389,0.0,0.07431878600616938,3.6670946760424137,0.00042671146486399135,COMPLETE
390,0.0,0.07356113412961249,5381.34340278899,0.9131223692263072,COMPLETE
391,0.0,0.07010232477652581,1.2649042350767135,0.5825286091228469,COMPLETE
392,0.0,0.08172083410985446,809.1791309266355,2.851980895336985,COMPLETE
393,0.0,0.07905042344129018,3.6670946760424137,29.155999036787488,COMPLETE
394,0.0,0.07499655923606309,5.396520818651811,0.035157078527452534,COMPLETE
395,0.0,0.0771991208446006,46.28145558757241,0.00038209527001711765,COMPLETE
396,0.0,0.07581261938548266,49.76220198678533,9.355553210607482,COMPLETE
397,0.0,0.07493808818444594,319.9700422626513,0.1081928938117169,COMPLETE
398,0.0,0.07359742424105402,5.255920105499546,0.013708318622322252,COMPLETE
399,0.0,0.07164550974046498,0.14175848225886795,6.178454648980979,COMPLETE
400,0.0,0.07166704339533395,0.35033375879671796,55.63092354542407,COMPLETE
401,0.0,0.07716670898652997,0.6525572493615062,0.00038209527001711765,COMPLETE
402,0.0,0.07479797198415095,167.24127039872647,0.051157128380658085,COMPLETE
403,0.0,0.07029354700811562,0.025189659395424606,0.012447056273489644,COMPLETE
404,0.0,0.07314653842972718,0.3375864595531986,0.035157078527452534,COMPLETE
405,0.0,0.08032281596464207,0.025189659395424606,13.77386597342457,COMPLETE
406,0.0,0.08045292500710818,0.24600728103118724,0.06366252213016296,COMPLETE
407,0.0,0.07460353272177395,83.79414807568077,0.013228600369949217,COMPLETE
408,0.0,0.07528029328662368,35.04670414572725,0.0016489162923333195,COMPLETE
409,0.0,0.07588643395439303,2.0191653561505567,0.007987577931521262,COMPLETE
410,0.0,0.07168093891403622,1.2190258618012468,0.41330373390083325,COMPLETE
411,0.0,0.08235178733673268,75.14881493630534,5.81001017714935,COMPLETE
412,0.0,0.08034344910773705,35.47682689474354,0.28557412444415503,COMPLETE
413,0.0,0.07710333711236593,4757.826975680813,0.252901262000926,COMPLETE
414,0.0,0.07299539697817953,9.12822172003621,1.7141506082599618,COMPLETE
415,0.0,0.082059974210502,167.24127039872647,0.039651414025382255,COMPLETE
416,0.0,0.07194332131826334,1408.6930021099809,0.11446202257592163,COMPLETE
417,0.0,0.07320643014210879,3130.1391752847494,0.015017532020814798,COMPLETE
418,0.0,0.07698623139545514,0.14175848225886795,17.12758302664425,COMPLETE
419,0.0,0.07241246796267085,83.79414807568077,0.6281973192600224,COMPLETE
420,0.0,0.07274757846930462,63.99949109265257,0.6281973192600224,COMPLETE
421,0.0,0.07233654831071518,153.98588973576128,0.03315620029144965,COMPLETE
422,0.0,0.07239485280017645,0.2602706900160209,1.1249198968567924,COMPLETE
423,0.0,0.0759176081566803,0.06666467141572965,0.012538492530897406,COMPLETE
424,0.0,0.07057607292837911,14.973192012173978,0.00042671146486399135,COMPLETE
425,0.0,0.0697688363727559,0.013126346331369158,0.0022813939542548544,COMPLETE
426,0.0,0.06067486359313782,5218.243759046211,0.00012122272877778228,COMPLETE
427,0.0,0.0733985001533345,63.60074025654339,0.015017532020814798,COMPLETE
428,0.0,0.07079271694673861,98.2284197236438,0.0038384044986086337,COMPLETE
429,0.0,0.07156473594982396,0.013077296081213035,0.1375665660731773,COMPLETE
430,0.0,0.07470046003448505,2525.2992654679647,6.230221202011941,COMPLETE
431,0.0,0.07278234448747281,3.5856899375402276,0.0022813939542548544,COMPLETE
432,0.0,0.0722579784671676,1.2672142964804183,27.591866683787053,COMPLETE
433,0.0,0.0659980702397835,49.76220198678533,0.45154141244360013,COMPLETE
434,0.0,0.06974471433520481,167.24127039872647,0.6281973192600224,COMPLETE
435,0.0,0.0860866210156686,220.60285971787573,0.00036615818123349176,COMPLETE
436,0.0,0.0750642973968644,6953.051317768678,0.4925704587555795,COMPLETE
437,0.0,0.07961338807925425,167.24127039872647,0.06170046976955652,COMPLETE
438,0.0,0.07853914655319182,319.9700422626513,21.22213493202089,COMPLETE
439,0.0,0.07897833887455726,0.018793897312272014,0.5072446493442134,COMPLETE
440,0.0,0.07236924767896068,0.277917706164888,0.03315620029144965,COMPLETE
441,0.0,0.07081142284539155,0.8132112691504824,0.003459839659092992,COMPLETE
442,0.0,0.0735664173973089,35.04670414572725,0.0016489162923333195,COMPLETE
443,0.0,0.07246953502359127,0.3027523104453944,0.0006413333445726155,COMPLETE
444,0.0,0.07110293928851909,809.1791309266355,0.0010538242171514792,COMPLETE
445,0.0,0.07174309957666436,0.5721277535536864,0.15719103878044616,COMPLETE
446,0.0,0.07537019433135873,0.06666467141572965,0.00042671146486399135,COMPLETE
447,0.0,0.073604195872601,2525.2992654679647,0.03809293852379196,COMPLETE
448,0.0,0.06982923676155865,1.3368157194285286,26.568766778321,COMPLETE
449,0.0,0.06987598298760657,0.14175848225886795,0.0807400288447677,COMPLETE
450,0.0,0.07760873234278368,6052.7332849440345,0.003459839659092992,COMPLETE
451,0.0,0.07438792997092891,0.04616796054568839,1.2426067076192693,COMPLETE
452,0.0,0.06413709420694501,4533.351895111311,0.0008842642316555588,COMPLETE
453,0.0,0.07290013879462258,167.24127039872647,0.022372047951415217,COMPLETE
454,0.0,0.0727211854125066,509.1477964365578,0.1081928938117169,COMPLETE
455,0.0,0.06597347670244298,3.6670946760424137,5.041595900205373,COMPLETE
456,0.0,0.07688997625147515,0.025189659395424606,0.015017532020814798,COMPLETE
457,0.0,0.07442578464753492,0.9151116820870769,0.2669565145838075,COMPLETE
458,0.0,0.06971392192189023,9.317489872128832,0.00038209527001711765,COMPLETE
459,0.0,0.07316956110996135,0.025189659395424606,4.4986969653711375,COMPLETE
460,0.0,0.07338049650595208,0.6525572493615062,56.72665158607645,COMPLETE
461,0.0,0.05309430837064765,8190.572960533682,0.00042671146486399135,COMPLETE
462,0.0,0.07153208896539526,809.1791309266355,0.0003588261567722297,COMPLETE
463,0.0,0.07121535172241601,1.7131345519625558,0.025892489532927592,COMPLETE
464,0.0,0.07201412545762527,0.3854366094317042,0.06170046976955652,COMPLETE
465,0.0,0.0732024997148904,0.05733823754989941,0.008015937628393288,COMPLETE
466,0.0,0.07354862592676818,5601.192089104475,0.0022813939542548544,COMPLETE
467,0.0,0.07821934544028263,0.06666467141572965,0.015017532020814798,COMPLETE
468,0.0,0.07550588389916203,83.79414807568077,0.0033377203186095274,COMPLETE
469,0.0,0.08000686712344196,40.99559930885551,0.0022813939542548544,COMPLETE
470,0.0,0.07274105285469115,0.02045510390332482,1.0741306983144088,COMPLETE
471,0.0,0.07247157190653923,58.263933245185996,0.014102659260280207,COMPLETE
472,0.0,0.07765791241878596,0.14175848225886795,3.071643357143073,COMPLETE
473,0.0,0.0681732588954932,0.7293478472921956,0.020903537211936447,COMPLETE
474,0.0,0.07278043782880722,0.14175848225886795,0.0022813939542548544,COMPLETE
475,0.0,0.07469737046166003,10.448478347031738,2.851980895336985,COMPLETE
476,0.0,0.07514413211182877,3.62780493004802,0.5878730987023907,COMPLETE
477,0.0,0.07496804485826175,9.521350193487752,0.0034289612066916763,COMPLETE
478,0.0,0.07293266691230414,3446.1761863471006,0.012538492530897406,COMPLETE
479,0.0,0.07322940757726466,167.24127039872647,0.00036615818123349176,COMPLETE
480,0.0,0.07549354665870958,6274.6530770095205,0.015017532020814798,COMPLETE
481,0.0,0.0739544214282539,42.99755211043155,0.15719103878044616,COMPLETE
482,0.0,0.07334465470201497,49.76220198678533,0.003459839659092992,COMPLETE
483,0.0,0.07040563300684113,809.1791309266355,0.015017532020814798,COMPLETE
484,0.0,0.07270939523102517,101.30677988311719,0.3547034184720494,COMPLETE
485,0.0,0.07254246798509092,80.59486276775783,0.015521181117532033,COMPLETE
486,0.0,0.06912983446509592,0.6525572493615062,0.4925704587555795,COMPLETE
487,0.0,0.07597617641172906,83.79414807568077,30.161096400373623,COMPLETE
488,0.0,0.07246836074364986,153.28486762280033,0.00038209527001711765,COMPLETE
489,0.0,0.07470446421871067,809.1791309266355,2.875562792642828,COMPLETE
490,0.0,0.07740305319040222,580.6128497982359,0.06916306383457228,COMPLETE
491,0.0,0.0772280693890141,0.025189659395424606,0.08536483912253484,COMPLETE
492,0.0,0.08070510057116731,0.12105353684193652,0.22128292970734784,COMPLETE
493,0.0,0.07485429757760981,0.14175848225886795,67.54713612824847,COMPLETE
494,0.0,0.07293387938665372,0.14175848225886795,73.54010863022818,COMPLETE
495,0.0,0.07185224203279916,9.317489872128832,0.003459839659092992,COMPLETE
496,0.0,0.07070385065066305,0.5310003950326951,1.0040403560289042,COMPLETE
497,0.0,0.07144941002676253,152.5539127459463,64.13372595336199,COMPLETE
498,0.0,0.07080478810070132,0.025189659395424606,0.003459839659092992,COMPLETE
499,0.0,0.06778592101440517,0.19211625515967234,1.6471611655692748,COMPLETE
500,0.0,0.07094419801622938,49.76220198678533,0.45154141244360013,COMPLETE
501,0.0,0.07329406237179502,0.08265635899747273,0.03375666102667679,COMPLETE
502,0.0,0.07446067721489077,167.24127039872647,0.1375665660731773,COMPLETE
503,0.0,0.06818188345336473,167.24127039872647,31.916242505669,COMPLETE
504,0.0,0.0759133935917901,3858.6282963328017,0.0022813939542548544,COMPLETE
505,0.0,0.07606324945932942,0.02268109388360436,0.28557412444415503,COMPLETE
506,0.0,0.07151403236156136,2997.272877610114,0.28557412444415503,COMPLETE
507,0.0,0.07428067123413004,83.79414807568077,0.00017969736830321053,COMPLETE
508,0.0,0.07130210873172484,75.14881493630534,0.081494844036086,COMPLETE
509,0.0,0.079149278219117,1.428242835824286,0.0005206136477242506,COMPLETE
510,0.0,0.0752687437596221,3.6670946760424137,1.6687039166283153,COMPLETE
511,0.0,0.07750915583291036,0.012226989042223317,5.81001017714935,COMPLETE
512,0.0,0.07633201199452107,0.14175848225886795,0.0008990547186955452,COMPLETE
513,0.0,0.07116283674061694,1.2008137546299884,0.039651414025382255,COMPLETE
514,0.0,0.06993385906917224,809.1791309266355,0.252901262000926,COMPLETE
515,0.0,0.07544807455255012,0.025189659395424606,0.00432210036245973,COMPLETE
516,0.0,0.07163867413557966,4038.2532877039457,0.0022813939542548544,COMPLETE
517,0.0,0.07390895989990358,15.529304688694907,27.5602005037115,COMPLETE
518,0.0,0.07884080558220181,6052.7332849440345,0.28557412444415503,COMPLETE
519,0.0,0.07044637717769804,0.01733586123273282,0.0022813939542548544,COMPLETE
520,0.0,0.07587175661280425,0.14175848225886795,0.28557412444415503,COMPLETE
521,0.0,0.0630039492110235,3894.088814373189,0.0007781349310643607,COMPLETE
522,0.0,0.06994679955284581,3130.1391752847494,0.015017532020814798,COMPLETE
523,0.0,0.07214277835942971,809.1791309266355,0.15719103878044616,COMPLETE
524,0.0,0.07832458886365466,6069.558954662461,0.3813400368757065,COMPLETE
525,0.0,0.07503207770883528,6052.7332849440345,0.1081928938117169,COMPLETE
526,0.0,0.07314243622972039,2372.8541447169264,0.28557412444415503,COMPLETE
527,0.0,0.07068471718545623,0.22231011439950768,5.81001017714935,COMPLETE
528,0.0,0.06970955714585308,1.8803356767493185,0.2669565145838075,COMPLETE
529,0.0,0.0729501045450254,6.6859211019335145,15.425980332138964,COMPLETE
530,0.0,0.0716075469967904,35.04670414572725,0.9701119537984745,COMPLETE
531,0.0,0.0791500853640006,809.1791309266355,0.0022813939542548544,COMPLETE
532,0.0,0.07132697148586459,0.025189659395424606,0.0001639875672751989,COMPLETE
533,0.0,0.0706699480237023,38.12656483341986,0.018008691141808142,COMPLETE
534,0.0,0.07163158750120958,3.6670946760424137,0.007987577931521262,COMPLETE
535,0.0,0.0769845497852031,0.3020556480046745,0.12308220898164796,COMPLETE
536,0.0,0.07396482675962339,2.5383502937835587,5.81001017714935,COMPLETE
537,0.0,0.07449304290264701,5.662797389996767,0.01896485758467152,COMPLETE
538,0.0,0.07738075006451163,5381.34340278899,0.005129126330884942,COMPLETE
539,0.0,0.07809604793278295,0.39037030455195987,0.00036615818123349176,COMPLETE
540,0.0,0.07107033359858578,9.521350193487752,0.5072446493442134,COMPLETE
541,0.0,0.07043362500254217,118.99222957431657,0.0022813939542548544,COMPLETE
542,0.0,0.07705168547442119,0.025189659395424606,0.0011943425016296453,COMPLETE
543,0.0,0.07054794628024148,783.8626958676044,0.06366252213016296,COMPLETE
544,0.0,0.07583738471857593,2525.2992654679647,0.035157078527452534,COMPLETE
545,0.0,0.07355325028133305,0.054392116382445024,0.6281973192600224,COMPLETE
546,0.0,0.07014082738905172,0.14175848225886795,1.0240199496968743,COMPLETE
547,0.0,0.06705504515579296,4105.356947988142,0.0010593557164881313,COMPLETE
548,0.0,0.06990553111991489,167.24127039872647,0.2669565145838075,COMPLETE
549,0.0,0.06995433106920608,0.025189659395424606,0.001241169674480661,COMPLETE
550,0.0,0.07278111442267568,319.9700422626513,3.058891552982213,COMPLETE
551,0.0,0.07386892242389365,0.07509048454084406,21.22213493202089,COMPLETE
552,0.0,0.07228506966955107,83.79414807568077,0.15281405957267574,COMPLETE
553,0.0,0.076171816870363,2724.007114889299,5.998065356716111,COMPLETE
554,0.0,0.0777903731138733,0.24084783188691805,0.0033150736561833472,COMPLETE
555,0.0,0.07385272641736507,0.22231011439950768,0.6281973192600224,COMPLETE
556,0.0,0.07249017974076948,3.6670946760424137,0.003693097109869734,COMPLETE
557,0.0,0.07632950762052011,0.04275327941352311,0.012538492530897406,COMPLETE
558,0.0,0.07645072049736525,41.46000829191617,0.400701495579738,COMPLETE
559,0.0,0.077517123657291,9154.66453716869,0.6281973192600224,COMPLETE
560,0.0,0.07761665933688736,1.2150955651656594,0.01564758500343993,COMPLETE
561,0.0,0.06815740574070256,6052.7332849440345,0.28557412444415503,COMPLETE
562,0.0,0.06995225813675834,0.14175848225886795,42.039085401492976,COMPLETE
563,0.0,0.07990432258874543,174.0721964693598,0.28557412444415503,COMPLETE
564,0.0,0.07851025481818459,167.24127039872647,0.2669565145838075,COMPLETE
565,0.0,0.0747355565509357,167.24127039872647,1.9161227415703614,COMPLETE
566,0.0,0.07970516954431978,1.619076095553801,0.228992437690869,COMPLETE
567,0.0,0.07967109714768104,156.60422725706567,0.28557412444415503,COMPLETE
568,0.0,0.06565413789713662,2149.5566755599016,0.001786045437090136,COMPLETE
569,0.0,0.0718444844643544,609.1924328140203,1.4942715937933015,COMPLETE
570,0.0,0.07465761243464522,0.019124466336413938,0.252901262000926,COMPLETE
571,0.0,0.06783859935209124,1.428242835824286,0.0005206136477242506,COMPLETE
572,0.0,0.07560531657165781,0.14175848225886795,0.28557412444415503,COMPLETE
573,0.0,0.07910309534341005,12.533357566161275,38.411172201900975,COMPLETE
574,0.0,0.07126457657162338,0.14175848225886795,0.06366252213016296,COMPLETE
575,0.0,0.07507314211524091,4666.107477350763,13.77386597342457,COMPLETE
576,0.0,0.06877251195150645,0.018793897312272014,0.5072446493442134,COMPLETE
577,0.0,0.07029197817567837,1.428242835824286,0.28557412444415503,COMPLETE
578,0.0,0.07357461741495934,35.47682689474354,0.00312957710125764,COMPLETE
579,0.0,0.07932280109144484,220.60285971787573,0.0014738685970448167,COMPLETE
580,0.0,0.07266855438899131,0.025189659395424606,2.4740094434044044,COMPLETE
581,0.0,0.07417528176959629,0.580399340151654,5.81001017714935,COMPLETE
582,0.0,0.07508598299827594,7.31218759243587,15.431686540059452,COMPLETE
583,0.0,0.07883359304451233,167.24127039872647,0.00042671146486399135,COMPLETE
584,0.0,0.07936268294378139,196.02583932191874,0.010528410131563913,COMPLETE
585,0.0,0.07391575886047204,18.57840640336667,0.04792533973172856,COMPLETE
586,0.0,0.0769067158803549,167.24127039872647,0.039651414025382255,COMPLETE
587,0.0,0.06890718176957747,9.317489872128832,0.001241169674480661,COMPLETE
588,0.0,0.07554501552750392,167.24127039872647,0.007124313496212463,COMPLETE
589,0.0,0.07284621186785477,0.08652816544014609,4.4635387154771085,COMPLETE
590,0.0,0.07821265489951257,184.21461953351857,0.002291512878983546,COMPLETE
591,0.0,0.0726880187703728,0.12105353684193652,0.7461446496765494,COMPLETE
592,0.0,0.07285774026554574,0.12044623279195489,0.025892489532927592,COMPLETE
593,0.0,0.0731984958217332,0.4144940956161352,4.55771202645977,COMPLETE
594,0.0,0.07661316222902727,69.40461799282947,15.891084702034782,COMPLETE
595,0.0,0.07673016983768516,75.14881493630534,0.000150103627513798,COMPLETE
596,0.0,0.07241241253532996,0.24084783188691805,0.0007931509793746966,COMPLETE
597,0.0,0.07666699864101104,0.0330919579762574,15.160394231581604,COMPLETE
598,0.0,0.07502705233846756,5089.327378218713,13.77386597342457,COMPLETE
599,0.0,0.07789884238819822,49.76220198678533,0.45154141244360013,COMPLETE
600,0.0,0.07210047450244636,809.1791309266355,0.0022813939542548544,COMPLETE
601,0.0,0.07253772554950245,15.050441459527626,0.4925704587555795,COMPLETE
602,0.0,0.07239926778011137,6.7957439302216,0.06947385590905122,COMPLETE
603,0.0,0.07553493545041032,0.3310822846208828,5.008151497105732,COMPLETE
604,0.0,0.07217533579018638,9.147049207900803,0.00036615818123349176,COMPLETE
605,0.0,0.0776049826666431,6.95680348476113,0.22128292970734784,COMPLETE
606,0.0,0.07102504290648308,49.76220198678533,0.6281973192600224,COMPLETE
607,0.0,0.07207415887145634,167.24127039872647,0.6281973192600224,COMPLETE
608,0.0,0.07108914466514016,0.2679999906586071,0.039651414025382255,COMPLETE
609,0.0,0.07321381886646273,1467.4327493819774,0.008294838049557695,COMPLETE
610,0.0,0.07641335865104357,80.95186073504887,0.0008378380939376386,COMPLETE
611,0.0,0.07181227387496324,6069.558954662461,30.308385219585638,COMPLETE
612,0.0,0.0766662972895786,0.07267773635821335,5.81001017714935,COMPLETE
613,0.0,0.07608853336295512,0.06666467141572965,0.0006012512852308534,COMPLETE
614,0.0,0.075120625076683,299.4490433750406,5.29848767930193,COMPLETE
615,0.0,0.07338347381926981,167.24127039872647,74.84817887359782,COMPLETE
616,0.0,0.07030563525113107,0.011844121892968885,0.00013378533348421906,COMPLETE
617,0.0,0.07559084766750934,35.47682689474354,1.2591405275416963,COMPLETE
618,0.0,0.07286507105429164,0.025189659395424606,13.77386597342457,COMPLETE
619,0.0,0.07434804321311966,4763.409993444312,0.3813400368757065,COMPLETE
620,0.0,0.06920590985080761,0.3941335565553852,13.77386597342457,COMPLETE
621,0.0,0.07147615676715305,0.7653159744866129,0.00038209527001711765,COMPLETE
622,0.0,0.0708195256090271,809.1791309266355,26.920095371712883,COMPLETE
623,0.0,0.0744492679261013,119.14195762968077,5.81001017714935,COMPLETE
624,0.0,0.07507113859805983,220.60285971787573,2.045898265369766,COMPLETE
625,0.0,0.07236105662916079,167.24127039872647,0.039651414025382255,COMPLETE
626,0.0,0.07746762068194073,0.14175848225886795,0.00011193203876288128,COMPLETE
627,0.0,0.07359427558787601,0.06557686138208707,0.11752918535931775,COMPLETE
628,0.0,0.07715500925727525,20.89104007698036,0.015017532020814798,COMPLETE
629,0.0,0.068419066587105,108.78930679992598,13.77386597342457,COMPLETE
630,0.0,0.07010680820701805,2.513088868843732,0.0007127702803752188,COMPLETE
631,0.0,0.07160461147234651,2525.2992654679647,0.10438088951559393,COMPLETE
632,0.0,0.07148837103342255,0.06141826512380258,0.05603577653421476,COMPLETE
633,0.0,0.07142550900261259,167.24127039872647,0.0016489162923333195,COMPLETE
634,0.0,0.07820670683639638,2525.2992654679647,0.5516980332329515,COMPLETE
635,0.0,0.07868568112555763,0.14175848225886795,0.039651414025382255,COMPLETE
636,0.0,0.07862672803052353,0.22231011439950768,0.09036604817238222,COMPLETE
637,0.0,0.06974129180929592,793.3320480548138,0.039651414025382255,COMPLETE
638,0.0,0.0715933294204957,167.24127039872647,10.453212287923165,COMPLETE
639,0.0,0.07491838866716223,2525.2992654679647,0.1375665660731773,COMPLETE
640,0.0,0.0673632685995895,0.06916666777775164,0.0009398078607324112,COMPLETE
641,0.0,0.07304726559098665,167.24127039872647,0.06170046976955652,COMPLETE
642,0.0,0.0650527544225844,3050.16102429147,0.00029431618735470535,COMPLETE
643,0.0,0.06865661781154052,0.9981607215680962,3.8146020726280327,COMPLETE
644,0.0,0.07683006338872943,1149.3874079539773,0.28557412444415503,COMPLETE
645,0.0,0.07532110036318546,75.14881493630534,26.6888691429558,COMPLETE
646,0.0,0.06889581351150413,0.022773114604820902,2.3845596106901836,COMPLETE
647,0.0,0.06918959174765489,75.14881493630534,0.00012997086527976253,COMPLETE
648,0.0,0.06550544347686517,2525.2992654679647,18.32872047999978,COMPLETE
649,0.0,0.06943361304383523,1.788771727043712,25.808597868084817,COMPLETE
650,0.0,0.06484143962812984,8560.31554451431,0.00012592751719335123,COMPLETE
651,0.0,0.08142989103563059,83.79414807568077,0.002291512878983546,COMPLETE
652,0.0,0.07038234810572415,0.016932227447119284,3.075489222694306,COMPLETE
653,0.0,0.07399187557017271,0.025189659395424606,0.28557412444415503,COMPLETE
654,0.0,0.07855897492585032,6069.558954662461,0.28557412444415503,COMPLETE
655,0.0,0.07553746554763807,0.17369425909871997,84.64096463261632,COMPLETE
656,0.0,0.07152802793308072,1968.6518826092015,16.7638641425908,COMPLETE
657,0.0,0.07827342142257124,49.76220198678533,5.81001017714935,COMPLETE
658,0.0,0.08505457976991161,6052.7332849440345,0.039651414025382255,COMPLETE
659,0.0,0.07153164746384873,23.06233326753261,0.00016152266266911835,COMPLETE
660,0.0,0.07925013254592898,66.1703207716816,11.691352589497638,COMPLETE
661,0.0,0.07865514024207193,106.68558183512441,13.77386597342457,COMPLETE
662,0.0,0.07038937692338819,0.20543294725749078,0.007987577931521262,COMPLETE
663,0.0,0.07894663412779329,0.025189659395424606,13.77386597342457,COMPLETE
664,0.0,0.07789600903627762,0.14175848225886795,0.0759108046024337,COMPLETE
665,0.0,0.07721832637812548,83.79414807568077,3.8177073956067247,COMPLETE
666,0.0,0.076962769074634,167.24127039872647,0.06170046976955652,COMPLETE
667,0.0,0.07079700940829417,49.76220198678533,0.28557412444415503,COMPLETE
668,0.0,0.07902015739848005,2347.8461096310175,0.031146996657644494,COMPLETE
669,0.0,0.07504141093035412,4.430082918170048,0.0005832424532688668,COMPLETE
670,0.0,0.07177513711167967,0.22231011439950768,0.0022813939542548544,COMPLETE
671,0.0,0.07791257438583879,6052.7332849440345,0.003459839659092992,COMPLETE
672,0.0,0.073848532850787,261.7533139866355,0.00036615818123349176,COMPLETE
673,0.0,0.0768862206645822,3.067934974535214,0.28557412444415503,COMPLETE
674,0.0,0.06488854983153344,10.573611243206757,0.0001738166240940198,COMPLETE
675,0.0,0.07565898151952319,1556.6697638593907,0.45154141244360013,COMPLETE
676,0.0,0.07716261566512182,2.188869806258716,0.14339751439715884,COMPLETE
677,0.0,0.07518462350723405,0.24600728103118724,0.06366252213016296,COMPLETE
678,0.0,0.07270533413788667,6052.7332849440345,0.018787873005525653,COMPLETE
679,0.0,0.07592027962154167,2525.2992654679647,0.25414234163888555,COMPLETE
680,0.0,0.06814891510060313,2736.7323530981757,4.617608344400843,COMPLETE
681,0.0,0.06576986545874254,35.04670414572725,0.10176321955244197,COMPLETE
682,0.0,0.07384994378169954,71.13082827825205,0.1375665660731773,COMPLETE
683,0.0,0.07876780509957534,220.60285971787573,0.00036615818123349176,COMPLETE
684,0.0,0.07573360623625075,2525.2992654679647,0.19011965889026627,COMPLETE
685,0.0,0.07346364926774601,86.73121762236234,0.039651414025382255,COMPLETE
686,0.0,0.07245237669849253,1.012978155454366,0.001241169674480661,COMPLETE
687,0.0,0.07913827487976081,0.37835444707511245,60.86827902589712,COMPLETE
688,0.0,0.07582071650449505,0.36538846007642306,0.246086964619435,COMPLETE
689,0.0,0.0725883135190385,9.317489872128832,0.00038209527001711765,COMPLETE
690,0.0,0.06877667482148289,0.3849487672945202,0.0005653744953579247,COMPLETE
691,0.0,0.07965486705675899,6.932890529918169,0.03769840166519537,COMPLETE
692,0.0,0.06942873469417533,3812.336015701714,0.252901262000926,COMPLETE
693,0.0,0.06934620013613328,0.015151804710512185,5.81001017714935,COMPLETE
694,0.0,0.07322187037640347,83.79414807568077,0.021515075412782022,COMPLETE
695,0.0,0.08034670285009378,2285.837527693552,0.28557412444415503,COMPLETE
696,0.0,0.07743416123760762,167.24127039872647,0.28557412444415503,COMPLETE
697,0.0,0.06339537938461809,1926.4467915976136,0.00042671146486399135,COMPLETE
698,0.0,0.07580473254653289,49.76220198678533,0.06170046976955652,COMPLETE
699,0.0,0.07389594965817509,35.225847383212496,16.996932612751504,COMPLETE
700,0.0,0.0819867528616961,35.04670414572725,0.1081928938117169,COMPLETE
701,0.0,0.07217357507785226,0.053764898836118145,0.039651414025382255,COMPLETE
702,0.0,0.07265536345849109,0.03950398797599863,0.28557412444415503,COMPLETE
703,0.0,0.0744343764423874,4.397843032120151,0.10667191386385064,COMPLETE
704,0.0,0.07245079787730081,1.57160021648791,0.00028918310203356794,COMPLETE
705,0.0,0.07103726991175659,1.619076095553801,0.228992437690869,COMPLETE
706,0.0,0.07028118723097442,1.619076095553801,0.01525603081625146,COMPLETE
707,0.0,0.07162736009614563,0.3516050211706216,2.5570797421306017,COMPLETE
708,0.0,0.07592930947893646,0.24600728103118724,0.06366252213016296,COMPLETE
709,0.0,0.07150140816725284,119.22932507618822,35.59776568161978,COMPLETE
710,0.0,0.06833572307003197,167.24127039872647,0.06170046976955652,COMPLETE
711,0.0,0.0738610783726237,0.03128304494219716,3.313490712768472,COMPLETE
712,0.0,0.07341110084513573,0.12105353684193652,0.22128292970734784,COMPLETE
713,0.0,0.07108620408091731,117.05196016058338,0.00024151582464324164,COMPLETE
714,0.0,0.07367989789520875,35.04670414572725,0.00042671146486399135,COMPLETE
715,0.0,0.07423486417603874,36.78477688104872,0.01594473982231935,COMPLETE
716,0.0,0.07201819894960457,0.025189659395424606,6.014073691931505,COMPLETE
717,0.0,0.07807012876745585,167.24127039872647,0.001480331803171042,COMPLETE
718,0.0,0.07372116931236068,8.282372783333221,0.03695831132856545,COMPLETE
719,0.0,0.07653323443108302,5524.381921177935,0.1187529111548742,COMPLETE
720,0.0,0.07835749365862796,549.682990466669,0.06170046976955652,COMPLETE
721,0.0,0.07749465447067581,75.14881493630534,5.81001017714935,COMPLETE
722,0.0,0.07790512172962422,809.1791309266355,5.81001017714935,COMPLETE
723,0.0,0.07444856630007637,11.480758722097308,0.00036615818123349176,COMPLETE
724,0.0,0.07682371009772379,49.76220198678533,0.45154141244360013,COMPLETE
725,0.0,0.0678078641200584,0.025189659395424606,13.77386597342457,COMPLETE
726,0.0,0.0737271532720384,5.71118598827415,0.003502738314890997,COMPLETE
727,0.0,0.07003723630499464,0.7679709605903873,42.48569229524401,COMPLETE
728,0.0,0.07205815915315496,0.14175848225886795,0.28557412444415503,COMPLETE
729,0.0,0.0771878591121514,1158.0346450550162,0.0049516141397945865,COMPLETE
730,0.0,0.07273694945366989,3.6670946760424137,0.0018966271892898918,COMPLETE
731,0.0,0.06997672932988616,0.02109591451880567,0.0006451458463397347,COMPLETE
732,0.0,0.07697830982409516,10.918893211020205,0.002291512878983546,COMPLETE
733,0.0,0.07088449454035477,6069.558954662461,0.039651414025382255,COMPLETE
734,0.0,0.07418608813350512,0.7423345913694233,0.06170046976955652,COMPLETE
735,0.0,0.07669557058596149,0.08281643911206539,0.00014555149601394541,COMPLETE
736,0.0,0.07697789928758624,0.07888212325636586,15.92638480030336,COMPLETE
737,0.0,0.0715438492983189,1.428242835824286,7.546270889213978,COMPLETE
738,0.0,0.07120920479356459,308.0135782587059,0.05285542284566203,COMPLETE
739,0.0,0.07219267763217521,0.30464135207892173,13.77386597342457,COMPLETE
740,0.0,0.0752244511409052,0.08512008141562076,0.00036615818123349176,COMPLETE
741,0.0,0.07062051588395352,174.0721964693598,0.05667618682987612,COMPLETE
742,0.0,0.07217607412992942,0.19868201090792947,17.82011756665377,COMPLETE
743,0.0,0.07647602158581362,0.10974114189439124,0.20595935528948386,COMPLETE
744,0.0,0.06822228514349896,167.24127039872647,0.3813400368757065,COMPLETE
745,0.0,0.07391608685469646,0.14630933857627246,0.06316767610516598,COMPLETE
746,0.0,0.07360338415666655,0.12105353684193652,1.8075314236291609,COMPLETE
747,0.0,0.07702011165835558,293.00503863615825,0.06366252213016296,COMPLETE
748,0.0,0.06671297862520464,0.10910304396439338,7.366060960353894,COMPLETE
749,0.0,0.07520509652880265,0.1382757484584052,0.4432735911977367,COMPLETE
750,0.0,0.0782327267051038,83.79414807568077,0.0014738685970448167,COMPLETE
751,0.0,0.06618951170913158,83.79414807568077,0.002291512878983546,COMPLETE
752,0.0,0.06125972685386558,5448.561186740911,0.00042671146486399135,COMPLETE
753,0.0,0.07536500097925954,49.76220198678533,13.77386597342457,COMPLETE
754,0.0,0.07483723938854583,1220.2801149742284,0.0014738685970448167,COMPLETE
755,0.0,0.06962065043175852,8.374445627789884,0.5072446493442134,COMPLETE
756,0.0,0.07261386685278379,42.59666896397747,13.36328989542412,COMPLETE
757,0.0,0.07209498937200588,75.14881493630534,0.12075500767332897,COMPLETE
758,0.0,0.07158743885701879,0.7774265644032037,0.09062576130070342,COMPLETE
759,0.0,0.07384779618835285,0.14175848225886795,0.28557412444415503,COMPLETE
760,0.0,0.07265561269722931,66.1703207716816,0.002291512878983546,COMPLETE
761,0.0,0.06683331784090286,167.24127039872647,0.010986176274075,COMPLETE
762,0.0,0.07140584903119589,156.60422725706567,0.28557412444415503,COMPLETE
763,0.0,0.06936146122718738,823.263536149647,0.024952569463897133,COMPLETE
764,0.0,0.07406194049059876,49.76220198678533,0.45154141244360013,COMPLETE
765,0.0,0.0668430211676898,0.22231011439950768,0.0022813939542548544,COMPLETE
766,0.0,0.07587075489383696,83.79414807568077,0.007966954069022033,COMPLETE
767,0.0,0.07053893895644664,167.24127039872647,0.039651414025382255,COMPLETE
768,0.0,0.07687408911052115,18.439590040817382,0.039651414025382255,COMPLETE
769,0.0,0.07719750178688495,890.6176581661914,0.0022813939542548544,COMPLETE
770,0.0,0.072018090584036,37.93507304185759,5.81001017714935,COMPLETE
771,0.0,0.0676635183553561,156.60422725706567,0.28557412444415503,COMPLETE
772,0.0,0.07630398768847324,219.20027034917632,0.28557412444415503,COMPLETE
773,0.0,0.07568524202945294,0.025189659395424606,0.06170046976955652,COMPLETE
774,0.0,0.0761434097126194,809.1791309266355,0.015017532020814798,COMPLETE
775,0.0,0.0734246952246864,167.24127039872647,0.6281973192600224,COMPLETE
776,0.0,0.06990622114614545,1.3726550365042691,17.863974083530305,COMPLETE
777,0.0,0.07331827653396092,56.282011693977964,0.0008720926338412169,COMPLETE
778,0.0,0.07306268445761273,35.04670414572725,0.0016489162923333195,COMPLETE
779,0.0,0.07480468626744867,44.575830422300406,0.00042671146486399135,COMPLETE
780,0.0,0.06968361958780558,0.022345599795737154,0.0011551331657633096,COMPLETE
781,0.0,0.06993048380038609,49.76220198678533,0.45154141244360013,COMPLETE
782,0.0,0.07350108022329856,0.14175848225886795,0.28557412444415503,COMPLETE
783,0.0,0.07150725614407831,174.0721964693598,0.28557412444415503,COMPLETE
784,0.0,0.07071531727758992,163.14225938561827,0.28557412444415503,COMPLETE
785,0.0,0.07637104989116088,35.47682689474354,0.28557412444415503,COMPLETE
786,0.0,0.07681654339880782,127.44949109847147,0.22007848558706763,COMPLETE
787,0.0,0.07503645162271613,3080.8420062953896,0.039651414025382255,COMPLETE
788,0.0,0.07244226204934015,280.8107673548614,0.015017532020814798,COMPLETE
789,0.0,0.0725424666095219,0.14175848225886795,0.012556518066539712,COMPLETE
790,0.0,0.07178229887677397,174.0721964693598,0.011749942600397268,COMPLETE
791,0.0,0.06985382021767661,75.15909035627813,0.0005195680350189603,COMPLETE
792,0.0,0.08113077936307372,6069.558954662461,0.3813400368757065,COMPLETE
793,0.0,0.07709772405590104,6069.558954662461,0.039651414025382255,COMPLETE
794,0.0,0.0711130644887977,6052.7332849440345,0.003459839659092992,COMPLETE
795,0.0,0.06940012011771705,0.025189659395424606,13.77386597342457,COMPLETE
796,0.0,0.07095771957133866,196.35935867358916,0.0038925055964515354,COMPLETE
797,0.0,0.07662146761450062,70.97810601480623,0.00038342586422975293,COMPLETE
798,0.0,0.06986843091083354,2525.2992654679647,0.14640586561564514,COMPLETE
799,0.0,0.07566358982265278,0.0174565815676129,0.228992437690869,COMPLETE
800,0.0,0.07084152215936144,0.5974777217161396,0.28557412444415503,COMPLETE
801,0.0,0.0797082267888524,0.24084783188691805,0.00017197317282471628,COMPLETE
802,0.0,0.07313154774213416,0.2864222773165349,0.00042671146486399135,COMPLETE
803,0.0,0.07462019408093784,35.47682689474354,0.01465149618537543,COMPLETE
804,0.0,0.07297089872493676,21.166405237006778,0.3607997181643212,COMPLETE
805,0.0,0.07013532582537393,49.76220198678533,0.010701384242006623,COMPLETE
806,0.0,0.07144609221587998,5.3329710159204975,0.28557412444415503,COMPLETE
807,0.0,0.07088642556502321,1.428242835824286,0.0005206136477242506,COMPLETE
808,0.0,0.06847133942201074,5310.170470589113,0.001827514423917512,COMPLETE
809,0.0,0.07427659123810597,0.14175848225886795,0.28557412444415503,COMPLETE
810,0.0,0.07389654200501239,1180.870515294983,7.285169411778207,COMPLETE
811,0.0,0.0687036323859071,0.14175848225886795,20.55519383846721,COMPLETE
812,0.0,0.07475651067232583,167.24127039872647,0.28557412444415503,COMPLETE
813,0.0,0.07072364285344765,167.24127039872647,0.0016489162923333195,COMPLETE
814,0.0,0.07059462476757296,9.317489872128832,58.052463524526964,COMPLETE
815,0.0,0.07336076100911515,128.4804264312186,0.035199717458839354,COMPLETE
816,0.0,0.07291331873410493,0.28315978804315756,21.538062058751432,COMPLETE
817,0.0,0.0741395509683305,5.586390018785836,1.8081114763753101,COMPLETE
818,0.0,0.07560154927819109,0.24084783188691805,0.1375665660731773,COMPLETE
819,0.0,0.07511789724699895,0.05904078564115152,0.014162836745533047,COMPLETE
820,0.0,0.07565498322388914,7.372687633230843,0.015714376240160796,COMPLETE
821,0.0,0.07720566286981345,151.73052568903788,13.77386597342457,COMPLETE
822,0.0,0.07688854878608083,412.850043834549,0.03510268831536809,COMPLETE
823,0.0,0.07545837736372804,3.6670946760424137,0.005785523087513272,COMPLETE
824,0.0,0.06428903491063481,49.76220198678533,10.827362957557828,COMPLETE
825,0.0,0.07169339657111873,83.79414807568077,0.06366252213016296,COMPLETE
826,0.0,0.06409244836291955,66.1703207716816,14.533808746749312,COMPLETE
827,0.0,0.0741660763138226,5.268718441187036,6.106667672251887,COMPLETE
828,0.0,0.07935029428819557,75.14881493630534,0.02097212453161763,COMPLETE
829,0.0,0.07432120307033224,67.13680959750751,0.007987577931521262,COMPLETE
830,0.0,0.07757758495684736,20.063486078794337,0.28557412444415503,COMPLETE
831,0.0,0.07059376366496473,45.64793924067527,0.001327805767571179,COMPLETE
832,0.0,0.07161291803753199,3.6723923642182372,0.007987577931521262,COMPLETE
833,0.0,0.07382366229944934,0.24600728103118724,0.007987577931521262,COMPLETE
834,0.0,0.0762919520864777,5.024965497480352,0.28557412444415503,COMPLETE
835,0.0,0.07370987844813574,0.025189659395424606,0.06782537535861251,COMPLETE
836,0.0,0.07392705010520026,0.14175848225886795,0.0016489162923333195,COMPLETE
837,0.0,0.08119488284821218,0.10277618330591617,0.039651414025382255,COMPLETE
838,0.0,0.07086758131041765,75.70429023490335,0.002291512878983546,COMPLETE
839,0.0,0.07162257477762946,0.8823013413581969,69.00311433450617,COMPLETE
840,0.0,0.07299018530440807,0.01332868702280203,0.228992437690869,COMPLETE
841,0.0,0.0695909991680372,0.13084382920823207,0.28557412444415503,COMPLETE
842,0.0,0.07330085198314852,167.24127039872647,0.0009748839138362955,COMPLETE
843,0.0,0.07596540912163004,0.14175848225886795,0.06170046976955652,COMPLETE
844,0.0,0.07694466436280233,167.24127039872647,0.00033718002739131705,COMPLETE
845,0.0,0.07425752524777272,2.4583013565061225,0.013746151636977531,COMPLETE
846,0.0,0.06866450105217901,167.24127039872647,0.012538492530897406,COMPLETE
847,0.0,0.07411576126337709,167.24127039872647,0.28557412444415503,COMPLETE
848,0.0,0.07899866576994885,0.14175848225886795,0.0008928680946945661,COMPLETE
849,0.0,0.07619232257595945,0.4674142353893547,0.11155732258404696,COMPLETE
850,0.0,0.07309940074208193,0.23196510507055135,0.45154141244360013,COMPLETE
851,0.0,0.06762998649189933,775.5181864386515,0.0011759784344266562,COMPLETE
852,0.0,0.0805497075053742,660.5434295982576,18.14285799453667,COMPLETE
853,0.0,0.07579452943946623,0.06666467141572965,1.3034517186876087,COMPLETE
854,0.0,0.07958478771134901,6052.7332849440345,0.28557412444415503,COMPLETE
855,0.0,0.07291105647976732,1717.4522083309253,0.6281973192600224,COMPLETE
856,0.0,0.07118427445279948,0.5717299063176834,0.45154141244360013,COMPLETE
857,0.0,0.07556712683486418,156.54937560969765,0.002291512878983546,COMPLETE
858,0.0,0.07223668070610893,19.461009398167974,0.010528410131563913,COMPLETE
859,0.0,0.07574829390785286,809.1791309266355,57.53285040284861,COMPLETE
860,0.0,0.07638219982145075,0.03293032455862141,0.007987577931521262,COMPLETE
861,0.0,0.06824410133450765,11.797541095064886,0.00045027288761273417,COMPLETE
862,0.0,0.07371737975456154,65.31647490407448,0.0016489162923333195,COMPLETE
863,0.0,0.07596888709120835,0.3674057102752768,0.039651414025382255,COMPLETE
864,0.0,0.07497567964151564,198.1972016082905,86.3953686011671,COMPLETE
865,0.0,0.06619470165164049,4692.470700971367,0.00143723706119762,COMPLETE
866,0.0,0.07487332080498318,4.456661146044952,11.691352589497638,COMPLETE
867,0.0,0.07368895594041093,1561.872271919983,13.77386597342457,COMPLETE
868,0.0,0.0719936734572215,220.60285971787573,32.845650490730435,COMPLETE
869,0.0,0.07659826945365626,0.010953669735208114,0.002291512878983546,COMPLETE
870,0.0,0.07386003586913255,3.6670946760424137,0.0016489162923333195,COMPLETE
871,0.0,0.07399999316980378,22.46850874636439,0.0016489162923333195,COMPLETE
872,0.0,0.07368372665596563,0.025189659395424606,13.77386597342457,COMPLETE
873,0.0,0.06724310696649878,49.76220198678533,89.1351228953235,COMPLETE
874,0.0,0.07185385302008312,9.558540010373044,89.13668303923443,COMPLETE
875,0.0,0.07884590315169268,2.635899690798993,0.06366252213016296,COMPLETE
876,0.0,0.0713841730884345,196.02583932191874,0.14884486833326926,COMPLETE
877,0.0,0.07105592530765552,0.2664206860886022,0.0015290172877770376,COMPLETE
878,0.0,0.07221668820377879,220.60285971787573,0.00036615818123349176,COMPLETE
879,0.0,0.07302668460973508,35.47682689474354,76.1196531617525,COMPLETE
880,0.0,0.07100208939449368,6069.558954662461,13.354902884199069,COMPLETE
881,0.0,0.07688022798384801,809.1791309266355,7.798933067577803,COMPLETE
882,0.0,0.0724556392806149,220.60285971787573,0.1696086394933081,COMPLETE
883,0.0,0.07077531437583645,6069.558954662461,25.563662958531392,COMPLETE
884,0.0,0.06876933460468046,80.20366903533072,0.039651414025382255,COMPLETE
885,0.0,0.06871314429132108,75.14881493630534,3.67611634847581,COMPLETE
886,0.0,0.07693043015585575,0.07533026711483334,0.01976428667115038,COMPLETE
887,0.0,0.07248842850003791,0.025189659395424606,0.00034903748879020716,COMPLETE
888,0.0,0.07069328581836477,2993.1403680313056,0.002291512878983546,COMPLETE
889,0.0,0.06821236483759412,0.14175848225886795,0.28557412444415503,COMPLETE
890,0.0,0.07785808067253738,0.5365690659967356,0.45154141244360013,COMPLETE
891,0.0,0.08057675667700953,1038.2112453417399,0.07633918116038194,COMPLETE
892,0.0,0.07255813953653535,4.725226083964217,0.2669565145838075,COMPLETE
893,0.0,0.07471182407576843,9.521350193487752,0.012538492530897406,COMPLETE
894,0.0,0.07674093184863641,30.89804191396057,12.7807485709496,COMPLETE
895,0.0,0.06722018167459769,2136.4943305958245,0.28557412444415503,COMPLETE
896,0.0,0.07056434030870287,0.14175848225886795,23.933771995436338,COMPLETE
897,0.0,0.07858702728076432,0.24523259839388872,0.1375665660731773,COMPLETE
898,0.0,0.07086262361888691,0.14175848225886795,0.004130625496417723,COMPLETE
899,0.0,0.07077159743473457,0.16853504590054721,0.1375665660731773,COMPLETE
900,0.0,0.07258969856162985,221.94097050452177,0.0001667870003380101,COMPLETE
901,0.0,0.0733935867918391,12.533357566161275,0.0008930460621793543,COMPLETE
902,0.0,0.0715806041765331,2201.9418613695943,0.0009872112031485939,COMPLETE
903,0.0,0.06784419754681945,1214.8254299541368,0.17175124989845605,COMPLETE
904,0.0,0.07027502104803932,0.8609164666684853,29.440367224176587,COMPLETE
905,0.0,0.07662536085659591,0.05570025481196002,0.003459839659092992,COMPLETE
906,0.0,0.07176728404654759,0.14175848225886795,0.28557412444415503,COMPLETE
907,0.0,0.06940078068953898,0.14175848225886795,14.929850169711298,COMPLETE
908,0.0,0.06958158910663435,3.5771014136048658,6.461854466369737,COMPLETE
909,0.0,0.07137653716062634,0.019124466336413938,0.0016489162923333195,COMPLETE
910,0.0,0.06990225683612498,1.619076095553801,0.5614477199170995,COMPLETE
911,0.0,0.0768653012990195,6052.7332849440345,4.120230915452055,COMPLETE
912,0.0,0.06912545886842321,45.331712044725386,0.03298830850929375,COMPLETE
913,0.0,0.07933003497916621,174.0721964693598,0.28557412444415503,COMPLETE
914,0.0,0.0773070660190612,167.24127039872647,0.02073089506482286,COMPLETE
915,0.0,0.08298559526190356,6052.7332849440345,16.175082833048418,COMPLETE
916,0.0,0.07362508086174682,1.8105501831301984,0.031146996657644494,COMPLETE
917,0.0,0.07533329602799271,12.533357566161275,0.0020274921386504966,COMPLETE
918,0.0,0.07573698682355948,589.1493822679552,0.0025843960034921155,COMPLETE
919,0.0,0.07963772278361625,6052.7332849440345,69.25663243261899,COMPLETE
920,0.0,0.06865538949281888,809.1791309266355,0.06170046976955652,COMPLETE
921,0.0,0.07180334195640573,465.62240726033906,0.0019396700532525377,COMPLETE
922,0.0,0.07279577085023173,6069.558954662461,0.28557412444415503,COMPLETE
923,0.0,0.07337644842645841,19.2842264096923,0.00017197317282471628,COMPLETE
924,0.0,0.06720700333040742,314.3125713133897,0.00042671146486399135,COMPLETE
925,0.0,0.06895957702659788,9.521350193487752,0.007987577931521262,COMPLETE
926,0.0,0.07847911275643055,171.6734772627219,0.00042671146486399135,COMPLETE
927,0.0,0.07256387252543575,58.357378247059806,0.06269840937402783,COMPLETE
928,0.0,0.07198609721528895,2.4833506865676,0.002291512878983546,COMPLETE
929,0.0,0.07783116433950689,0.5350674305745946,0.11418279992968623,COMPLETE
930,0.0,0.07258114032414802,0.6729437960781947,0.003459839659092992,COMPLETE
931,0.0,0.07368480071643127,0.3902606567120502,7.381971804141068,COMPLETE
932,0.0,0.07348708520134323,167.24127039872647,0.0002206637755697748,COMPLETE
933,0.0,0.06898899920795189,0.14175848225886795,0.0016387517315903874,COMPLETE
934,0.0,0.07128917610915166,0.025189659395424606,3.8823689031011437,COMPLETE
935,0.0,0.060046714958127335,6052.7332849440345,0.0012972864699424638,COMPLETE
936,0.0,0.07873763682009632,167.24127039872647,0.00013789407316783844,COMPLETE
937,0.0,0.07298007634941919,3.420338500158556,0.041851859786873585,COMPLETE
938,0.0,0.07790617470835877,9066.017218527975,0.28557412444415503,COMPLETE
939,0.0,0.07720572081611098,0.04651496037146188,2.1568105648345797,COMPLETE
940,0.0,0.07156219937094803,6069.558954662461,38.411172201900975,COMPLETE
941,0.0,0.07539903103709714,220.60285971787573,0.030269313498155592,COMPLETE
942,0.0,0.07250362714669746,75.14881493630534,0.43959397717087073,COMPLETE
943,0.0,0.07115541620416614,0.28510608010221516,0.039651414025382255,COMPLETE
944,0.0,0.07599525431136885,75.14881493630534,7.7995807443605845,COMPLETE
945,0.0,0.07136423502898936,220.60285971787573,0.18301545091962218,COMPLETE
946,0.0,0.0649340402488637,75.14881493630534,0.06366252213016296,COMPLETE
947,0.0,0.07171955377777245,13.727817568514252,0.28557412444415503,COMPLETE
948,0.0,0.07470742033157027,3.6670946760424137,3.079677604656429,COMPLETE
949,0.0,0.0741915088340962,0.10498383009099505,0.03638276743752974,COMPLETE
950,0.0,0.06927832089344749,0.35380963658184844,0.007987577931521262,COMPLETE
951,0.0,0.07502213053846428,1.8986764749415963,0.0007489929325182545,COMPLETE
952,0.0,0.07598849940041404,0.025189659395424606,0.015017532020814798,COMPLETE
953,0.0,0.07280911093237358,0.24600728103118724,0.0016393533514138068,COMPLETE
954,0.0,0.0654601972003204,83.79414807568077,0.0012685418918425846,COMPLETE
955,0.0,0.0699546473907748,790.4714980101568,0.00042671146486399135,COMPLETE
956,0.0,0.07474925513311743,4835.330987195812,13.77386597342457,COMPLETE
957,0.0,0.0725066208611658,0.14175848225886795,0.5722779596172037,COMPLETE
958,0.0,0.07986331543517342,196.02583932191874,0.0047010372529179695,COMPLETE
959,0.0,0.07298233217454897,2.4553190452236495,0.28557412444415503,COMPLETE
960,0.0,0.07363480063647725,91.86893265591196,0.228992437690869,COMPLETE
961,0.0,0.07680229905183102,156.60422725706567,0.28557412444415503,COMPLETE
962,0.0,0.07411083375029737,0.10277618330591617,0.039651414025382255,COMPLETE
963,0.0,0.07770114492200222,35.04670414572725,0.012058310260030259,COMPLETE
964,0.0,0.08064802986325216,375.05900918312915,5.81001017714935,COMPLETE
965,0.0,0.07503262764184593,0.037551937529010676,0.021174087162610645,COMPLETE
966,0.0,0.07519162453358294,0.17971417011166507,0.0005519027161981605,COMPLETE
967,0.0,0.07476374087447189,0.1199503622152227,0.003459839659092992,COMPLETE
968,0.0,0.0720744542905003,313.8898619475138,0.6281973192600224,COMPLETE
969,0.0,0.07800732247998451,0.09688252859650308,0.16068016424644757,COMPLETE
970,0.0,0.08092310968217185,6052.7332849440345,16.175082833048418,COMPLETE
971,0.0,0.06751032469063448,35.04670414572725,24.220775089794525,COMPLETE
972,0.0,0.07661314768121481,0.028838830055714457,0.31494458145471704,COMPLETE
973,0.0,0.0746507943455156,19.128705445252322,0.252901262000926,COMPLETE
974,0.0,0.07813232145674406,809.1791309266355,5.81001017714935,COMPLETE
975,0.0,0.07453646750328036,0.025189659395424606,0.00026556212099835896,COMPLETE
976,0.0,0.07109141020312651,0.025189659395424606,1.5607406451348307,COMPLETE
977,0.0,0.07619073315514627,6.382452180552077,0.02097212453161763,COMPLETE
978,0.0,0.07266654953456517,0.05798164838060072,6.5763976860282085,COMPLETE
979,0.0,0.07134966233421244,0.5959456835762412,13.77386597342457,COMPLETE
980,0.0,0.0701349823520267,1.9026383025497648,0.00026562518420152753,COMPLETE
981,0.0,0.06819348759343097,0.19146392071049317,0.45154141244360013,COMPLETE
982,0.0,0.07387998533646499,0.24084783188691805,0.00010211858671101548,COMPLETE
983,0.0,0.07419853004712197,35.47682689474354,0.000955353541039776,COMPLETE
984,0.0,0.06895782655659932,220.60285971787573,2.100046693575991,COMPLETE
985,0.0,0.07532867500979391,1038.2112453417399,0.07633918116038194,COMPLETE
986,0.0,0.07135310121755818,2525.2992654679647,10.826933894608425,COMPLETE
987,0.0,0.059461638235607066,6052.7332849440345,0.00033743606897091767,COMPLETE
988,0.0,0.07097905423119319,0.24084783188691805,0.28557412444415503,COMPLETE
989,0.0,0.07023672757957992,0.16491216946279053,0.031146996657644494,COMPLETE
990,0.0,0.07592705373292792,167.24127039872647,0.6281973192600224,COMPLETE
991,0.0,0.08129424817896454,6069.558954662461,0.3813400368757065,COMPLETE
992,0.0,0.07602246272827898,500.6714679329181,0.2669565145838075,COMPLETE
993,0.0,0.06846018711870147,174.0721964693598,0.00026239628505222995,COMPLETE
994,0.0,0.07213294646357608,0.02530010357688649,0.6281973192600224,COMPLETE
995,0.0,0.07193349185448358,2525.2992654679647,0.008631162843977446,COMPLETE
996,0.0,0.07393335484907868,0.024358178817614623,0.17053028784857374,COMPLETE
997,0.0,0.06830776236981588,49.76220198678533,1.3802308326635433,COMPLETE
998,0.0,0.07403704883247558,6.99798267464822,0.0012181205734637121,COMPLETE
999,0.0,0.07555628157086337,0.24600728103118724,3.7883548605679342,COMPLETE
1000,0.0,0.07607890283806326,0.12105353684193652,0.22128292970734784,COMPLETE
1001,0.0,0.07420855040731893,302.5192843613214,5.81001017714935,COMPLETE
1002,0.0,0.07924867216629787,158.7210665369529,0.0003759070352523823,COMPLETE
1003,0.0,0.07428895521095917,0.4751222033608993,0.014775040959653367,COMPLETE
1004,0.0,0.07333578378759771,0.07124680717208502,0.28557412444415503,COMPLETE
1005,0.0,0.06918306502559604,174.0721964693598,0.28557412444415503,COMPLETE
1006,0.0,0.08402143936925165,5590.270981096828,0.07633918116038194,COMPLETE
1007,0.0,0.07732460498535741,174.0721964693598,3.475695437573184,COMPLETE
1008,0.0,0.07359861958736322,3.703832596771458,0.0477753375930185,COMPLETE
1009,0.0,0.06490669686661844,170.97026674753346,0.000795772086080348,COMPLETE
1010,0.0,0.07627479282630506,161.43271441850715,0.3813400368757065,COMPLETE
1011,0.0,0.07329543036036633,63.785685975878714,0.0017196365349972686,COMPLETE
1012,0.0,0.08066469111622676,1.2309787277542066,0.031146996657644494,COMPLETE
1013,0.0,0.07629533863694815,174.0721964693598,13.77386597342457,COMPLETE
1014,0.0,0.07110092541367823,1.619076095553801,0.228992437690869,COMPLETE
1015,0.0,0.07823857079680227,6052.7332849440345,0.039651414025382255,COMPLETE
1016,0.0,0.0734941528075911,0.14175848225886795,0.00716291830272684,COMPLETE
1017,0.0,0.07406474893024405,3.518475239592961,29.962489303792434,COMPLETE
1018,0.0,0.07190385004649609,1.428242835824286,0.0007346320461448202,COMPLETE
1019,0.0,0.07106848704389052,1.619076095553801,0.0001527636877923268,COMPLETE
1020,0.0,0.07989066330170938,220.60285971787573,0.22128292970734784,COMPLETE
1021,0.0,0.07334293425006205,167.24127039872647,13.77386597342457,COMPLETE
1022,0.0,0.07380661895091613,1.428242835824286,0.0005206136477242506,COMPLETE
1023,0.0,0.07808145396243396,167.24127039872647,0.0016489162923333195,COMPLETE
1024,0.0,0.07604401957837195,42.725947772408205,0.0009823646730425805,COMPLETE
1025,0.0,0.06523902253938538,0.14175848225886795,0.28557412444415503,COMPLETE
1026,0.0,0.07700667125833296,41.16299644028152,0.0016489162923333195,COMPLETE
1027,0.0,0.07452596442980408,43.67847565097861,0.06170046976955652,COMPLETE
1028,0.0,0.07806690567216212,2525.2992654679647,1.0081292282669476,COMPLETE
1029,0.0,0.07569191831063272,21.291017992971646,0.0002678031866193881,COMPLETE
1030,0.0,0.07379069932909589,0.24084783188691805,0.315211985850034,COMPLETE
1031,0.0,0.06907317255261458,0.6465113704441213,0.00017197317282471628,COMPLETE
1032,0.0,0.07821895159870138,220.60285971787573,0.0006062052444070849,COMPLETE
1033,0.0,0.06764983664427913,0.025189659395424606,13.77386597342457,COMPLETE
1034,0.0,0.07202252610977355,63.84767402615082,4.355853492749126,COMPLETE
1035,0.0,0.08142087631443416,0.32932278058544506,56.643729654971494,COMPLETE
1036,0.0,0.07143971495956104,0.06794942384916693,5.81001017714935,COMPLETE
1037,0.0,0.07848395519329633,2578.963231689074,0.28557412444415503,COMPLETE
1038,0.0,0.080912741660679,6069.558954662461,1.1199467767461697,COMPLETE
1039,0.0,0.0810457562821058,6052.7332849440345,80.88612216244465,COMPLETE
1040,0.0,0.07550971607561374,6.0923427149644995,1.0823414597990861,COMPLETE
1041,0.0,0.0794396476831661,0.025189659395424606,13.77386597342457,COMPLETE
1042,0.0,0.0728852345044575,0.12105353684193652,0.0008695856350419468,COMPLETE
1043,0.0,0.08018964308050591,156.60422725706567,7.00299089256013,COMPLETE
1044,0.0,0.06027881275097067,2525.2992654679647,0.00042671146486399135,COMPLETE
1045,0.0,0.0766295632496823,655.4202510558539,0.039651414025382255,COMPLETE
1046,0.0,0.07388711229526976,23.24142808915177,70.97327662493815,COMPLETE
1047,0.0,0.07974131196650705,0.02006333237565876,0.0016533745754515785,COMPLETE
1048,0.0,0.07689776721395682,75.14881493630534,0.0002686693219297194,COMPLETE
1049,0.0,0.07025133375258256,0.24084783188691805,0.10700447495023357,COMPLETE
1050,0.0,0.07232081597956151,0.3382332553435755,0.0047010372529179695,COMPLETE
1051,0.0,0.06939129377907724,3.9840571202718245,0.003459839659092992,COMPLETE
1052,0.0,0.07466836758680069,611.3078547087539,0.0047010372529179695,COMPLETE
1053,0.0,0.0745517081374063,2284.617701148775,13.77386597342457,COMPLETE
1054,0.0,0.07446198370724008,0.10277618330591617,1.4813939936239704,COMPLETE
1055,0.0,0.07007742650083042,0.12105353684193652,0.22128292970734784,COMPLETE
1056,0.0,0.069683329687503,0.031466817415422975,16.175082833048418,COMPLETE
1057,0.0,0.07661324907769915,0.012991438867774372,2.030071448603065,COMPLETE
1058,0.0,0.07765892578249833,6052.7332849440345,0.039651414025382255,COMPLETE
1059,0.0,0.0743107031895355,6069.558954662461,41.01050488903069,COMPLETE
1060,0.0,0.07175090915900315,167.24127039872647,21.04993515011497,COMPLETE
1061,0.0,0.0715250407359694,0.015399720483507158,44.65688039390869,COMPLETE
1062,0.0,0.07040341015251782,75.14881493630534,3.417178645491143,COMPLETE
1063,0.0,0.07308254014021756,3162.8278457019987,1.539732775920337,COMPLETE
1064,0.0,0.07396344794518368,35.19505062516721,0.00036615818123349176,COMPLETE
1065,0.0,0.07268319827938062,156.60422725706567,7.932727044701202,COMPLETE
1066,0.0,0.07727904752032307,2908.9132596812633,1.8486786082628293,COMPLETE
1067,0.0,0.06798105715405355,3.8825030971958863,0.3813400368757065,COMPLETE
1068,0.0,0.07412790358482549,0.06332756463234769,0.000951813717113885,COMPLETE
1069,0.0,0.07006413675639765,167.24127039872647,0.039651414025382255,COMPLETE
1070,0.0,0.07011277709686807,0.01123876654945875,13.77386597342457,COMPLETE
1071,0.0,0.07307523270724005,0.14175848225886795,0.00022039550322183507,COMPLETE
1072,0.0,0.07620703588650496,35.04670414572725,0.0016489162923333195,COMPLETE
1073,0.0,0.08151361183180444,6069.558954662461,1.7176345647426785,COMPLETE
1074,0.0,0.07641495784554846,5994.495622137481,13.77386597342457,COMPLETE
1075,0.0,0.07263722911806213,6.01991249323814,0.2555066140664515,COMPLETE
1076,0.0,0.07035328635134552,0.010260625129235576,0.0017939042076273641,COMPLETE
1077,0.0,0.0702367704877974,220.60285971787573,95.77287719640907,COMPLETE
1078,0.0,0.07388298885329408,0.05577284122258764,0.6281973192600224,COMPLETE
1079,0.0,0.0696255260484972,220.60285971787573,5.524598430235323,COMPLETE
1080,0.0,0.07403107728734228,494.7904867987425,0.001537447247216726,COMPLETE
1081,0.0,0.06648361347759596,42.53137416876414,0.0016489162923333195,COMPLETE
1082,0.0,0.0758412179445179,1.8314160451739134,0.028846659628160458,COMPLETE
1083,0.0,0.07395333801463452,2525.2992654679647,0.15415077092096136,COMPLETE
1084,0.0,0.06671347853763297,156.60422725706567,0.28557412444415503,COMPLETE
1085,0.0,0.06599458297057163,6069.558954662461,0.0016489162923333195,COMPLETE
1086,0.0,0.07792953819210537,8720.368823672734,13.77386597342457,COMPLETE
1087,0.0,0.06922085501071266,0.019124466336413938,2.086344395777041,COMPLETE
1088,0.0,0.07475267037709925,819.4671926374642,0.00042671146486399135,COMPLETE
1089,0.0,0.06942369077767688,3.6670946760424137,0.007987577931521262,COMPLETE
1090,0.0,0.08038378157685186,1726.016396423232,3.0955838500667,COMPLETE
1091,0.0,0.07314958885543178,0.019124466336413938,0.0002196134167034955,COMPLETE
1092,0.0,0.07222707388729194,196.02583932191874,0.010528410131563913,COMPLETE
1093,0.0,0.07382526338882402,83.79414807568077,91.77383224227381,COMPLETE
1094,0.0,0.08245229668481151,0.18508229900666093,0.039651414025382255,COMPLETE
1095,0.0,0.07481773812502916,248.0159581304439,16.175082833048418,COMPLETE
1096,0.0,0.07976704435783402,1.587262545450525,0.007987577931521262,COMPLETE
1097,0.0,0.07293290719431786,3.6670946760424137,0.052335936989219754,COMPLETE
1098,0.0,0.07517561436062294,2525.2992654679647,0.5834985764118518,COMPLETE
1099,0.0,0.07440372670651008,0.019589017850113282,18.74809698405115,COMPLETE
1100,0.0,0.07422988593230836,146.88299703390513,0.039651414025382255,COMPLETE
1101,0.0,0.07191333655314709,49.76220198678533,0.06170046976955652,COMPLETE
1102,0.0,0.058681883851152555,2525.2992654679647,0.00042671146486399135,COMPLETE
1103,0.0,0.06988365941595687,48.50313759533876,0.00024082073173408052,COMPLETE
1104,0.0,0.06705907773452914,0.14175848225886795,3.020519282019435,COMPLETE
1105,0.0,0.0727864103999337,680.1101912705878,17.95726932784959,COMPLETE
1106,0.0,0.07781722766460004,0.013683738014561263,0.015017532020814798,COMPLETE
1107,0.0,0.07811515688183748,1.6034892202761626,0.015017532020814798,COMPLETE
1108,0.0,0.07811670797510371,363.61923159080396,1.7643503057438028,COMPLETE
1109,0.0,0.07478130013972639,167.24127039872647,0.2669565145838075,COMPLETE
1110,0.0,0.07028469916962696,6052.7332849440345,16.175082833048418,COMPLETE
1111,0.0,0.07597619846309273,3.6670946760424137,0.007987577931521262,COMPLETE
1112,0.0,0.08213132091774575,6069.558954662461,0.13308879052871622,COMPLETE
1113,0.0,0.06891081485346714,0.02976656657923521,0.06170046976955652,COMPLETE
1114,0.0,0.07730691528157639,49.76220198678533,2.454040999220384,COMPLETE
1115,0.0,0.07738586657539225,6069.558954662461,0.002291512878983546,COMPLETE
1116,0.0,0.07873659603489656,3525.792584610694,1.7948941147357442,COMPLETE
1117,0.0,0.071580725513401,219.98113793540773,0.024673123905704347,COMPLETE
1118,0.0,0.07069381655003484,35.47682689474354,0.28557412444415503,COMPLETE
1119,0.0,0.06982780243594298,0.32932278058544506,0.8009530075468578,COMPLETE
1120,0.0,0.07236558053756538,83.79414807568077,0.6281973192600224,COMPLETE
1121,0.0,0.06995795469398262,6052.7332849440345,0.04420161345535562,COMPLETE
1122,0.0,0.07465303280863869,147.40452137036644,16.175082833048418,COMPLETE
1123,0.0,0.07155768178405675,14.792674687956085,0.28557412444415503,COMPLETE
1124,0.0,0.060198368211841435,6052.7332849440345,0.0004785302397825174,COMPLETE
1125,0.0,0.08005784168900874,3.6670946760424137,5.81001017714935,COMPLETE
1126,0.0,0.07510091364819439,6924.25714118166,13.77386597342457,COMPLETE
1127,0.0,0.0765764305732044,0.027675180676814914,0.02149133889479659,COMPLETE
1128,0.0,0.06862248562532146,0.24084783188691805,0.1375665660731773,COMPLETE
1129,0.0,0.07657152554679898,220.60285971787573,0.00036615818123349176,COMPLETE
1130,0.0,0.06566773216196366,64.62874840711872,5.39565765833502,COMPLETE
1131,0.0,0.07409093951938041,6069.558954662461,0.3813400368757065,COMPLETE
1132,0.0,0.07525571049309701,2605.0017880084756,0.002291512878983546,COMPLETE
1133,0.0,0.07231505826386499,0.02131561626947586,0.0005232316470868716,COMPLETE
1134,0.0,0.07105615077020498,0.24600728103118724,0.039651414025382255,COMPLETE
1135,0.0,0.06991235576424985,178.7792083411221,80.88612216244465,COMPLETE
1136,0.0,0.07635244472251804,0.9950246732501998,1.619264914548393,COMPLETE
1137,0.0,0.07151650696011737,65.99505594803243,0.003946443320335076,COMPLETE
1138,0.0,0.06931595305093513,375.05900918312915,29.936984133381593,COMPLETE
1139,0.0,0.07776550980069484,83.79414807568077,0.002291512878983546,COMPLETE
1140,0.0,0.0746460664492583,3.6670946760424137,0.006491044934677753,COMPLETE
1141,0.0,0.0751556824492433,11.901641797402666,0.015017532020814798,COMPLETE
1142,0.0,0.06423979798426699,2557.744549427731,0.00071975845655001,COMPLETE
1143,0.0,0.07544650971499131,0.025189659395424606,13.77386597342457,COMPLETE
1144,0.0,0.07605282809889989,6069.558954662461,0.3813400368757065,COMPLETE
1145,0.0,0.07536423370955958,4.2170474608162,5.81001017714935,COMPLETE
1146,0.0,0.07805557874998979,0.12105353684193652,0.22128292970734784,COMPLETE
1147,0.0,0.07076561462932117,767.0384344736908,4.9171027598609935,COMPLETE
1148,0.0,0.07700652067480658,6069.558954662461,0.0035116440213100145,COMPLETE
1149,0.0,0.06904944650077346,0.03616017743933636,32.904094585955335,COMPLETE
1150,0.0,0.06854306038159927,167.24127039872647,0.6281973192600224,COMPLETE
1151,0.0,0.07542548924740436,6052.7332849440345,1.7114709557954821,COMPLETE
1152,0.0,0.07378269672420254,83.79414807568077,37.83663685887498,COMPLETE
1153,0.0,0.06655743067136423,88.39814437698234,0.0005544519075424585,COMPLETE
1154,0.0,0.07494050713683856,0.10277618330591617,0.0037562974501105825,COMPLETE
1155,0.0,0.08229305493093607,0.9894244800174393,0.00042671146486399135,COMPLETE
1156,0.0,0.07359554882300158,220.60285971787573,5.81001017714935,COMPLETE
1157,0.0,0.07668514542481658,340.02807049011744,0.0017531273218130113,COMPLETE
1158,0.0,0.08168999538751111,1449.0815434261349,0.0016533745754515785,COMPLETE
1159,0.0,0.07588540755781421,220.60285971787573,0.0010599892761848169,COMPLETE
1160,0.0,0.08212471533779911,4.16069193082301,0.06170046976955652,COMPLETE
1161,0.0,0.0717344829958405,85.37487251224626,0.10651121806580564,COMPLETE
1162,0.0,0.07257547336918162,83.79414807568077,0.002291512878983546,COMPLETE
1163,0.0,0.07233343680143417,83.79414807568077,16.175082833048418,COMPLETE
1164,0.0,0.07394505558665024,174.0721964693598,16.175082833048418,COMPLETE
1165,0.0,0.08113878166173469,6069.558954662461,0.1375665660731773,COMPLETE
1166,0.0,0.07511395484628243,0.05966473661515839,0.45154141244360013,COMPLETE
1167,0.0,0.06778289622517233,375.05900918312915,80.88612216244465,COMPLETE
1168,0.0,0.0740209914903297,2525.2992654679647,0.039651414025382255,COMPLETE
1169,0.0,0.08580460791885634,6069.558954662461,0.003000599069074373,COMPLETE
1170,0.0,0.07612922661284992,7.890085417125824,0.28557412444415503,COMPLETE
1171,0.0,0.07315604632890357,0.019798396619123186,0.22128292970734784,COMPLETE
1172,0.0,0.06421000578246322,0.431772151248459,5.81001017714935,COMPLETE
1173,0.0,0.07699141275975872,1979.9756807005172,0.010090026790246728,COMPLETE
1174,0.0,0.08053610144722766,220.60285971787573,13.77386597342457,COMPLETE
1175,0.0,0.07607357340809733,6069.558954662461,0.3813400368757065,COMPLETE
1176,0.0,0.07993005378983001,6052.7332849440345,0.039651414025382255,COMPLETE
1177,0.0,0.07745351819174222,49.76220198678533,0.00022247622715730362,COMPLETE
1178,0.0,0.08210984946088982,257.0107682443964,0.23139176924953686,COMPLETE
1179,0.0,0.06372380374153383,15.202857414318276,0.3813400368757065,COMPLETE
1180,0.0,0.07664285211119083,3.6670946760424137,0.05771592480189647,COMPLETE
1181,0.0,0.07200952447209176,2.3515226662855975,0.0007244588513083016,COMPLETE
1182,0.0,0.0808660449258334,2525.2992654679647,0.003459839659092992,COMPLETE
1183,0.0,0.0734455832847024,0.24600728103118724,0.00041245936754640363,COMPLETE
1184,0.0,0.07735822643572626,1.6682093510414784,32.757422564960414,COMPLETE
1185,0.0,0.07258300257378922,0.3881629404441176,0.07633918116038194,COMPLETE
1186,0.0,0.0715490067891886,83.79414807568077,0.002291512878983546,COMPLETE
1187,0.0,0.07729338813189199,6052.7332849440345,13.77386597342457,COMPLETE
1188,0.0,0.07511643453288513,3.6670946760424137,0.10966449769970615,COMPLETE
1189,0.0,0.07137446944478208,152.1438990446417,0.006594473823174585,COMPLETE
1190,0.0,0.06930587832969562,205.19298175916043,0.28557412444415503,COMPLETE
1191,0.0,0.07347164260953025,0.2855019244529145,0.039651414025382255,COMPLETE
1192,0.0,0.0723640794395294,3.6068920343680375,0.001792750263198053,COMPLETE
1193,0.0,0.07354380188808735,167.24127039872647,0.3813400368757065,COMPLETE
1194,0.0,0.07475265982011622,35.04670414572725,0.00042671146486399135,COMPLETE
1195,0.0,0.07621601141423527,3366.4735027811353,0.27527857823989105,COMPLETE
1196,0.0,0.07257563201913188,46.159493772578635,20.37986973552184,COMPLETE
1197,0.0,0.06584466155761959,2525.2992654679647,0.0009660197546225322,COMPLETE
1198,0.0,0.06222832367283329,6052.7332849440345,0.0012971511877922406,COMPLETE
1199,0.0,0.06752233819592636,689.9470041557497,0.06366252213016296,COMPLETE
1200,0.0,0.07423658593083005,220.60285971787573,0.00036615818123349176,COMPLETE
1201,0.0,0.06978134259713385,53.548536110893,0.28557412444415503,COMPLETE
1202,0.0,0.06716882299065169,49.76220198678533,14.175960838552585,COMPLETE
1203,0.0,0.07522134389854618,0.14175848225886795,0.20475508379479712,COMPLETE
1204,0.0,0.0780779090044846,49.76220198678533,0.28557412444415503,COMPLETE
1205,0.0,0.0753322430594962,6052.7332849440345,1.4369474483711917,COMPLETE
1206,0.0,0.07109865320096544,24.97153476925705,0.0008997576214519167,COMPLETE
1207,0.0,0.07317219199011314,375.05900918312915,0.28557412444415503,COMPLETE
1208,0.0,0.06340948457230705,6069.558954662461,0.0008646035645680423,COMPLETE
1209,0.0,0.07978561442541102,0.14175848225886795,0.023094099981404444,COMPLETE
1210,0.0,0.061145297076076896,7190.890598627186,0.00036615818123349176,COMPLETE
1211,0.0,0.07698343154031802,3066.256999582485,5.81001017714935,COMPLETE
1212,0.0,0.07754443554467184,6052.7332849440345,5.625931470304421,COMPLETE
1213,0.0,0.0710435062182989,35.04670414572725,0.0003469521088355591,COMPLETE
1214,0.0,0.0747302849650365,0.16540390476938616,0.015017532020814798,COMPLETE
1215,0.0,0.07401195201609391,167.24127039872647,0.015017532020814798,COMPLETE
1216,0.0,0.0604888280413326,6052.7332849440345,0.0003886157620476392,COMPLETE
1217,0.0,0.07288936015865728,0.01227893303878982,16.175082833048418,COMPLETE
1218,0.0,0.07410895337994969,0.0594794729713961,1.686251546691264,COMPLETE
1219,0.0,0.07259367635697064,0.32932278058544506,0.0021563371535527655,COMPLETE
1220,0.0,0.0706269180363768,6052.7332849440345,16.175082833048418,COMPLETE
1221,0.0,0.07882317170470046,6052.7332849440345,0.11256825108589133,COMPLETE
1222,0.0,0.08055249584056362,6656.792963561223,2.4469032466742595,COMPLETE
1223,0.0,0.0745744393313678,106.03657128419574,2.1848636884525643,COMPLETE
1224,0.0,0.07257565330132512,3973.8973963667645,7.678219128790424,COMPLETE
1225,0.0,0.06923017150946485,167.24127039872647,0.28557412444415503,COMPLETE
1226,0.0,0.07395998259986104,498.2944739169563,0.10873497794601136,COMPLETE
1227,0.0,0.07203119810119615,0.062292497268454025,0.0007424266294770998,COMPLETE
1228,0.0,0.06941136259630898,0.24084783188691805,0.00017197317282471628,COMPLETE
1229,0.0,0.07107440856565851,6052.7332849440345,0.5536774588404855,COMPLETE
1230,0.0,0.07286907615773486,0.32932278058544506,0.00010811528266789529,COMPLETE
1231,0.0,0.07489191646684602,6052.7332849440345,19.418826607344414,COMPLETE
1232,0.0,0.07492002205080173,167.24127039872647,64.74911907745162,COMPLETE
1233,0.0,0.06993222707998548,0.12105353684193652,21.86618900452477,COMPLETE
1234,0.0,0.07637178509029949,0.2265843195050658,4.530794121790078,COMPLETE
1235,0.0,0.06844064606846784,167.24127039872647,0.1811089714559612,COMPLETE
1236,0.0,0.07557219378268372,0.017593839703555415,1.6156243002383484,COMPLETE
1237,0.0,0.06707596186806762,6069.558954662461,0.06170046976955652,COMPLETE
1238,0.0,0.07462889021855348,0.14175848225886795,0.008068488568475038,COMPLETE
1239,0.0,0.0800160921918681,8432.161288241341,4.923322274783267,COMPLETE
1240,0.0,0.07215783882082506,2121.1950984960313,0.6859788299734508,COMPLETE
1241,0.0,0.07226072939453582,0.01342283729609717,0.06170046976955652,COMPLETE
1242,0.0,0.07724788783428659,371.7430567465528,0.10403894935382808,COMPLETE
1243,0.0,0.07631957939349006,10.678862221969043,0.006354559475866052,COMPLETE
1244,0.0,0.07378769893387634,2525.2992654679647,0.035089463148756106,COMPLETE
1245,0.0,0.07267579997298595,375.05900918312915,0.002291512878983546,COMPLETE
1246,0.0,0.07267907466595107,0.12105353684193652,0.007987577931521262,COMPLETE
1247,0.0,0.08140676965337623,9331.205759420698,0.3813400368757065,COMPLETE
1248,0.0,0.07348077133071268,0.14175848225886795,0.28557412444415503,COMPLETE
1249,0.0,0.07136447457521,83.79414807568077,10.09243712281187,COMPLETE
1250,0.0,0.0765430858138683,6069.558954662461,0.3813400368757065,COMPLETE
1251,0.0,0.07181683631910392,1.668384466698718,0.28557412444415503,COMPLETE
1252,0.0,0.07350268354367247,0.04280175323551748,0.3768307068841011,COMPLETE
1253,0.0,0.06946564460161578,45.68547723811123,0.06170046976955652,COMPLETE
1254,0.0,0.06614781546933099,1.0355628419069385,0.3813400368757065,COMPLETE
1255,0.0,0.07279097438249683,4393.608045188752,33.83911805865858,COMPLETE
1256,0.0,0.07556486634988083,6069.558954662461,0.023987336498198213,COMPLETE
1257,0.0,0.0700011051948757,0.10277618330591617,76.97977010940467,COMPLETE
1258,0.0,0.07667820567918597,6069.558954662461,0.13308879052871622,COMPLETE
1259,0.0,0.0746897867353119,220.60285971787573,0.002186185684464059,COMPLETE
1260,0.0,0.07542439613785848,2.867516570128978,16.175082833048418,COMPLETE
1261,0.0,0.07005897052222373,0.12105353684193652,0.003459839659092992,COMPLETE
1262,0.0,0.06974163750881575,167.24127039872647,0.009768610937164355,COMPLETE
1263,0.0,0.0760481447889523,0.70894298710309,2.8464790674931235,COMPLETE
1264,0.0,0.07712192949830525,4.713093171593628,0.019909685871668744,COMPLETE
1265,0.0,0.07561163458496704,283.6608719033453,0.0002947605174175621,COMPLETE
1266,0.0,0.07528728364585661,0.13785313728963605,0.06170046976955652,COMPLETE
1267,0.0,0.0708663802090279,167.24127039872647,0.039651414025382255,COMPLETE
1268,0.0,0.07028393031765053,75.14881493630534,0.0006980394908019855,COMPLETE
1269,0.0,0.07566978257836329,6052.7332849440345,16.175082833048418,COMPLETE
1270,0.0,0.0732088877405568,83.79414807568077,0.002291512878983546,COMPLETE
1271,0.0,0.07372819600009212,37.87612578680352,2.060763754483434,COMPLETE
1272,0.0,0.0741137416344961,6069.558954662461,0.015017532020814798,COMPLETE
1273,0.0,0.07476291085357809,0.025189659395424606,0.1375665660731773,COMPLETE
1274,0.0,0.08060089878364946,6052.7332849440345,0.039651414025382255,COMPLETE
1275,0.0,0.07546748370235004,2.995982775216783,0.6599347362117781,COMPLETE
1276,0.0,0.07435916768028183,6069.558954662461,1.1199467767461697,COMPLETE
1277,0.0,0.06703544955658594,129.4368101737769,0.17220158364286264,COMPLETE
1278,0.0,0.07679058551240366,0.14175848225886795,0.01639863382307964,COMPLETE
1279,0.0,0.07456211801585712,220.60285971787573,0.00036615818123349176,COMPLETE
1280,0.0,0.07278246270864407,83.79414807568077,4.333558428159795,COMPLETE
1281,0.0,0.07081005597171187,35.47682689474354,2.2235854453564223,COMPLETE
1282,0.0,0.08347147329182966,6069.558954662461,0.13308879052871622,COMPLETE
1283,0.0,0.07796791494587815,1.6598625643341929,5.81001017714935,COMPLETE
1284,0.0,0.0775189056419822,2240.332696028146,0.003131557775312111,COMPLETE
1285,0.0,0.07324786071178138,6.880414846726785,0.1375665660731773,COMPLETE
1286,0.0,0.07237922836700408,1.080871868660177,0.001899685950153809,COMPLETE
1287,0.0,0.0756975652925897,3947.9048466879576,0.0957160551331941,COMPLETE
1288,0.0,0.07144922131019109,0.14175848225886795,0.7116928849111287,COMPLETE
1289,0.0,0.060740777721355166,1780.5800141021969,0.00040638573264492763,COMPLETE
1290,0.0,0.07198022373734099,3062.9980478595467,0.28557412444415503,COMPLETE
1291,0.0,0.07734506031182867,0.03653791844274271,0.015017532020814798,COMPLETE
1292,0.0,0.07714867975987102,0.24600728103118724,0.06366252213016296,COMPLETE
1293,0.0,0.06901873847358261,0.6399601059177803,16.175082833048418,COMPLETE
1294,0.0,0.07674479713138901,6052.7332849440345,69.25663243261899,COMPLETE
1295,0.0,0.07220123431043224,0.18271798883356571,0.0031135596855928955,COMPLETE
1296,0.0,0.07840873005917896,6052.7332849440345,80.88612216244465,COMPLETE
1297,0.0,0.0732723299299021,49.76220198678533,0.00039981140627467213,COMPLETE
1298,0.0,0.07408618163400077,5193.3447200484125,0.3813400368757065,COMPLETE
1299,0.0,0.08126994811292575,21.169392320017995,0.03569685616193232,COMPLETE
1300,0.0,0.07356880493523303,49.76220198678533,1.3390663607917788,COMPLETE
1301,0.0,0.06359277960094453,6069.558954662461,0.001158850038797426,COMPLETE
1302,0.0,0.07252024403066001,220.60285971787573,37.38448994761137,COMPLETE
1303,0.0,0.07002605994933724,921.5792621623427,5.441043074716433,COMPLETE
1304,0.0,0.07714507404300298,0.013331482342930969,0.023094099981404444,COMPLETE
1305,0.0,0.07204838025442334,167.24127039872647,0.13308879052871622,COMPLETE
1306,0.0,0.0760325240164465,8666.018401435827,0.07633918116038194,COMPLETE
1307,0.0,0.07017422747074024,0.2252955198549511,8.002256343510753,COMPLETE
1308,0.0,0.07023002568118167,487.1504672223768,0.1375665660731773,COMPLETE
1309,0.0,0.0757891002211051,0.02348497957764421,0.45154141244360013,COMPLETE
1310,0.0,0.07140297729166205,0.14175848225886795,8.21323949800098,COMPLETE
1311,0.0,0.07628776313540904,167.24127039872647,0.6281973192600224,COMPLETE
1312,0.0,0.07398556053253057,2.1269054732021573,0.0005467634042539698,COMPLETE
1313,0.0,0.07491364437475366,60.16167938313357,9.330884734624522,COMPLETE
1314,0.0,0.07849575098544725,0.04790732313861011,0.00025571353756423723,COMPLETE
1315,0.0,0.07490032473115824,6069.558954662461,0.13308879052871622,COMPLETE
1316,0.0,0.07543832080197702,6656.792963561223,13.77386597342457,COMPLETE
1317,0.0,0.07131835739635445,4617.668498562524,0.0016489162923333195,COMPLETE
1318,0.0,0.07489592562107739,0.05015820482824864,0.0006563245401262167,COMPLETE
1319,0.0,0.07168108931349737,0.025189659395424606,3.5451674335246297,COMPLETE
1320,0.0,0.07338111842855333,1.0506834579830808,0.07491145192505196,COMPLETE
1321,0.0,0.07533157608341468,83.79414807568077,0.002291512878983546,COMPLETE
1322,0.0,0.07088642445155816,32.803413962888534,0.002291512878983546,COMPLETE
1323,0.0,0.0721961526804141,220.60285971787573,0.00036615818123349176,COMPLETE
1324,0.0,0.07557990330410574,77.62348384109576,0.0209641687841571,COMPLETE
1325,0.0,0.07295865085532169,1.619076095553801,0.228992437690869,COMPLETE
1326,0.0,0.06657053024846729,1.5561723651005608,0.001020001965487894,COMPLETE
1327,0.0,0.07083829084222967,375.05900918312915,30.55548640403016,COMPLETE
1328,0.0,0.06970772051553628,337.97603820499415,0.28557412444415503,COMPLETE
1329,0.0,0.07315611318361125,0.14175848225886795,0.28557412444415503,COMPLETE
1330,0.0,0.072344136773872,0.13411570157464345,0.06170046976955652,COMPLETE
1331,0.0,0.07735625354356478,0.13236577558495904,37.64780448470809,COMPLETE
1332,0.0,0.0683720159241635,0.01847688755713435,0.08722190583380676,COMPLETE
1333,0.0,0.07579715926080531,6069.558954662461,7.368180220095037,COMPLETE
1334,0.0,0.07951642249408988,776.3787154221466,0.005301546203046616,COMPLETE
1335,0.0,0.0646798945043244,0.32932278058544506,56.643729654971494,COMPLETE
1336,0.0,0.07351625156730232,7.964201994323765,0.0010332774703597544,COMPLETE
1337,0.0,0.07353778699061922,840.9795561934469,0.004357988205408411,COMPLETE
1338,0.0,0.07697093652081617,167.24127039872647,6.522809475935366,COMPLETE
1339,0.0,0.07289111478564532,809.1791309266355,0.4605197568223787,COMPLETE
1340,0.0,0.0732991561062722,0.24600728103118724,0.003937080604772703,COMPLETE
1341,0.0,0.07072273912763619,0.0101467636488673,13.470280532370852,COMPLETE
1342,0.0,0.07354438787469865,1.0936977165024986,0.003459839659092992,COMPLETE
1343,0.0,0.07205875586232506,2.921781345567977,0.4469473262028826,COMPLETE
1344,0.0,0.0738502066777966,1490.702761301829,0.0009563419286499912,COMPLETE
1345,0.0,0.07294135570220689,1175.8114306304233,0.6281973192600224,COMPLETE
1346,0.0,0.07963395961726515,0.03182885782772642,1.1199467767461697,COMPLETE
1347,0.0,0.06535584615913488,0.079504430938848,0.007353246295927491,COMPLETE
1348,0.0,0.0735276923655607,0.32932278058544506,56.643729654971494,COMPLETE
1349,0.0,0.08175587095559493,0.3744717408586543,0.03569685616193232,COMPLETE
1350,0.0,0.07238422806572258,0.14175848225886795,0.009757560809050204,COMPLETE
1351,0.0,0.06765705565906953,35.47682689474354,0.0017012845424462795,COMPLETE
1352,0.0,0.07908252235190427,0.1790993389175572,0.007987577931521262,COMPLETE
1353,0.0,0.0778139900143253,0.11139038892970364,0.0009163078028353313,COMPLETE
1354,0.0,0.08049067677607878,75.14881493630534,0.007987577931521262,COMPLETE
1355,0.0,0.06950639378966945,6069.558954662461,3.0242320261737707,COMPLETE
1356,0.0,0.06588854545568906,1.6680323463877889,16.175082833048418,COMPLETE
1357,0.0,0.07148539118404414,6052.7332849440345,4.356436695936167,COMPLETE
1358,0.0,0.07617946087306673,220.60285971787573,0.04309012120667304,COMPLETE
1359,0.0,0.07664485247185458,0.05164060380688619,54.02546050892323,COMPLETE
1360,0.0,0.07152654587750996,140.94589306268705,0.0023699281730969546,COMPLETE
1361,0.0,0.08053110552493407,6069.558954662461,3.8506940369800624,COMPLETE
1362,0.0,0.07344912919645602,1.619076095553801,0.0003690099939253919,COMPLETE
1363,0.0,0.07967582016644821,322.6082540542516,0.6755186180761394,COMPLETE
1364,0.0,0.0777214765491083,9179.65339479364,1.371952899631385,COMPLETE
1365,0.0,0.0740367619407292,0.10277618330591617,0.0743957667778356,COMPLETE
1366,0.0,0.07496591822064254,167.24127039872647,5.202855473847937,COMPLETE
1367,0.0,0.07712822918975855,167.24127039872647,2.7444325081762257,COMPLETE
1368,0.0,0.0772235815629942,6052.7332849440345,0.015017532020814798,COMPLETE
1369,0.0,0.07659367533049899,6052.7332849440345,9.05180959112768,COMPLETE
1370,0.0,0.07669344846624435,1216.805533723049,0.039651414025382255,COMPLETE
1371,0.0,0.07520831934020687,0.15200771841271252,0.0005560704158429138,COMPLETE
1372,0.0,0.06586118778103503,0.31698787515020804,97.15441899906878,COMPLETE
1373,0.0,0.07877314153561026,68.56478490164683,0.028894100092093998,COMPLETE
1374,0.0,0.07399835032457261,3.6670946760424137,0.000446693897131745,COMPLETE
1375,0.0,0.08502058178800972,6069.558954662461,0.6281973192600224,COMPLETE
1376,0.0,0.07278502791923523,0.45573914479930305,0.04533312640849794,COMPLETE
1377,0.0,0.07950454777856694,0.02374725933554325,0.036658758601303604,COMPLETE
1378,0.0,0.07634283869551461,6052.7332849440345,80.88612216244465,COMPLETE
1379,0.0,0.07521778818882707,75.14881493630534,12.624883996885936,COMPLETE
1380,0.0,0.07276772321382195,0.14175848225886795,26.655117079182123,COMPLETE
1381,0.0,0.07556622741401231,2525.2992654679647,0.0016489162923333195,COMPLETE
1382,0.0,0.07679111349127726,2.302100009004514,0.004162636449892952,COMPLETE
1383,0.0,0.07802478454400992,6069.558954662461,0.7194884085514661,COMPLETE
1384,0.0,0.07999028985589886,1921.252204908035,0.06608668157945485,COMPLETE
1385,0.0,0.07822651564862332,724.5750746992693,0.00042671146486399135,COMPLETE
1386,0.0,0.06564106083775731,6069.558954662461,0.00038615755828310685,COMPLETE
1387,0.0,0.07705527071176634,220.60285971787573,26.326072323806056,COMPLETE
1388,0.0,0.06647958399332818,0.01869056505526226,0.45154141244360013,COMPLETE
1389,0.0,0.06324761083391262,6069.558954662461,0.0005464163195556944,COMPLETE
1390,0.0,0.07558517746979244,0.1412649453259688,1.5395018019507303,COMPLETE
1391,0.0,0.0809457179864333,0.14175848225886795,0.5793069897130515,COMPLETE
1392,0.0,0.07066189418131337,49.76220198678533,0.06170046976955652,COMPLETE
1393,0.0,0.0704449417584302,49.76220198678533,0.45154141244360013,COMPLETE
1394,0.0,0.0713464914040454,0.10277618330591617,0.6281973192600224,COMPLETE
1395,0.0,0.07288538603636488,192.88169681818974,0.0005259879557402973,COMPLETE
1396,0.0,0.07319910440937653,0.025189659395424606,0.934309923662788,COMPLETE
1397,0.0,0.07049213141822618,21.169392320017995,2.909846066549459,COMPLETE
1398,0.0,0.06964636726746705,6052.7332849440345,0.039651414025382255,COMPLETE
1399,0.0,0.075212353635876,3459.6443615120374,0.3813400368757065,COMPLETE
1400,0.0,0.07489036818131681,1038.2112453417399,0.07633918116038194,COMPLETE
1401,0.0,0.07387928865825437,266.3734192820733,0.07633918116038194,COMPLETE
1402,0.0,0.07367619337614709,0.020047766550875545,80.88612216244465,COMPLETE
1403,0.0,0.07223779477194249,2.5342419053475687,0.20080448489290487,COMPLETE
1404,0.0,0.07541057165664765,174.0721964693598,0.28557412444415503,COMPLETE
1405,0.0,0.06688778013280407,0.021981563651780847,91.6637299002355,COMPLETE
1406,0.0,0.07322349910062002,75.14881493630534,0.0004356252056131312,COMPLETE
1407,0.0,0.07536187667717513,196.02583932191874,0.0047010372529179695,COMPLETE
1408,0.0,0.07055351145541616,6052.7332849440345,1.4427516109855503,COMPLETE
1409,0.0,0.08042955404118554,6052.7332849440345,1.7176345647426785,COMPLETE
1410,0.0,0.07276883940184026,0.10814227836208457,0.00017143621267207701,COMPLETE
1411,0.0,0.07541312631544506,2525.2992654679647,0.03569685616193232,COMPLETE
1412,0.0,0.08065357696252734,49.76220198678533,0.0011283571989333266,COMPLETE
1413,0.0,0.06579736651825747,0.013011950138853949,0.5512677903066522,COMPLETE
1414,0.0,0.07775203688368547,0.017607049534599434,0.6281973192600224,COMPLETE
1415,0.0,0.07677895408950551,220.19666878787027,0.3813400368757065,COMPLETE
1416,0.0,0.08426562473198707,6069.558954662461,0.13308879052871622,COMPLETE
1417,0.0,0.07759283219044906,0.0443628700819908,0.005338677443121118,COMPLETE
1418,0.0,0.07304695925938552,167.01890128468335,0.28557412444415503,COMPLETE
1419,0.0,0.07116170301725523,1.4084424839534342,0.003459839659092992,COMPLETE
1420,0.0,0.07534979608785544,1.5184305301790206,0.00036615818123349176,COMPLETE
1421,0.0,0.07271728706462137,1.0446210491436347,0.06170046976955652,COMPLETE
1422,0.0,0.0731418057568225,0.2364306385404759,10.93725735140914,COMPLETE
1423,0.0,0.07537894619196299,6069.558954662461,1.1199467767461697,COMPLETE
1424,0.0,0.06550044407745784,85.61232722521827,0.3979261603873581,COMPLETE
1425,0.0,0.07360278161213096,3713.227496685729,3.9561124372500154,COMPLETE
1426,0.0,0.07000942005067542,6069.558954662461,0.04152306913008792,COMPLETE
1427,0.0,0.0649090872910818,3959.3693803344167,0.00036615818123349176,COMPLETE
1428,0.0,0.07278785912152676,220.60285971787573,0.00042671146486399135,COMPLETE
1429,0.0,0.07268534468585752,0.24084783188691805,65.40150284909727,COMPLETE
1430,0.0,0.07396987169713216,6052.7332849440345,16.175082833048418,COMPLETE
1431,0.0,0.07886855987416083,6052.7332849440345,0.005471869626926082,COMPLETE
1432,0.0,0.07318715324446362,0.3643955136832675,12.189509719567651,COMPLETE
1433,0.0,0.07030198219122179,11.973321818019176,0.22128292970734784,COMPLETE
1434,0.0,0.07317389081090461,52.7552884800859,0.0003255733730917945,COMPLETE
1435,0.0,0.07508926571128835,49.76220198678533,0.04480561601514516,COMPLETE
1436,0.0,0.07630699289212373,6069.558954662461,3.8506940369800624,COMPLETE
1437,0.0,0.07233529123867971,485.3947225975465,0.08387605126654082,COMPLETE
1438,0.0,0.06634482510714206,0.038971506023791604,12.669208170432551,COMPLETE
1439,0.0,0.07837389511982362,6069.558954662461,1.7176345647426785,COMPLETE
1440,0.0,0.07489870205664459,0.10277618330591617,0.039651414025382255,COMPLETE
1441,0.0,0.06152173767284411,8011.124355017575,0.00036615818123349176,COMPLETE
1442,0.0,0.07295320825886156,0.14175848225886795,0.45154141244360013,COMPLETE
1443,0.0,0.07291195859920943,1.0420414110115173,0.00042671146486399135,COMPLETE
1444,0.0,0.0722127007425697,4906.250781384922,0.3813400368757065,COMPLETE
1445,0.0,0.07444463498585388,64.21583562411816,0.002291512878983546,COMPLETE
1446,0.0,0.07407467197986449,0.14175848225886795,0.893159299186996,COMPLETE
1447,0.0,0.07486562218742676,0.10277618330591617,5.81001017714935,COMPLETE
1448,0.0,0.07179065086193066,49.76220198678533,0.06170046976955652,COMPLETE
1449,0.0,0.07774261223322321,6588.095722854217,0.0055546647548835,COMPLETE
1450,0.0,0.07873018467793935,47.01901574148875,0.3813400368757065,COMPLETE
1451,0.0,0.07130233851808607,0.14175848225886795,3.8506940369800624,COMPLETE
1452,0.0,0.07026108902527606,14.02868153988261,0.002291512878983546,COMPLETE
1453,0.0,0.07115119132555661,61.64418567684749,0.015995106166754765,COMPLETE
1454,0.0,0.0794865437386829,2.0936339560001818,0.030866594063205792,COMPLETE
1455,0.0,0.07574029510590896,6069.558954662461,0.3813400368757065,COMPLETE
1456,0.0,0.07595914331371742,3521.063665052789,0.0023177421537190603,COMPLETE
1457,0.0,0.07918709035918045,2164.5104253206227,0.28557412444415503,COMPLETE
1458,0.0,0.07534150806704208,375.05900918312915,0.49914438470955563,COMPLETE
1459,0.0,0.06759422430417508,0.09802048747559139,0.06170046976955652,COMPLETE
1460,0.0,0.06870698370818913,35.47682689474354,15.477570181595972,COMPLETE
1461,0.0,0.06992377030977573,100.36459243855055,0.6281973192600224,COMPLETE
1462,0.0,0.07384775276946028,3.446065747721892,0.007987577931521262,COMPLETE
1463,0.0,0.07355790757136105,0.025189659395424606,16.175082833048418,COMPLETE
1464,0.0,0.07051425702361074,0.14175848225886795,0.48053085180408805,COMPLETE
1465,0.0,0.06955900173586635,1795.6312928087907,0.28557412444415503,COMPLETE
1466,0.0,0.08112267841256968,35.04670414572725,0.0016489162923333195,COMPLETE
1467,0.0,0.07492560685833745,75.14881493630534,0.10592181536499053,COMPLETE
1468,0.0,0.07320298590155377,75.14881493630534,0.008311187390674112,COMPLETE
1469,0.0,0.07006496278443215,49.76220198678533,0.45154141244360013,COMPLETE
1470,0.0,0.07651059442100007,14.66460478538852,5.81001017714935,COMPLETE
1471,0.0,0.07999573377724864,21.720963304613612,0.28557412444415503,COMPLETE
1472,0.0,0.07382599541781824,49.76220198678533,0.006180399721688958,COMPLETE
1473,0.0,0.06786902344556538,1.6202552372181565,0.009314022764000635,COMPLETE
1474,0.0,0.0708267078150217,3.6670946760424137,0.0002731860594983758,COMPLETE
1475,0.0,0.07098257170227017,0.010066440796862839,0.00042671146486399135,COMPLETE
1476,0.0,0.07283221521855231,8.044995088422489,0.3063153865516251,COMPLETE
1477,0.0,0.07321888031599644,6069.558954662461,1.5080577219969944,COMPLETE
1478,0.0,0.07886264641880684,7797.588333295797,0.8531641061878021,COMPLETE
1479,0.0,0.08354625674197437,83.79414807568077,2.423246142428224,COMPLETE
1480,0.0,0.07340895413296279,0.24600728103118724,1.7176345647426785,COMPLETE
1481,0.0,0.07828257473028759,0.14768783666771462,30.556979891648048,COMPLETE
1482,0.0,0.07716089693199446,3.2423835969324353,0.5793069897130515,COMPLETE
1483,0.0,0.07008108754567338,831.2322405422212,0.03569685616193232,COMPLETE
1484,0.0,0.07271741309790072,0.025189659395424606,0.002291512878983546,COMPLETE
1485,0.0,0.07119457549009182,0.3744717408586543,1.2291997300137194,COMPLETE
1486,0.0,0.0780780480201594,7248.87886096092,0.022621049294663163,COMPLETE
1487,0.0,0.07280128082110866,11.474467197776518,0.23627261115495968,COMPLETE
1488,0.0,0.07216678315350654,167.24127039872647,0.41806636286992643,COMPLETE
1489,0.0,0.07265869311387321,220.60285971787573,0.01098007587414581,COMPLETE
1490,0.0,0.07666303680880873,0.025189659395424606,13.77386597342457,COMPLETE
1491,0.0,0.07415753181464564,7.000790148854323,0.0008714615039880794,COMPLETE
1492,0.0,0.0715308994569934,0.32932278058544506,7.196122484910259,COMPLETE
1493,0.0,0.07262444084752286,0.14175848225886795,0.5793069897130515,COMPLETE
1494,0.0,0.07354215422400837,6052.7332849440345,16.175082833048418,COMPLETE
1495,0.0,0.07137649682524805,2.8960626469985216,0.00015409317499643044,COMPLETE
1496,0.0,0.06756714363617788,6069.558954662461,1.7176345647426785,COMPLETE
1497,0.0,0.07533854943041779,160.86361314944932,0.13308879052871622,COMPLETE
1498,0.0,0.07100007351508333,220.60285971787573,0.00036615818123349176,COMPLETE
1499,0.0,0.07067057066901265,0.9990830066240001,13.77386597342457,COMPLETE
1500,0.0,0.06902235045563712,1344.9643331705104,0.2780511035958945,COMPLETE
1501,0.0,0.07631576479991951,1038.2112453417399,0.26518093846391666,COMPLETE
1502,0.0,0.07450282251690285,30.91912705727859,29.45170477140425,COMPLETE
1503,0.0,0.07786408534683713,0.17161566981229684,0.3813400368757065,COMPLETE
1504,0.0,0.07508938940313688,345.23091723047446,0.00046031809447939754,COMPLETE
1505,0.0,0.07522296536910694,0.20849281163673092,0.03221646690097829,COMPLETE
1506,0.0,0.07320570051792863,17.749538305625727,0.007987577931521262,COMPLETE
1507,0.0,0.07588000329424807,6069.558954662461,0.039651414025382255,COMPLETE
1508,0.0,0.07878498448377612,6656.792963561223,2.4469032466742595,COMPLETE
1509,0.0,0.07533421668935662,6052.7332849440345,21.955561815605613,COMPLETE
1510,0.0,0.07875000008804965,6069.558954662461,1.7633835696341273,COMPLETE
1511,0.0,0.07712997481400587,167.24127039872647,0.008776988870268343,COMPLETE
1512,0.0,0.07494643867686661,0.3807282460793027,0.22128292970734784,COMPLETE
1513,0.0,0.07217093806071885,0.01704905349887233,0.002291512878983546,COMPLETE
1514,0.0,0.061395548087664994,0.12149074548109903,13.825643450082323,COMPLETE
1515,0.0,0.06966293993595461,72.4774299357672,0.0016489162923333195,COMPLETE
1516,0.0,0.0817445887624979,6069.558954662461,0.036273752890488085,COMPLETE
1517,0.0,0.07112910584028419,72.203891902989,0.06170046976955652,COMPLETE
1518,0.0,0.08130752735232381,83.79414807568077,0.28557412444415503,COMPLETE
1519,0.0,0.0762653421901932,809.1791309266355,0.039651414025382255,COMPLETE
1520,0.0,0.07186934864295769,574.9148761167103,0.03569685616193232,COMPLETE
1521,0.0,0.07060867647376005,6052.7332849440345,68.50752516587372,COMPLETE
1522,0.0,0.07252598461574525,8.881907985947068,21.448836244987188,COMPLETE
1523,0.0,0.07512641716007218,8546.034933632287,0.039651414025382255,COMPLETE
1524,0.0,0.06017704125715337,809.1791309266355,0.0001698454390357907,COMPLETE
1525,0.0,0.07003007292857247,4982.885066516554,0.0015448099811213839,COMPLETE
1526,0.0,0.07272133958598236,2.215354927944396,10.912059151380735,COMPLETE
1527,0.0,0.07412686096500848,4.895174862116847,2.369752296215963,COMPLETE
1528,0.0,0.07344577937887738,75.14881493630534,0.7312797823351223,COMPLETE
1529,0.0,0.07406241137085857,4.304522007462358,0.3147150110211034,COMPLETE
1530,0.0,0.07219734021274433,146.98405865459432,0.007987577931521262,COMPLETE
1531,0.0,0.07502360141048296,167.24127039872647,0.039651414025382255,COMPLETE
1532,0.0,0.07210280452446695,0.11109160171284829,0.45154141244360013,COMPLETE
1533,0.0,0.07267020036882746,21.720963304613612,0.28557412444415503,COMPLETE
1534,0.0,0.06869735495795937,1.1287054739063929,19.99636007571163,COMPLETE
1535,0.0,0.06986784698562479,422.8689370327144,0.011159159135322266,COMPLETE
1536,0.0,0.06565553301941941,0.025189659395424606,13.77386597342457,COMPLETE
1537,0.0,0.0719977459606597,4.239430381069735,1.1199467767461697,COMPLETE
1538,0.0,0.0725189663196147,6069.558954662461,0.1375665660731773,COMPLETE
1539,0.0,0.06553629021460783,6052.7332849440345,0.00038096592078040953,COMPLETE
1540,0.0,0.07694814149675021,0.011479421573705765,16.175082833048418,COMPLETE
1541,0.0,0.0732912373132454,6052.7332849440345,0.009264507052083882,COMPLETE
1542,0.0,0.07513835161245258,6069.558954662461,0.009406605689225519,COMPLETE
1543,0.0,0.07524587624094992,0.14175848225886795,0.28557412444415503,COMPLETE
1544,0.0,0.08282164167497687,6069.558954662461,3.8506940369800624,COMPLETE
1545,0.0,0.07721464033966349,0.6919586335068721,0.059194986299661426,COMPLETE
1546,0.0,0.07210382270891753,35.04670414572725,21.79243190960974,COMPLETE
1547,0.0,0.0690092503176078,2525.2992654679647,1.7622765572060928,COMPLETE
1548,0.0,0.07434019502822059,6052.7332849440345,0.06366252213016296,COMPLETE
1549,0.0,0.07509510463195142,35.04670414572725,0.0016489162923333195,COMPLETE
1550,0.0,0.07819092549371169,49.76220198678533,0.0012533711904619649,COMPLETE
1551,0.0,0.07915978950810539,6069.558954662461,1.1199467767461697,COMPLETE
1552,0.0,0.07427828705493054,0.2774216271966212,0.3813400368757065,COMPLETE
1553,0.0,0.07215485168403994,14.858403988950153,0.00013196174580075098,COMPLETE
1554,0.0,0.08197927425295126,83.79414807568077,0.002291512878983546,COMPLETE
1555,0.0,0.0833486468368021,6069.558954662461,34.62361928823773,COMPLETE
1556,0.0,0.07823076280176612,2611.066459013426,0.17765576970647706,COMPLETE
1557,0.0,0.07449398412887437,3.6670946760424137,0.007987577931521262,COMPLETE
1558,0.0,0.06072064013024029,6052.7332849440345,0.0001240973817680292,COMPLETE
1559,0.0,0.0853624078181033,6052.7332849440345,0.6281973192600224,COMPLETE
1560,0.0,0.07393148405979187,167.24127039872647,0.7879209281773469,COMPLETE
1561,0.0,0.07407126533182233,1818.2770030599154,0.002291512878983546,COMPLETE
1562,0.0,0.059725744374839816,2525.2992654679647,0.00042671146486399135,COMPLETE
1563,0.0,0.07923746745653264,21.169392320017995,0.03569685616193232,COMPLETE
1564,0.0,0.07312401218052798,466.63134377753596,0.018783495111742692,COMPLETE
1565,0.0,0.0723666918640271,0.24600728103118724,0.31071349757563166,COMPLETE
1566,0.0,0.07560772460415051,6069.558954662461,0.3813400368757065,COMPLETE
1567,0.0,0.07314231306737767,0.056533165654453765,0.0011007535669622845,COMPLETE
1568,0.0,0.07383583353057098,6052.7332849440345,80.88612216244465,COMPLETE
1569,0.0,0.07282898431829443,3.573220863416302,0.0010701886065028292,COMPLETE
1570,0.0,0.07226635873441455,0.12105353684193652,13.622225439708025,COMPLETE
1571,0.0,0.0800807659947548,9673.978601161793,0.5793069897130515,COMPLETE
1572,0.0,0.0747453810932136,166.88943014187535,0.6281973192600224,COMPLETE
1573,0.0,0.07395356759694877,0.6698883676978437,1.7926085361468085,COMPLETE
1574,0.0,0.06982011283660822,0.24084783188691805,0.1375665660731773,COMPLETE
1575,0.0,0.07717641513837074,8.128601446406233,0.13385172954306682,COMPLETE
1576,0.0,0.07723918584179847,11.763097914149395,0.015017532020814798,COMPLETE
1577,0.0,0.07357355584191477,49.76220198678533,0.6281973192600224,COMPLETE
1578,0.0,0.07256472286606286,1.4104068776531236,0.004755690365729025,COMPLETE
1579,0.0,0.07586926450105713,0.649677304425657,0.22128292970734784,COMPLETE
1580,0.0,0.07599996841140219,35.04670414572725,0.0016489162923333195,COMPLETE
1581,0.0,0.07482377942674627,220.60285971787573,1.1124599822318393,COMPLETE
1582,0.0,0.075928952331933,83.79414807568077,0.003520944938437602,COMPLETE
1583,0.0,0.0762100685392798,22.437489994294243,0.46437761741609473,COMPLETE
1584,0.0,0.0716658905608083,35.47682689474354,0.002372675760354589,COMPLETE
1585,0.0,0.07412838748436121,1.2541273043705452,0.6281973192600224,COMPLETE
1586,0.0,0.0760334018335706,295.08972543301155,0.04431658972032877,COMPLETE
1587,0.0,0.0734073218864836,0.313206387907164,0.000187019285832126,COMPLETE
1588,0.0,0.07356381372927621,83.79414807568077,42.06426516729815,COMPLETE
1589,0.0,0.07548743929599401,309.75229717610017,0.039651414025382255,COMPLETE
1590,0.0,0.08228183345635356,0.010692136357335779,0.00013483701620564266,COMPLETE
1591,0.0,0.07615434119989418,6069.558954662461,0.002291512878983546,COMPLETE
1592,0.0,0.07631079302170148,22.268609855142437,0.0005340559063944519,COMPLETE
1593,0.0,0.07334773999492948,0.013384419283599526,0.030066489598437666,COMPLETE
1594,0.0,0.0750952048075968,125.58697845336656,0.06170046976955652,COMPLETE
1595,0.0,0.07246279538490905,0.24084783188691805,0.5620444876972601,COMPLETE
1596,0.0,0.07040775770437678,55.51284547184063,0.0016949975414504363,COMPLETE
1597,0.0,0.07192531974554926,0.24600728103118724,0.06366252213016296,COMPLETE
1598,0.0,0.0799024360382648,6069.558954662461,3.8506940369800624,COMPLETE
1599,0.0,0.0778776544244175,809.1791309266355,0.0016489162923333195,COMPLETE
1600,0.0,0.05439689452797767,809.1791309266355,0.0001076218254707185,COMPLETE
1601,0.0,0.06944159421052722,83.79414807568077,0.28557412444415503,COMPLETE
1602,0.0,0.07246632897217455,17.08351738079938,0.0025218610945743963,COMPLETE
1603,0.0,0.07098730706524452,0.32932278058544506,70.79662617858605,COMPLETE
1604,0.0,0.07246692329174478,3.4209756180056154,19.151653847206074,COMPLETE
1605,0.0,0.07368533284135448,809.1791309266355,0.039651414025382255,COMPLETE
1606,0.0,0.0669678531387003,4049.3698356113723,0.0005021663258760373,COMPLETE
1607,0.0,0.07225556463704873,35.04670414572725,0.03272364812661635,COMPLETE
1608,0.0,0.07296758697503695,3.6670946760424137,0.00982315198068598,COMPLETE
1609,0.0,0.0775856077921257,6052.7332849440345,16.175082833048418,COMPLETE
1610,0.0,0.07090375551635189,35.04670414572725,0.0016489162923333195,COMPLETE
1611,0.0,0.07414937139194347,2688.1539564056266,0.06170046976955652,COMPLETE
1612,0.0,0.07962229237852758,1038.2112453417399,0.0005239708982109653,COMPLETE
1613,0.0,0.07067728255423253,21.169392320017995,0.005796852854431721,COMPLETE
1614,0.0,0.06778030883827582,21.422919192062164,0.000180528266517377,COMPLETE
1615,0.0,0.07399890456298334,9882.087843980065,0.3813400368757065,COMPLETE
1616,0.0,0.07314420046128016,0.6785563744441179,0.00039384265841272656,COMPLETE
1617,0.0,0.08214545723864634,6069.558954662461,0.8846019904422938,COMPLETE
1618,0.0,0.06978348810515814,167.24127039872647,0.3813400368757065,COMPLETE
1619,0.0,0.0736348589766784,6052.7332849440345,80.88612216244465,COMPLETE
1620,0.0,0.07368710755129143,6069.558954662461,3.7754972931390287,COMPLETE
1621,0.0,0.07507886848494151,6069.558954662461,0.001945882124028858,COMPLETE
1622,0.0,0.06987532251693396,21.169392320017995,0.03569685616193232,COMPLETE
1623,0.0,0.07437842886058345,1976.3209634364575,0.13343589886568308,COMPLETE
1624,0.0,0.07452265713424756,0.8473361415277518,0.049875565254337666,COMPLETE
1625,0.0,0.07073383810268961,162.0850273920322,53.94510458006095,COMPLETE
1626,0.0,0.07201795274446957,0.04836631106617569,0.0016489162923333195,COMPLETE
1627,0.0,0.07454504396949302,0.14175848225886795,0.0017811778547980205,COMPLETE
1628,0.0,0.07793751378553966,0.24084783188691805,0.8264918855964981,COMPLETE
1629,0.0,0.07610315849107815,3.383670796844696,1.7176345647426785,COMPLETE
1630,0.0,0.07530219895623362,4603.609912267355,10.187300131731257,COMPLETE
1631,0.0,0.07447996069016156,6052.7332849440345,0.039651414025382255,COMPLETE
1632,0.0,0.07689197893579126,375.05900918312915,0.30109529935444757,COMPLETE
1633,0.0,0.07740178406532089,6069.558954662461,85.700141130957,COMPLETE
1634,0.0,0.07193075813097553,3.6670946760424137,0.015017532020814798,COMPLETE
1635,0.0,0.07852482626669233,0.05144483628232185,2.4469032466742595,COMPLETE
1636,0.0,0.0744993019433714,3.0758047133870208,3.938415148624506,COMPLETE
1637,0.0,0.07599413163309171,1109.7423836691487,0.1218638218888574,COMPLETE
1638,0.0,0.0712007055854222,167.24127039872647,0.6281973192600224,COMPLETE
1639,0.0,0.08191756824883514,7473.589460852192,0.00575459903706634,COMPLETE
1640,0.0,0.07419444612109341,35.04670414572725,0.6281973192600224,COMPLETE
1641,0.0,0.05856117285632332,2525.2992654679647,0.00042671146486399135,COMPLETE
1642,0.0,0.07497138347924319,6052.7332849440345,0.0030829820914432767,COMPLETE
1643,0.0,0.07037416363338951,0.24084783188691805,56.643729654971494,COMPLETE
1644,0.0,0.07259995398093545,6069.558954662461,0.13308879052871622,COMPLETE
1645,0.0,0.07766916740727435,0.49047948352535087,56.643729654971494,COMPLETE
1646,0.0,0.07566996193022335,1038.2112453417399,0.1534189488141099,COMPLETE
1647,0.0,0.07510503351163063,453.72469778549566,0.28557412444415503,COMPLETE
1648,0.0,0.07589466881866076,290.32979685278497,2.666255700048519,COMPLETE
1649,0.0,0.07349207240006182,21.169392320017995,0.4046590395367747,COMPLETE
1650,0.0,0.07377486526969501,746.4708180199649,0.03569685616193232,COMPLETE
1651,0.0,0.07262590612647189,0.18837209821896198,0.24975167202662357,COMPLETE
1652,0.0,0.06990086343594436,0.03007893206074319,9.26219367526009,COMPLETE
1653,0.0,0.07168095882330075,2525.2992654679647,0.0035761427873385976,COMPLETE
1654,0.0,0.07423348601405992,0.029411232547508718,2.5266650949635814,COMPLETE
1655,0.0,0.07383223631489615,138.65545689181653,0.039651414025382255,COMPLETE
1656,0.0,0.07822142382652388,469.5894664628169,0.039651414025382255,COMPLETE
1657,0.0,0.07859839047807188,34.68465353515269,0.0047769456839732395,COMPLETE
1658,0.0,0.07467634939329694,1241.2767677646573,0.1597973861381284,COMPLETE
1659,0.0,0.07026131390667541,75.14881493630534,0.039651414025382255,COMPLETE
1660,0.0,0.07510497683530701,9.054571513022097,0.039651414025382255,COMPLETE
1661,0.0,0.07043305005525131,809.1791309266355,0.015017532020814798,COMPLETE
1662,0.0,0.07316445172020816,814.1796088008774,5.81001017714935,COMPLETE
1663,0.0,0.08353966557881011,579.8875532441924,56.643729654971494,COMPLETE
1664,0.0,0.07238898873544135,0.10277618330591617,0.0016868065200571207,COMPLETE
1665,0.0,0.07267948300956763,49.76220198678533,0.0014232420748844657,COMPLETE
1666,0.0,0.07498652210034888,0.3713067767739628,0.45154141244360013,COMPLETE
1667,0.0,0.07660603709585366,8.873691118936815,0.06366252213016296,COMPLETE
1668,0.0,0.07328437778027191,131.98085582271324,0.28557412444415503,COMPLETE
1669,0.0,0.08179658736197577,6069.558954662461,0.13308879052871622,COMPLETE
1670,0.0,0.07453604903966195,644.4135314700528,0.0013012298500439798,COMPLETE
1671,0.0,0.06989709461190396,0.010692136357335779,0.00036615818123349176,COMPLETE
1672,0.0,0.07536170851639526,0.14175848225886795,0.00013483701620564266,COMPLETE
1673,0.0,0.06960303390170823,7.61676942261469,2.188499674187092,COMPLETE
1674,0.0,0.08606754310008512,6967.400119595103,0.025276866111509446,COMPLETE
1675,0.0,0.07656901039543573,6052.7332849440345,8.311737022112355,COMPLETE
1676,0.0,0.07135184797839067,1422.1310069903348,0.006859600771201294,COMPLETE
1677,0.0,0.07518229635615661,6069.558954662461,0.3813400368757065,COMPLETE
1678,0.0,0.08071881887441158,0.029021601156841555,0.03569685616193232,COMPLETE
1679,0.0,0.07997785730383633,6069.558954662461,1.73320092325294,COMPLETE
1680,0.0,0.07705087452782808,2605.604943147288,0.0016489162923333195,COMPLETE
1681,0.0,0.07180140021259496,0.14175848225886795,0.001024271617321883,COMPLETE
1682,0.0,0.07164531439569426,6052.7332849440345,0.039651414025382255,COMPLETE
1683,0.0,0.08209351583299615,859.2154970549769,5.29539312942859,COMPLETE
1684,0.0,0.07149724160969917,0.2558402552125161,0.6504992501377742,COMPLETE
1685,0.0,0.08308574964849903,6052.7332849440345,0.03569685616193232,COMPLETE
1686,0.0,0.07738120447125195,0.7661877400946695,56.643729654971494,COMPLETE
1687,0.0,0.0768039868224916,2525.2992654679647,0.0019120824468966003,COMPLETE
1688,0.0,0.07144176267091439,0.3744717408586543,0.11622733626342625,COMPLETE
1689,0.0,0.0698379699737988,3908.569909456333,0.8846019904422938,COMPLETE
1690,0.0,0.07355555211677342,809.1791309266355,16.175082833048418,COMPLETE
1691,0.0,0.06229857186894186,6069.558954662461,0.0016489162923333195,COMPLETE
1692,0.0,0.0858862249131679,6052.7332849440345,14.482845778461709,COMPLETE
1693,0.0,0.07560167747863877,2194.2765109163433,0.01885184527688987,COMPLETE
1694,0.0,0.06529568625174324,49.76220198678533,0.06170046976955652,COMPLETE
1695,0.0,0.07780584503356787,220.60285971787573,0.009077991755800735,COMPLETE
1696,0.0,0.07365967752562323,6069.558954662461,0.020340817385798116,COMPLETE
1697,0.0,0.07721331046954676,0.46519486212405164,0.4417726978104363,COMPLETE
1698,0.0,0.0722767335565143,5.586445657426129,0.036273752890488085,COMPLETE
1699,0.0,0.06818154317595726,3.6670946760424137,0.007987577931521262,COMPLETE
1700,0.0,0.06966282881535055,0.8419305005251113,0.00036615818123349176,COMPLETE
1701,0.0,0.07436650769139715,49.76220198678533,0.06170046976955652,COMPLETE
1702,0.0,0.07621476723909353,6069.558954662461,0.3813400368757065,COMPLETE
1703,0.0,0.06349062163682387,1796.8020350313884,0.00036615818123349176,COMPLETE
1704,0.0,0.07415596782510439,1323.151465196898,0.759655730594033,COMPLETE
1705,0.0,0.06998999324016797,43.12601203379274,0.0039853856558537525,COMPLETE
1706,0.0,0.07291929834262095,0.14175848225886795,0.28557412444415503,COMPLETE
1707,0.0,0.08080689363292323,0.13607335138841822,56.643729654971494,COMPLETE
1708,0.0,0.07863540865336831,385.3513517132515,0.00022761736881748165,COMPLETE
1709,0.0,0.07567492567852692,2525.2992654679647,4.2193451578972185,COMPLETE
1710,0.0,0.07188443040293523,79.70756543755097,0.6281973192600224,COMPLETE
1711,0.0,0.07466626425908873,83.79414807568077,3.762997283323537,COMPLETE
1712,0.0,0.0749878827411837,5.103460751432239,0.1375665660731773,COMPLETE
1713,0.0,0.07120125289234579,563.4147395754097,10.854720617245517,COMPLETE
1714,0.0,0.07488081099598377,6069.558954662461,0.3813400368757065,COMPLETE
1715,0.0,0.07360481603320983,0.022158541759894644,0.8090240674168301,COMPLETE
1716,0.0,0.07660183990665896,0.14175848225886795,5.81001017714935,COMPLETE
1717,0.0,0.07364046371832166,1.2558941021354082,0.00045490676211793016,COMPLETE
1718,0.0,0.07632257280863489,6069.558954662461,0.0025861341316716223,COMPLETE
1719,0.0,0.06971458747972498,68.86189407104806,0.00042671146486399135,COMPLETE
1720,0.0,0.07109966057333028,36.79549561198879,1.3037142780933928,COMPLETE
1721,0.0,0.0739899526667852,8.305887744891791,0.3813400368757065,COMPLETE
1722,0.0,0.06762303627964471,0.3744717408586543,45.975538260418155,COMPLETE
1723,0.0,0.07118378679098487,0.010021975077974546,0.8202881409989667,COMPLETE
1724,0.0,0.07352181506927431,0.24084783188691805,0.006556541227488765,COMPLETE
1725,0.0,0.07804025567391196,1.5011883231017384,95.33434349839821,COMPLETE
1726,0.0,0.07357519818286976,16.285773358686995,1.7176345647426785,COMPLETE
1727,0.0,0.07424365592899863,35.04670414572725,1.8019082425290829,COMPLETE
1728,0.0,0.08238986629721572,0.021243088716930456,0.007987577931521262,COMPLETE
1729,0.0,0.07831418193625743,6069.558954662461,0.004737721987864744,COMPLETE
1730,0.0,0.07271242015855779,35.04670414572725,0.0005450977573200129,COMPLETE
1731,0.0,0.07623844397023125,0.025189659395424606,0.6281973192600224,COMPLETE
1732,0.0,0.07671983199696235,0.010337705786285581,0.007987577931521262,COMPLETE
1733,0.0,0.07752646500794493,6052.7332849440345,16.175082833048418,COMPLETE
1734,0.0,0.07999845379665887,220.60285971787573,0.004930987616970467,COMPLETE
1735,0.0,0.07240108912765184,6069.558954662461,0.4448807543517427,COMPLETE
1736,0.0,0.07644451677912947,6.181028669271156,0.03569685616193232,COMPLETE
1737,0.0,0.07488090864768987,93.71122024598513,0.036273752890488085,COMPLETE
1738,0.0,0.0804067469093606,6069.558954662461,0.025276866111509446,COMPLETE
1739,0.0,0.07072978676243857,0.3744717408586543,0.0001026494144117546,COMPLETE
1740,0.0,0.07214719789226584,49.76220198678533,56.643729654971494,COMPLETE
1741,0.0,0.06752388148898839,6069.558954662461,0.04165456147076268,COMPLETE
1742,0.0,0.0725767484034192,0.14175848225886795,0.7987531781772907,COMPLETE
1743,0.0,0.07707168331823913,6069.558954662461,0.00595550429889231,COMPLETE
1744,0.0,0.07330578307919365,809.1791309266355,56.643729654971494,COMPLETE
1745,0.0,0.0745914385723814,6069.558954662461,0.015017532020814798,COMPLETE
1746,0.0,0.07372265183327563,43.10152790052333,0.039651414025382255,COMPLETE
1747,0.0,0.06939622165305626,0.24516417381086483,0.00036615818123349176,COMPLETE
1748,0.0,0.07176213091845098,0.13607335138841822,17.828130624275122,COMPLETE
1749,0.0,0.07297721996965303,83.79414807568077,0.0026600192780385527,COMPLETE
1750,0.0,0.07167561512233402,1.2733889066416277,0.3813400368757065,COMPLETE
1751,0.0,0.0700028651702076,60.406527910357326,16.175082833048418,COMPLETE
1752,0.0,0.06000397644496594,950.0171291070869,0.00013483701620564266,COMPLETE
1753,0.0,0.07586091781905448,1051.4068511292332,5.29539312942859,COMPLETE
1754,0.0,0.07411020171978977,0.016852364254405828,10.04006740290208,COMPLETE
1755,0.0,0.07495856386789199,0.15629323148206334,73.85936773651565,COMPLETE
1756,0.0,0.08216071710298882,6069.558954662461,16.175082833048418,COMPLETE
1757,0.0,0.07720103756507334,42.752837793754495,1.5922424237318558,COMPLETE
1758,0.0,0.07488747679468069,159.22659829525142,0.03569685616193232,COMPLETE
1759,0.0,0.0772929451192731,51.2990952213157,0.007987577931521262,COMPLETE
1760,0.0,0.06295011686507854,1339.4928910619622,0.00019643801221365934,COMPLETE
1761,0.0,0.07391903216231173,83.79414807568077,0.002291512878983546,COMPLETE
1762,0.0,0.07480355785567985,300.6244062981147,0.0001906976001567704,COMPLETE
1763,0.0,0.07183404877184929,10.098682209941547,0.12068963124983549,COMPLETE
1764,0.0,0.08481950924619897,2525.2992654679647,0.0016269485150031662,COMPLETE
1765,0.0,0.07326986690609824,3671.9955909092,0.6281973192600224,COMPLETE
1766,0.0,0.07773446348871785,809.1791309266355,0.012914418087784938,COMPLETE
1767,0.0,0.07284821541383264,0.016877601032686085,0.004316485509784498,COMPLETE
1768,0.0,0.07030166460731603,0.06352320156908722,5.74732703706336,COMPLETE
1769,0.0,0.07703047272009546,2832.2976487722485,0.039411858609480856,COMPLETE
1770,0.0,0.07227054813461511,335.31692569550273,0.6281973192600224,COMPLETE
1771,0.0,0.07662187857434036,833.0268802445414,0.039651414025382255,COMPLETE
1772,0.0,0.07764662129948124,0.128485753412427,0.12851529408132092,COMPLETE
1773,0.0,0.0802220280153863,6052.7332849440345,65.63455776242117,COMPLETE
1774,0.0,0.07823639703412298,229.57025974036742,0.039651414025382255,COMPLETE
1775,0.0,0.07767547001031216,1038.2112453417399,0.001250559268752382,COMPLETE
1776,0.0,0.07177046992587992,809.1791309266355,0.039651414025382255,COMPLETE
1777,0.0,0.08401074400587018,5.656569822722955,0.3813400368757065,COMPLETE
1778,0.0,0.07268569409516205,809.1791309266355,0.0016489162923333195,COMPLETE
1779,0.0,0.07539412991775014,3.8133366546380323,6.330873316167672,COMPLETE
1780,0.0,0.07648709716931867,809.1791309266355,0.030658573016672214,COMPLETE
1781,0.0,0.0810000396176372,6052.7332849440345,0.025607104133091852,COMPLETE
1782,0.0,0.07299369315525521,6052.7332849440345,16.175082833048418,COMPLETE
1783,0.0,0.07636789467149502,0.11739290862673178,56.643729654971494,COMPLETE
1784,0.0,0.07015941944123207,0.9432233802361775,0.8846019904422938,COMPLETE
1785,0.0,0.07217514134968128,308.577364164212,0.00036615818123349176,COMPLETE
1786,0.0,0.0720496449473668,6967.400119595103,0.13308879052871622,COMPLETE
1787,0.0,0.07203866676436363,0.31778668130450316,0.0016489162923333195,COMPLETE
1788,0.0,0.07334564785012844,6069.558954662461,24.063766099678553,COMPLETE
1789,0.0,0.06959197885666756,3.6670946760424137,14.482845778461709,COMPLETE
1790,0.0,0.0746465034953995,0.22066276233917137,80.88612216244465,COMPLETE
1791,0.0,0.07067524503109807,6052.7332849440345,0.06448187399015418,COMPLETE
1792,0.0,0.06931680032804619,4469.238675331716,0.039651414025382255,COMPLETE
1793,0.0,0.0754798549674949,75.14881493630534,5.81001017714935,COMPLETE
1794,0.0,0.07138438190407666,1.3041478502156332,0.00036615818123349176,COMPLETE
1795,0.0,0.0716395864753055,0.10277618330591617,0.009823714724764874,COMPLETE
1796,0.0,0.07441716749939209,75.14881493630534,0.3813400368757065,COMPLETE
1797,0.0,0.06715765749279139,5004.510690377879,0.552227716319557,COMPLETE
1798,0.0,0.07157964991563093,0.048146364451091134,0.007987577931521262,COMPLETE
1799,0.0,0.07677314813670873,0.016294879189951574,0.025276866111509446,COMPLETE
1800,0.0,0.08481948090995287,6069.558954662461,0.13308879052871622,COMPLETE
1801,0.0,0.07405243027332767,6052.7332849440345,0.13308879052871622,COMPLETE
1802,0.0,0.07163426871136018,0.14175848225886795,30.61876008370202,COMPLETE
1803,0.0,0.07930009259897434,305.7530211008203,0.004550138276913387,COMPLETE
1804,0.0,0.07341706802961889,1419.91733196147,0.03569685616193232,COMPLETE
1805,0.0,0.07474963851993546,4323.79032153117,0.268511777470367,COMPLETE
1806,0.0,0.0742091479699125,1038.9230382547378,3.8506940369800624,COMPLETE
1807,0.0,0.06910882474601987,0.05091172867283393,0.0013573968859120216,COMPLETE
1808,0.0,0.07260498279967935,6656.792963561223,2.2647153304463186,COMPLETE
1809,0.0,0.07342624741036219,6069.558954662461,0.13308879052871622,COMPLETE
1810,0.0,0.07152547119342664,6052.7332849440345,0.039651414025382255,COMPLETE
1811,0.0,0.07668167248881211,6069.558954662461,0.3813400368757065,COMPLETE
1812,0.0,0.0632007350170535,6052.7332849440345,0.00029338787799677076,COMPLETE
1813,0.0,0.07516073776675719,1171.651135681744,0.1375665660731773,COMPLETE
1814,0.0,0.07728629673861254,0.024079107507924132,0.001345025143930111,COMPLETE
1815,0.0,0.07461547796070485,0.010692136357335779,0.00013483701620564266,COMPLETE
1816,0.0,0.07244767926527129,0.14175848225886795,0.28557412444415503,COMPLETE
1817,0.0,0.06586635686391111,83.79414807568077,1.2644031691716644,COMPLETE
1818,0.0,0.07478405717828986,6069.558954662461,0.0044707077993491415,COMPLETE
1819,0.0,0.07784707689086888,220.60285971787573,0.0004933702993089636,COMPLETE
1820,0.0,0.07186659566100147,1.756983433272225,0.025607104133091852,COMPLETE
1821,0.0,0.0742692978086013,2798.3357476540255,0.011452026335401336,COMPLETE
1822,0.0,0.07653695751097501,1.2345374393022297,0.0008171030336520732,COMPLETE
1823,0.0,0.07711931650823525,0.5128665712487264,0.3813400368757065,COMPLETE
1824,0.0,0.06881177138973715,1.9625839025775773,0.007987577931521262,COMPLETE
1825,0.0,0.07443090771467181,258.70044469239065,14.482845778461709,COMPLETE
1826,0.0,0.0731367079392031,169.43006359848323,0.13087692255919559,COMPLETE
1827,0.0,0.07233684611707095,579.8875532441924,0.20375219289276794,COMPLETE
1828,0.0,0.07635044670807359,0.14175848225886795,0.0014221581288243602,COMPLETE
1829,0.0,0.07114113899834298,5.656569822722955,0.6508676461754267,COMPLETE
1830,0.0,0.05964607403192426,2880.104614777333,0.00018847955087162335,COMPLETE
1831,0.0,0.07440721338074965,27.395881890951042,0.01473060325156399,COMPLETE
1832,0.0,0.06620589168564417,0.12105353684193652,0.22128292970734784,COMPLETE
1833,0.0,0.06928459760302033,0.09394882844999136,0.00042671146486399135,COMPLETE
1834,0.0,0.07256258320034177,25.18976971054288,0.3816546987358452,COMPLETE
1835,0.0,0.07370158400240746,167.24127039872647,0.0016489162923333195,COMPLETE
1836,0.0,0.07790361724395066,171.9911617169665,63.65884039082593,COMPLETE
1837,0.0,0.07478131791407884,6069.558954662461,0.025276866111509446,COMPLETE
1838,0.0,0.07672554484317674,3.6670946760424137,0.9993638557453189,COMPLETE
1839,0.0,0.08181695002872122,0.7315234787492867,0.10236032692961881,COMPLETE
1840,0.0,0.07544826342114229,579.8875532441924,1.4287389320022024,COMPLETE
1841,0.0,0.0718141832521676,6967.400119595103,0.025276866111509446,COMPLETE
1842,0.0,0.07301476901616553,167.24127039872647,0.039651414025382255,COMPLETE
1843,0.0,0.0743027779628185,2398.1814763332395,2.9278438006953915,COMPLETE
1844,0.0,0.07810770954200909,6069.558954662461,0.036273752890488085,COMPLETE
1845,0.0,0.07488640856941017,0.14175848225886795,0.06576965896607759,COMPLETE
1846,0.0,0.08200631059159129,0.32932278058544506,56.643729654971494,COMPLETE
1847,0.0,0.07192018694685169,141.8402349661103,0.00013483701620564266,COMPLETE
1848,0.0,0.07308099272165999,491.6550447301291,0.13308879052871622,COMPLETE
1849,0.0,0.06753728061782371,2.4013246078339563,16.175082833048418,COMPLETE
1850,0.0,0.06692587050005862,36.03012305391878,0.23973808516718131,COMPLETE
1851,0.0,0.07337396957785289,17.44894943045917,0.03569685616193232,COMPLETE
1852,0.0,0.07910231326311366,11.608662782409564,5.81001017714935,COMPLETE
1853,0.0,0.0804950317248375,2525.2992654679647,2.6391491341786386,COMPLETE
1854,0.0,0.07297540063423949,83.79414807568077,0.00011128580197993908,COMPLETE
1855,0.0,0.06186027677039415,0.14175848225886795,5.81001017714935,COMPLETE
1856,0.0,0.07478927840695881,1124.9006481817376,2.829511002800556,COMPLETE
1857,0.0,0.07306256110617251,0.01739938605767397,0.05540904260452279,COMPLETE
1858,0.0,0.07410070333423793,145.58911820905325,0.6931959459494761,COMPLETE
1859,0.0,0.06980895864036563,0.013748324780604239,0.00045264742102528655,COMPLETE
1860,0.0,0.07938294747925535,6967.400119595103,0.025276866111509446,COMPLETE
1861,0.0,0.0847714804527195,6967.400119595103,9.673726401233502,COMPLETE
1862,0.0,0.07501848915292501,6052.7332849440345,0.039651414025382255,COMPLETE
1863,0.0,0.07292189317716757,8.119551629588889,1.4760897211331123,COMPLETE
1864,0.0,0.0776099065450321,720.1703527022049,0.00042671146486399135,COMPLETE
1865,0.0,0.07798503298039497,0.3744717408586543,0.00013805590750993275,COMPLETE
1866,0.0,0.07204224992198595,83.79414807568077,0.002291512878983546,COMPLETE
1867,0.0,0.07165666708917214,0.039817654618984434,0.025276866111509446,COMPLETE
1868,0.0,0.07130100541294337,0.011436507311716278,0.00042671146486399135,COMPLETE
1869,0.0,0.08102884569123821,6069.558954662461,0.015017532020814798,COMPLETE
1870,0.0,0.06794400484200833,579.8875532441924,1.8959301986767114,COMPLETE
1871,0.0,0.07909479826202033,1.7142997539258478,57.77255737700512,COMPLETE
1872,0.0,0.07723895162885454,9713.893205496574,14.482845778461709,COMPLETE
1873,0.0,0.08067724715762492,0.9354364291126671,0.007987577931521262,COMPLETE
1874,0.0,0.08302517700454692,6967.400119595103,0.008711139894556408,COMPLETE
1875,0.0,0.07116986474765509,6069.558954662461,0.13308879052871622,COMPLETE
1876,0.0,0.06978140644787229,75.14881493630534,3.9428565005399463,COMPLETE
1877,0.0,0.07117446040671362,6052.7332849440345,0.039651414025382255,COMPLETE
1878,0.0,0.07674931445699494,0.030536286724475586,1.7176345647426785,COMPLETE
1879,0.0,0.07421197542701108,72.5823126564771,0.0850875270962657,COMPLETE
1880,0.0,0.07256881814004613,0.14175848225886795,0.039651414025382255,COMPLETE
1881,0.0,0.07286493340725674,8.416487869371077,0.0805949052594826,COMPLETE
1882,0.0,0.07851825784660188,83.79414807568077,0.3379234620051654,COMPLETE
1883,0.0,0.08133608596034456,2525.2992654679647,1.3706789558128716,COMPLETE
1884,0.0,0.07801295603089886,6052.7332849440345,0.01482946545947891,COMPLETE
1885,0.0,0.07015238216342543,1.1682330903562064,56.643729654971494,COMPLETE
1886,0.0,0.07082418332576787,0.26884814859159495,2.19527038794704,COMPLETE
1887,0.0,0.07355333850522397,0.14175848225886795,0.8098550861615659,COMPLETE
1888,0.0,0.07771695200299789,827.496942856406,0.06170046976955652,COMPLETE
1889,0.0,0.07953880953983229,6069.558954662461,0.03352231891014337,COMPLETE
1890,0.0,0.07893845288405539,0.14175848225886795,0.023891855373947137,COMPLETE
1891,0.0,0.07739049328547817,220.60285971787573,0.00036615818123349176,COMPLETE
1892,0.0,0.07559613970227387,3840.477655787582,0.039651414025382255,COMPLETE
1893,0.0,0.06313648653351142,6069.558954662461,0.00012646123992015928,COMPLETE
1894,0.0,0.07406898518057897,27.369976115353758,6.62288682934485,COMPLETE
1895,0.0,0.07049461052877984,859.2154970549769,5.29539312942859,COMPLETE
1896,0.0,0.07410632305352421,6052.7332849440345,0.025607104133091852,COMPLETE
1897,0.0,0.07575476542834471,4115.691691789404,67.17168039691292,COMPLETE
1898,0.0,0.0786590684588859,859.2154970549769,5.29539312942859,COMPLETE
1899,0.0,0.07066106527417572,94.68575382487916,0.34189329177599165,COMPLETE
1900,0.0,0.07083981269727577,6967.400119595103,0.025276866111509446,COMPLETE
1901,0.0,0.07065192670787235,0.010692136357335779,91.02388139913724,COMPLETE
1902,0.0,0.07338410668521639,0.14175848225886795,0.3813400368757065,COMPLETE
1903,0.0,0.07501944638881934,2.992509129265908,0.28557412444415503,COMPLETE
1904,0.0,0.07677739021668167,5033.708643400791,15.41970383528291,COMPLETE
1905,0.0,0.06823087644864669,0.021879998849337973,0.010843750758582696,COMPLETE
1906,0.0,0.0719898725975947,806.3935224888809,0.6281973192600224,COMPLETE
1907,0.0,0.07695643441723764,3501.5493270729394,0.28557412444415503,COMPLETE
1908,0.0,0.07641240660125959,6069.558954662461,20.15443103499076,COMPLETE
1909,0.0,0.07803723056922547,1.6114864689560795,0.16889448472211155,COMPLETE
1910,0.0,0.08184386428023989,6052.7332849440345,0.6281973192600224,COMPLETE
1911,0.0,0.06541437434385748,167.24127039872647,0.036713317651605216,COMPLETE
1912,0.0,0.07602511596877291,6052.7332849440345,0.019880571184413283,COMPLETE
1913,0.0,0.06724587108345882,0.32932278058544506,56.643729654971494,COMPLETE
1914,0.0,0.07598721501717337,0.20090944245820516,0.03569685616193232,COMPLETE
1915,0.0,0.07314400251785445,6967.400119595103,0.025276866111509446,COMPLETE
1916,0.0,0.07816788996773515,2525.2992654679647,57.36991593089924,COMPLETE
1917,0.0,0.07913309064605162,0.38827386610672565,0.6281973192600224,COMPLETE
1918,0.0,0.08322229959791884,6069.558954662461,75.32422727183965,COMPLETE
1919,0.0,0.07204294637457274,86.89872990025961,0.28282542865154564,COMPLETE
1920,0.0,0.0671356658042902,83.79414807568077,0.002291512878983546,COMPLETE
1921,0.0,0.07834095075648924,6069.558954662461,0.023053309570925048,COMPLETE
1922,0.0,0.07288366888684861,6052.7332849440345,0.20535651444270925,COMPLETE
1923,0.0,0.0791302007736338,365.3646225348169,56.643729654971494,COMPLETE
1924,0.0,0.08036258876571496,1.251316879613722,0.03569685616193232,COMPLETE
1925,0.0,0.07433734379600784,6069.558954662461,0.13308879052871622,COMPLETE
1926,0.0,0.07823221400071327,6069.558954662461,0.13308879052871622,COMPLETE
1927,0.0,0.07619489865812824,167.24127039872647,0.025276866111509446,COMPLETE
1928,0.0,0.06781587469159378,167.24127039872647,0.0016489162923333195,COMPLETE
1929,0.0,0.07198405407977035,0.03311239732445244,0.0007780932969401601,COMPLETE
1930,0.0,0.07007963527699937,2.171290798789976,0.039651414025382255,COMPLETE
1931,0.0,0.07485442470375762,6052.7332849440345,0.00319452415149653,COMPLETE
1932,0.0,0.08112018236217255,6069.558954662461,0.4507853447182294,COMPLETE
1933,0.0,0.07262448306001593,2.4586413997186645,0.025276866111509446,COMPLETE
1934,0.0,0.07627460419337327,4147.587830046005,53.707248914907574,COMPLETE
1935,0.0,0.07314246878490852,0.025963470677711615,5.602284585868853,COMPLETE
1936,0.0,0.06423418137518538,6052.7332849440345,0.0005261057190551424,COMPLETE
1937,0.0,0.07327247428806088,23.164249488450373,0.000472351119499512,COMPLETE
1938,0.0,0.07432181995870785,49.76220198678533,45.602979916142964,COMPLETE
1939,0.0,0.07798649738562614,0.14175848225886795,16.175082833048418,COMPLETE
1940,0.0,0.07258050535591518,181.500243621694,0.1375665660731773,COMPLETE
1941,0.0,0.0784256729566797,0.3744717408586543,3.616733299303725,COMPLETE
1942,0.0,0.07394904564005356,1196.031381288188,9.688075256326838,COMPLETE
1943,0.0,0.06304242297435024,2525.2992654679647,0.0005613810911824471,COMPLETE
1944,0.0,0.07131129012088767,0.13609122974223936,37.90693534928371,COMPLETE
1945,0.0,0.08003051271384709,6052.7332849440345,0.039651414025382255,COMPLETE
1946,0.0,0.07521275993208695,5.656569822722955,0.2026838421212082,COMPLETE
1947,0.0,0.07536091816944834,167.24127039872647,0.6281973192600224,COMPLETE
1948,0.0,0.06801119761150533,2525.2992654679647,0.13308879052871622,COMPLETE
1949,0.0,0.08059580796230562,35.04670414572725,5.81001017714935,COMPLETE
1950,0.0,0.07259472047903923,6052.7332849440345,7.278762331726266,COMPLETE
1951,0.0,0.06844113811095581,7.299979119479078,16.175082833048418,COMPLETE
1952,0.0,0.07500611271281432,3.6670946760424137,0.007987577931521262,COMPLETE
1953,0.0,0.06962659576720492,6024.603993177264,0.28557412444415503,COMPLETE
1954,0.0,0.07043492051323914,0.013677029226743524,5.29539312942859,COMPLETE
1955,0.0,0.07710944368709294,167.24127039872647,0.039651414025382255,COMPLETE
1956,0.0,0.07503948798742296,0.7499749183140814,1.5414787385897477,COMPLETE
1957,0.0,0.07787815473348433,6069.558954662461,0.040045609412089664,COMPLETE
1958,0.0,0.06316027541916859,3.5524576977742304,16.175082833048418,COMPLETE
1959,0.0,0.0716295309116073,35.04670414572725,0.0016489162923333195,COMPLETE
1960,0.0,0.07660371958956116,6052.7332849440345,1.121741088466411,COMPLETE
1961,0.0,0.07713776869314286,6052.7332849440345,5.29539312942859,COMPLETE
1962,0.0,0.07201596609330664,4.477331814549269,0.007987577931521262,COMPLETE
1963,0.0,0.07547662373016081,0.015446668174747248,0.5793069897130515,COMPLETE
1964,0.0,0.07614425699220183,328.920524444761,0.00013483701620564266,COMPLETE
1965,0.0,0.06714357824682456,6.189017771113605,0.0001728682637394646,COMPLETE
1966,0.0,0.07418679624428721,579.8875532441924,0.6281973192600224,COMPLETE
1967,0.0,0.0671864403441268,35.04670414572725,0.0016489162923333195,COMPLETE
1968,0.0,0.08426494620520296,6069.558954662461,0.007987577931521262,COMPLETE
1969,0.0,0.07053689301637796,220.60285971787573,0.34077739851574484,COMPLETE
1970,0.0,0.07495897989364933,0.17151884817706275,0.00042671146486399135,COMPLETE
1971,0.0,0.07560230804387798,0.39040987424665996,3.8506940369800624,COMPLETE
1972,0.0,0.0703474210407462,118.14440311613023,0.03569685616193232,COMPLETE
1973,0.0,0.06779466917191632,6069.558954662461,0.13308879052871622,COMPLETE
1974,0.0,0.06576375567568585,0.7315234787492867,0.20876640046688344,COMPLETE
1975,0.0,0.07410965765015202,75.14881493630534,0.0009398845488675678,COMPLETE
1976,0.0,0.06715362830495394,6052.7332849440345,0.00017028432119285423,COMPLETE
1977,0.0,0.07470355852108695,1920.5232487862909,4.4355269256864185,COMPLETE
1978,0.0,0.07731704383738866,0.04314187874528725,91.0424724563922,COMPLETE
1979,0.0,0.07647925358296216,6967.400119595103,3.2026829155301475,COMPLETE
1980,0.0,0.0820560535506116,75.14881493630534,5.81001017714935,COMPLETE
1981,0.0,0.07288545597681684,0.04504114182293521,0.02505405045682141,COMPLETE
1982,0.0,0.07593396068249951,83.79414807568077,0.28557412444415503,COMPLETE
1983,0.0,0.06692073082916068,225.42355897668108,0.6281973192600224,COMPLETE
1984,0.0,0.06941393697360658,0.0170157589663096,0.12251224576194394,COMPLETE
1985,0.0,0.07344388814487696,0.037119515137812704,0.025276866111509446,COMPLETE
1986,0.0,0.06863916820700906,0.32932278058544506,56.643729654971494,COMPLETE
1987,0.0,0.0714672171079457,5.656569822722955,0.13308879052871622,COMPLETE
1988,0.0,0.0734844833836791,85.85982502669381,0.0016489162923333195,COMPLETE
1989,0.0,0.07472073114846173,809.1791309266355,0.015017532020814798,COMPLETE
1990,0.0,0.07016948678753869,0.14175848225886795,0.0030937337189543323,COMPLETE
1991,0.0,0.07027715643612914,5.656569822722955,0.3813400368757065,COMPLETE
1992,0.0,0.07061077297987761,0.24084783188691805,0.1375665660731773,COMPLETE
1993,0.0,0.07708225475408173,3072.547278421677,0.13308879052871622,COMPLETE
1994,0.0,0.06118023341424875,6052.7332849440345,0.0003080541593203427,COMPLETE
1995,0.0,0.08000426859728085,0.04607063621832241,0.28557412444415503,COMPLETE
1996,0.0,0.07449335041545008,8.869872274617052,16.175082833048418,COMPLETE
1997,0.0,0.06521456794970683,2.556332551688992,0.015017532020814798,COMPLETE
1998,0.0,0.07425401195900168,102.86305132399404,0.007987577931521262,COMPLETE
1999,0.0,0.0699096033822809,3.6670946760424137,0.00042671146486399135,COMPLETE
