time,keypoint1_x,keypoint1_y,keypoint1_z,keypoint2_x,keypoint2_y,keypoint2_z,keypoint3_x,keypoint3_y,keypoint3_z,keypoint4_x,keypoint4_y,keypoint4_z,keypoint5_x,keypoint5_y,keypoint5_z,keypoint6_x,keypoint6_y,keypoint6_z,keypoint7_x,keypoint7_y,keypoint7_z,keypoint8_x,keypoint8_y,keypoint8_z,keypoint9_x,keypoint9_y,keypoint9_z,keypoint10_x,keypoint10_y,keypoint10_z,keypoint11_x,keypoint11_y,keypoint11_z,keypoint12_x,keypoint12_y,keypoint12_z,keypoint13_x,keypoint13_y,keypoint13_z,keypoint14_x,keypoint14_y,keypoint14_z,keypoint15_x,keypoint15_y,keypoint15_z,keypoint16_x,keypoint16_y,keypoint16_z,keypoint17_x,keypoint17_y,keypoint17_z,keypoint18_x,keypoint18_y,keypoint18_z,keypoint19_x,keypoint19_y,keypoint19_z,keypoint20_x,keypoint20_y,keypoint20_z,keypoint1_x_vel,keypoint1_x_acc,keypoint1_y_vel,keypoint1_y_acc,keypoint1_z_vel,keypoint1_z_acc,keypoint2_x_vel,keypoint2_x_acc,keypoint2_y_vel,keypoint2_y_acc,keypoint2_z_vel,keypoint2_z_acc,keypoint3_x_vel,keypoint3_x_acc,keypoint3_y_vel,keypoint3_y_acc,keypoint3_z_vel,keypoint3_z_acc,keypoint4_x_vel,keypoint4_x_acc,keypoint4_y_vel,keypoint4_y_acc,keypoint4_z_vel,keypoint4_z_acc,keypoint5_x_vel,keypoint5_x_acc,keypoint5_y_vel,keypoint5_y_acc,keypoint5_z_vel,keypoint5_z_acc,keypoint6_x_vel,keypoint6_x_acc,keypoint6_y_vel,keypoint6_y_acc,keypoint6_z_vel,keypoint6_z_acc,keypoint7_x_vel,keypoint7_x_acc,keypoint7_y_vel,keypoint7_y_acc,keypoint7_z_vel,keypoint7_z_acc,keypoint8_x_vel,keypoint8_x_acc,keypoint8_y_vel,keypoint8_y_acc,keypoint8_z_vel,keypoint8_z_acc,keypoint9_x_vel,keypoint9_x_acc,keypoint9_y_vel,keypoint9_y_acc,keypoint9_z_vel,keypoint9_z_acc,keypoint10_x_vel,keypoint10_x_acc,keypoint10_y_vel,keypoint10_y_acc,keypoint10_z_vel,keypoint10_z_acc,keypoint11_x_vel,keypoint11_x_acc,keypoint11_y_vel,keypoint11_y_acc,keypoint11_z_vel,keypoint11_z_acc,keypoint12_x_vel,keypoint12_x_acc,keypoint12_y_vel,keypoint12_y_acc,keypoint12_z_vel,keypoint12_z_acc,keypoint13_x_vel,keypoint13_x_acc,keypoint13_y_vel,keypoint13_y_acc,keypoint13_z_vel,keypoint13_z_acc,keypoint14_x_vel,keypoint14_x_acc,keypoint14_y_vel,keypoint14_y_acc,keypoint14_z_vel,keypoint14_z_acc,keypoint15_x_vel,keypoint15_x_acc,keypoint15_y_vel,keypoint15_y_acc,keypoint15_z_vel,keypoint15_z_acc,keypoint16_x_vel,keypoint16_x_acc,keypoint16_y_vel,keypoint16_y_acc,keypoint16_z_vel,keypoint16_z_acc,keypoint17_x_vel,keypoint17_x_acc,keypoint17_y_vel,keypoint17_y_acc,keypoint17_z_vel,keypoint17_z_acc,keypoint18_x_vel,keypoint18_x_acc,keypoint18_y_vel,keypoint18_y_acc,keypoint18_z_vel,keypoint18_z_acc,keypoint19_x_vel,keypoint19_x_acc,keypoint19_y_vel,keypoint19_y_acc,keypoint19_z_vel,keypoint19_z_acc,keypoint20_x_vel,keypoint20_x_acc,keypoint20_y_vel,keypoint20_y_acc,keypoint20_z_vel,keypoint20_z_acc
0.0,-0.416642,0.318079,2.808618,-0.053089,0.318822,2.776156,-0.245063,0.364606,2.679242,-0.225626,0.18389,2.892784,-0.429504,-0.042902,2.790829,-0.018911,-0.033955,2.738585,-0.206024,-0.050227,2.905592,-0.477368,0.034924,2.786953,0.031469,0.04101,2.778255,-0.463915,-0.226419,2.633852,0.005809,-0.250695,2.699703,-0.447009,-0.294117,2.633487,-0.00743,-0.315405,2.677198,-0.314112,-0.574158,2.798692,-0.086066,-0.567324,2.77563,-0.301895,-0.993923,2.895693,-0.076625,-0.98536,2.880117,-0.323038,-1.030584,2.739707,-0.088986,-1.0247,2.723841,-0.231485,0.619962,2.755409,0.2976238639285657,1.4484772656644191,-0.005291132142850234,0.3573556437855764,0.4822203921429525,-16.655146817080745,0.2657385192857146,2.64361910605714,-0.145492219285711,2.048004980678498,-0.0200073535713703,3.9534954185559177,0.14921254285714114,8.092169922664311,0.07291724785714421,-2.6916942399429082,0.3001064978571774,-8.284855401451166,0.35419556892857096,-2.6490510829285765,-0.2053954703571428,4.621072544614273,0.052463793214379474,-1.5345762376520675,-0.16621564178571835,11.278943944392893,-0.039899227500000925,1.5617147362714499,0.34725596785719787,-15.448028964686358,-0.23141264142857113,13.998161626200009,-0.259551498214286,3.983328519878585,-0.31269901178568105,12.10075499642052,0.021946721785712674,3.2471031821786034,-0.08440432071428663,1.6152432327643098,-0.00027638999996229584,-0.8200146502297359,0.006446642142849891,4.230953953714459,0.10883308178571481,-1.1621864216571571,-0.5288012646428483,11.812624979142738,0.19156895357142767,-3.0510387571499793,-0.14780121750000003,-0.45108932342143,-0.3035951485713773,14.087425687070338,1.207774231071423,-15.809597598407045,-0.06007450821428434,-2.0872478057143367,-0.017260460357088194,13.827952555648972,1.2065638949999933,-40.732234599535616,0.1683450578571331,-11.81696628349266,-0.7153382314285,26.342371837991347,0.8225889685714258,-10.423150958314228,-0.08205024857143482,-0.14587210330700773,-1.2236384699999987,48.67284381319293,1.3499408507142772,-48.49621902192842,0.14350278214285062,-11.540534263649889,-0.5778778532142204,25.230484666734274,0.313521046071426,-3.771203407328563,-0.1359177557142848,3.2362819999071593,0.051107412857193245,-2.1598096069937998,0.19679146392856967,-0.35547369904281745,-0.08214408321428102,0.10581662031421643,0.6108199971429452,-13.776134918016234,-0.1200969257142945,2.948879097643046,-0.10856394642858179,3.4534113746144848,0.18323883964286117,-1.7270050876072762,0.09787048392857114,-2.0781802537714302,-0.16783604357145818,2.1078850406791596,0.25341347571433265,-5.312580308936762,-0.27258714000000417,10.721054256814385,-0.13172659392858652,2.700312691435786,0.2066338735714545,-2.4059166535934073,-0.17836693071428664,8.857415703728595,-0.0282442275000249,-1.157374631120909,0.2402072903571892,-5.270236552222408,0.35834165678571045,1.7795284545215462,-0.027248914285700913,-2.026790330850254,0.20838830785710902,-8.227242229435415
0.0333667000333667,-0.405656,0.317975,2.819191,-0.043259,0.316167,2.775719,-0.237619,0.365814,2.685709,-0.213493,0.18024,2.894556,-0.428454,-0.043725,2.80108,-0.02191,-0.037163,2.723138,-0.198251,-0.051492,2.901648,-0.469027,0.036925,2.78026,0.030953,0.035075,2.77587,-0.435913,-0.226349,2.632902,0.00999,-0.257232,2.696869,-0.419561,-0.293182,2.621282,-0.002561,-0.32296,2.677086,-0.307216,-0.576103,2.798027,-0.082185,-0.566969,2.789614,-0.308311,-0.996234,2.894204,-0.072767,-0.987012,2.885718,-0.33745,-1.031637,2.739219,-0.096945,-1.023169,2.730056,-0.232494,0.617037,2.748098,0.3277180253571406,0.35536677036436215,0.005853426428574569,0.3106491969856263,0.02397302678575011,-10.812200262429968,0.3289024350000002,1.142426001857137,-0.08103067392857005,1.8158200480285291,0.08645322214288187,2.4277514897563575,0.36050782178571317,4.572869096314298,0.0021752035714287733,-1.5485838945428752,0.0704339003571481,-5.481720092700592,0.27501875357142785,-2.096807229578583,-0.07232688642857166,3.3550583760642834,0.010620678214322348,-0.9735000754513569,0.14921646749999698,7.628056686192883,0.005419337142856807,1.1546800284214425,-0.0751818857142493,-9.872895978386182,0.15872682857142903,9.3867982056,-0.14028731035714284,3.165366900278577,0.020638745357151735,7.879510166720876,0.11725988464285622,2.465967799478582,-0.037509476785714584,1.1956337123142986,-0.021668547857134724,-0.4622312917291794,0.12990234857142594,3.1689810896143897,0.07318911857142874,-0.9743127334071503,-0.18992012785713488,8.499910359792926,0.1322108710714283,-0.506884707899983,-0.13830215464285717,1.0204631510785727,0.062200118571450656,7.838342625470773,0.73768265035714,-12.367691749607083,-0.11632998214285727,-1.2847053015643253,0.3599369646428836,8.78126109884934,0.17689637892856797,-20.98603631378562,-0.11464702392857554,-5.145579098742718,-0.03053336464282714,14.70483187714188,0.5093832021428557,-8.35040268141427,-0.08832860678571683,-0.23045268805705585,0.12280409678571869,32.03292363994297,0.12446398285713917,-24.958864437428442,-0.12960633535714627,-4.829626239299926,0.06570363535716865,13.345789758234783,0.2030655407142834,-2.849499583778564,-0.0420970274999993,2.387332449257113,-0.018013753928546972,-1.9833131301434686,0.18305985214285647,-0.46759911139283333,-0.07385059928571212,0.3912948063642032,0.21720971571432018,-9.81686535081555,-0.03360065142857496,2.235707583042984,-0.00995836500000534,2.4570071762143875,0.12067432392857431,-2.0231119843070777,0.04051896428571394,-1.3594698336214304,-0.10268518821429876,1.7972572294289764,0.0997290996428766,-3.899261192786313,0.024299961428569838,7.074358602814342,-0.052320365357155924,2.0592966491357636,0.1253149167857264,-2.4683416161431366,0.06451351714285675,5.7008383408285805,-0.055698174642867596,-0.48821496062108183,0.0882679532143053,-3.8370073161220537,0.39398240892857067,0.35677822892149674,-0.08535824678570778,-1.4562830592001574,-0.01946682321430739,-5.430394326985286
0.0667334000667334,-0.395571,0.316549,2.812838,-0.032282,0.309647,2.778216,-0.223708,0.361428,2.683257,-0.207179,0.176641,2.893535,-0.422092,-0.044705,2.784704,-0.010101,-0.046897,2.744027,-0.202178,-0.055778,2.905875,-0.464741,0.036061,2.771885,0.036294,0.026067,2.782089,-0.416347,-0.238175,2.648406,0.017747,-0.265769,2.696755,-0.400687,-0.305441,2.638454,-0.001864,-0.330126,2.678244,-0.302012,-0.579426,2.798749,-0.07525,-0.575076,2.794322,-0.302548,-0.996755,2.906438,-0.072338,-0.995592,2.888761,-0.317986,-1.036935,2.75065,-0.081742,-1.03101,2.731344,-0.203025,0.616081,2.74959,0.3213386967857137,-0.7377437249356948,0.015439545000001036,0.26394275018567626,-0.2393144935714264,-4.969253707779192,0.34197649071428565,-0.35876710234286574,-0.024316373571428088,1.5836351153785606,0.1420047578571487,0.9020075609567968,0.4543756457142848,1.053568269964285,-0.030425020714285565,-0.40547354914284234,-0.06570732214286214,-2.67858478395002,0.21426849321428446,-1.5445633762285895,0.01849898249999989,2.089044207514294,-0.012501176785711072,-0.412423913250646,0.34283051678571197,3.977169427992874,0.037156496785714296,0.7476453205714354,-0.31159594928569057,-4.297762992086009,0.39500031857142887,4.77543478499999,-0.04831580249999994,2.3474052806785695,0.2131274924999964,3.658265337021233,0.18650913749999912,1.6848324167785609,-0.004615617857142912,0.7760241918642875,-0.031122655714288586,-0.10444793322862304,0.21792352499999967,2.1070082255143205,0.043813880357142884,-0.7864390451571437,0.03842665392858478,5.187195740443111,0.1577428135714288,2.0372693413500134,-0.07970224178571421,2.4920156255785755,0.21948410571429322,1.589259563871208,0.38243610964285557,-8.925785900807123,-0.14580726107142986,-0.48216279741431384,0.5687429496428679,3.734569642049707,-0.19390566214285745,-1.2398380280356196,-0.17503693071428614,1.525808086007224,0.26596519714286343,3.0672919162924126,0.265338205714284,-6.277654404514311,-0.09742914000000046,-0.315033272807104,0.9140274385714374,15.393003466693013,-0.31564903499999986,-1.421509852928466,-0.1787945978571444,1.8812817850500383,0.3127320739285746,1.4610948497352936,0.1233642503571408,-1.927795760228565,0.023397055714284645,1.5383828986070676,-0.08124581571427612,-1.8068166532931378,0.1655869853571427,-0.5797245237428491,-0.056031650357143664,0.6767729924141901,-0.04429280571428203,-5.857595783614867,0.02909944285714251,1.5225360684429208,0.05540049642856787,1.4606029778142906,0.048229698214294105,-2.3192188810068792,0.007148439642856735,-0.6407594134714305,-0.04789895785714545,1.4866294181787931,-0.006797481428564445,-2.4859420766358644,0.19950886285714237,3.4276629488142993,0.005697273214273927,1.4182806068357419,0.041913045000007296,-2.5307665786928655,0.20206939499999968,2.5442609779285674,-0.06082447178571605,0.18094470987874536,-0.015849253928566787,-2.4037780800216986,0.3821506810714293,-1.0659719966785526,-0.12443163428571141,-0.8857757875500605,-0.1540003692857195,-2.6335464245351554
0.1001001001001001,-0.384955,0.321556,2.804765,-0.02038,0.317239,2.787698,-0.207334,0.368736,2.684071,-0.199755,0.182056,2.893188,-0.406551,-0.039298,2.779697,0.005627,-0.041438,2.740962,-0.187204,-0.049973,2.901928,-0.465479,0.04536,2.774553,0.051769,0.037108,2.786057,-0.398732,-0.235509,2.685854,0.028903,-0.251912,2.701471,-0.422951,-0.298102,2.666758,0.011208,-0.31756,2.68578,-0.294925,-0.573996,2.793126,-0.066857,-0.571181,2.785161,-0.304581,-0.991129,2.901147,-0.075159,-0.990479,2.884567,-0.319803,-1.031136,2.745293,-0.082677,-1.027582,2.727438,-0.196187,0.61783,2.753559,0.27848587821428605,-1.830854220235625,0.023467223571429052,0.21723630338564687,-0.3076421689285773,0.873692846870776,0.3049606864285716,-1.8599602065428535,0.02465068178571439,1.351450182728499,0.14664725357143027,-0.6237363678434821,0.430816014642857,-2.465732556385672,-0.024883424999999182,0.737636796257064,-0.10831716964286286,0.12455052479954909,0.17194478785714296,-0.9923195228785349,0.06708213642857164,0.8230300389642514,-0.01690177178571517,0.14865224894941897,0.4146265060714285,0.32628216979293423,0.05531225142857149,0.340610612721437,-0.3619862228571442,1.2773699942136827,0.4774078285714288,0.16407136439999642,0.016363025357142846,1.52944366107858,0.2647672296428567,-0.5629794926791352,0.22969448035714302,0.9036970340786105,0.014277256071428657,0.3564146714142968,-0.028638713571428553,0.25333542527079156,0.2705101714285716,1.0450353614143584,0.020707367142857147,-0.598565356907152,0.15623908071428616,1.8744811210921837,0.2681647810714288,4.581423390599984,0.02799852107142864,3.9635681000785614,0.16825681285714467,-4.659823497729055,0.14203460892857178,-5.483880052007063,-0.14850634500000037,0.3203797067357729,0.6091574946428651,-1.3121218147505378,0.09415777178571472,18.506360257714267,-0.012824662499999473,8.19719527075719,0.17415745392856863,-8.570248044557713,0.09045397928571397,-4.2049061276141915,-0.10935184821428567,-0.39961385755708223,1.1500315553571419,-1.2469167065576838,0.029601797142857877,22.11584473157141,-0.004062005357142073,8.592189809400061,0.16320746250000084,-10.423600058764814,0.07441717500000022,-1.006091936678514,0.060564493928572105,0.6894333479572644,-0.13858877250000035,-1.6303201764434518,0.14437286357142864,-0.6918499360928448,-0.028687236428571516,0.9622511784644011,-0.17368756714285993,-1.8983262164148484,0.06800335714285666,0.8093645538429172,0.08751263785714158,0.46419877941449444,-0.034095037499998426,-2.615325777707709,-0.0022410899999999456,0.07795100667858638,-0.003477352499998254,1.176001606928785,-0.06616626750000165,-1.0726229604864252,0.2530395642857153,-0.21903270518566545,0.042326321785710164,0.7772645645359498,-0.04357174178571199,-2.5931915412434,0.234300702857143,-0.6123163849714134,-0.04362311892857207,0.8501043803787903,-0.07214433107142781,-0.9705488439220601,0.32284647321428617,-2.488722222278528,-0.14446907678571375,-0.3152685159001278,-0.19521233035714403,0.1633014779137201
0.1334668001334668,-0.376442,0.318907,2.789029,-0.011504,0.314483,2.794102,-0.191839,0.362255,2.677742,-0.197009,0.182671,2.893054,-0.394954,-0.03875,2.765005,0.018911,-0.041558,2.754832,-0.184609,-0.05173,2.901949,-0.450874,0.040117,2.788679,0.062633,0.0357,2.787148,-0.409273,-0.241635,2.690492,0.038029,-0.249874,2.694429,-0.395666,-0.307341,2.709639,0.026165,-0.317573,2.682379,-0.295483,-0.572882,2.787476,-0.065287,-0.572906,2.780877,-0.300106,-0.988595,2.901152,-0.07313,-0.991501,2.88324,-0.306961,-1.031117,2.745372,-0.070813,-1.029931,2.726268,-0.185378,0.586058,2.745281,0.18792652821428657,-2.3328202089213543,0.02286306642857161,0.1859703577713706,-0.06185582035714532,3.165751843520874,0.19416885107142867,-2.576681753271427,0.07550715535714225,0.7333810348499409,0.04417744499999898,-1.0637051086934173,0.21631751357142814,-3.8253307044213853,0.03189366964285645,0.9232008250499171,-0.017201590714282844,1.31962820798525,0.1831245492857141,-1.124953855778532,0.06425877214285736,0.050898050999965,0.011654405357138131,0.4335957916065365,0.3450792182142868,-2.2435133765784934,0.05407931892857154,-0.2217059221499923,-0.10633165714285653,4.241646821570821,0.3484314578571431,-3.0354485558142903,0.06464980928571434,1.2759799213928653,0.03897931499999885,-3.2135703485791556,0.29651295214285756,-0.039948554314251504,0.007050918214285551,0.364904808492867,-0.036882009642855706,0.22608999797086018,0.37323258428571426,-0.3869321162784851,-0.025753268571428567,-0.10761302211429472,0.1553172653571444,0.7611183340708958,0.36069917785714334,8.178589680685691,0.10772752178571449,7.311205625849986,-0.1458046446428618,-7.931113947000556,-0.0010792767857141783,-3.346782096342768,-0.11975024892857133,1.6686006433714746,0.3288373810714269,-4.1030672541433955,1.0970489957142868,27.67870230557139,0.17273934964285775,18.694511960528608,-0.3226434621428602,-15.268709570721944,0.031147987500000696,-0.40466089118562826,-0.13452058285714275,0.8691804566357673,0.6453275978571504,-8.008893867793502,1.2021743603571444,34.75398049502138,0.168402381428572,20.308044334435767,-0.4825712314285653,-14.903697833550499,0.04605152142857172,-0.5949725533070791,0.06651865285714109,0.07470037485010486,-0.22749822642856543,-0.2674286251076871,0.09512311500000004,-1.030279203771415,0.03069938892857227,1.2134480301644164,-0.1262558796428621,0.8311780042709346,0.059084546785713954,-0.37333078836422295,0.06803237571428689,-0.21836974737835502,-0.22206319071428382,-1.4757013072292278,0.045466630714285805,0.3023301457928735,0.04505192678571568,1.0483929219216526,-0.06867447107142866,0.06849851149215391,0.06574026535714284,-2.9612400528856466,0.06539834571428571,0.30868170930022604,-0.21972683892857248,-1.3069892381792416,0.07917681535714305,-2.6383796008071294,0.022527925714287633,1.3359455243359497,-0.06184119214285744,0.20365636120659786,0.12441664928571439,-5.711766451778541,-0.11203689857142862,-0.9224523243001067,-0.25064695928571723,2.186049904713754
0.1668335001668335,-0.372493,0.320321,2.799836,-0.007801,0.316146,2.785429,-0.194108,0.364236,2.679036,-0.187697,0.183816,2.893615,-0.384613,-0.039483,2.767408,0.029026,-0.041048,2.750181,-0.171938,-0.053433,2.900606,-0.433043,0.038163,2.7852,0.068298,0.037406,2.782854,-0.403792,-0.248709,2.696575,0.075845,-0.250557,2.693266,-0.399907,-0.312371,2.724879,0.057415,-0.311845,2.665461,-0.295524,-0.572794,2.781726,-0.063545,-0.573133,2.780846,-0.299887,-0.989664,2.891095,-0.070205,-0.991949,2.882387,-0.310898,-1.030476,2.735096,-0.072217,-1.029998,2.725317,-0.190933,0.615924,2.724203,0.054936912857143305,-1.3414416584142146,0.023665120714285504,-0.015248029564347577,0.13302707785714318,1.976982952370869,0.05239755000000003,-1.5216164818071407,0.08128125642857098,-1.1917415084143494,0.002670541071431387,-1.4316039201862816,0.006165970714286262,-2.3346807679285257,0.08336809607142959,-0.5468760336857954,0.08169405750000891,0.3329331335994144,0.10995053464285709,-0.9424052157213878,0.025155533571428412,-0.6494634079071829,0.0300765599999977,0.19691985445658236,0.14052671357142943,-2.2017042632570765,0.0028215803571430276,0.2711497431214356,0.08556577714286462,2.3471486518494475,0.1374369492857144,-2.4655828562357196,0.0844813864285715,-1.3169122195499914,-0.016777015714282584,-1.2314975911077553,0.17634597750000003,-1.15763125994996,0.006518712857142783,-0.3385148106214182,0.02974427357143483,0.49768884154221427,0.26527624392857074,-1.67157326063562,-0.030220701428571306,0.4770729923142759,0.07169656499999633,-0.4660165669506478,0.7744503696428576,10.759912138607119,0.3547334828571433,11.817843098657123,-0.5239081864285708,-8.885174388686252,-0.0344756089285716,-0.7492278650142022,-0.09623034000000019,2.0598740640000535,0.13806691392857573,-3.7575379222076735,2.619539861785717,27.836315177785654,0.9400267703571444,32.142974635928596,-1.2556040914285802,-13.598034510986196,0.12788603357142847,0.545015474678652,-0.16510140000000018,1.598369887285773,0.00921910499999612,-6.6853948416434275,3.1372066767857167,32.45467173396423,1.0058735957142872,35.8232031235286,-1.268448139285713,-15.057268801714912,0.05795020607142831,-0.581114596564222,0.02295939857142848,-0.2738443458213079,-0.18658322999999655,1.1130633867207782,0.07883418214285703,-1.0509592102071288,0.05615771464285846,-0.48560590086417765,0.0070707792857191976,1.4906927079636703,0.06991679892857183,-0.2985448705713567,0.031268343214286176,-0.38979780486407495,-0.1549202817857136,0.6787618658350726,0.054244153928571404,0.010414853292871104,0.04530060642857059,-0.47643142024267005,-0.042358551428566926,1.495162326727924,0.013739342142857325,-1.391398737042792,0.020675375357143366,-0.20357081826407394,-0.14814884571428522,0.7168070896707799,0.003096543214285763,-1.3822242564214131,0.06485151214286056,-0.46759911139266386,-0.04652699785714276,1.5358807675278998,-0.026746084285714344,-3.151637257949963,-0.22984218964285574,3.490986112264171,0.017088251785711606,2.7018952358779535
0.2002002002002002,-0.371652,0.322471,2.804485,-0.006881,0.322086,2.79156,-0.193192,0.371491,2.685779,-0.185971,0.185039,2.89511,-0.382913,-0.035424,2.7747,0.030233,-0.037965,2.748235,-0.16736,-0.050923,2.903014,-0.434611,0.041473,2.786558,0.112148,0.062804,2.748554,-0.401728,-0.246878,2.705899,0.223851,-0.18356,2.616035,-0.408488,-0.315771,2.697114,0.237805,-0.246908,2.590318,-0.289734,-0.569976,2.772297,-0.058212,-0.569411,2.779865,-0.295793,-0.985849,2.88532,-0.070054,-0.988281,2.880706,-0.309821,-1.027887,2.729889,-0.074415,-1.02598,2.7236,-0.181781,0.592637,2.745888,0.023485895357142628,0.5664225961286498,0.07188292607142888,-0.2667870530357957,0.17248912392856752,-1.2965102276791272,0.024638670000000057,0.4097934677571434,0.03957074678571448,-0.6853914439071925,0.04348813500000048,-2.0038434364291127,-0.012320524285714063,0.3609484473857594,0.11372508964285721,-1.602283476921514,0.13089421285714664,-2.0573933186576987,0.04357768821428576,0.6458064471000409,0.0039870803571426805,0.5556655710642493,0.040890378214292866,-0.37482778986489407,0.09952430464285777,-1.4154576897213496,0.07362059142857144,0.5315638469142914,0.17439697607142435,0.6230947957709068,0.08366446607142863,-1.649567338585721,0.04271664535714298,-1.9173381354642776,-0.09338116821428954,-1.771016931707736,0.18170585035714293,-0.7688385846642501,0.038913428571428654,0.005346433928581852,0.03379961892857963,-0.5690102701506129,0.0672332946428571,-2.5986876753213317,0.09557076214285726,1.2108817418785607,0.0467976792857101,0.26387859297802574,1.4159344339285724,8.983912330478534,0.8464642360714297,23.09781355836425,-0.9066102203571447,-6.864222363686206,0.08191455107142875,0.3670861535358043,0.08832979607142866,2.821505655728615,0.19644526285713937,-1.2130417011862407,4.0042334250000025,9.17584930851421,2.3427331360714305,53.5452201381857,-1.8196761214285715,-5.664375661436222,-0.05032367357142897,-1.2690081715499177,0.042961043571428714,3.2102127880715003,-0.1208782864285709,-4.769639250621893,4.738397811428575,10.848106912692781,2.4779655064285744,62.46841836497142,-1.9859418321428635,-2.2485176387362404,0.06499767535714307,-0.1348370636785127,0.05718739821428631,-0.24721910485702212,-0.12251224607142319,1.9033732500423746,0.06349893750000007,-0.6550236991928438,0.05741015142857098,-0.9722810885141775,0.02373909428571963,0.34478083118510067,0.009753688928572757,-0.5442455881928099,0.05934951964285684,-0.35622219979264136,-0.11767922678571097,1.46853708576373,0.02128381392857137,-0.7885990044642711,0.06457310035714503,-0.914689302235545,0.0472789832142837,0.5635996790137214,-0.09372510964285707,-1.1239914976713519,0.06247734107142833,-0.15970867431408015,-0.11060773392857115,1.4714241600851918,-0.08061715928571411,-1.5845974734856985,0.05837525678571431,-0.9700783577355214,0.050761568571431326,0.6069485653065239,-0.18706167964285747,-1.157738188628532,-0.0004998567857139591,5.266558205678459,0.24852134892857336,2.47465040817802
0.2335669002335669,-0.371783,0.324016,2.804399,-0.00695,0.322309,2.793491,-0.192492,0.372407,2.68669,-0.187106,0.185896,2.896024,-0.383189,-0.036617,2.778855,0.029443,-0.033642,2.74536,-0.165295,-0.048523,2.903546,-0.434404,0.044276,2.793653,0.16768,0.106568,2.721023,-0.404319,-0.241885,2.710577,0.342134,-0.069317,2.552723,-0.394471,-0.310846,2.706512,0.389687,-0.11882,2.540182,-0.289004,-0.569578,2.774364,-0.057921,-0.566596,2.782465,-0.297946,-0.98516,2.888262,-0.070128,-0.985841,2.881687,-0.314233,-1.027337,2.733089,-0.077316,-1.02283,2.724516,-0.201497,0.583435,2.755228,0.15066442285714343,0.6747841189929203,0.008916431785713996,-0.7730515746000644,-0.11490248250000334,-2.675141680500493,0.1545833571428572,0.11811341834999954,-0.0922751324999993,0.688150203814221,-0.06079545321429336,-1.5515778975434282,0.17812693285714287,0.8180471625428978,-0.11930866714285715,-1.4290590176357825,-0.11742448178571507,-2.6484308965934056,0.10274655535714294,0.9521357254714633,0.028594115357142957,1.2257662139356773,0.002598708214286205,-0.5514739668649314,0.0873346017857144,-0.38789447438563507,0.08749539321428579,0.4224752090357212,0.045156940714282,-2.1777736249933817,0.07232831357142855,-0.24531577437857865,-0.12883020750000007,-1.0783543376571343,-0.09031304892856795,1.1166989617923226,0.12023964000000009,-1.4858809174285368,-0.002150228571428492,0.037938295157155244,-0.023653822499998256,-0.43631178004349547,0.01660361785714315,-0.8949930396427582,0.10472267250000011,-0.012681741278581151,0.1865605146428635,0.7850062008637988,1.8528945364285732,-3.1590794939786155,2.0408845725000013,21.722518280314244,-1.1297296157142895,-0.5641984796148247,-0.011904036428572073,-0.6882571324927729,0.2057859128571431,1.0542526135072008,0.08601877607142683,-1.0185812063363204,3.920676708214288,-24.765922329814366,5.117747248928575,46.29034454020709,-1.8130083910714312,7.200833843828012,0.1301272425000013,1.2722374176429434,0.1769395500000006,1.391612594400071,-0.010404703928568182,1.5110733140994785,4.6503335828571455,-29.09984860099295,5.787755736428576,54.65886093977138,-1.6858421132142887,10.665002243506624,0.024259525714286134,-0.3763034056285038,0.02202890142857239,0.07474314632155389,-0.0023778578571374,1.4882975055636327,0.013162895357142823,-0.7874869462071311,-0.06052762607142803,-0.7246984261498757,0.012172577142852248,-0.6070982654576836,0.005519950714285127,-0.06058578927850708,0.02035177071428418,0.3458287322359215,-0.008192513571437132,2.4681277587850747,-0.014739293571428669,-0.6927695227285554,-0.04234011750000022,-0.7202074216498179,0.08255569499999993,-0.5694593706006381,-0.04695395142857084,1.144286560864351,0.02521678178571385,-0.06939671239266473,-0.004233857142850184,2.491245739092434,-0.07042700249999989,0.5424278006571593,-0.06640911964285579,-0.7672346544855246,0.09093813750000379,-0.5812856824505417,-0.12872210142857177,0.8269650143357563,0.12636945642857267,2.420544496821308,0.26809711071428666,-1.3582508466863195
0.2669336002669336,-0.363825,0.324392,2.801628,0.00078,0.314066,2.788136,-0.184431,0.365094,2.681198,-0.18158,0.184964,2.896097,-0.372909,-0.02885,2.774996,0.03975,-0.045971,2.746441,-0.15738,-0.051726,2.902242,-0.428617,0.047885,2.797059,0.22384,0.173481,2.682521,-0.400294,-0.234636,2.711548,0.460383,0.105865,2.516967,-0.396634,-0.303375,2.722979,0.509695,0.076981,2.476927,-0.290972,-0.567085,2.772905,-0.059514,-0.573362,2.780741,-0.297693,-0.983288,2.884669,-0.069639,-0.990292,2.889499,-0.313814,-1.024752,2.729287,-0.076095,-1.030908,2.733194,-0.199491,0.616523,2.749742,0.22661672785714204,-1.0323108486642212,-0.024986060357143458,-0.9765796213929294,-0.20339580535714674,0.5781419792995541,0.19851140892857147,-1.952325199092857,-0.02029765821428553,2.1435992193213655,-0.2411524157142857,-1.3383834982077367,0.2118843321428574,-2.115861920099963,-0.18991227857142867,0.5932189229785045,-0.28566179035713546,-0.3767738918148022,0.24621603749999998,0.5847929431071806,0.1289792249999997,0.6231589529785286,-0.03009130714285746,-0.49035353419347294,0.13618237178571446,-0.06026500324279343,0.08403790178571435,0.1312228743428627,-0.1045929214285728,-1.3120790432791583,0.1338139092857144,0.06381503537141872,-0.18973115035714305,0.7452287324357219,-0.017101928571431557,0.27239011579233197,0.09759671035714268,-0.5291472587785437,-0.024931472142857125,0.3566071430357247,-0.056286871071435485,-0.4942243523577751,0.11170710964285746,0.6424916580643771,0.0787558082142858,-1.5057910373785799,0.15962866392857222,-0.6666789251577458,1.3498024178571437,-17.551636858221475,3.0027950325000026,10.274755338192799,-0.9215857060714292,4.554477363599395,-0.00476499214285786,-0.019567948178494846,0.17846136000000046,-1.58087635547138,0.06186914035714253,-1.09941928733626,1.9339643378571436,-52.486219891350075,6.940073693571433,16.72670348877849,-0.9275819657142925,17.040303917292338,0.09791175214285719,1.1532471841286545,0.18687079928571482,-0.6992707863856481,0.22859760214285885,0.9081880385779333,2.162918606785715,-62.09472401910009,8.093042427857148,20.30132921342134,-0.7316446467857176,18.20653224299952,-0.01972133035714263,0.290097504964334,0.013068585000001853,0.3764744915143951,0.04230812571427833,0.6093865391780575,-0.036905438571428584,-0.004640704649988606,-0.1156650525000007,0.4743356181429825,-0.023621592857146823,-1.112699829214865,0.014072342142856797,-0.26605993802136224,0.01887420214285651,0.5984798139644862,0.06490800321428125,1.3031825772207537,-0.03623337321428577,-0.13137257449284384,-0.10748906999999974,0.4895836477073196,0.010453940357145086,-1.0904800498077212,0.02443197214285764,0.4310722747929169,0.00898053428571366,0.3329545193359227,0.0671430278571421,1.3152227464279767,-0.025783714285714243,0.5467263335357291,-0.12047642678571613,0.46364275028592294,0.013589135357147342,-1.1075244811720348,-0.03571496357142845,-0.058832158949951356,0.5483915357142859,2.572468763335572,-0.05401462178570782,-4.9883511697719465
0.3003003003003003,-0.353635,0.320528,2.789239,0.009857,0.317093,2.774162,-0.175804,0.355458,2.664747,-0.167864,0.192999,2.893178,-0.373698,-0.02973,2.773648,0.038214,-0.051679,2.738388,-0.156214,-0.051889,2.897653,-0.426981,0.048606,2.804473,0.263554,0.315531,2.650918,-0.404084,-0.229963,2.711812,0.486778,0.413896,2.485977,-0.392334,-0.298423,2.705162,0.548749,0.445841,2.488832,-0.28884,-0.56972,2.776166,-0.058718,-0.577278,2.779942,-0.295843,-0.985776,2.888457,-0.072459,-0.995374,2.883713,-0.313644,-1.027355,2.73329,-0.081394,-1.033971,2.727018,-0.195523,0.625148,2.753953,0.12367013464285614,-3.180700472785631,-0.06187258928571415,-0.6024361750714852,-0.09061084607142789,3.088314094499404,0.050700796071428536,-4.28991442707857,0.2410567971428561,0.7674698975785025,-0.2131846971428537,0.9392615125708339,0.04154365285714312,-4.13615098729282,-0.013836268928570483,1.8262349013213455,-0.1894390617857198,2.670415432906471,0.2699847449999999,-2.2112423013856755,0.188193047142857,-1.4746747919143257,-0.04113144642856881,-0.12839995722927577,0.11166857678571462,-0.9103266121499299,0.11569169250000008,-0.5525860251214232,-0.12006231750000396,1.0421269013566352,0.11656807714285722,-0.9395395271357233,-0.0502544571428572,2.2361994549642943,0.0032562642857172364,-0.388578817929088,0.06686318892857157,-0.3579544443856856,0.03770023821428575,0.5787621656357222,-0.05475435750000557,0.2598153031923128,0.11971361892857191,-0.6101778113999137,-0.014797568571428499,-1.4378485550142959,0.09945009321428344,-1.762484023157717,0.39057605678571394,-26.677657402521472,3.1303714950000026,-3.5580945509357913,-0.6577239985714307,5.11531828270659,-0.0003930589285716657,0.5619957488358084,0.037795262142857444,-2.128073175192804,0.054066593571434396,-0.13105178845786636,-0.33487098428571516,-63.184733582721485,6.899139430714291,-16.792507397571537,-0.292988385000001,14.776516863256578,0.06857790107142892,0.6389202402000768,0.046851910714286404,-1.4722154323070895,-0.002194707857146483,-3.372616065086375,-0.4156406100000005,-73.45854794854293,7.983615892500005,-20.278553404885837,-0.02399276892857216,15.164561037792343,0.04139796535714346,1.6370780689286313,0.07137569571428592,0.10819043697866824,-0.011433911785715622,-0.4785913795505117,0.010364387142857145,1.134384965228582,-0.011236490357144469,1.4824378139786862,-0.11333393357143251,-0.3708072715505926,0.02780823535714294,0.016424245028625727,0.0991884503571443,0.4672997110930887,0.0871661989285748,0.5489932215209603,-0.049628060357142845,0.6876369461571586,-0.005008082142857084,1.362057507643036,-0.09521028964284994,-0.918731206286336,0.062493991071427946,0.02305382310005258,0.06119874000000358,0.14202267087876813,0.09440787857142752,0.6402889272850832,-0.0043994057142857645,0.4794681947143031,-0.01297070678571366,1.5868429757359428,-0.09506376964285934,-0.9631921508363201,0.056085643928571294,-0.19830992727853114,0.36135197678571274,-3.910916418750147,-0.1716710142857103,-2.2778802538720275
0.333667000333667,-0.35596,0.321194,2.79314,0.003388,0.331491,2.773998,-0.181078,0.364257,2.667028,-0.164302,0.199511,2.893332,-0.368718,-0.025157,2.76753,0.044339,-0.045802,2.748705,-0.156367,-0.048323,2.899961,-0.422956,0.0488,2.803755,0.24356,0.394475,2.643039,-0.401832,-0.230922,2.718912,0.414607,0.580712,2.494893,-0.391086,-0.299809,2.721758,0.461942,0.631732,2.489853,-0.287663,-0.564318,2.773055,-0.05905,-0.572812,2.775781,-0.294909,-0.977781,2.894533,-0.073267,-0.991051,2.878907,-0.307905,-1.022985,2.739903,-0.076273,-1.029641,2.721985,-0.196849,0.628823,2.743577,-0.1176037071428584,-3.9643593722999304,-0.07030284107142837,-0.09330596492148738,0.1381411253571443,3.860339153784999,-0.24789709285714306,-4.513160122199997,0.2129887028571429,-0.17628261949290608,-0.07796671714285353,2.4573707337208184,-0.23117633035714302,-4.5168812402142535,0.12251367321428575,1.8592758629999186,0.0492288171428541,3.925971976692285,0.03876821678571396,-3.7530896891785344,0.02921075999999978,-1.9089121555928945,-0.042231535714286395,0.7376795677280099,0.026953019999999217,-1.3070747811213468,0.04675938428571427,-1.1803429112785653,0.015472369285717491,2.0667388851637543,0.026442221785714315,-1.4937508681714367,0.15134302928571441,2.47210550562858,-0.03390011357142697,-1.1288032882077494,0.04624192607142863,-0.2004912723214013,0.08917418892857149,0.42448546819286515,-0.011417856428572293,0.34798869154229883,0.054288633214285564,-1.150958910407044,-0.08206892035714286,-0.9965538985500071,0.013395281785712143,-1.3742046055292492,-0.9747743689285726,-22.299120486642888,2.4578501657142873,-17.05912336472153,-0.3803923221428569,4.550285759399481,0.010857583928571835,0.7300876315500835,-0.07765548107142894,-1.3542303283713821,0.09459400178571187,-0.9176405337648953,-3.234817777500002,-50.92392774021433,5.05943692714286,-46.287521623092985,0.1624554771428599,10.908329144463751,0.22701846857142804,1.1378280686786482,-0.02163251250000009,-0.9866309171785212,-0.10576270285714173,-2.7009970349791796,-3.637075593214289,-59.32666131692148,5.754778270714289,-55.345941856800124,0.4399141692857178,11.050244886663764,0.14971287535714328,1.183550771635776,0.06999315107142934,-0.25357066836417486,-0.029068164642858108,-0.08517938535060302,0.08107217999999994,1.2214035238500116,0.11553768000000009,1.6370139117215403,-0.1047573996428568,1.1615662353209861,-0.005308495714285488,-0.11372934252850257,0.12045383035714341,-0.21075642546409962,0.13006670785713936,-0.1089603234647987,0.020295993214285768,0.56139694823573,0.11657307214285506,1.3076521959859009,-0.10704867750000346,-0.34738989094341594,0.007389270000000003,-0.7768154640856512,0.06549455892857203,-0.11268144147834935,0.1440822021428545,-0.06458492185781628,0.02264899499999995,-0.4227959950714137,0.11785155428571414,1.9414184738787785,-0.10775903785714647,-0.4447591456506497,-0.184167909642857,-1.0496974517999569,-0.06015704464285765,-5.963562104078703,-0.2597077703571422,1.7372488550136747
0.3670337003670337,-0.363472,0.316786,2.803056,-0.008089,0.338795,2.773155,-0.194202,0.370106,2.673261,-0.16508,0.19732,2.892198,-0.36841,-0.022178,2.77182,0.043965,-0.039952,2.739768,-0.15182,-0.04486,2.897285,-0.420673,0.041792,2.805088,0.205371,0.450728,2.628921,-0.401668,-0.236893,2.715815,0.298956,0.698425,2.502889,-0.378698,-0.30243,2.709002,0.332691,0.759501,2.503757,-0.281247,-0.560932,2.772615,-0.054093,-0.567445,2.770785,-0.297029,-0.973931,2.894859,-0.072287,-0.984435,2.878254,-0.312848,-1.019027,2.740461,-0.078772,-1.024473,2.721801,-0.207422,0.626502,2.734448,-0.2748766339285713,-2.1795914125284974,-0.05405529535714315,0.0894351467570725,0.3233288474999938,2.536754584692296,-0.406800768214286,-2.127602689007138,0.06951006321428643,-2.6100862724572074,0.061436953928570404,1.4990117591565695,-0.3888376778571436,-2.297875916764249,0.14839990392857194,-0.36858315503577604,0.24464843999999886,2.376233252420849,-0.17066214321428563,-3.008053428364244,-0.11462633035714265,-2.0853230895000423,0.015465233571433146,0.9104976980351306,0.018312859285714023,-0.40827508052134887,0.02229030642857141,-0.8093645538428522,0.11278139142856958,1.870075659535199,0.007100987142857118,-0.7213836371142938,0.16956336214285728,-0.18753151647856375,-0.10026189964285948,-1.1548083428362335,0.08878112999999965,0.4904176914000339,0.06552322071428579,-0.5238649820571349,-0.002293775357141925,0.24084615561369657,0.016513469999999586,-1.033102120885636,-0.08586369321428577,-0.4787410797000091,-0.045861592500006765,-0.994436710714942,-1.6779038689285728,-10.449049084264312,1.3408631517857148,-21.44420431572867,-0.35021110499999963,2.6133155185493946,0.07020139499999933,1.7350247385000894,-0.06753382714285738,-0.5466194048570963,0.020746256785717065,-1.550658310907706,-4.696963572857146,-20.422949892428598,2.431323504642858,-54.415854824850136,0.499862851071434,5.763584089413741,0.2438794478571431,-0.9144968306142113,0.020362831071427667,-1.2205908658927969,-0.18043379035714224,0.9015584605066235,-5.532020180357147,-25.779221259428592,2.583686227500001,-64.951238124193,0.5040882642857163,2.696484644742355,0.1727744335714294,0.27788624987148575,0.055158714642857376,-0.6799166955641796,-0.046840969285707246,0.4557727995422276,0.13208433107142858,0.4808154960642961,0.13597436571428556,-0.11372934252846395,-0.017902912499994983,1.790948437392227,-0.0027009867857143988,-0.25406254028566094,0.08562143571428571,-0.8553011141569746,0.037947728571435135,-0.34587150370768327,0.05813775642857144,0.40519553457858687,0.13370045142857112,-0.20955882426408715,-0.04283034107142569,1.3129772441779464,-0.03838146107142926,-1.1031404053499296,0.061950725357142744,-0.46715001094266584,0.04825954928571008,-0.35218029574336757,-0.0008539071428571576,-0.7794459095785552,0.14721668357142725,0.0532077104573801,-0.043303320000003254,1.3404365288351847,-0.21809513892857169,1.5318174777428963,-0.14207540142857233,-2.3134875038358427,-0.06941765571428604,0.7687744274566751
0.4004004004004004,-0.372873,0.315669,2.812649,-0.022852,0.3261,2.773834,-0.205438,0.367565,2.679928,-0.176529,0.186254,2.891889,-0.369535,-0.025932,2.77948,0.042005,-0.037529,2.735929,-0.149207,-0.045205,2.89886,-0.423624,0.041976,2.801026,0.129645,0.497119,2.615355,-0.397559,-0.236329,2.720601,0.09966,0.769579,2.518053,-0.372036,-0.298646,2.702317,0.09719,0.839163,2.522635,-0.273209,-0.56363,2.771736,-0.049292,-0.566252,2.774534,-0.296289,-0.975043,2.898101,-0.067226,-0.984086,2.878716,-0.31391,-1.021311,2.744245,-0.077637,-1.022686,2.722114,-0.214296,0.618114,2.731963,-0.2571123921428571,0.4079329087500748,-0.08548050535714236,0.8847492722356525,0.30171298499999466,-0.7132142860719676,-0.36015365250000025,0.9778199940642921,-0.08816722071428584,-2.253821301192926,0.030584860714281348,-0.5287195440648027,-0.36405629357142866,0.8086160530929012,-0.004671752142856533,-1.5967231856357922,0.20033315678570673,-0.9392401268361366,-0.19663293214285749,-0.7808145966642551,-0.1565606635714285,0.06368672095710591,0.05139367392856897,0.4254050548279347,-0.022464536785714362,-0.26268099177848075,-0.06206739428571434,-0.1601150032928519,0.19437816535714347,0.6765591350566164,-0.05592152250000004,-0.5987578285285795,0.07134037392857145,-1.897363858307134,-0.20819171892857113,-1.2022632903862556,0.10311452035714286,0.18937068975003563,0.005615926071428523,-0.5385997539642768,-0.019874629285716594,-0.3058160207148139,-0.04035734035714267,-0.8615029775141871,-0.09815781535714296,0.6747413475214196,-0.03846732749999404,0.1331048190850566,-1.6101403907142866,4.1691277917642635,0.8575028292857141,-13.818500060464386,-0.3878495003571416,2.274244678799529,0.15457634035714385,0.19503790971435983,-0.04098385607142907,0.31625225974290416,-0.09952275857142467,-0.7109687838218819,-4.643607577500003,9.804440238364283,1.030873451785716,-37.349374767042995,0.4926451950000015,-0.3149477298647413,0.15439354714285658,-2.012697131014227,-0.030829853571428867,-0.41490465859279696,-0.19706785392857284,-0.20686422156482662,-5.521815395357148,10.538548388228582,1.0298359189285726,-44.00803743904301,0.6481262249999986,1.3533107417351846,0.1738577539285706,-1.0076530953856566,-0.03686452714285693,-0.6667430823641693,0.028439270357143442,0.7231586531779147,0.15066525535714292,-0.8908014354428461,0.05949520714285672,-1.1945644255284533,0.09943213500000425,1.7565601743636234,0.0010168392857141662,-0.047968205207085876,-0.023897863928571184,-0.9371229389998083,0.04364928321427897,-0.16800633977203416,0.044014275000000214,-0.3003840438428415,0.043903790357143535,-1.5770483087784029,0.015937855714291516,0.19052551947806023,-0.09010206964285672,-0.8166784754570776,-0.01722097607142814,-0.5683900838140571,0.052007702142862655,-0.16484125088628512,-0.08880717535714278,-1.4629554087428365,0.08500966714285596,-0.9238210113855614,0.013427868214279215,0.16625270944230439,-0.03302372892857153,3.813033906385756,-0.19624474928571356,0.1719840866141615,0.06448961250000096,0.5858836156280203
0.4337671004337671,-0.380324,0.314455,2.821592,-0.031486,0.334768,2.777079,-0.216616,0.371725,2.686453,-0.179201,0.190052,2.896766,-0.369274,-0.025692,2.781778,0.041366,-0.034859,2.729941,-0.146494,-0.044215,2.89664,-0.423317,0.039683,2.802236,0.099981,0.50923,2.603866,-0.39377,-0.235631,2.712547,-0.01525,0.768397,2.538526,-0.370376,-0.29874,2.694133,-0.046094,0.829814,2.550596,-0.27211,-0.562639,2.772552,-0.045583,-0.563178,2.779459,-0.294768,-0.97486,2.896335,-0.070083,-0.982656,2.87537,-0.315251,-1.019934,2.74248,-0.083756,-1.017793,2.718204,-0.207566,0.614842,2.748921,-0.15340834285714333,0.2596869887786522,-0.0015272807142858724,1.2764076361070842,0.21557528035713602,-1.9534158716148449,-0.2286834685714288,0.933936464378579,-0.08254356428571485,0.11501248667136398,-0.0027736521428565197,-1.2822031704861734,-0.22948326321428558,0.5954430394929098,-0.012932292857142258,-1.1751675632357999,0.11992887964285615,-2.2760196948648397,-0.13710680357142913,-0.2002132577571021,-0.06921559607142869,2.331109350064249,0.05678101928571522,0.5394979548637489,0.010314556071428171,0.396983412064355,-0.018730893214285727,0.9601981478357194,0.12432245785714358,-0.5376801673291899,-0.024566837142857068,0.2570565432857065,-0.025642783928571555,-1.3294014892071355,-0.14280074678571353,0.645571204006544,0.08527737535714319,-0.13175751773568548,-0.0036609782142857927,0.08883634615715265,-0.019160938928571625,0.06505540804229892,-0.04143233571428562,-0.46026380404276646,-0.025639097142857226,0.773072960335706,-0.028377189642849743,0.5328897625278811,-1.1234832492857152,12.529068511307122,0.4416081878571432,-10.264618499464381,-0.21776939357142666,3.812862820499471,0.1590691049999995,-0.8897749201284968,-0.012937525714285858,-0.14833146291423108,-0.07084027928571146,0.7286975587280021,-3.5927373567857157,35.124723609364295,-0.3061139367857155,-20.019999860100143,0.46787308714285203,-4.0577722659005815,-0.02152512000000062,-1.8192417657427804,-0.06843649499999982,-0.5724106021284935,-0.007781020714286768,2.1906478378923446,-4.350088771071431,40.77648168672859,-0.6332821553571408,-22.350082694850155,0.6560764810714304,-5.291280116164759,0.07218702642857133,-1.7069666532428018,-0.02686429928571421,0.40868140950010584,0.03354249535713194,0.6451434892923193,0.05196667178571429,-1.7274328023214192,0.0008910128571431031,-0.7419567148713127,0.15327157499999444,0.42583276954219224,0.0007061978571432093,0.07814347830006528,-0.01046666571428645,0.24826700590734913,0.07202552142857144,0.3401401265350903,0.0007069114285713773,-0.5063928359785556,-0.03575837249999925,-0.9986924721212286,-0.012986048571420383,-0.5125946993363443,-0.07094933678571325,0.026603855228629257,-0.015273877500002087,0.3343018206859739,0.08295410571428619,0.3591520455851889,-0.11743411500000023,-0.6076970660571267,0.036051055714283464,-0.6502974515998176,-0.01888110000000154,-0.4897119621219721,0.2007981674999999,4.240278134485755,-0.0943850442857137,1.4242899985713195,-0.03460321928571375,-0.2952942387433808
0.4671338004671338,-0.384636,0.311991,2.828014,-0.038827,0.327115,2.773106,-0.22433,0.366637,2.687807,-0.183114,0.184849,2.897309,-0.368589,-0.027115,2.788155,0.040482,-0.037743,2.725354,-0.142834,-0.045178,2.897131,-0.425531,0.035537,2.80058,0.06666,0.521511,2.600092,-0.384449,-0.240341,2.71031,-0.103654,0.754151,2.547013,-0.37275,-0.309057,2.707099,-0.149151,0.805731,2.558789,-0.26795,-0.564788,2.776324,-0.044269,-0.565096,2.782825,-0.297025,-0.97555,2.903564,-0.068697,-0.984298,2.879957,-0.31987,-1.021416,2.750277,-0.086558,-1.019569,2.723242,-0.198808,0.611205,2.73033,-0.16161596035714343,0.14037596922865278,0.050658814285714726,0.6874017030642178,0.14734988357142953,-3.1865601643721044,-0.21679037357142872,0.9698003431714377,0.012566944285714587,0.3286987579285059,-0.10154597142857469,-1.1239059547290424,-0.2590320182142858,0.9522640398857631,-0.020526001071428546,-1.3169977624929246,0.008868265714294665,-2.8371814000076476,-0.11575080000000026,-0.23729612348567447,0.07671975107142837,2.1370551841928145,0.06397667357142467,0.06588945173507504,0.03394268999999994,0.4305804028715025,0.08422200321428572,0.9049587924857191,0.11106156535714362,-1.2196285077863729,-0.009198054642857278,0.4840019706857052,-0.06416220214285712,-0.25280078187856514,-0.1360366842857168,0.27234734432094926,0.09399947785714291,-0.07763022064282758,0.03148360392857147,0.5243354682428656,-0.022669926428577014,-0.42651711308638945,-0.03459977035714257,-0.40756935124277244,-0.025087982142857124,0.21370765699284958,0.026279051785714103,0.5856697582707764,-0.43275764250000004,15.909875313171407,0.21022801392857238,-7.782226454957238,-0.07130469535713857,4.8770811868495185,0.06655135821428537,-2.0247586859570545,-0.07463326821428562,-0.5080609233642339,-0.018148737857135444,0.8344286360994753,-1.6759875728571432,49.71854213241429,-0.5199536925000015,-3.085940277835891,0.17757843428571363,-6.849573134721964,-0.012919924285714757,-0.786267959271338,-0.10325426142857097,-0.48960503344280043,-0.024433637142852405,2.757605077413688,-2.0250646939285724,58.90790722590002,-0.858440700000001,-0.9442443889930268,0.29217194035713945,-8.534320008557671,0.005458226785714171,-1.5049142222142395,0.03817844999999842,0.7236932965715479,0.04781428071428451,0.9327388631780126,-0.03580368428571434,-1.3163775761571312,-0.004915080000000849,-0.09955059974988814,0.09952323428571219,-0.9358184091220966,-0.015298971428570951,-0.04813929109280396,0.054136047857143765,0.19965722862874935,0.0960162685714252,-0.564861437421939,-0.020027214642857172,-0.26270237751427045,-0.042329057142856286,0.12401588140734418,-0.06621431464285266,0.20891725219226778,-0.09499383964285713,-0.06253189122850907,0.04522889250000084,0.710840469407381,0.11042161071429035,-0.6758961772505806,-0.15134885678571441,0.08248478265002156,0.028360182857142036,-0.35113239469263263,-0.0656469064285723,0.34392540175657965,0.33611200392857166,1.545675434485751,0.018448913571429415,0.8980939713212823,-0.18681811392857384,0.7999976015994574
0.5005005005005005,-0.387126,0.319026,2.828999,-0.042739,0.326847,2.770101,-0.227475,0.36876,2.68624,-0.18723,0.189023,2.89769,-0.366997,-0.021235,2.788422,0.040989,-0.040975,2.720937,-0.140369,-0.042757,2.89493,-0.426369,0.04017,2.801987,0.062363,0.528908,2.602307,-0.389402,-0.239657,2.715037,-0.145135,0.732568,2.550369,-0.373562,-0.305076,2.696638,-0.200482,0.767514,2.574544,-0.271165,-0.561562,2.775086,-0.048852,-0.565269,2.786259,-0.296715,-0.972297,2.903169,-0.069553,-0.986898,2.873216,-0.321981,-1.018386,2.750329,-0.091914,-1.018177,2.716231,-0.189247,0.615758,2.727118,-0.19964658214285746,-0.05218119514278685,0.08622404678571405,-0.24841670605721342,-0.03243146464286184,-2.103116021614902,-0.2339565235714286,0.6111401695071536,-0.06793651928571354,-0.7875724891500621,-0.13906579500000404,-0.46537499487915845,-0.22680665678571454,0.6546387559500543,-0.11984229964285742,-1.3411636438500765,-0.13184683071428438,-1.5715521747004673,-0.21160485000000007,-0.4630439496856749,0.12114016714285714,0.2219197795071009,0.05401937892857589,-0.2272662134362515,0.0508385153571429,-0.16928948391421267,0.09926813250000005,-0.2636861213571387,0.07454633142857503,-1.2848122302433658,0.011347688571428594,0.1788489077785649,-0.02886420214285712,0.02217700793572095,-0.1334171635714334,1.1776055371066871,0.10097951464285693,-0.8441377601142631,0.07332529178571434,-0.33872866797856294,-0.0377130824999945,0.04073982653514602,-0.07221794785714364,-0.7075684518427695,-5.649107142857712e-05,0.21186848372142045,0.020773372499999,0.2414235704779995,0.013382318571428797,12.420364816671409,0.10506316500000068,-6.315122213485826,0.11854811892857242,4.700178381020913,-0.04264754785714331,-2.312974246178493,-0.07975837607142888,-0.09929397092137685,0.04946762571428209,2.500548534127902,-0.060244576071428024,50.817212919,0.11051841857142897,4.799964223864098,-0.20333848178572111,-5.076481786650559,0.03185121214285758,-1.2102615555427783,-0.060867642857142634,0.13631267944291586,0.05337300214285534,3.5000108927351485,-0.16406612678571375,62.92451195055001,0.07035053142857262,10.056214504928368,-0.15049851750000087,-8.768365500214827,-0.025968529285714137,-0.7230089530285042,0.06384490071428495,-0.08334021207844597,0.09579410999999993,0.2767528058780425,-0.06323206178571428,-0.8164218466285599,0.014582664642857068,-0.2979460699712946,0.053939934642858844,-1.3596623052434513,0.009282256071427852,-0.43949825466422426,0.04933942071428632,-0.3819278541212533,0.05352273321429024,-0.65682010099357,0.017671120714285893,-0.037425037499984215,-0.009092327142856682,0.09020503324308621,-0.03731728821428604,0.5311789036707947,-0.078087191785714,0.18731765912148352,0.07206904928571412,-0.10194580214981984,0.06203445107142258,-0.8217682805578636,-0.10178109321428574,1.0064341084500168,0.031014311785714455,-0.7138772438783635,-0.029099680714288922,0.6023078606564672,0.3500202246428574,-3.254374332321382,0.004340536071428147,-0.3194601201001369,-0.07363414928571643,1.6454398915922028
0.5338672005338673,-0.400376,0.318903,2.830263,-0.05685,0.329328,2.763838,-0.244507,0.362654,2.68149,-0.196717,0.196993,2.902645,-0.365863,-0.018245,2.793445,0.04065,-0.039681,2.718055,-0.137285,-0.040448,2.895554,-0.429495,0.036684,2.803981,0.07138,0.528092,2.60498,-0.39071,-0.244972,2.716487,-0.100716,0.761016,2.537019,-0.3691,-0.309158,2.699685,-0.148651,0.810037,2.549994,-0.270684,-0.559022,2.779856,-0.049708,-0.563478,2.786184,-0.296163,-0.970141,2.906715,-0.069089,-0.985444,2.871799,-0.324315,-1.015472,2.754153,-0.094932,-1.016028,2.715212,-0.177411,0.613962,2.730174,-0.2123285303571425,0.009709124014367571,0.03439866214285692,-1.0789531382572084,-0.06596801357142468,-1.6808332842006102,-0.21108406178571448,0.9402452564142982,-0.03725877535714295,0.44828779204279073,-0.10974859392856828,0.7466615767280703,-0.22775059285714305,0.8275424292000438,-0.14917781571428534,-0.3161881025357749,-0.13728043928571054,-0.4511534806290274,-0.20310407357142912,0.004063289785753173,0.13216817571428563,-0.2321635469143175,0.07502454321428687,-0.3299177448648148,0.052545972857142687,-1.3818606989142095,0.056733091071428626,-1.009278411299995,-0.004882374642861009,-1.418836635964927,0.03727173857142868,-0.9014515318285797,0.0028058817857141705,0.48427998525000737,-0.07657442035714368,1.2673614698994846,0.06855375857142865,-2.038702185642835,0.03707693357142866,-0.5790401801999906,-0.044481545357136554,0.03517953524931397,-0.09889945392857236,-0.3322915615284692,-0.009575533928571411,-0.2238017242500071,0.05041905428571525,-0.2519453524505114,0.5562404646428575,8.580748440792838,-0.22199575821428663,-5.825773808871542,0.28648441928571344,3.226850890456625,-0.121600420714286,-2.3012976344784843,-0.06282711000000041,0.3181342044857638,0.1460050392857113,0.4600071752135901,2.1828166650000016,41.831076472007126,0.5124234921428572,-0.8094073253144278,-0.33598808035714356,-0.5088949670576695,-0.026949214285714174,-1.9407555160713506,-0.05028870857142831,0.36274484918578387,0.2520956282142848,1.3617153358708687,2.622760090714288,52.50843967075713,0.8089469100000004,1.8680440146426973,-0.492687652499999,-3.2689807898147745,-0.0498043125000005,-0.5015596597070874,0.050122803214285305,-0.5260463270998758,0.1002136146428505,-0.018969147579174936,-0.061753898571428545,-0.12521348260713228,0.017824300714286423,-0.11993120588558366,0.007853329285712363,-1.6815603992147503,-0.00830347392857167,-0.44974202207136704,0.01359175178571359,-0.8510881242212369,-0.012917426785715946,-1.110304626814894,-0.011425348928571277,-0.438471739349987,0.01222633285714192,0.31090582581450016,-0.004264421785716621,0.21193264092795777,-0.061347400714285794,0.48821496062148817,0.0592278557142869,-0.5377229387997802,-0.016720881428565093,-1.3519848261219796,-0.06531247928571426,1.1056425364285896,0.018527525357141528,-0.49984880084980987,0.0024206721428576827,0.1829335832993741,0.1212781242857146,-5.0362124462999605,-0.060086282142858494,-0.5080181518929953,0.2048784878571439,3.0814065018637242
0.5672339005672339,-0.403394,0.319324,2.819909,-0.058438,0.32294,2.763127,-0.242811,0.355178,2.674067,-0.203489,0.19799,2.902939,-0.364197,-0.019207,2.789418,0.04236,-0.038107,2.713589,-0.135291,-0.038562,2.891373,-0.433375,0.036548,2.803387,0.094153,0.516584,2.620467,-0.39473,-0.245304,2.716787,-0.013141,0.776615,2.524001,-0.373218,-0.311684,2.716929,-0.049049,0.83465,2.538545,-0.273152,-0.558651,2.78575,-0.050294,-0.562631,2.786154,-0.295931,-0.972936,2.902412,-0.068909,-0.983576,2.876817,-0.325972,-1.01445,2.749125,-0.095105,-1.016048,2.72067,-0.175257,0.609221,2.742921,-0.22463799428571463,2.258504777314379,-0.07329437035714248,-0.973264832357209,-0.08900911607143058,-1.072580189014978,-0.19324370571428584,2.997467489185726,-0.07025039357142893,-0.009260023564344879,-0.08565735214285652,1.7283951604280903,-0.2255590960714282,3.367526259985761,-0.20361618000000004,1.4233490261999233,-0.12723644571428494,0.9192016924709394,-0.2038005192857144,1.6578008468357612,0.052721749285714825,-2.2354295684786183,0.057337367142856976,-1.5779678954149854,-0.05051336464285683,-1.384341444257081,-0.038950415357142915,-1.212742300885709,-0.014238009642863148,-2.0008066619576725,-0.05012744142857145,-0.715866117300007,0.012595130357142825,-0.24989232182141974,-0.035666440714290815,2.1033298789708548,-0.04226923607142852,-2.433568409871394,-0.02404414607142863,-0.7318412618785632,-0.026551517142856085,0.25829691595649384,-0.1057163207142855,-0.3458715037070531,-0.06890507357142855,0.18004650897856414,-0.0031794364285779864,-0.25855354478618736,0.6748748067857145,2.322234269742833,-0.4512585278571444,-2.768747045721553,0.40332519964286107,0.9187739777566643,-0.15855783107142818,-0.977926922742771,-0.08254320749999966,1.0086796107000457,0.11976701785714283,-0.17322445928623129,3.583455814285717,19.62077094578569,0.2547121757142854,-9.269818231243015,-0.19158976607142364,2.181152571235175,-0.18867756214285825,-1.5151152181499383,-0.12973037785714236,0.9393042840429187,0.4357352571428592,-0.9840432431577283,4.505032719642861,25.499795236585676,0.5875140407142867,-11.274046610914437,-0.5163159053571391,1.902025948692257,-0.029900426785714362,-0.11398597135709186,-0.017080521428571416,-0.9497405230713044,0.1112420989285603,-0.6727952455720659,-0.0438756042857143,0.1623818912785822,-0.008219272499999875,-0.6727952455713135,-0.08326462821428038,-0.9174908336147961,-0.06755820749999941,-0.22623969812136963,-0.0554439053571425,-0.7648608378212122,-0.026956231071427084,-0.07538471839353578,-0.028319390357142926,-0.20173164499284335,0.02005183285714196,-0.35643605714980114,0.05027622107142449,0.42730838530656273,-0.08118325928571357,1.4206544235000544,-0.0010332514285700256,-1.1420410586141032,-0.04049161071428742,-0.2329334334005056,-0.020513156785714637,1.8481338946928754,-0.03139809428571283,-0.9847917439069305,0.05929397999999608,0.29386139444936604,-0.1879931282142855,-4.085103236142821,-0.12935527714285744,0.5065211503927382,0.2161321039285724,-1.272707903829131
0.6006006006006006,-0.408323,0.315765,2.825848,-0.06303,0.321878,2.760061,-0.251722,0.352475,2.675945,-0.205484,0.196145,2.90411,-0.366317,-0.020738,2.788202,0.041138,-0.041498,2.717879,-0.139054,-0.043544,2.893076,-0.437104,0.035474,2.805558,0.119225,0.49671,2.63349,-0.400689,-0.247513,2.730892,0.136854,0.770465,2.525186,-0.383242,-0.315069,2.731796,0.152215,0.838355,2.520268,-0.273665,-0.560685,2.784629,-0.053811,-0.565894,2.783163,-0.301106,-0.973781,2.904459,-0.071438,-0.986434,2.875878,-0.328434,-1.016484,2.750991,-0.095376,-1.01989,2.719576,-0.193268,0.606605,2.741422,-0.06007617321428693,3.41686315227864,-0.05588334642857129,0.05874661600707777,-0.10762393499999945,-1.0578668028432996,-0.007112285357142811,4.0528107752142954,-0.06903446785714351,1.2809200263427731,-0.0014615132142772325,2.653371001542251,-0.008401827857142719,4.792051501650044,-0.055557957857143236,3.337436529835639,-0.053308780714285575,1.6140242458281377,-0.09207794892857146,2.576147109878619,-0.06913044321428607,-1.7832923440071888,-0.05098004035714254,-1.9090618557435437,-0.09856776214285778,-1.7365858972070667,-0.05068176750000003,-0.5146049584928527,-0.12421435178571372,-2.131109949664978,-0.06816177000000007,-1.0838504717357222,-0.04717373142857151,-0.10241628833570461,0.047993030357144306,2.8320915949065437,-0.14211845357142883,-3.109336272707108,-0.04156589249999998,-0.39912198563570533,-0.02748879321429243,0.5559221998922808,-0.10445472642857156,-0.031116245464194576,-0.006732070714285832,1.1501034809785624,-0.012776020714287739,0.1686479118423928,0.6026732710714291,-1.5987762162643147,-0.4359443335714297,0.08586372889276256,0.39737413285714496,-2.127153588557783,-0.22976524285714373,-0.47384374622135134,-0.010249026428571062,2.1335051520643336,0.13478484214286013,-1.1334653785934423,3.619838205000003,-5.908536606085759,-0.6007403250000003,-12.758473298314426,0.028713162857147978,3.56237169807804,-0.2314389246428581,-0.9177046909713531,-0.010061832857143127,2.352174299742905,0.10153253249999494,-2.3234746424149213,4.616167545000003,-6.553081294778626,-0.6056894185714299,-19.109908491042994,-0.1061670599999971,5.155352379963774,-0.05499911250000045,-0.30506751996422166,-0.04767311250000006,-0.39101679179988347,0.01112398392857017,-0.6547670703647741,-0.06516108321428565,0.05094082247143825,-0.05924807357142825,-0.2544474835284571,-0.09563688642856505,-0.05911017351487097,-0.05929730999999938,0.0728184301072105,-0.05938507928571202,-0.11520495829266693,-0.02969836714285634,0.345957046649318,-0.043314975000000255,-0.05801950099284224,-0.039406625357142566,-0.3475823625641192,-0.00033728142857825105,-0.5249342688435065,0.002356688571428567,2.0801477414572105,-0.05026206857142945,-0.6806438105783512,-0.04367580428570861,0.23487953534937667,0.038678544642856916,2.1218285403643056,-0.08194844571428561,-0.29595719654981234,-0.004288683214280553,-0.7471106771790935,-0.3478044664285713,-0.6706566719999592,-0.05356935321428491,3.0003117920355695,0.022396866428575635,-1.8916324811361995
0.6339673006339673,-0.414198,0.313587,2.816244,-0.065907,0.322759,2.760911,-0.253422,0.349804,2.670704,-0.212566,0.197579,2.902642,-0.375056,-0.022608,2.786413,0.032733,-0.039806,2.717071,-0.147796,-0.04235,2.891914,-0.439233,0.033602,2.801817,0.13128,0.486056,2.64396,-0.410799,-0.248348,2.724039,0.230917,0.738356,2.530952,-0.391122,-0.31525,2.72649,0.268515,0.796984,2.526681,-0.275718,-0.561626,2.787657,-0.054842,-0.565466,2.77721,-0.301956,-0.976352,2.902002,-0.072366,-0.985076,2.874071,-0.328407,-1.017174,2.747871,-0.094061,-1.020239,2.717817,-0.200164,0.606564,2.746059,0.08089010035714228,1.9477486516500795,-0.03960987428571494,0.5738006749499401,-0.15378380035714656,-0.4136429001863379,0.16083923785714294,2.0103660858214387,0.06750599785714284,1.0748043055285157,0.13365977785713667,1.5572237317709425,0.1871655042857141,2.6323274376000505,0.13902833250000102,2.325848459078507,0.026311757142856607,1.028589730649362,0.03156090750000007,1.4462745348857557,-0.10049714035714308,-0.5663156674500455,-0.12672410142856805,-0.9941586961506615,-0.19463184,-0.14768989084277176,-0.05198058642857148,0.35868155940000457,-0.20457688499999804,-0.602136774771981,-0.13811210678571445,0.03949945386427846,-0.015882910714285714,-0.19880179919999197,0.20295315321429186,1.7737329201423355,-0.3053688492857143,-0.8792959096285342,-0.033143965714285684,0.16488402235715185,0.017588227499995668,0.6647328232066922,-0.11302031892857167,0.355388156100083,0.03712724035714288,1.0673620694999917,0.0375514585714285,-0.35034112247199456,0.456614832857143,-5.0986587945857424,-0.329440111071428,2.7156462639427503,0.1836736425000005,-3.930655452814911,-0.23480662500000005,1.5389816992072383,0.08300262857142893,1.9201396668429076,0.03645291535714179,-1.9847673601719718,2.8102807157142875,-26.79405996201434,-1.1125422964285718,-2.883182117528715,0.1716638785714224,-0.020594463493437565,-0.20107800642857132,1.3475365930929357,0.1138634035714281,2.024758685957201,-0.05048208642856622,-2.4885083649219983,3.5726532942857165,-33.28037498989291,-1.4591175171428592,-5.814952626600151,0.08365958999998924,1.8402639439494535,-0.057850425000000705,-0.031479802971375086,-0.038947442142857724,0.20478980520009452,0.008126389285713742,-0.04266454275056259,-0.05191137000000007,0.3695027416714387,-0.037018301785714414,0.013323313350108163,-0.08656346892856703,1.0729865179923581,-0.03983893071428568,0.9075678522429153,-0.03259832142857011,0.33449429230734573,0.03404258999999499,0.5411660422494722,-0.02366321785714287,-0.012681741278556998,-0.030696296785713173,-0.22807887139267638,-0.053716824642851435,-0.11697997435771586,0.12222622285714291,1.796786743242922,-0.057799166785713396,0.019183004935934077,0.01813506107143681,0.5354988222851328,0.16151308714285728,0.8865029025643051,-0.055213421785715866,0.18297635477159166,-0.06817830107143052,-0.24809592002203737,-0.1850413210714288,2.5946671570071813,0.16115808535714482,2.245224235435587,-0.09480628928570667,-0.7045102916362833
0.6673340006673341,-0.402177,0.315167,2.811549,-0.051819,0.321874,2.767899,-0.236163,0.359894,2.674504,-0.205494,0.18852,2.894338,-0.375023,-0.022982,2.773656,0.035784,-0.043787,2.726748,-0.153961,-0.042911,2.891561,-0.444363,0.03868,2.805435,0.144743,0.480744,2.647956,-0.41532,-0.24196,2.729927,0.298318,0.699338,2.529909,-0.391399,-0.306042,2.71613,0.350525,0.745589,2.531992,-0.278247,-0.562839,2.784675,-0.056559,-0.568924,2.779126,-0.300197,-0.976305,2.904365,-0.072633,-0.989023,2.874099,-0.319271,-1.019998,2.749931,-0.086427,-1.02403,2.716915,-0.202009,0.613249,2.735062,0.17304249857142917,0.7225384668429476,0.02106879107142845,0.3362906941070884,-0.22361449499999608,-0.4489293641148522,0.253771212857143,0.25720624343572235,0.05945429571428562,0.3490152068570781,0.2130404367857146,-0.021471278657873957,0.3434942571428574,0.8100702831214724,0.20791199892857204,0.1474332620142247,0.0408568403571401,-0.3395413259363339,0.061884125357142716,0.6585309598500403,-0.11618869500000062,0.5296605164356741,-0.16063896214285478,-0.018220646829233415,-0.12623197500000005,0.5528640396857809,-0.00918568607142864,-0.08718964450713784,-0.24831798107142689,0.959962904742309,-0.06770306250000008,0.3252128830071361,-0.029697177857142765,0.6871878457071516,0.2603288153571448,-0.7335093492648506,-0.27134029285714245,1.0544664708643219,-0.009633095357142907,0.7432184732785799,0.026568642857142777,0.054490854599408715,-0.09738870428571422,0.5749768904143794,0.11022728142857158,0.3090024953357032,-0.008179431428573025,-0.028293328350534414,0.2556285203571429,-6.5591548437214575,-0.21696305785714243,4.694062060607061,0.029291393571426738,-3.85045894388626,-0.1130950060714282,2.6264035888072432,0.193230147857143,1.0905655927500517,-0.08193250928571416,-2.135280168129142,1.3008169285714293,-37.72366791351434,-1.0051279135714308,10.502705895171292,0.007555888928568066,-2.0834625304934473,-0.0993362785714278,1.7835917443072187,0.20223280285714207,0.7400319986571927,-0.008031722142856523,-0.9514086104577615,1.5989058032142869,-47.57592665693578,-1.4173923792857135,12.617049428035571,0.08501787321428722,-0.9968532988504515,-0.07167313607142844,0.27775793545720684,-0.004535103214285741,0.08385346973581553,0.066845944285717,-0.03507260657194924,-0.019042723928571537,0.4546179698142967,-0.028033248214285322,0.5558366569501222,0.012288294642857522,1.3057060940350977,0.04123324928571348,0.5056443352286399,-0.024362874642856802,0.1691611695001765,0.01856153892857293,0.3138998288137603,-0.024899242499999974,0.383553170035731,-0.031514644285714155,0.42564029792161684,-0.004288564285708674,0.7045744488422682,0.21915919285714347,-0.13922113949993847,-0.025632793928570763,0.0881520026145013,-0.002947763571427231,0.4440534163708616,0.1874849464285715,-0.4042973336785519,-0.037496037857145836,0.7094076251145173,-0.02127632142856939,0.7473031487994468,0.10776343821428558,1.0264939285500418,0.23140764642857192,0.730622274942733,-0.016659157500004795,1.487677319228011
0.7007007007007007,-0.398133,0.313882,2.803478,-0.04439,0.330054,2.777185,-0.226827,0.367421,2.676473,-0.202698,0.188557,2.891093,-0.385849,-0.025257,2.767708,0.026841,-0.039929,2.738248,-0.169805,-0.044358,2.894702,-0.44717,0.041055,2.807159,0.153325,0.470847,2.643248,-0.418898,-0.234592,2.723572,0.330027,0.673469,2.536067,-0.400218,-0.301142,2.733121,0.392649,0.703434,2.529019,-0.279942,-0.562809,2.790538,-0.056802,-0.566684,2.777737,-0.302221,-0.977378,2.906282,-0.072905,-0.986691,2.87311,-0.31394,-1.020141,2.750858,-0.078043,-1.022275,2.715535,-0.196892,0.627056,2.741717,0.10787118750000113,-0.43885668259277544,-0.0024593239285710666,0.12136405017850693,-0.1582105596428569,1.704763922463721,0.14254600178571425,-1.362720465449991,0.04944265071428644,0.19955029994992213,0.11983670999999063,-1.3408214720791882,0.20680620107142889,-1.7355807676285284,0.11925621964285771,-0.9261520565786477,0.008254237500000983,-0.109922681572054,0.04702768714285743,0.4644981797143259,-0.06457345714285756,1.1989485013499632,-0.10901706428571245,1.1405868285851868,-0.0864035099999998,1.2027551623072288,-0.03593177035714287,0.21216788402143408,-0.11541232928571077,1.8905631943494365,-0.05378734928571435,0.7961267834357078,-0.006008866071428476,0.5770726925142936,0.1618758192857115,-1.2768139650863337,-0.1641788710714287,2.085536946857176,0.0008985053571428092,0.2575698009428665,0.03517038964285746,0.15645804248504305,-0.0774490210714287,1.242147687492952,0.0810267492857143,-0.13464459205715124,0.020994817500000096,-0.6013027310790936,0.01603858821428572,-7.004790804535741,-0.05521639500000042,4.747825800192772,-0.08564843249999754,-3.597144904350621,0.041825632500000154,2.205468152742931,0.19201814678571427,-0.25562369899281195,-0.09244353535714467,-0.18543571437909545,0.13170007285714225,-41.62057667537148,-0.16079238000000018,17.466885187585582,-0.1285074353571396,-1.664259339022008,-0.05968061678571379,1.692445738692931,0.15878462785714254,-0.5727527738999338,0.09446662928570859,-0.7864390451577631,0.27806249249999926,-52.50689989778577,-0.26972845392857003,24.156942119614126,-0.19998992892856648,-1.7679160000290297,-0.048377526428571294,0.9563701011429165,-0.024390941785715547,0.27292475918582837,0.031418550000008594,-0.01926854787926881,-0.02393699142857153,0.5787193941642977,-0.015979956428572528,0.5796817522715417,0.0629191607142836,0.9185815061350794,0.009443642142856756,0.12174899342150043,-0.02006206071428629,0.32653879862158963,0.05674914642857942,0.0021599593066525895,-0.015355938214285603,0.17897722219287396,-0.022056017142858764,0.501602431178802,0.03751685035714658,0.49300536542080203,0.1101261921428569,-0.957802945435649,-0.039580261071428424,0.45185920990736334,0.049909207499997166,0.12275412299935129,0.09636794035714291,-1.183978486349982,-0.01896613392857205,0.7520721678645206,0.027790158214283878,0.5877227888994844,-0.042400652142857265,-0.2706792569356696,0.21585000535714371,-1.9337623804929713,0.06898047428570919,2.1872475059137866
0.7340674007340674,-0.399067,0.315892,2.801302,-0.045984,0.325182,2.77623,-0.226344,0.366362,2.674962,-0.206397,0.186573,2.88924,-0.380367,-0.022719,2.767169,0.032059,-0.045194,2.738966,-0.164984,-0.043763,2.894976,-0.447448,0.044672,2.800792,0.144342,0.472622,2.642296,-0.413142,-0.229433,2.720674,0.295974,0.684587,2.520607,-0.39598,-0.296773,2.72699,0.353868,0.723535,2.519917,-0.281332,-0.562478,2.791453,-0.056932,-0.569661,2.782992,-0.297696,-0.977864,2.905242,-0.075365,-0.990024,2.87635,-0.31023,-1.019977,2.749705,-0.081108,-1.024804,2.718616,-0.195621,0.624199,2.745975,-0.0004553774999993543,-1.1974087283784958,-0.025831285714286167,0.4875520028142264,-0.11861281607143326,2.7761465102780476,-0.006660594642857176,-2.1394076151214154,0.05059066821428582,0.05468332622134998,0.008794530000002965,-1.9684928152933774,0.03465982928571454,-2.9843580331928057,-0.011547250714285973,-1.0316265051215052,-0.06438995035714967,0.061205975613792325,-0.0016605996428573633,-0.025769811535674987,0.038913071785714015,1.5031819776213873,-0.02395221428570693,1.5147516606423055,-0.05729395821428618,0.8511950529000795,-0.03590429785714286,0.43832203920000484,-0.012637825714286066,3.473984452370854,-0.04994119928571436,0.0887935746857087,0.03769560000000005,1.0249969270500072,0.05467348607142597,-3.3360892284863874,-0.07443311142857167,2.819324310685748,0.02404105392857142,0.6089374387285807,0.02389370142857672,-0.20305756060773103,-0.0005557532142850263,1.521851724900091,0.021516319285714347,-0.13597050767143776,-0.05443087178571915,-0.9371443247361724,-0.30275575071428595,-7.285949071971453,0.16413391607142902,4.7984244508927425,-0.1888242010714265,-2.593277084186218,0.07547742321428519,1.367788884814367,0.10343800607142883,-0.7409088138213812,-0.13654224964285788,-0.11725798892193412,-1.6405290192857165,-38.175441580478605,0.8011975242857154,12.504218286407,-0.2072354142857158,1.5979849440422833,-0.017627949642856855,2.0860502045143634,0.06461080071428649,-0.6427482868927881,-0.069859356428573,-1.2246541556790038,-2.0217101946428593,-48.56683472125717,1.121381305714288,17.213314519221264,-0.2630158875000035,2.435771140649481,0.008208568928572024,0.9971313134143397,-0.015121648928572817,0.4654605378215435,0.04969989321428159,-0.34405371617201813,0.004571614285714232,0.7819266549214408,0.01673336892857069,1.067811169950106,0.04860586928571564,0.32694512759941124,0.01099887107142905,-0.10449070469993926,-0.021500382857142952,0.4262604842573534,0.026755598571430284,-0.684279385650626,-0.00583368428571418,0.14411847297858715,0.018454503214285545,0.9659936822145017,0.055090687499998126,-0.29341229400054414,0.04301206392857093,-2.429098791107063,-0.014949083571426769,0.7829317845002011,0.022497717857145716,-0.5037196190149178,0.0301929910714287,-2.526703288907127,0.014189962499999709,1.369029257485957,0.0543998314285723,-0.16039301785768542,-0.1588987992857147,0.6563710005429045,0.045413707499999845,-3.6941292158144123,0.2544125946428579,0.7982867427422322
0.7674341007674341,-0.398989,0.312436,2.796965,-0.04679,0.329511,2.773849,-0.226693,0.364451,2.670667,-0.203906,0.189461,2.888602,-0.387194,-0.028713,2.770957,0.025053,-0.038337,2.734141,-0.168577,-0.040841,2.894355,-0.44858,0.04208,2.806082,0.131063,0.486052,2.634213,-0.410782,-0.227829,2.715752,0.235569,0.728172,2.520653,-0.398025,-0.296064,2.722844,0.281236,0.780067,2.511146,-0.280244,-0.565497,2.788579,-0.057688,-0.5666,2.782326,-0.302004,-0.978764,2.908986,-0.072773,-0.986722,2.87736,-0.316155,-1.023113,2.75421,-0.08108,-1.02205,2.719862,-0.214984,0.628383,2.751707,0.045369822857143305,-0.4735015744499241,0.017580616071428246,1.074034419042789,0.03848695071428665,3.292013227178025,0.005772554999999957,-1.3555134725142755,0.06009995892857134,-0.8248478265000804,-0.03804227678571337,-1.7509784973433575,0.010319670000000114,-2.1431928903428066,0.03152439642857097,-0.29185113529294143,-0.002473595357137981,0.6730304886637452,0.08118099964285674,0.10703560725003963,0.048796036071428794,0.43199186142853124,0.003225342857142266,0.9693726284565131,-0.003889202142857151,1.261886721557227,-0.0042817853571428255,0.6138989294142915,0.06819055071428082,3.470904906427914,-0.0083354657142857,0.3203155495285655,0.07154100642857153,0.28284774055715095,-0.05124988928572094,-3.7145525934219705,0.037535403214285834,3.246654081728604,0.05536898035714294,0.19668461136429446,0.007456107857134242,-0.45040497987923694,0.05736483964285766,0.8429187731786624,0.049683837857142865,0.3810510389571347,-0.0871237414285666,0.5708922148923337,-0.5490122239285716,-5.219274344014307,0.38427522107142975,3.152556844585617,-0.28374085607142874,-1.1473874925433785,0.10106942464285762,0.3075696510429392,0.08608858714285716,-0.5648828231570905,-0.07322955428571376,1.7116929008352182,-3.084150262500003,-23.47075940348573,1.1539424025000011,-0.33793739575728976,-0.0639767925000001,3.6152158510281263,0.08436947464285804,3.163078626557228,0.06895442892857151,0.751708610357203,-0.1938601125000048,-2.219411652429172,-3.917940161785717,-30.434147423678592,1.639095692142857,-1.3678744277573227,-0.017321470714286136,5.843074869063742,0.046301033571428896,0.8377434251357736,0.011349353571429965,0.37108528611441594,-0.0009794957142830185,-1.0159079893720864,0.04286506821428576,0.4989719856857256,0.05729776392857033,0.6253616837572633,0.07115829428571274,0.16789941109230233,0.01933017428571393,-0.2641566075428031,0.009965500714284481,0.6339801352502245,-0.00987618535713608,-0.2955080961006612,0.0034420307142857265,0.16499095103573014,0.04559340857142935,0.5610120049930302,0.008583907499996712,-0.2024159885362424,-0.016504550357143266,-2.719025210185656,0.01600124464285635,0.6183043909716104,-0.008875996071431302,0.01924716214226228,-0.04147134428571431,-2.7808941436071244,0.0715941675000007,0.8985858432430202,0.0042254132142858225,0.0023096594566575494,-0.10577126571428552,2.3540134730143207,-0.16618567178571197,-2.009852828164396,0.20216120785714864,-3.7297792372506415
0.8008008008008008,-0.395034,0.315111,2.800588,-0.043908,0.332265,2.775625,-0.223475,0.368554,2.673885,-0.199465,0.190969,2.889578,-0.384348,-0.024904,2.76814,0.028486,-0.038437,2.740207,-0.168653,-0.041538,2.896071,-0.444102,0.046122,2.798282,0.111377,0.496389,2.621619,-0.410881,-0.225387,2.716592,0.094506,0.762016,2.518413,-0.393532,-0.29289,2.713218,0.093494,0.831783,2.517559,-0.277092,-0.5622,2.793298,-0.054313,-0.565183,2.784888,-0.298268,-0.977569,2.906351,-0.074011,-0.985656,2.87749,-0.309376,-1.019388,2.750625,-0.078652,-1.020197,2.719667,-0.205355,0.619424,2.761029,0.04704695357142841,-0.727350257378494,0.10091612571428543,-0.05662942817149071,0.18283436357142335,2.091952667570844,-0.006559029642857206,-1.237592525785705,0.09531114107142846,-2.039322371978643,-0.051809567142850455,-1.0199712791575908,-0.04126393285714269,-1.6912053660213815,0.10419772178571485,-1.0168275760072167,0.07029415928572291,0.5863541018138004,0.10311273642857133,-0.7431970875428145,0.09329268535714319,-1.1699708294571787,0.04348361571429038,0.32801441438505335,-0.010943688214285707,0.49311229410008084,0.0389690871428571,-0.1536565111071373,0.25340086928570926,1.4491829949423423,-0.06508841785714278,-0.04952936391429093,0.12264271071428567,-0.8295954598285644,-0.1899372535714292,-1.9259779726933022,0.11524582928571436,1.3606674348214647,0.05251861928571433,-0.721233936964278,0.010333822499998035,-0.43081564596488303,0.07137284142857148,0.3680912831143769,0.12180450214285715,-0.9363316667785823,-0.010445972142861137,0.6783555368565797,-0.6450738042857153,-2.780594743307162,0.409981631785715,-0.3480528487500984,-0.33207485464285824,0.2827621976137729,0.05527692964285702,0.033853619635798915,0.13869247821428599,-1.9596818921785253,0.008691537857139053,1.2009587605065382,-3.5311353300000023,-4.6279159800428555,0.6437712985714299,-11.746521670050166,0.20164529571428602,5.828553954513836,0.22526248821428574,0.8419564150715116,0.21139910357142844,-1.6640027101927894,-0.15553098000000176,1.1610743633995515,-4.518477951428575,-5.766235920642847,0.8373598971428553,-18.994168889357276,0.29746509428571244,7.674121560920979,0.07436556000000083,0.30928050990005224,0.0533959553571437,-0.3918508354927456,-0.013599363214289895,-0.44713296231485816,0.06273577285714299,0.2698024417714416,0.12271727892857154,-0.434173206471306,0.05178923035714078,-0.05361403943631643,-0.015175166785714289,-0.47106360057852603,0.05633230178571402,-0.18109441002837404,-0.019141315714279017,0.12893460062076673,0.0031498232142860294,0.23765968099287035,0.1112621978571422,-0.49783854169266,-0.013479839999998688,-0.3791904799506914,-0.1520524382142847,-1.5625060084927886,0.07334420142857212,-0.25684268592838194,-0.006107695714284489,0.30968683887804865,-0.1606265935714286,-1.170334386964264,0.14798436749999944,-0.26794188276409775,-0.00561319071427846,-0.25205228112908135,0.1283938585714286,3.947421869614328,-0.11988856285714089,-0.6896472053144278,-0.007283899285713602,-5.454859608643418
0.8341675008341676,-0.394527,0.319477,2.811026,-0.045596,0.333637,2.772284,-0.227675,0.372761,2.678122,-0.196755,0.192548,2.890733,-0.385103,-0.02385,2.78301,0.024881,-0.033723,2.726336,-0.160854,-0.038085,2.895602,-0.441943,0.050745,2.797997,0.086688,0.511056,2.612101,-0.404731,-0.21958,2.714998,-0.011798,0.767238,2.53451,-0.385099,-0.286503,2.717228,-0.035288,0.832924,2.536131,-0.276134,-0.560987,2.789758,-0.052085,-0.560247,2.788279,-0.299713,-0.975638,2.904953,-0.073985,-0.981957,2.874547,-0.320551,-1.017438,2.750223,-0.089929,-1.013396,2.716814,-0.19732,0.611511,2.754241,-0.0009139660714296838,-2.0849167605213457,0.08665123821428589,-0.5074835085000727,0.24886207928571125,0.809663954142344,-0.07547468785714301,-2.5925285834357026,-0.1051276242857142,-3.0218044564286433,-0.10524191464284982,-1.4331650788934551,-0.10830408749999965,-2.8254192453642295,0.02123981035714273,-2.777729054721504,0.0851258603571452,-0.60519493497922,0.008719723928571677,-2.3217210120856784,-0.0448718689285712,-0.9381066828428999,0.018322373571429296,0.6618671346208501,0.05766061499999964,1.3367367965572199,0.028281689999999998,0.02395202400000523,0.2925181414285767,-0.11099196835782778,-0.022196590714285758,1.0392398270357088,-0.001965651428571469,-2.02499392904999,-0.2777580353571487,-0.7273288716433642,0.21289617642857217,1.3545725001428928,0.0020895750000000657,-1.0206770084357075,-0.019999147499994763,-0.4881935748863371,0.07148998607142909,-0.1405684408499196,0.05800634035714286,-1.3450130762785812,0.005288277857136592,-0.2598580746647969,-0.7832454942857149,1.497386443242846,0.31660236642857154,-2.8858339487572504,-0.25604239178570865,2.84162963303515,0.09633713785714271,0.2705509425215161,0.02354987892857152,-2.3378886282856715,0.0590995317857157,0.7454212040566268,-3.328025428928573,16.973238250092873,-0.2590692428571435,-10.979180086885876,0.4110386689285761,2.6843589325923443,0.31041962678571533,-2.0825857153284835,0.10261965857142785,-2.9553375898285186,-0.15798078964285978,3.965385887613779,-4.195506603214288,22.343816674285744,-0.5649730328571421,-16.416097063264456,0.6476946332142823,4.4956879761209025,0.07014787714285697,-0.5333388629785176,0.007761873214286119,-0.5248487258998918,-0.03948928071428526,-0.2720265582862471,0.060987879642857235,-0.16092766124999,0.04002933535714259,-1.4440931898427307,0.09132655821428415,-0.36364305008625813,-0.01069108392857121,0.04589378884291989,0.023138029285714623,-0.48556312939263957,-0.0032964621428561713,-0.039306982243402844,0.0051078632142854685,-0.21841251884998472,0.02393663464285556,-1.4270915299497995,0.00479543785714398,-0.3199947634934662,-0.19693953000000075,-0.42564029792137154,0.030145419642856552,-0.5294466590783369,0.019026430714287557,0.0764112337066201,-0.22607928964285728,-0.6845146287428386,0.07313774142856921,-1.385346573835497,0.0180698882142849,-0.2234809382148478,0.36817930928571463,2.0969141582571793,-0.13063387821428663,-0.8256177129858292,-0.362968810714289,-3.772144379700577
0.8675342008675342,-0.397903,0.323428,2.817944,-0.052225,0.328489,2.765918,-0.235126,0.369887,2.677632,-0.200147,0.193614,2.8929,-0.38176,-0.022821,2.796755,0.023581,-0.034416,2.71333,-0.15072,-0.039103,2.894339,-0.441548,0.053024,2.804214,0.064728,0.518987,2.607033,-0.404843,-0.218478,2.721042,-0.095074,0.748001,2.543835,-0.371147,-0.277577,2.705514,-0.14174,0.798863,2.554055,-0.273168,-0.560895,2.787538,-0.051672,-0.559414,2.789033,-0.301455,-0.974037,2.907016,-0.073668,-0.980516,2.8782,-0.330845,-1.016329,2.753815,-0.1003,-1.012207,2.721966,-0.188549,0.616835,2.735625,-0.15187452107142807,-1.2905008359427688,-0.017462757857142464,-0.7449293321357828,0.19510731642856882,-0.980578753971934,-0.2536135135714286,-1.252476997842846,-0.262085152500001,-1.1582942177572086,-0.19803878678571252,-0.7136847722577093,-0.2850350367857146,-1.3134263446285133,-0.21782743071428534,-1.7446697053072124,-0.023766328928566338,-1.0979436715719928,-0.13821545571428606,-1.4567749311213813,-0.07800632035714261,-0.2524799958429013,0.060697693928567276,0.06398612125650595,0.0764095853571427,0.2526083102572274,-0.03969502714285711,-0.28823694595713684,0.22335665785714198,-1.3204836374148299,0.006508128214285702,0.10870369463570914,-0.08794351607142864,-1.0482646075071336,-0.25792990714285935,-0.4329328338005338,0.20624355000000016,-0.1288490576785412,-0.0532687017857143,-0.3981810132642765,-0.039569795357145665,-0.8948219537577401,0.04539539249999969,-0.9408654427499042,-0.09188766321428582,-1.0979222858357225,0.027788255357144465,0.029918644263696854,-0.7020774578571433,8.26580071092856,0.1796664632142857,-3.956104478314385,-0.10259944071428251,4.287091509963682,0.12357297000000012,-0.7006180877356316,-0.1491960117857143,-1.5117148861713805,0.04652842500000531,0.09257884990658788,-2.15502103607143,36.425575141392876,-0.5983546178571428,-1.3712747597358548,0.5332227910714273,-2.0160333057861823,0.0655611589285714,-3.7628415846642063,-0.14286817928571427,-2.612096531614218,0.1431928542857186,2.4209722115351577,-2.5908142114285724,45.28733214947145,-1.1122726853571443,-1.3999744170644521,0.7872330503571412,-3.480036615579142,0.026911989642857126,-0.7046172203142261,-0.06514348178571527,-0.44869412102133155,-0.07113010821428034,-0.048310376979135934,0.03849158892857135,-0.891036678535703,-0.053039407499999136,-0.9611818916784413,0.04124573678571153,-1.002114189836353,-0.04101120964285743,-0.17127835733565308,-0.02712070928571375,-0.6212983939712177,0.04861110214285347,-0.5498700366863145,0.01315445142857119,-0.053357410607125684,-0.06354555749999946,-0.750938723871216,-0.016637274642857136,0.1586607732636508,-0.2035747928571432,-0.08417425577136102,-0.053822433214286036,-0.4393485545140747,0.07825369178571506,-0.5185613196006379,-0.18777299142857162,0.15021340765716593,-0.026196158571426764,-1.1952701548069116,-0.0025567264285655256,0.3436260014565427,0.20609179714285752,-0.11954626264282653,-0.12511095428571473,0.4226249091856034,-0.4728785528571464,-0.4710422148434782
0.9009009009009008,-0.400806,0.316825,2.821351,-0.057742,0.314575,2.761456,-0.24039,0.36024,2.677392,-0.204221,0.182482,2.891238,-0.380396,-0.027641,2.792737,0.025445,-0.041815,2.712192,-0.150051,-0.042973,2.8921,-0.438983,0.042781,2.800258,0.040423,0.521274,2.60448,-0.398798,-0.23249,2.719383,-0.16344,0.723536,2.56627,-0.376608,-0.298272,2.712355,-0.224211,0.752153,2.585163,-0.272666,-0.566506,2.786921,-0.049989,-0.565631,2.792035,-0.301829,-0.979012,2.908368,-0.072136,-0.987697,2.87648,-0.330197,-1.022102,2.755198,-0.098429,-1.017656,2.719847,-0.177858,0.60597,2.719661,-0.16028729035714306,-0.20021325775705992,-0.03622136142857224,-0.3654822233572086,0.16367235428571902,-3.4800152298433824,-0.2697630621428574,1.352690555400013,-0.30725125071428616,3.2617096396713525,-0.20519733535714124,1.5996958028994308,-0.2957200553571431,1.436544025135762,-0.28090143642857157,1.6552987157570562,-0.05161274035714314,-0.9129998291148625,-0.1596594664285711,-0.11792094672852425,-0.08246114678571415,1.3955047982999598,0.07756949571428962,-0.8530983833790902,0.13734727714285677,-1.5441356615142245,-0.012226570714285678,0.2748708611357196,0.11617037999998914,-5.05520297961481,0.05440042607142859,-0.14965737852857702,-0.16820198678571435,1.0142185162500086,-0.23466617035714776,4.137348588492233,0.21364102607142832,-3.993914459057114,-0.08631776249999995,0.5979665563071512,-0.08458283249999354,-0.0002138573577194269,0.025045881428571004,-1.216014318449905,-0.10184543357142861,-0.1409319983571527,-0.058631191071427224,-0.6563923862791993,-0.24512177571428562,13.668564667371413,-0.0005035435714280112,-4.965596746971525,0.09634141928571793,3.343189292742346,0.07999171392857107,-2.5219770413141984,-0.19205834464285765,-0.05280138147852536,0.05751385714285462,-0.7286334015220032,-0.7927871335714286,46.53469795647859,-0.2595705267857138,7.325897626285551,0.2561827274999935,-5.239548021471934,-0.17871562928571416,-3.161303610492778,-0.2705767714285714,-0.6559432858285112,0.21858334071428942,0.11526911549937366,-1.0169079075,55.9802000066143,-0.5233781217857141,13.926818811857013,0.45312071142857135,-8.498627215650545,0.0017993892857135485,-0.650554080428506,-0.05814536785714264,0.7143905015358186,-0.016525006071422155,0.796918055656543,0.006308209285714406,-0.9378072825428457,-0.10607667428571421,0.33160721798582826,0.01182126214285617,-1.9073509968862556,-0.005245939285714485,0.27989650902863034,-0.06331447928571254,0.24565794615017303,-0.03723463285714601,-0.6594077750149544,-0.005115355714285674,-0.28395979881426875,-0.11060797178571402,0.7957418401930799,-0.011087829642864477,0.367043382063687,-0.14434289357142838,3.423000858428642,-0.039148788214284025,0.45059745150023783,-0.01454425071428389,-1.1678322558863259,-0.16915151249999993,3.6576023792143073,-0.08698328678571521,-0.36146170504267733,0.014483953928568383,0.16293792040649213,0.25774295142857095,-1.4798929114285373,-0.17842817892857266,0.9983503003498726,-0.30878209928572176,3.8288379650779953
0.9342676009342676,-0.411815,0.318067,2.82621,-0.072418,0.30992,2.75312,-0.25738,0.348934,2.672786,-0.212487,0.189442,2.899023,-0.374879,-0.024772,2.797138,0.028805,-0.044434,2.707423,-0.142655,-0.044635,2.891186,-0.438811,0.042833,2.796673,0.044675,0.51846,2.611151,-0.397547,-0.234414,2.720876,-0.147019,0.732536,2.569454,-0.390383,-0.302348,2.735116,-0.202086,0.767668,2.594,-0.274719,-0.565077,2.786311,-0.049832,-0.5668,2.788583,-0.301479,-0.978151,2.906373,-0.074473,-0.988591,2.873709,-0.334324,-1.020355,2.753852,-0.104608,-1.018311,2.717725,-0.178967,0.599044,2.720133,-0.13593285964285728,1.1237990260500796,-0.006310350000000575,0.4819061685856524,-0.034150101428572555,-2.301019619914818,-0.13707064928571444,3.0958204877357267,0.0044953810714294384,5.045001983678513,-0.07693976892856824,2.260942751185138,-0.1628974157142855,2.6122676175000468,-0.05741181642857107,3.705827213249922,-0.07233485464286105,0.3023515315279513,-0.11437527214285725,1.5743964775500447,0.051584673214285726,2.0656482126428153,0.0045249942857168435,-0.7839582998148827,-0.014538898928570632,-1.9023253489927698,0.012506885357142894,0.9140905016357181,-0.1171189542857114,-3.236538628736259,-0.010042447499999968,-0.6360545516142907,0.005824883571428574,1.683848672935722,-0.02621839821428651,3.286538478835084,-0.043179634285714696,-3.5080305436285406,0.015524222142857147,1.1156724464785779,-0.06933951964285612,0.43122197494224834,-0.05085837642857127,-0.897623485135626,-0.039811933928571464,1.226129771442849,-0.0697811014285783,-0.7098353398291036,0.4688266564285719,13.930176372364265,-0.13526019964285796,-5.807317918950115,0.204212012142861,1.9807682275923009,-0.04458655928571442,-2.9129938331141996,-0.08139352500000019,1.6110944000357628,-0.02414024035714135,-0.6181760765577585,1.380142761428573,45.65843882132142,0.46145903142857136,4.238032632235541,-0.015332866071425144,-5.495663592386308,-0.2660337000000004,-0.44146574234993113,-0.17877033642857176,2.2718280906643487,0.22332763928571708,-2.532562980493324,1.567382001428573,56.270981855121434,0.6933819953571447,10.79857754877841,-0.08654955428571753,-8.587677419164807,-0.023312259642857658,-0.8142832730570786,0.0166228842857139,1.2654795251572548,0.007042831071427003,0.5405672416494364,-0.03876179464285712,-0.7806648965142761,-0.00023084035714315831,1.1266861003715445,-0.09345181178571238,-1.3937725537076244,0.003506608928571353,0.022647494121481242,-0.012832273928570892,0.9590005466359182,-0.09071252999999402,-0.3534420541504909,-0.02090383714285715,-0.33085871723569615,0.017198974285716595,1.5091485978859094,-0.00945553500000429,0.4120817414780073,0.023647995000000588,2.290155666171501,0.02105523321428393,1.0057711506430933,-0.09897200035713638,-0.7859685589720458,0.019060682142857277,2.6153471634428804,-0.016888332857144306,0.5746774901144617,-0.0020428360714319638,0.14993539309229265,0.2107937571428573,-3.6231285732428207,-0.14390702035714487,2.1461868933427324,-0.06725256107143096,5.666856406777967
0.9676343009676344,-0.408602,0.321121,2.827646,-0.068706,0.311375,2.752455,-0.25453,0.354943,2.674479,-0.210421,0.188087,2.895499,-0.375151,-0.023134,2.799546,0.025024,-0.044322,2.695591,-0.139747,-0.0428,2.885369,-0.442013,0.046187,2.796522,0.074288,0.511538,2.621455,-0.401762,-0.232333,2.722576,-0.076118,0.751869,2.556029,-0.391107,-0.301291,2.721958,-0.126799,0.796977,2.572329,-0.27416,-0.563911,2.787007,-0.053227,-0.565447,2.787717,-0.301687,-0.979066,2.899477,-0.074333,-0.986506,2.8773,-0.339757,-1.017783,2.747245,-0.11077,-1.017525,2.722921,-0.16208,0.599526,2.716729,-0.0628585071428569,1.9293141474643676,0.07726908214285721,-0.1221980938714896,-0.14193316285714985,-0.673415431907749,0.03561280392857141,3.7940647588071554,0.335557558928572,2.4653048416713497,0.03717029250000792,2.185215861021004,-0.011661778928571787,3.027642762278619,0.20712255107142852,2.5358777695284895,-0.05182966607143058,1.260646348885207,-0.012991876071428266,1.9683431151429025,0.2149984767857145,-0.015333572507182732,-0.040917612857139574,-0.5348358644792756,-0.10938467249999961,-1.71909236539277,0.08649829607142859,0.2630231635500038,-0.21681665678570994,-0.4359482225362866,-0.049196349642857184,-1.2466173062571477,0.10820597142857147,1.5560261305714367,0.1214082321428549,1.1197357362636504,-0.19587785464285723,-2.0080136548928227,0.08432630357142862,0.5421925575642929,-0.02828204678570856,0.4543399552494821,-0.08314974321428625,-0.9419133437999079,0.08047587214285729,0.7425341297357047,-0.05704373249999861,0.7901815489066543,1.0064005682142867,10.897037476007116,-0.2254544389285722,-11.821970545650101,0.207078547499993,1.2087003968352055,-0.23907960964285735,-2.024908386107053,0.05685713357142852,1.4822667280929047,-0.007579555714290365,-0.03133010282199629,3.0719655546428597,36.603269219442836,0.7763483507142865,-14.566786953107313,-0.2741395146428509,-4.149923401093446,-0.087063206785714,1.8936641260286415,0.10099901892857188,3.0649822568357745,-0.12070738607142317,-4.5950674899861905,3.6292449792857173,46.454929162264264,1.3235020778571434,-14.769053241493019,-0.416450632500009,-7.480537881236104,-0.023828052857143067,-1.1673831554356577,0.10216321071428425,0.6811570682358346,0.025252341428572578,0.11913993366378381,-0.06473638928571435,-0.9458483191714175,0.08066568214285752,1.0683244276072599,-0.1585521224999944,-0.5338521206363008,-0.02407792178571455,0.3187330050857741,0.08139507107142752,0.4282493576787637,-0.04377867749999709,-0.6111401695077626,-0.0403409282142857,0.198673484785729,0.1264123896428586,1.30097984644309,0.05622538500000829,0.6717687302566469,0.09813938142857159,0.799890672921486,0.0946282532142888,0.545592889543067,-0.06828688285714435,-0.7759172631863451,0.12454378392857146,0.9700355862643061,0.03230896821428075,0.7217685803573715,0.05323575857143226,0.6116106556923031,0.0018590914285712135,-3.798555763307114,0.10496362178571417,2.2682994442713227,0.16333566750000017,3.310169716799364
1.001001001001001,-0.413314,0.319828,2.81044,-0.064421,0.332944,2.759923,-0.250906,0.366411,2.669741,-0.212595,0.197901,2.890588,-0.388393,-0.023194,2.775109,0.021902,-0.03284,2.720691,-0.164764,-0.037491,2.888922,-0.446672,0.044299,2.796318,0.114432,0.49666,2.624141,-0.413177,-0.232834,2.717251,0.06468,0.773647,2.553576,-0.394237,-0.299817,2.722122,0.04437,0.840102,2.559925,-0.275857,-0.559907,2.788001,-0.055351,-0.559949,2.777472,-0.302338,-0.974656,2.90221,-0.075238,-0.978524,2.878272,-0.321871,-1.01609,2.747212,-0.08883,-1.015619,2.721549,-0.171281,0.604216,2.723962,-5.256642857132121e-05,3.6443859945429398,-0.03799696500000005,0.012553426864237128,-0.05810219678571826,-1.7054268802719934,0.1578787489285715,5.092307231078584,0.30014990678571474,-1.497985243842927,0.11272335428571267,1.9008497332279262,0.05303631535714337,5.350326132471482,0.21463039285714336,0.5720256588856427,0.06242168250000191,0.4925776507066255,0.06378757714285666,2.0786079684857537,0.06336324000000038,-1.9944337127143317,-0.05105639250000138,-1.10707538072205,-0.16854723642857117,-1.1513652393856346,0.06448616357142853,-1.5502519819285667,-0.21320622321428218,0.16862652610655995,-0.09422009035714295,-0.7718753591357185,0.11506743642857137,0.05138992292143642,0.11774023714285775,1.8157345050851617,-0.2452025282142858,-1.4942213543571152,0.07809147321428572,-1.0559634723642781,-0.02428473857143132,1.0697572718994497,-0.09882869142857142,-0.1513896231213467,-0.017614034999999972,0.7309858324499896,-0.04206634392857822,1.1254029562280525,1.1993438603571438,4.393293073521394,-0.7653279535714308,-16.84834555352152,0.19310967321428407,0.5501694369851218,-0.24817574249999996,-0.35395531180706186,-0.020317400357142468,1.1359888954071953,-0.031729667142862183,0.3324840331494136,4.070304668571432,12.540231865349956,-0.3438635303571429,-31.984271091192973,-0.20344420928571338,-3.0100850732577547,0.03953209499999977,0.12733067044293978,0.07339807607142834,1.1740127335072028,-0.36113683499999993,-0.7195444638433751,5.029568373214289,17.38978961033566,-0.07967120142857365,-40.16690267592872,-0.43383394607142733,-4.695409361957614,-0.10127005714285753,-0.6641554083427958,0.08830172892857036,-1.081562198014139,0.017439923571426874,0.027929770842301128,-0.08690312892857155,-0.642363343649988,0.0834314850000002,-0.4776290214427437,-0.12916451571427956,0.664005708192217,0.006090213214285267,0.1512399229714901,0.0546450621428578,-0.817042032964105,-0.08941918178571484,1.0922336801350254,-0.011744672142857349,0.7702714289571575,0.12231470571428549,-0.5298102165855472,0.05878472785715161,0.4554306277708257,0.11524166678571479,0.8025852756214824,0.07477074964285535,-1.3096196836712355,-0.1178856867857121,1.0928110949993899,0.14524853464285725,1.3286743741928757,0.03425618571428579,-0.532782833849757,0.0490478078571428,0.3662093383708652,-0.15355212750000025,-3.566306673449961,0.09017509178571448,2.060815036371333,0.22923803249998898,-0.11511941535057763
1.0343677010343677,-0.41006,0.322251,2.817821,-0.059255,0.33705,2.759703,-0.250751,0.370153,2.674057,-0.207296,0.200665,2.893196,-0.385919,-0.017884,2.779802,0.022496,-0.037759,2.715008,-0.159956,-0.038653,2.887861,-0.446098,0.048369,2.790771,0.148154,0.469089,2.630905,-0.420885,-0.231778,2.721097,0.177447,0.743668,2.543037,-0.391965,-0.293867,2.707768,0.189261,0.811677,2.553252,-0.279352,-0.55749,2.788703,-0.057011,-0.561303,2.777404,-0.303368,-0.972761,2.901547,-0.076569,-0.979324,2.880542,-0.327463,-1.013371,2.746974,-0.094818,-1.016987,2.724429,-0.1837,0.611093,2.736696,0.16115582571428577,2.0934710548072193,-0.011477915357142265,0.1687976119927791,-0.09789557785714464,-0.7517941533005141,0.3409430014285717,2.0943264842357223,0.06015823392857156,-3.4770426125786473,0.10712598107142668,1.360239720106545,0.24698621892857164,3.132625338900044,0.0814695203571425,-1.2845342156786443,0.029230264285711627,0.394203266420864,0.1290518903571427,0.3417868281857566,-0.027559674642856802,-2.0660117701500402,-0.040909882500002936,-0.09570116732191795,-0.14507252035714258,0.3824411117786495,-0.029751766071428626,-1.560495749335709,-0.03960844714285727,-0.03098793105057881,-0.10241771785714292,0.35752672967142535,0.06595362321428572,-1.1434311314357068,0.09459316928571226,2.016589334913661,-0.1694726196428571,-0.31886131949997015,-0.03178639607142858,-1.4985840444428495,0.036861078214286636,0.969522328606588,-0.08348476499999968,0.3890279183786623,0.0430705767857143,0.5975174558571323,0.015197763214285231,0.9349415939565603,1.319077697142858,-5.506078445678611,-1.5380140178571442,-20.270555139728632,0.14605130249999476,4.4456025830780765,-0.19913637857142907,1.4792513393572386,0.046037368928571576,0.9522854256214788,0.023957566071427294,0.3551742987422844,4.108203874285717,-12.825154022271487,-1.9683210182142878,-43.13830095327868,-0.347571247500003,-1.0057497649075884,-0.090031426071429,-1.1303644469142073,0.09923590285714257,0.13231354686434688,-0.1490877867857172,4.233862413770923,5.234368606071432,-14.883638013450064,-2.237175109285717,-53.32349283030011,-0.571189548214285,-1.5787591676362314,-0.1386647678571431,-0.27484947539994203,0.0037964378571455626,-1.389367092149888,-0.00013462714285950028,0.23691118024221197,-0.12031991678571446,0.29997771486430114,0.023463893571428862,-1.2547011143570175,-0.08283327428571852,1.3310481908565739,0.01820665607142935,0.21894716224292535,-0.00388349357143003,-1.3634048089926567,-0.0015103928571456038,0.3330186765422813,0.026197704642856978,0.4848360143785862,0.05154851892857071,-1.5567532455855344,0.0512042207142791,-0.10376358968633594,0.051004777499999765,0.9637695657000728,-0.017592271071427135,-1.39360146782119,-0.008948423571428776,0.33819402458511943,0.0862793485714286,1.061759006742877,-0.010336319999998622,-0.9713828876140751,0.04937866714285022,-0.13458043485057675,-0.28299065464285755,-4.736897689242815,0.15667638107142867,-0.05923848792869431,0.12820238357143054,-0.2263893982719625
1.0677344010677343,-0.406013,0.315063,2.819865,-0.049361,0.329385,2.764308,-0.245155,0.36699,2.679257,-0.204831,0.189118,2.892264,-0.392401,-0.022006,2.782153,0.015204,-0.032854,2.710483,-0.164308,-0.039342,2.88627,-0.452161,0.043149,2.796188,0.192076,0.388756,2.64261,-0.421938,-0.233875,2.719602,0.327091,0.620975,2.535996,-0.394801,-0.296091,2.703422,0.380119,0.66526,2.526205,-0.287423,-0.558854,2.787769,-0.062865,-0.559002,2.775781,-0.299204,-0.976895,2.892,-0.073767,-0.976791,2.881111,-0.327197,-1.014662,2.737363,-0.095307,-1.015421,2.725655,-0.186788,0.605955,2.735172,0.32683961892857116,-0.20012771481420963,0.02883720535714307,0.6197800067356415,-0.15801408964285102,0.47981036648517666,0.483188470714286,-1.4381265695785646,-0.16801515000000045,-2.9120528607429077,0.23217033535714648,-1.694455997850629,0.49962951321428606,-0.7748265906642325,0.055780473214285475,-1.710153127864353,0.08023468500000419,-0.8607972482362063,0.14999604428571467,-0.874141947321386,-0.1893688939285716,-0.7231800389143308,-0.08330042571428464,-0.03629159350773909,-0.10233078107142868,1.0933457383929328,-0.12019076035714293,-1.1244619838571357,-0.09825236357142231,2.6564077760136913,-0.08131943250000007,0.18757428794999748,-0.021970269642857088,-0.9289322022214209,0.19043841857143207,-1.7973427723720061,-0.18912984749999984,2.1975554305286065,-0.11424409392857154,-0.6098570253642758,0.04847683178571316,0.1574417863280088,-0.07974339107142825,0.9292957597286565,0.10363269214285725,0.5885996040642747,0.07566509250000308,0.8790392807993982,1.124773624285715,-18.7383527187429,-2.42569425857143,-17.33812167285005,0.3829205057142886,8.929678104706726,-0.09753819749999915,2.172106405028662,0.12012237642857171,0.8497408228714707,0.031782709285717914,1.0813269549208688,3.137815710000002,-37.742380432264355,-3.5451327471428606,-52.95016204193578,-0.6378554346428622,7.379361965570811,-0.1535826921428578,-0.8813917117284974,0.091312405714286,-0.28045253815708066,0.05143494214285127,4.463972930056556,4.048541929285717,-52.18517288970008,-4.231290426428576,-63.86952622602864,-0.914708423571426,6.6892870455423905,-0.11531837571428571,0.6144549585429195,-0.08046136285714134,-1.1796157962641927,0.02488223571428705,0.21073503972804478,-0.11137922357142865,1.0240345689428723,-0.05996759142857133,-0.7258960273498956,0.010401730714285407,1.5320527208352064,0.03023794607142838,-0.12949062974992884,-0.1101608003571437,-0.9070118231140979,-0.0646820389285736,1.0923192230779943,0.06024980892857135,0.07155667170001517,-0.0472101235714284,-1.2104112556926565,0.07836227357142889,-0.6356054511649328,0.124631315357143,-1.6548282295713657,-0.08543781000000017,-1.0251038557283803,-0.07698448607143149,1.4190932647922656,0.15825741750000022,-1.840285329685696,-0.0785214000000014,-0.2106067253140562,0.08666550964285591,-0.5365253376006224,-0.39963651107142906,-0.5145835727571004,0.11949360107142848,-0.6795317523215642,0.08261741892856378,-2.802964222864817
1.1011011011011012,-0.38696,0.325178,2.798332,-0.022948,0.326826,2.771554,-0.213467,0.373296,2.672129,-0.197046,0.190438,2.884096,-0.397728,-0.030023,2.776536,0.01337,-0.033225,2.727701,-0.175556,-0.045767,2.89298,-0.452637,0.056228,2.799697,0.225674,0.306864,2.651394,-0.428642,-0.22162,2.723731,0.393258,0.493586,2.50788,-0.407434,-0.287697,2.716449,0.459814,0.509479,2.494214,-0.286338,-0.564375,2.789167,-0.066442,-0.562845,2.775225,-0.30166,-0.97945,2.904229,-0.071392,-0.979575,2.885102,-0.320126,-1.02171,2.749323,-0.083562,-1.020529,2.729227,-0.199987,0.623047,2.730487,0.17549670857142852,-2.0123549592427787,0.05446857214285794,0.446812176278509,-0.23480067857142828,-0.09131709150056243,0.2881516789285717,-3.292612027778566,-0.12963464035714312,0.7339798354499361,0.13480363285714958,-2.5206511257005557,0.34196388428571467,-2.9874589648713865,0.027731050714285832,-0.47042202850722287,-0.03445396392856992,-1.7354952246862847,0.019103496428571676,-1.1873574325928153,-0.09894060321428588,1.5772835518713813,-0.09945663428571194,-0.19965722862911922,-0.1130049771428574,0.37452838956436724,-0.1590480546428572,-0.24140218474285027,-0.10859891142857592,0.39123064915655,-0.07057280892857148,0.45051190855714013,0.009897711428571432,0.44259918634286416,0.2335764278571446,0.20960159573509474,-0.20501418535714344,0.507333808350043,-0.08122583571428571,0.6514095098571517,0.07408429392856775,0.3696524418208197,-0.03715399928571417,1.034278336350098,0.10043565428571438,0.04638566076427433,0.10184460107142712,0.39659846882077804,0.03307308428571387,-24.16564611405003,-3.13037803607143,-2.6661382857643305,0.894187060714291,7.531029603256583,-0.02824339500000006,1.2283966594286624,0.1381018789285713,0.2952086958000397,0.053321149285718406,0.3006834441422226,1.3494609739285708,-51.379208667835776,-5.811481748571434,-34.52089736147147,-0.21749217107143082,18.782300405635223,-0.21943760464285722,0.7482441211715101,0.04746819857142848,0.2673216964286429,0.42084171321428343,0.14420401592091914,1.381858781785715,-69.16042139895006,-6.888617344285717,-37.20914849796433,-0.5556139489285741,19.37278195444236,-0.05732832857142833,1.0275632153357726,-0.10267662535714361,-0.13297650467133165,0.04528300500000526,0.11372934252802686,-0.01861339178571425,0.9666566400214419,-0.04939900392857233,0.2004271151144166,0.02611112464286336,0.22748007079216445,0.003434895000000271,-0.31734293226422267,-0.10288320428571485,0.3187971622930505,0.05200282607142981,1.5951406411922733,0.040704849642857255,-0.48926286167141486,-0.053170110000001714,0.03552170702163549,0.01824019392856968,-0.6043181198148466,0.13130630035714264,-0.2015177876356476,-0.11538057535714152,-0.19783944109265925,0.04051432607143468,1.6753371501208514,0.18374036142857175,-0.34781760565712816,-0.05799432857142861,0.3669792248573544,0.009095894999994414,-0.7387488545148668,-0.4851949146428569,2.8948587292286176,0.07697580428571538,-0.23342530532158046,-0.0022685625000029574,-3.933585298607582
1.1344678011344678,-0.388251,0.322247,2.799199,-0.023669,0.3246,2.781902,-0.211561,0.375216,2.679545,-0.200609,0.18398,2.88435,-0.398756,-0.031249,2.760771,0.014799,-0.035883,2.742147,-0.185735,-0.046402,2.893285,-0.453729,0.053919,2.800191,0.20626,0.19849,2.695199,-0.426396,-0.222128,2.721435,0.404098,0.295741,2.509313,-0.407183,-0.289053,2.72602,0.468996,0.286208,2.485515,-0.289301,-0.565165,2.792329,-0.063901,-0.565347,2.77774,-0.300093,-0.983739,2.894505,-0.071651,-0.982616,2.885384,-0.308074,-1.021826,2.737635,-0.071799,-1.022987,2.728882,-0.227134,0.615379,2.742587,-0.0003868746428565828,-2.1627394527856203,0.07242083999999993,0.513984772157069,-0.0985436196428573,2.155746317206629,0.010386626785714198,-3.659056609242851,-0.01572961178571486,1.7103669852213657,-0.0984901017857176,-2.420052624900637,0.011956959642857257,-4.058948481364242,-0.005719037142857264,0.4079970659570648,-0.11425658142857742,-0.31086305434346667,-0.026314492499999842,-0.6094720821213895,0.05820304821428568,1.7897294504571066,-0.05281308642857141,0.4011536305280594,-0.041592175714284974,1.3002955029000909,-0.08641504607142858,1.1822676274928638,-0.009194130000004463,2.0712512753994297,-0.023433804642857145,0.7771576358571398,-0.014347186071428542,0.49591382547857793,0.12486370178570994,-2.392571954507716,-0.07598275071428584,2.564106940671463,-0.0279533282142857,1.206604594735722,0.06571873928570682,-0.28554234325767325,0.042791451428571214,1.1912924079643896,0.10213835464285709,-0.29907951396429655,0.06044425714285495,-0.8556432859291679,-1.3330143417857157,-18.40116382373574,-2.8412907460714303,13.899915556328533,1.285872126428572,1.3294014892065713,-0.009320551071428262,0.8696081713500782,0.13496109428571423,-0.9954204545570944,0.09162827999999479,0.393647237292228,-1.1080352603571446,-54.90646498787147,-7.098846428571434,-0.26214634838571876,0.9309635807142804,22.320463450885192,-0.08454536999999984,1.9982189879358,0.11409912000000055,-0.15650081395707668,0.1867331989285752,-3.660660539421953,-2.0754487832142883,-64.75262879661435,-8.094893075357147,3.603731710949995,0.6974428114285693,26.498722951799458,-0.006772625357143625,0.6261957274500545,-0.0671259021428563,0.9079100240144146,0.03559865142857532,0.29672708303517425,0.01232801678571449,1.7214447963214419,-0.04160787428571311,0.8813917117286905,0.03743407607143112,-0.11770708937199392,-0.034200051428571854,0.08584234315720576,-0.03151321714285693,0.7125299425287879,0.16766335928571152,-0.6070127225150087,-0.01670173392857144,-0.6852203580214122,-0.05327036678571595,0.8621017781144984,-0.010685018571429339,-0.49037491992913634,0.022806932142857672,-1.5872706904499232,-0.08239526035714384,1.1618870213573678,0.17259532714285442,-0.5403961557648407,0.04383314678571437,-2.0598954497356967,-0.03688450714285629,1.1177896343144995,-0.02047890535715169,-0.4798103664863192,-0.26812505892857175,4.332899755864325,0.13139585357142902,-1.9222140832072716,-0.22344847071429186,0.2391139110208811
1.1678345011678346,-0.396292,0.325183,2.802425,-0.033554,0.323225,2.761899,-0.227371,0.368725,2.668588,-0.204224,0.191106,2.884348,-0.398733,-0.033731,2.784822,0.010413,-0.033239,2.721612,-0.172455,-0.045029,2.893624,-0.450266,0.056595,2.80293,0.128428,0.102892,2.745523,-0.425191,-0.218859,2.730115,0.327246,-0.007928,2.57233,-0.412616,-0.287143,2.737057,0.332302,-0.069385,2.539673,-0.289446,-0.567323,2.791901,-0.06156,-0.563032,2.778813,-0.301904,-0.982259,2.907804,-0.072788,-0.981586,2.881031,-0.32603,-1.024582,2.753695,-0.089714,-1.019291,2.724779,-0.222375,0.619367,2.725505,-0.11404584000000018,-0.40981485349277735,0.05109551999999917,-1.1112028277143482,0.14151512892857454,-0.48025946693623794,-0.1544880953571429,-0.9779269227428511,0.044337285000000115,0.6155670167999353,-0.20967630428570772,-0.6322906621291963,-0.2379412253571429,-0.7850703580713838,0.033191299285714404,-1.1371437251357872,-0.0321783846428616,-0.8724524742005242,-0.034689918214285465,0.23616267949289377,0.06038943107142858,0.5663798246570969,-0.025555847142857857,0.3356063505636394,0.028920098571428188,-0.6590442175070564,-0.02430448071428573,0.9615240634500068,0.2097609814285697,-0.08661222964336897,-0.009288202500000037,-0.794394538842859,0.0806229867857143,0.5156956310142913,-0.17932704107142783,0.1800037375065956,0.14667353678571393,-0.8257887988713903,0.06463518107142857,0.5067991649571512,0.005278882500000748,-0.009131709150664283,0.09591101678571423,-1.2385976553641993,0.019516773214285688,-1.0268574860571544,0.055518354642860146,-1.256112572914893,-1.8352066467857158,-3.914124279107159,-1.903606511785716,21.46276713432854,1.116187813928569,-4.336364245050607,0.06612511821428546,-0.6561357574499015,0.021498123214285902,-1.5007653894856687,0.1006898046428546,-0.859899047336356,-3.190696466785717,-29.176409534850027,-6.5507348507142895,34.07444874270003,2.1960604317857104,11.905930944063684,0.07285350214285824,0.515011287471509,0.06975541285714248,-1.0267933288499398,-0.18439423071428251,-3.5196857695934356,-4.225176903214289,-27.843607713664316,-7.24842229821429,41.0435681400643,2.09125462821428,16.77323884969231,-0.03922371321428564,0.1965562969500582,-0.00019801607142788669,0.8298948601287053,0.03889047535714241,-0.0878098308434315,0.09138019500000011,-0.1265180124857032,0.05892090107143044,0.742191957964388,0.004788658928571721,-0.5906954061649012,0.015314432142857104,0.5831462414572022,-0.009897711428571654,0.37974650907878404,0.005041025357144235,-1.7521974842792918,-0.0383715899999999,0.025149625200016498,0.04938057000000029,0.9701852864144892,-0.045391586785719085,0.29381862297793965,-0.140854005,0.7404383276357758,0.007376068928570234,1.0022211185145211,0.01679128714285838,-1.862996981014832,-0.1635720975,0.32444299652144576,0.07475921357142923,0.6584881883788054,-0.04701793499999951,0.4555161707138638,0.10801473428571429,3.9853173933000385,-0.06596266178571497,-2.2787998405072734,-0.1050869507142842,-1.9759136655862766
1.2012012012012012,-0.391632,0.326879,2.79881,-0.028548,0.327772,2.761473,-0.221836,0.37315,2.667013,-0.19941,0.193059,2.88079,-0.400981,-0.035035,2.775533,0.011009,-0.030843,2.735008,-0.180962,-0.044477,2.896652,-0.449299,0.059358,2.804976,0.079111,0.076245,2.77009,-0.427249,-0.215303,2.729168,0.20814,-0.151589,2.655566,-0.405903,-0.278927,2.710051,0.18616,-0.209619,2.623653,-0.289638,-0.567248,2.792455,-0.064822,-0.563062,2.776948,-0.301536,-0.982303,2.907994,-0.073702,-0.980448,2.884055,-0.317277,-1.025021,2.752913,-0.081536,-1.020417,2.727646,-0.209989,0.624839,2.710296,0.07758923785714256,1.4205047233500723,0.046186148571428554,-0.23545695021434246,-0.1339295078571432,-2.5798468421578105,0.07855458107142865,1.7420178740785757,0.05186748535714347,0.022005922049930928,-0.11632058678571155,1.7520691698636426,0.08386402821428574,2.8910734540071914,0.00991186392857113,-0.4373169096214975,-0.1415623435714295,-0.6415079142218844,0.0737214428571431,0.4923210218786125,0.08363235535714297,0.18877188914995885,-0.0781751989285695,0.05186040910652671,-0.093819301071429,-0.27889137944993053,-0.02230767,0.22189839377143464,0.053324717142857025,-1.194671354207617,-0.09227655964285719,0.020145363042855875,0.09987466821428567,-0.49063154875713705,0.0960885771428579,1.282630885199422,-0.10399732714285714,-1.0041672204642522,0.02335055464285707,-0.4480097774785609,0.07377722035713674,0.12110742134950721,-0.039968443928571684,-0.8659725962784849,0.06602046107142856,-0.2051105912357259,0.009250740000002367,-2.112204959293498,-1.3340144121428577,11.6092680182357,-0.7286198175,22.16079754804284,0.5976504417857171,-8.39358048182199,-0.07513336285714312,-0.6216619514784739,0.031550798571428285,-0.8882137614213858,0.05583018535714146,-1.3964243849362248,-3.871651615714287,3.2659440153428414,-3.707380337142859,56.631588130735736,2.187322511785716,-5.299000366757625,0.01522594928571408,-2.5214423979213576,0.07093054607142779,-1.338832598657091,-0.255226660714289,-0.9631279936290998,-4.397607276428573,12.522588633385693,-3.9959157985714313,64.20012831443576,2.443439233928572,-2.202367221064904,0.005948331428570874,-0.17003798466423214,0.012390692142856707,0.08952068970013183,0.03479279142856839,0.0946104947993067,0.03729278892857146,-1.1125073575928444,0.06692978892857226,-0.4095796103998866,-0.050574850714284025,-0.16565390884348488,0.03284640642857184,0.2519667381857735,-0.007188161785716574,-0.015825444428366815,-0.03845020178571801,-0.28706073049346437,0.0040517774999999645,0.08823754555715738,0.09105659035714453,-0.292578250306919,0.03635230178571547,0.41691491774946765,0.05713792392857142,1.1640255949286265,0.018048481071426536,0.07136420007881314,-0.045547502142852636,-0.428463215036133,0.06648012000000014,0.814026644228586,0.058119560357143385,-0.5681334549855335,0.04378272107143033,0.43936994024939185,0.16911345535714295,2.9032205518928995,-0.07943179821428714,0.2547468838284478,-0.19647737357142603,-2.289535479836258
1.234567901234568,-0.390718,0.33057,2.802153,-0.027801,0.328656,2.763258,-0.22096,0.379048,2.671102,-0.199653,0.192183,2.879102,-0.398802,-0.034311,2.785,0.010881,-0.026188,2.725922,-0.173459,-0.041662,2.896059,-0.447486,0.059663,2.802956,0.057227,0.065549,2.775837,-0.424399,-0.219521,2.73204,0.064647,-0.218132,2.721281,-0.407124,-0.283743,2.710917,0.055637,-0.284952,2.703309,-0.291703,-0.56517,2.796576,-0.054812,-0.558258,2.77611,-0.298042,-0.984592,2.8956,-0.073668,-0.975403,2.882859,-0.321534,-1.020999,2.739891,-0.085851,-1.014841,2.726593,-0.210903,0.608682,2.733205,0.10163766535713903,0.020958020999895015,0.026067002142862037,-0.97048468671414,-0.20980569857141565,-1.9681720292570222,0.11438228892857072,0.4054949348785633,0.03435501535714553,-1.0717033738499047,-0.025966745357113387,3.66374008536486,0.16448047392856865,1.941076302107095,-0.017117508214284923,-1.1828236566213908,-0.1409668682142508,0.67720070712953,0.06021103821428445,-1.302134676171461,0.07226373535714387,-0.8702069719499723,-0.05857767321426046,1.1228152822078385,-0.0845286010714317,0.8357759374499711,-0.019009542857143045,-0.024208652828581582,-0.006540001071410096,-2.393619855556203,-0.07117232785714246,1.2448422901928637,0.05240254499999949,-2.3548475167071636,0.12933030214286884,0.7098781113006732,-0.12234574607142933,-0.09563701011432409,-0.0004691732142862071,-0.9797447102785856,0.0644515553571689,-0.6800877814497186,-0.05880316178571961,-0.2629803920786777,0.04226352750000009,-1.2188800070357095,-0.08365162178569081,-3.4563626061422186,-0.7866091510714247,21.20220333038579,-0.15828037071428688,12.025348892292806,0.3676842096428783,-5.390595472821088,-0.07273183821428933,0.7656093385713525,-0.008318221071430307,-1.5015352759714216,-0.0087309032142535,-2.4733672640350224,-3.055430796428559,45.65833189264318,-1.7836877410714294,58.67454607778574,1.669666043571421,-25.72932833800724,-0.1179246953571439,-5.459607241971488,-0.0018112821428570942,-3.0213125845072226,-0.20711838857140527,3.8467378258719522,-3.2145008528571344,58.39281039548607,-1.8690166125000016,63.28620889868571,1.9445493375000231,-27.70109317086354,-0.01645602750000365,-1.1728792895143119,0.004553537142849933,-0.5592797604001306,0.04158099642859212,0.3122745129011024,-0.012440285357143272,-1.8684931150928799,0.028395861428565452,-1.9001440039501032,-0.035128169999954294,1.0915279508578335,0.03717778499999701,0.007656093385662753,-0.01675965214286832,-0.5578896875788354,-0.036420091071395655,0.40874556670794515,0.0006098657142850985,-0.2945457379928689,0.04709345464284702,-2.342572104407316,0.037036616785734916,-0.3758970766494107,0.09128481428571039,0.8827390130785343,0.008072038928564102,-0.6693521421217671,-0.04793332821425573,0.2854568003153587,0.07850165785714172,-0.09345566507143327,0.017661844285704793,-1.8569020463360308,0.041754751071442074,-0.5609264620494743,0.20773265464285579,-0.5883857467071989,-0.05421097285713327,1.2569893880787602,-0.2791628196428272,-2.6666301576850806
1.267934601267935,-0.382783,0.324167,2.776389,-0.017958,0.326375,2.765323,-0.204122,0.366375,2.655389,-0.196351,0.195287,2.877437,-0.412591,-0.035757,2.766677,0.001182,-0.02895,2.754783,-0.201397,-0.046469,2.902506,-0.461452,0.06049,2.797509,0.045284,0.059119,2.792428,-0.436538,-0.217706,2.72681,0.02919,-0.222161,2.73214,-0.418327,-0.284014,2.71495,0.018422,-0.290974,2.727898,-0.289659,-0.566691,2.795801,-0.0648,-0.561528,2.774558,-0.297843,-0.984986,2.899356,-0.07144,-0.977243,2.888125,-0.301913,-1.023739,2.742499,-0.065431,-1.019896,2.732345,-0.216115,0.612358,2.698483,0.07898783785713456,-1.3785886813501622,-0.018577594285703568,-1.7055124232140835,-0.265272319285697,-1.356497216357007,0.10561463678571335,-0.9310280043214351,-0.019650924642850422,-2.1654126697498532,0.12817324607148237,5.575411000865171,0.21339864964285243,0.9910791502070792,-0.06902198035714013,-1.9283304036213507,-0.09637043785706846,1.9959093284799785,-0.013174431428574197,-3.0965903742214897,0.025560485357145158,-1.9291858330499518,-0.0032459174999447207,2.1937701553082487,-0.03804513107143258,1.950443254349975,-0.023923195714286364,-0.2703156994285886,-0.1064096742856537,-3.5925683569055593,-0.00920400107142796,2.4695392173428634,-0.057272313214287114,-4.219063484657175,0.1434611571428985,0.13712533740110527,-0.11037951000000257,0.8128932002356435,-0.042031141071429676,-1.511479643078594,0.02839265035718306,-1.481282984249433,-0.05751801964286705,0.34001181212125997,-0.015319546071428177,-2.232649422835701,-0.2214040885713774,-4.800520252991837,0.0808807050000066,30.795138642535807,0.07387260107142636,1.8899002365428077,0.2379176775000369,-2.387610463820823,-0.02404164857143549,2.152880628621307,-0.06865175571428715,-2.1148567905214177,-0.10922602178565435,-3.5503101431347455,-0.8247158871428332,88.05071976994327,0.20817162000000025,60.717504024835755,0.47031695035713506,-46.15965630925704,-0.349112205000004,-8.397772086021547,-0.13069191535714672,-4.703792570357299,0.001479233571475772,8.656603645372341,-0.5008564992856919,104.26303215758622,0.22738809857142755,62.37228948293571,0.5948511010714851,-53.199819120663,-0.07232189142857587,-2.175720594364306,-0.02493194785715531,-1.2080802105001842,0.05563193142863915,0.5299385310017157,-0.08739810964285866,-2.6244788725928996,-0.05987328107143869,-3.3907083975001466,0.02226652071435627,2.3487098105579425,0.03335732357142323,-0.23665455141437516,-0.04441803750002155,-1.0999539307289288,-0.011173220357076791,1.1045518639083272,-0.015604261071429704,-0.677329021542876,-0.0652712110714461,-4.392565958507413,0.011267411785759431,-1.1687090710491197,0.11604609964285194,0.6014524312285303,-0.02661966321430779,-1.4100684843219744,-0.0264979992856375,0.9993768156660189,0.060243505714284516,-1.0009379743714282,-0.06579782678573744,-3.1456706376862162,0.006350191071466003,-1.561222864349093,0.12984847392856735,-4.079992045307248,0.004451377500017028,2.25923189232883,-0.374430670714228,-3.043724835534681
1.3013013013013013,-0.385267,0.327575,2.779336,-0.020412,0.326726,2.769104,-0.205963,0.369798,2.659296,-0.200204,0.195748,2.879091,-0.404186,-0.036755,2.774611,0.008402,-0.031694,2.740821,-0.186153,-0.046019,2.899284,-0.453552,0.059095,2.788062,0.057578,0.062445,2.798997,-0.428725,-0.221957,2.723837,0.038933,-0.220873,2.743183,-0.432713,-0.290497,2.711369,0.038989,-0.289375,2.729901,-0.295652,-0.568082,2.798768,-0.065643,-0.564209,2.777738,-0.29718,-0.986651,2.901524,-0.074618,-0.981713,2.884375,-0.311348,-1.024988,2.745152,-0.079393,-1.021597,2.727822,-0.20082,0.616036,2.691564,0.009639755357128204,-2.7781353837002194,-0.08774764071426733,-2.4405401597140273,-0.30032936999997806,-0.7448224034569921,0.0522516246428559,-2.267550943521435,-0.11015033464284466,-3.2591219656498014,0.3460993875000887,7.487081916365484,0.23061855535713582,0.04108199830706415,-0.145801552499994,-2.6738371506213103,-0.007773052499871304,3.3146179498304256,-0.14643496607143397,-4.8910460722715206,-0.05647739464285294,-2.988164694149932,0.08782006821438477,3.2647250284086593,0.04563110892856661,3.065110571249978,-0.0370486285714299,-0.5164227460285954,-0.2462843024998759,-4.791516858254917,0.09362842071428652,3.6942361444928626,-0.2291499064285741,-6.083279452607187,0.13848114214294266,-0.43562743649846236,-0.06809861892857691,1.721423410585611,-0.10133534892857342,-2.043214575878602,-0.03439949464279333,-2.2824781870491484,-0.036113017500016574,0.9430040163211976,-0.10672875964285616,-3.2464188386356927,-0.40400666035705135,-6.144677899841456,1.268455156071438,40.388073954685815,-0.032160902142861617,-8.245548419207198,0.2083508453572046,0.6153745451794452,0.07093720607141692,3.540151918671263,-0.1494498053571439,-2.7281783050714146,-0.24565517035704593,-4.627253022234467,2.8204931121429007,130.4431076472434,2.268197746071432,62.760461971885775,-1.4107247678571415,-66.5899842805068,-0.6783365796428663,-11.33593693007161,-0.31571135357143904,-6.386272556207378,0.3705662057143701,13.466469464872732,3.7433257842857586,150.1332539196864,2.293298334642855,61.45837006718574,-1.6056554753570325,-78.69854507046243,-0.1616492603571478,-3.178561899214299,-0.07606576285716236,-1.8568806606002377,0.07694559642870662,0.7476025491023289,-0.18758068392857466,-3.380464630092919,-0.19787763857144441,-4.881272791050192,0.12160922142867053,3.605891670258052,0.021385022142848185,-0.4809651962144131,-0.09016331785717786,-1.6420181738790218,0.03729041035725481,1.8003581611087094,-0.0445906028571447,-1.0601123050928827,-0.24603740678574246,-6.442559812607511,-0.040955313214206396,-1.9615210654488295,0.13142177999999338,0.3201658493785266,-0.08602662535718664,-2.150784826522182,0.01875848464300279,1.7132968310166794,0.011705663571427466,-1.908420283671423,-0.1922594528571858,-4.434439229036401,-0.06243095892849743,-2.561519266648713,-0.06453908678572251,-7.571598343907294,0.09655525285716975,3.261474396578901,-0.4822809267856155,-3.420819513384282
