timestamp,study_name,number,calculated_cost,values_lap count,values_low_scale_rate,values_mean_scaling,values_mean_trajectory_error,values_violation_rate,params_gamma,params_lambda_acc,params_lambda_pos,params_lambda_scaling,params_lambda_vel,user_attrs_covariance_matrix,user_attrs_d_mean,user_attrs_h_mean,user_attrs_v_rel_mean
2026-03-12 19:51:29,GPR_Optimization_h_mean_-0.1_v_mean_0.2_20260312-185403,99,3.3800406520612243,21.129037295990443,0.0,0.9999980688986073,0.007690790497456392,0.8524328961882583,2.3022796366300255,3.058486318784815e-12,2505.969829152449,54.939886991430484,0.005026958086310321,"[[0.01052100897048877, 0.00637265161165124, 0.0025798493468822863], [0.00637265161165124, 0.010625768478596535, -0.010387735984432952], [0.0025798493468822863, -0.010387735984432952, 0.024272675832828085]]",0.3736771163920426,-0.12788125825601285,-0.41806842385109927
2026-03-12 19:51:29,GPR_Optimization_h_mean_-0.1_v_mean_0.2_20260312-185403,455,3.380014017011153,21.12907688793184,0.0,0.9999999366769865,0.006728988057769557,0.85424058522953,4.289771151427583,8.046331103420763e-10,11565.015748745402,684.1768019856664,0.0018224076315964896,"[[0.010351426543178627, 0.006346668747804005, 0.0023347092827233572], [0.006346668747804005, 0.010657277452801933, -0.010321626327235559], [0.0023347092827233572, -0.010321626327235559, 0.023340600636697028]]",0.372931173283347,-0.12979992597838638,-0.420035711621983
2026-03-12 19:51:29,GPR_Optimization_h_mean_-0.1_v_mean_0.2_20260312-185403,670,3.380014017011153,21.12907688793184,0.0,0.9999999366769865,0.006728988057769557,0.85424058522953,4.289771151427583,8.046331103420763e-10,11565.015748745402,684.1768019856664,0.0018224076315964896,"[[0.010351426543178627, 0.006346668747804005, 0.0023347092827233572], [0.006346668747804005, 0.010657277452801933, -0.010321626327235559], [0.0023347092827233572, -0.010321626327235559, 0.023340600636697028]]",0.372931173283347,-0.12979992597838638,-0.420035711621983
2026-03-12 19:51:29,GPR_Optimization_h_mean_-0.1_v_mean_0.2_20260312-185403,536,3.379090708118739,21.129073260624477,0.0,0.9999997707000475,0.007354795392980326,0.854771272293583,2.563839005700834,4.2888464916659766e-08,84175.073787405,182.0621534748922,0.0018224076315964896,"[[0.010665139844361514, 0.006579884421031011, 0.0023150319008257607], [0.006579884421031011, 0.010673789616721168, -0.010033983358784004], [0.0023150319008257607, -0.010033983358784004, 0.022646385230140273]]",0.3738741183982774,-0.12948695077656122,-0.42121743333619516
2026-03-12 19:51:29,GPR_Optimization_h_mean_-0.1_v_mean_0.2_20260312-185403,1884,3.3788975385954743,21.12907181313382,0.0,0.999999701581211,0.007054090178811483,0.8556682780690407,4.55113283816446,3.847239389610096e-11,3806.4194386128206,462.81121690475254,0.006016459538681406,"[[0.010415279185633076, 0.006326196132973755, 0.00249007952197657], [0.006326196132973755, 0.01066284119953417, -0.010358375315250063], [0.00249007952197657, -0.010358375315250063, 0.023685800136928774]]",0.3724003854913875,-0.12888776791978712,-0.4179297273714433
2026-03-12 20:49:03,GPR_Optimization_h_mean_-0.1_v_mean_0.5_20260312-195129,589,3.3814732506609935,20.259068558479083,0.042128052732462735,0.9583217771798441,0.011752223497869236,0.8599500806707393,3.256433527541565,4.073377311521589e-09,906.0614675502183,994.1523490186732,0.0016333510383821006,"[[0.010305905960524915, 0.005925070180707132, 0.002993838025840936], [0.005925070180707132, 0.011957044979247253, -0.014719608756937529], [0.002993838025840936, -0.014719608756937529, 0.03516871405370223]]",0.5108336809782567,-0.1309574561828273,-0.6988329951044283
2026-03-12 20:49:03,GPR_Optimization_h_mean_-0.1_v_mean_0.5_20260312-195129,148,3.373980960167179,20.221650339649017,0.0476878612716763,0.95329696238657,0.011531404132109945,0.8543077346545555,3.8686035269157526,1.2949767494495846e-12,372.82493817521635,66.6689156085243,0.002149974226416964,"[[0.01013995422738999, 0.0056822030527165215, 0.003337511066265698], [0.0056822030527165215, 0.012151448437221381, -0.015750342082967786], [0.003337511066265698, -0.015750342082967786, 0.03874276483664531]]",0.5080376465751942,-0.12908920627600107,-0.6907309059602419
2026-03-12 20:49:03,GPR_Optimization_h_mean_-0.1_v_mean_0.5_20260312-195129,276,3.3690527751972037,20.12547737886176,0.04728374396502829,0.9527742629670065,0.011284064844691584,0.8588266216608795,3.940502379487454,1.678772364911657e-13,778.2070937503568,130.62071442238337,0.0016130282887163881,"[[0.010231781132636075, 0.00578124954747657, 0.003237568455744019], [0.00578124954747657, 0.012038232198697277, -0.015173333039555356], [0.003237568455744019, -0.015173333039555356, 0.03680273805454234]]",0.5098354991478271,-0.13057736016426164,-0.6961204670911614
2026-03-12 20:49:03,GPR_Optimization_h_mean_-0.1_v_mean_0.5_20260312-195129,1784,3.3681812498526127,20.125037234240683,0.04999033869765644,0.950238949045209,0.011286279148792247,0.8513125569326745,3.524458983242332,3.5764527209845416e-14,990.3522011583684,15.955294931723305,0.0020258247251089727,"[[0.010222959381934404, 0.0057451568249360955, 0.0033422000909584674], [0.0057451568249360955, 0.012077758896726154, -0.01548288612956862], [0.0033422000909584674, -0.01548288612956862, 0.0382881766473553]]",0.5082479887048053,-0.13040227292636133,-0.6926158684034979
2026-03-12 20:49:03,GPR_Optimization_h_mean_-0.1_v_mean_0.5_20260312-195129,1845,3.3681448835509173,20.101102911658643,0.04889084482829755,0.9516399328414213,0.01149465745090026,0.855376617661216,2.940448985927984,8.339745067122969e-14,641.7769541425627,557.6454848077504,0.0016333510383821006,"[[0.010262963696093997, 0.005785763162654322, 0.0032875934548982585], [0.005785763162654322, 0.012208825300471871, -0.015621983916109404], [0.0032875934548982585, -0.015621983916109404, 0.03813461401186664]]",0.5085810099662461,-0.1305337759426065,-0.6935340178340538
2026-03-12 21:46:45,GPR_Optimization_h_mean_-0.1_v_mean_0.8_20260312-204903,487,3.360118239227446,18.10652001381963,0.14758584650081824,0.8559163769179723,0.015942313897792517,0.8695765776915989,3.0760974941708445,1.9381292526696532e-11,8873.338989744088,18.929676435949073,0.007404086657251369,"[[0.0099260410137428, 0.006028967813170587, 0.002191644266116595], [0.006028967813170587, 0.013771122251629042, -0.016693720673745072], [0.002191644266116595, -0.016693720673745072, 0.0338033523658303]]",0.639639688339762,-0.13593813564461077,-0.9728885474284478
2026-03-12 21:46:45,GPR_Optimization_h_mean_-0.1_v_mean_0.8_20260312-204903,285,3.360118239227446,18.10652001381963,0.14758584650081824,0.8559163769179723,0.015942313897792517,0.8695765776915989,3.0760974941708445,1.9381292526696532e-11,8873.338989744088,18.929676435949073,0.007404086657251369,"[[0.0099260410137428, 0.006028967813170587, 0.002191644266116595], [0.006028967813170587, 0.013771122251629042, -0.016693720673745072], [0.002191644266116595, -0.016693720673745072, 0.0338033523658303]]",0.639639688339762,-0.13593813564461077,-0.9728885474284478
2026-03-12 21:46:45,GPR_Optimization_h_mean_-0.1_v_mean_0.8_20260312-204903,1763,3.360118239227446,18.10652001381963,0.14758584650081824,0.8559163769179723,0.015942313897792517,0.8695765776915989,3.0760974941708445,1.9381292526696532e-11,8873.338989744088,18.929676435949073,0.007404086657251369,"[[0.0099260410137428, 0.006028967813170587, 0.002191644266116595], [0.006028967813170587, 0.013771122251629042, -0.016693720673745072], [0.002191644266116595, -0.016693720673745072, 0.0338033523658303]]",0.639639688339762,-0.13593813564461077,-0.9728885474284478
2026-03-12 21:46:45,GPR_Optimization_h_mean_-0.1_v_mean_0.8_20260312-204903,1460,3.356172187960553,18.178592829256615,0.1488340942019081,0.8549910606048464,0.01722851277844745,0.8727891528389055,2.528741081052124,5.585612171147215e-15,1166.0332109735195,162.95183982715892,0.008544510117096912,"[[0.009761998139449425, 0.006033457524981163, 0.002037287850864331], [0.006033457524981163, 0.013954936485050164, -0.017124675301117113], [0.002037287850864331, -0.017124675301117113, 0.03478963180310144]]",0.6345734155928712,-0.1369301832130992,-0.9657077599695338
2026-03-12 21:46:45,GPR_Optimization_h_mean_-0.1_v_mean_0.8_20260312-204903,1308,3.3495503101739934,18.075589780265176,0.15264588022177086,0.8509403882319528,0.01604806184767775,0.866361091288357,2.7173660814002494,1.399608162959231e-09,1166.0332109735195,978.5729780709347,0.006874636670397486,"[[0.009858975726618126, 0.006027628784536267, 0.0022198714256913142], [0.006027628784536267, 0.015316594569322734, -0.019725826398054713], [0.0022198714256913142, -0.019725826398054713, 0.040273650612227097]]",0.6320470809027177,-0.13652535706212038,-0.9601882330841482
2026-03-12 22:44:23,GPR_Optimization_h_mean_-0.1_v_mean_1.1_20260312-214645,1052,3.369482293172732,15.26723175936503,0.31819484651322766,0.7005174041178733,0.025708560159547852,0.8446645074378744,2.8073900365515687,6.717517954990921e-14,4598.507365284788,670.2401750925796,0.004490269909383089,"[[0.010108182408120413, 0.006776701127687585, 0.0016650607486464125], [0.006776701127687585, 0.01769639665968257, -0.021666421329654965], [0.0016650607486464125, -0.021666421329654965, 0.040359717105064793]]",0.7601112677453457,-0.1375293485819073,-1.2271776908808498
2026-03-12 22:44:23,GPR_Optimization_h_mean_-0.1_v_mean_1.1_20260312-214645,125,3.321136467778569,15.017245845606231,0.34300271064246485,0.6817964206658165,0.023294388073316248,0.8285341242921818,2.748041716184473,2.711233251893058e-12,85617.51273225893,63.212613087331434,0.6584100730759268,"[[0.010024199870933151, 0.0063804707424251796, 0.002405474785614821], [0.0063804707424251796, 0.019999083014175946, -0.026497702063008385], [0.002405474785614821, -0.026497702063008385, 0.05064331758478584]]",0.7441806317296312,-0.1383160803323424,-1.2002132452420489
2026-03-12 22:44:23,GPR_Optimization_h_mean_-0.1_v_mean_1.1_20260312-214645,1830,3.321136467778569,15.017245845606231,0.34300271064246485,0.6817964206658165,0.023294388073316248,0.8285341242921818,2.748041716184473,2.711233251893058e-12,85617.51273225893,63.212613087331434,0.6584100730759268,"[[0.010024199870933151, 0.0063804707424251796, 0.002405474785614821], [0.0063804707424251796, 0.019999083014175946, -0.026497702063008385], [0.002405474785614821, -0.026497702063008385, 0.05064331758478584]]",0.7441806317296312,-0.1383160803323424,-1.2002132452420489
2026-03-12 22:44:23,GPR_Optimization_h_mean_-0.1_v_mean_1.1_20260312-214645,1581,3.321136467778569,15.017245845606231,0.34300271064246485,0.6817964206658165,0.023294388073316248,0.8285341242921818,2.748041716184473,2.711233251893058e-12,85617.51273225893,63.212613087331434,0.6584100730759268,"[[0.010024199870933151, 0.0063804707424251796, 0.002405474785614821], [0.0063804707424251796, 0.019999083014175946, -0.026497702063008385], [0.002405474785614821, -0.026497702063008385, 0.05064331758478584]]",0.7441806317296312,-0.1383160803323424,-1.2002132452420489
2026-03-12 22:44:23,GPR_Optimization_h_mean_-0.1_v_mean_1.1_20260312-214645,1865,3.312311585558468,14.893131311938797,0.3451306076093129,0.6794030105436463,0.0233229348980879,0.827626348665531,2.868641481892004,3.937827074562863e-13,34308.8506018085,75.46272557729213,0.4172922623815965,"[[0.010040425471321574, 0.006606236040496636, 0.0021018213632303866], [0.006606236040496636, 0.02159069111988013, -0.029092229481424828], [0.0021018213632303866, -0.029092229481424828, 0.05509949598485039]]",0.7407535269434807,-0.13869678917094944,-1.194910679876914
2026-03-12 23:42:11,GPR_Optimization_h_mean_-0.1_v_mean_1.4_20260312-224423,351,3.4443088711082503,9.12476385853399,0.6517119244391971,0.40749135643224,0.028370228050954613,0.697981672007646,3.2308759085973238,7.978032139836705e-09,2048.2111274298427,61.158159135127335,0.0071364559177565,"[[0.010395823918091227, 0.005956415901203908, 0.004857737780878476], [0.005956415901203908, 0.02525806513047721, -0.03653859585154761], [0.004857737780878476, -0.03653859585154761, 0.07427008283253837]]",0.853177050919607,-0.1261793226043542,-1.4116473857012422
2026-03-12 23:42:11,GPR_Optimization_h_mean_-0.1_v_mean_1.4_20260312-224423,836,3.410745376200527,8.954386611651245,0.6594618560700529,0.4022257590823764,0.028819501882247734,0.701291323745393,3.2428852062250493,1.1154992225911016e-12,4017.9180648917577,149.89591525806955,0.037739126986260356,"[[0.010201102676373692, 0.0060787514944456895, 0.004367868907272367], [0.0060787514944456895, 0.02462249389572879, -0.035230668500013405], [0.004367868907272367, -0.035230668500013405, 0.07083607420606358]]",0.850452298322561,-0.1266397270146999,-1.4084614974918523
2026-03-12 23:42:11,GPR_Optimization_h_mean_-0.1_v_mean_1.4_20260312-224423,1050,3.395078511943625,8.85204912013657,0.6652493181341352,0.39569479911602995,0.025997747095906354,0.6679488076089237,3.5449826021918356,1.061370507100516e-07,1631.5968690706345,36.175939422272165,0.01968991485849224,"[[0.010255716712928041, 0.005841977000724541, 0.004964550679780455], [0.005841977000724541, 0.026183753049068146, -0.03862664353508068], [0.004964550679780455, -0.03862664353508068, 0.07840626669952913]]",0.8429823744520558,-0.12368720355791932,-1.3896053179116914
2026-03-12 23:42:11,GPR_Optimization_h_mean_-0.1_v_mean_1.4_20260312-224423,535,3.3871082360367843,8.941645768565646,0.6646005704119956,0.3993865785879671,0.03392601922507681,0.7101205771891678,3.0523825743127113,3.9826038076316315e-09,4017.9180648917577,36.175939422272165,0.010013471986509054,"[[0.010475188832141876, 0.006206977879870819, 0.004399048423833576], [0.006206977879870819, 0.023153805746495965, -0.032376487547067886], [0.004399048423833576, -0.032376487547067886, 0.0654530547197312]]",0.8608840322641758,-0.12544251507798118,-1.424785236667965
2026-03-12 23:42:11,GPR_Optimization_h_mean_-0.1_v_mean_1.4_20260312-224423,502,3.3871082360367843,8.941645768565646,0.6646005704119956,0.3993865785879671,0.03392601922507681,0.7101205771891678,3.0523825743127113,3.9826038076316315e-09,4017.9180648917577,36.175939422272165,0.010013471986509054,"[[0.010475188832141876, 0.006206977879870819, 0.004399048423833576], [0.006206977879870819, 0.023153805746495965, -0.032376487547067886], [0.004399048423833576, -0.032376487547067886, 0.0654530547197312]]",0.8608840322641758,-0.12544251507798118,-1.424785236667965
2026-03-13 00:39:31,GPR_Optimization_h_mean_-0.05_v_mean_0.2_20260312-234211,244,3.3757376603345346,21.129075964468008,0.0,0.9999998950625466,0.006669150322821573,0.7017121214073149,2.381655631137027,2.3977471915964534e-13,7435.247356770959,244.9277638419166,0.001215813569071974,"[[0.009843259803142868, 0.006303530380984019, 0.0025542454918762144], [0.006303530380984019, 0.010961094700113508, -0.01255371862477307], [0.0025542454918762144, -0.01255371862477307, 0.03324467837542039]]",0.4162827039144467,-0.07113142819567259,-0.41377738931003816
2026-03-13 00:39:31,GPR_Optimization_h_mean_-0.05_v_mean_0.2_20260312-234211,643,3.3757376603345346,21.129075964468008,0.0,0.9999998950625466,0.006669150322821573,0.7017121214073149,2.381655631137027,2.3977471915964534e-13,7435.247356770959,244.9277638419166,0.001215813569071974,"[[0.009843259803142868, 0.006303530380984019, 0.0025542454918762144], [0.006303530380984019, 0.010961094700113508, -0.01255371862477307], [0.0025542454918762144, -0.01255371862477307, 0.03324467837542039]]",0.4162827039144467,-0.07113142819567259,-0.41377738931003816
2026-03-13 00:39:31,GPR_Optimization_h_mean_-0.05_v_mean_0.2_20260312-234211,1707,3.3753300183839237,21.12907698060534,0.0,0.9999999423983735,0.006926829313173216,0.7013857557202707,2.331365121368169,4.2201060132573747e-10,75388.4229715253,472.09401054329885,0.0012352251518515875,"[[0.009834872390345677, 0.006392857752768671, 0.002376566929409558], [0.006392857752768671, 0.01111455360667517, -0.012633290019585434], [0.002376566929409558, -0.012633290019585434, 0.03287102000068871]]",0.4163491328979326,-0.07101930369317469,-0.4142087887539863
2026-03-13 00:39:31,GPR_Optimization_h_mean_-0.05_v_mean_0.2_20260312-234211,1050,3.3750933743521387,21.129067103467904,0.0,0.9999994763746876,0.006044543201901573,0.7048610665880211,3.6914047411915107,3.052612325534916e-10,7435.247356770959,174.82049873627255,0.004233111677853554,"[[0.009680378892094115, 0.006308493687630567, 0.002392981198215744], [0.006308493687630567, 0.01119959077912539, -0.012931837276006277], [0.002392981198215744, -0.012931837276006277, 0.03383084135089425]]",0.41487180539883806,-0.07066067760807747,-0.41098630338968184
2026-03-13 00:39:31,GPR_Optimization_h_mean_-0.05_v_mean_0.2_20260312-234211,211,3.374745734790167,21.129070799837393,0.0,0.9999996548740039,0.006842753111950483,0.7025278266339723,2.346772898275324,3.0699887643434802e-09,5228.152235886836,263.7145328752464,0.004423790306025739,"[[0.00987134606677986, 0.006305030835597616, 0.0026731938352560986], [0.006305030835597616, 0.011158105652296106, -0.013035414765867295], [0.0026731938352560986, -0.013035414765867295, 0.03497536888233161]]",0.4155385549611853,-0.07110761726987898,-0.4112841334574093
2026-03-13 01:36:58,GPR_Optimization_h_mean_-0.05_v_mean_0.5_20260313-003931,256,3.449490362607728,20.517759190851617,0.0320012488292226,0.9682144034948509,0.011254985107777015,0.7102586117181808,3.473602927805727,1.2582282572937353e-11,648.7137791848073,151.62614377484743,0.0014201930373874208,"[[0.009656886261235195, 0.005845636221923434, 0.0026986366025056603], [0.005845636221923434, 0.015314858336674946, -0.022604403919025698], [0.0026986366025056603, -0.022604403919025698, 0.053393758941523976]]",0.5458161387240181,-0.07583997940281062,-0.6837929279094002
2026-03-13 01:36:58,GPR_Optimization_h_mean_-0.05_v_mean_0.5_20260313-003931,1187,3.445363194400645,20.475419955699138,0.03307491526744322,0.9668313486215719,0.011003807436720244,0.7119872219408625,3.306570983626669,2.9368173030835806e-09,13103.38429783421,12.433329144824372,0.01800214202162265,"[[0.009640175056840863, 0.00589088467351564, 0.002631732132248963], [0.00589088467351564, 0.01481870187404844, -0.021306908184332885], [0.002631732132248963, -0.021306908184332885, 0.05011539258457921]]",0.5474997518035061,-0.07581718769176439,-0.6878079811219016
2026-03-13 01:36:58,GPR_Optimization_h_mean_-0.05_v_mean_0.5_20260313-003931,1575,3.445363194400645,20.475419955699138,0.03307491526744322,0.9668313486215719,0.011003807436720244,0.7119872219408625,3.306570983626669,2.9368173030835806e-09,13103.38429783421,12.433329144824372,0.01800214202162265,"[[0.009640175056840863, 0.00589088467351564, 0.002631732132248963], [0.00589088467351564, 0.01481870187404844, -0.021306908184332885], [0.002631732132248963, -0.021306908184332885, 0.05011539258457921]]",0.5474997518035061,-0.07581718769176439,-0.6878079811219016
2026-03-13 01:36:58,GPR_Optimization_h_mean_-0.05_v_mean_0.5_20260313-003931,926,3.4399621947841457,20.437746874846134,0.035788570537153556,0.9639482908839488,0.011269779756501936,0.7093624876501482,3.306570983626669,2.1320185782084854e-12,1177.9353565152344,220.26472375099056,0.0022676665985451386,"[[0.009545550067574288, 0.005965696000093822, 0.0023686116822424328], [0.005965696000093822, 0.015568220022638659, -0.023328245933161955], [0.0023686116822424328, -0.023328245933161955, 0.05568721402182173]]",0.5455444391107386,-0.07527525050777265,-0.6819764268098536
2026-03-13 01:36:58,GPR_Optimization_h_mean_-0.05_v_mean_0.5_20260313-003931,1259,3.4326269958510434,20.315490376841712,0.039551695444143956,0.9607108667971097,0.01233500043522896,0.7051305387975868,2.640081081812119,1.0174419800330478e-09,168.51952507631694,39.04831083159595,0.001040640324696233,"[[0.009561015035754503, 0.005933854230727824, 0.002506483865745556], [0.005933854230727824, 0.0151234598505826, -0.02239490641278682], [0.002506483865745556, -0.02239490641278682, 0.05359184902134901]]",0.5448161335381129,-0.07427600811352311,-0.6792687448981507
2026-03-13 02:34:37,GPR_Optimization_h_mean_-0.05_v_mean_0.8_20260313-013658,1743,3.425320500589236,18.20085186166944,0.14624469214437366,0.8564243764828061,0.016983777532966007,0.7415870488322718,2.3660041860153416,2.1108615526049472e-09,7155.938164948818,431.2930830976472,0.04370713211235881,"[[0.00961436144552559, 0.0069601175067908585, 0.0006912894240612988], [0.0069601175067908585, 0.016863440945078644, -0.0213662459771781], [0.0006912894240612988, -0.0213662459771781, 0.04158016604970584]]",0.6716251366968143,-0.08279829672922008,-0.957548638006021
2026-03-13 02:34:37,GPR_Optimization_h_mean_-0.05_v_mean_0.8_20260313-013658,1295,3.412992207770455,18.02586166504591,0.15292625236201224,0.850330298663451,0.016468038559435252,0.733393237046923,2.3539764932030485,1.852502956600521e-13,1527.442825062267,12.801186403940369,0.004012274019383774,"[[0.009723801163830422, 0.007085448947123561, 0.0006290336787022815], [0.007085448947123561, 0.01767773717792174, -0.022745080661105702], [0.0006290336787022815, -0.022745080661105702, 0.04426445566780334]]",0.6722319036231952,-0.08247478822810224,-0.9580431730989116
2026-03-13 02:34:37,GPR_Optimization_h_mean_-0.05_v_mean_0.8_20260313-013658,885,3.412992207770455,18.02586166504591,0.15292625236201224,0.850330298663451,0.016468038559435252,0.733393237046923,2.3539764932030485,1.852502956600521e-13,1527.442825062267,12.801186403940369,0.004012274019383774,"[[0.009723801163830422, 0.007085448947123561, 0.0006290336787022815], [0.007085448947123561, 0.01767773717792174, -0.022745080661105702], [0.0006290336787022815, -0.022745080661105702, 0.04426445566780334]]",0.6722319036231952,-0.08247478822810224,-0.9580431730989116
2026-03-13 02:34:37,GPR_Optimization_h_mean_-0.05_v_mean_0.8_20260313-013658,734,3.412992207770455,18.02586166504591,0.15292625236201224,0.850330298663451,0.016468038559435252,0.733393237046923,2.3539764932030485,1.852502956600521e-13,1527.442825062267,12.801186403940369,0.004012274019383774,"[[0.009723801163830422, 0.007085448947123561, 0.0006290336787022815], [0.007085448947123561, 0.01767773717792174, -0.022745080661105702], [0.0006290336787022815, -0.022745080661105702, 0.04426445566780334]]",0.6722319036231952,-0.08247478822810224,-0.9580431730989116
2026-03-13 02:34:37,GPR_Optimization_h_mean_-0.05_v_mean_0.8_20260313-013658,527,3.412992207770455,18.02586166504591,0.15292625236201224,0.850330298663451,0.016468038559435252,0.733393237046923,2.3539764932030485,1.852502956600521e-13,1527.442825062267,12.801186403940369,0.004012274019383774,"[[0.009723801163830422, 0.007085448947123561, 0.0006290336787022815], [0.007085448947123561, 0.01767773717792174, -0.022745080661105702], [0.0006290336787022815, -0.022745080661105702, 0.04426445566780334]]",0.6722319036231952,-0.08247478822810224,-0.9580431730989116
2026-03-13 03:32:29,GPR_Optimization_h_mean_-0.05_v_mean_1.1_20260313-023437,1512,3.439133657479358,14.22516472224352,0.38033456179528985,0.6485417022179948,0.02117497168787541,0.6903316847282541,2.8207744891103363,3.4042423068569265e-14,2012.9154754721271,29.289966624341975,0.00980169223339171,"[[0.009704431361957137, 0.007585892949980045, 0.00040824307600579343], [0.007585892949980045, 0.02252647805057389, -0.02971593342313576], [0.00040824307600579343, -0.02971593342313576, 0.054944876066669306]]",0.7851042171912678,-0.08256509236206044,-1.194025275561472
2026-03-13 03:32:29,GPR_Optimization_h_mean_-0.05_v_mean_1.1_20260313-023437,602,3.438796880497123,14.223006460213822,0.37059861582154574,0.6521471806374795,0.028175385262958506,0.7019328866462624,2.8207744891103363,2.009014262390212e-15,84681.5207847048,113.77010204527046,0.010283607661661323,"[[0.009918187883033763, 0.007643508211772175, 0.0004367647803203428], [0.007643508211772175, 0.02034858555085238, -0.02568035489820562], [0.0004367647803203428, -0.02568035489820562, 0.04737522489929466]]",0.7968263907760508,-0.08166367384423759,-1.213509153084965
2026-03-13 03:32:29,GPR_Optimization_h_mean_-0.05_v_mean_1.1_20260313-023437,412,3.438796880497123,14.223006460213822,0.37059861582154574,0.6521471806374795,0.028175385262958506,0.7019328866462624,2.8207744891103363,2.009014262390212e-15,84681.5207847048,113.77010204527046,0.010283607661661323,"[[0.009918187883033763, 0.007643508211772175, 0.0004367647803203428], [0.007643508211772175, 0.02034858555085238, -0.02568035489820562], [0.0004367647803203428, -0.02568035489820562, 0.04737522489929466]]",0.7968263907760508,-0.08166367384423759,-1.213509153084965
2026-03-13 03:32:29,GPR_Optimization_h_mean_-0.05_v_mean_1.1_20260313-023437,811,3.438796880497123,14.223006460213822,0.37059861582154574,0.6521471806374795,0.028175385262958506,0.7019328866462624,2.8207744891103363,2.009014262390212e-15,84681.5207847048,113.77010204527046,0.010283607661661323,"[[0.009918187883033763, 0.007643508211772175, 0.0004367647803203428], [0.007643508211772175, 0.02034858555085238, -0.02568035489820562], [0.0004367647803203428, -0.02568035489820562, 0.04737522489929466]]",0.7968263907760508,-0.08166367384423759,-1.213509153084965
2026-03-13 03:32:29,GPR_Optimization_h_mean_-0.05_v_mean_1.1_20260313-023437,47,3.438796880497123,14.223006460213822,0.37059861582154574,0.6521471806374795,0.028175385262958506,0.7019328866462624,2.8207744891103363,2.009014262390212e-15,84681.5207847048,113.77010204527046,0.010283607661661323,"[[0.009918187883033763, 0.007643508211772175, 0.0004367647803203428], [0.007643508211772175, 0.02034858555085238, -0.02568035489820562], [0.0004367647803203428, -0.02568035489820562, 0.04737522489929466]]",0.7968263907760508,-0.08166367384423759,-1.213509153084965
2026-03-13 04:30:21,GPR_Optimization_h_mean_-0.05_v_mean_1.4_20260313-033229,104,3.3091634177873837,8.283135924044075,0.6782589586166166,0.3754993499276491,0.03352517169255508,0.562047605312676,3.1403505399076925,8.204690340678028e-11,27244.00070145789,16.710261578931984,0.053860711379343174,"[[0.010133163354253426, 0.006792717833349685, 0.0034387490078323928], [0.006792717833349685, 0.025219812869138655, -0.035892440975060544], [0.0034387490078323928, -0.035892440975060544, 0.07245505838495005]]",0.8994574111112188,-0.07028458685508347,-1.4091169292057972
2026-03-13 04:30:21,GPR_Optimization_h_mean_-0.05_v_mean_1.4_20260313-033229,1369,3.301903576097597,8.225531470720751,0.6834701371638406,0.3744040786429696,0.029945994879540208,0.5633977751377038,3.737624344369102,2.418425179529319e-10,26932.954487419745,28.66194831702053,0.007472106776462654,"[[0.009809672828047135, 0.006632035375043683, 0.0031021445023768687], [0.006632035375043683, 0.026838470207899114, -0.03922436520957454], [0.0031021445023768687, -0.03922436520957454, 0.07800836507146963]]",0.8943637307336569,-0.07256342680478016,-1.4026249009957463
2026-03-13 04:30:21,GPR_Optimization_h_mean_-0.05_v_mean_1.4_20260313-033229,443,3.301903576097597,8.225531470720751,0.6834701371638406,0.3744040786429696,0.029945994879540208,0.5633977751377038,3.737624344369102,2.418425179529319e-10,26932.954487419745,28.66194831702053,0.007472106776462654,"[[0.009809672828047135, 0.006632035375043683, 0.0031021445023768687], [0.006632035375043683, 0.026838470207899114, -0.03922436520957454], [0.0031021445023768687, -0.03922436520957454, 0.07800836507146963]]",0.8943637307336569,-0.07256342680478016,-1.4026249009957463
2026-03-13 04:30:21,GPR_Optimization_h_mean_-0.05_v_mean_1.4_20260313-033229,1305,3.301903576097597,8.225531470720751,0.6834701371638406,0.3744040786429696,0.029945994879540208,0.5633977751377038,3.737624344369102,2.418425179529319e-10,26932.954487419745,28.66194831702053,0.007472106776462654,"[[0.009809672828047135, 0.006632035375043683, 0.0031021445023768687], [0.006632035375043683, 0.026838470207899114, -0.03922436520957454], [0.0031021445023768687, -0.03922436520957454, 0.07800836507146963]]",0.8943637307336569,-0.07256342680478016,-1.4026249009957463
2026-03-13 04:30:21,GPR_Optimization_h_mean_-0.05_v_mean_1.4_20260313-033229,207,3.301903576097597,8.225531470720751,0.6834701371638406,0.3744040786429696,0.029945994879540208,0.5633977751377038,3.737624344369102,2.418425179529319e-10,26932.954487419745,28.66194831702053,0.007472106776462654,"[[0.009809672828047135, 0.006632035375043683, 0.0031021445023768687], [0.006632035375043683, 0.026838470207899114, -0.03922436520957454], [0.0031021445023768687, -0.03922436520957454, 0.07800836507146963]]",0.8943637307336569,-0.07256342680478016,-1.4026249009957463
2026-03-13 05:27:34,GPR_Optimization_h_mean_0.0_v_mean_0.2_20260313-043021,1025,3.5842021468723186,21.128883995856985,0.0,0.9999909195951472,0.007173458691704542,0.4872772301267421,2.957781234999728,5.625110086988032e-09,4455.247172205309,94.19351337898256,0.05417540082405314,"[[0.008419340834351313, 0.0061206436870590445, 0.0015981918186094507], [0.0061206436870590445, 0.012607566650355494, -0.017604869807530156], [0.0015981918186094507, -0.017604869807530156, 0.04727991132074614]]",0.4521464834389048,-0.016100040082781576,-0.39296726000053317
2026-03-13 05:27:34,GPR_Optimization_h_mean_0.0_v_mean_0.2_20260313-043021,1699,3.5835992483542265,21.128858458177717,0.0,0.9999896502845839,0.006419134493234267,0.4897061860052714,2.957781234999728,1.157115372142757e-07,10000.813900043418,94.19351337898256,0.05417540082405314,"[[0.008486618779548465, 0.006204668966352248, 0.0014872213817071554], [0.006204668966352248, 0.012845651242537929, -0.01794826056289569], [0.0014872213817071554, -0.01794826056289569, 0.04778516590383282]]",0.45280001890333604,-0.016353428822905493,-0.39465869971166956
2026-03-13 05:27:34,GPR_Optimization_h_mean_0.0_v_mean_0.2_20260313-043021,1769,3.5824196583010366,21.12906893174369,0.0,0.9999995573020135,0.005877336355645153,0.4928306868605376,2.793397303250309,4.190491503094278e-08,2842.5434378854884,141.13006174407633,0.0030560675710642657,"[[0.00860595863754512, 0.006289455990306381, 0.001493466513928415], [0.006289455990306381, 0.012775988826615514, -0.01746160066202949], [0.001493466513928415, -0.01746160066202949, 0.04617092784313792]]",0.45421996915542123,-0.01674513854353029,-0.39901402974944516
2026-03-13 05:27:34,GPR_Optimization_h_mean_0.0_v_mean_0.2_20260313-043021,87,3.58214398344871,21.129032027813494,0.0,0.9999978159494833,0.007052278181923985,0.49120492524186454,2.17467704773957,1.1776572667124578e-14,7170.187180798995,269.9520553272693,0.03237560365634506,"[[0.008524953448109798, 0.006200186100434578, 0.0015771943122555292], [0.006200186100434578, 0.012775301088762264, -0.017711098672046656], [0.0015771943122555292, -0.017711098672046656, 0.04709061248177627]]",0.4525587724375347,-0.016251430407429303,-0.39438923002998044
2026-03-13 05:27:34,GPR_Optimization_h_mean_0.0_v_mean_0.2_20260313-043021,920,3.581887909122744,21.128965849057998,0.0,0.9999947678089108,0.007377914457842788,0.49106512477175895,2.3138569637096524,1.3958154408751685e-09,2842.5434378854884,64.04492285006536,0.01984868113584163,"[[0.008493447193607695, 0.006103642076299103, 0.0017207159347680367], [0.006103642076299103, 0.012753880997786377, -0.01799660226365332], [0.0017207159347680367, -0.01799660226365332, 0.04856158303338463]]",0.45235864016570765,-0.016530352438324403,-0.39362082761476413
2026-03-13 06:25:10,GPR_Optimization_h_mean_0.0_v_mean_0.5_20260313-052734,711,3.37677919640725,20.41696957098178,0.036835808992124415,0.9640306194075843,0.011289451947418755,0.5094955637523677,2.9866055586462017,7.0206186439830565e-09,10702.419636784232,39.91546996598068,0.015869877330415866,"[[0.008759744262478067, 0.00660462130421535, 0.000590902683420564], [0.00660462130421535, 0.019475450140835716, -0.030362501279699396], [0.000590902683420564, -0.030362501279699396, 0.06817851221863545]]",0.5814377691116087,-0.0231614725416886,-0.6707778805540134
2026-03-13 06:25:10,GPR_Optimization_h_mean_0.0_v_mean_0.5_20260313-052734,1955,3.375753070892808,20.365039989972814,0.03640318170519513,0.9634755531090017,0.010351707625048563,0.5111483967188665,2.93332757842014,1.414446457079952e-06,33017.27594579498,543.7336544729218,0.04424353048742513,"[[0.008810438169648029, 0.0068116704217937455, 0.0003120769645341674], [0.0068116704217937455, 0.019259360808691707, -0.029697562656036545], [0.0003120769645341674, -0.029697562656036545, 0.06682742365945125]]",0.5830390805227732,-0.023012769333127046,-0.6734553828729026
2026-03-13 06:25:10,GPR_Optimization_h_mean_0.0_v_mean_0.5_20260313-052734,1650,3.375753070892808,20.365039989972814,0.03640318170519513,0.9634755531090017,0.010351707625048563,0.5111483967188665,2.93332757842014,1.414446457079952e-06,33017.27594579498,543.7336544729218,0.04424353048742513,"[[0.008810438169648029, 0.0068116704217937455, 0.0003120769645341674], [0.0068116704217937455, 0.019259360808691707, -0.029697562656036545], [0.0003120769645341674, -0.029697562656036545, 0.06682742365945125]]",0.5830390805227732,-0.023012769333127046,-0.6734553828729026
2026-03-13 06:25:10,GPR_Optimization_h_mean_0.0_v_mean_0.5_20260313-052734,63,3.375753070892808,20.365039989972814,0.03640318170519513,0.9634755531090017,0.010351707625048563,0.5111483967188665,2.93332757842014,1.414446457079952e-06,33017.27594579498,543.7336544729218,0.04424353048742513,"[[0.008810438169648029, 0.0068116704217937455, 0.0003120769645341674], [0.0068116704217937455, 0.019259360808691707, -0.029697562656036545], [0.0003120769645341674, -0.029697562656036545, 0.06682742365945125]]",0.5830390805227732,-0.023012769333127046,-0.6734553828729026
2026-03-13 06:25:10,GPR_Optimization_h_mean_0.0_v_mean_0.5_20260313-052734,1350,3.37236732748702,20.379299627524748,0.03816159787743159,0.9629347702313715,0.010605934614971604,0.5132102607337243,3.076277638798056,1.3167123518293624e-11,836.9507749086335,26.342111880974134,0.00396983228641487,"[[0.008660509746822947, 0.006666149489279444, 0.0003705410143959232], [0.006666149489279444, 0.01975719256910583, -0.03071592054180938], [0.0003705410143959232, -0.03071592054180938, 0.06845282600156044]]",0.5794609714049315,-0.02328862351029256,-0.6674970645719104
2026-03-13 07:23:06,GPR_Optimization_h_mean_0.0_v_mean_0.8_20260313-062510,1813,3.524721756254696,18.018201186321846,0.1564674794620899,0.8467309998805012,0.01737726439795281,0.5439537439171158,2.807593955405271,1.8939642572525083e-10,4283.643160883135,339.62538333313074,0.0012305562943022283,"[[0.009169467426352117, 0.007938196351353509, -0.0009482670037307825], [0.007938196351353509, 0.019645697190807852, -0.024482218375325736], [-0.0009482670037307825, -0.024482218375325736, 0.04453719931927788]]",0.7145575007364211,-0.029819194390931454,-0.9596373493319823
2026-03-13 07:23:06,GPR_Optimization_h_mean_0.0_v_mean_0.8_20260313-062510,243,3.5043117316864674,17.932713024260444,0.16400010372368012,0.8393722944720531,0.017768945323768083,0.5462996577118556,2.0384091283908754,1.97789236602325e-10,11433.768345043136,44.538593844987986,0.06835979917952316,"[[0.009093445432267422, 0.007969875037188046, -0.0010057623066144913], [0.007969875037188046, 0.01935257931668345, -0.023856899210209517], [-0.0010057623066144913, -0.023856899210209517, 0.04341900308882782]]",0.7075404170757458,-0.029463497851588347,-0.9460640899101129
2026-03-13 07:23:06,GPR_Optimization_h_mean_0.0_v_mean_0.8_20260313-062510,46,3.4819466024043226,17.701624323917578,0.1727580742821071,0.8302717058992358,0.016550591820974323,0.5429060974195793,2.807593955405271,5.387597502088906e-08,4283.643160883135,64.9700966758389,0.0012305562943022283,"[[0.009119059349908339, 0.00794229268253682, -0.0009982743422681357], [0.00794229268253682, 0.01923108301278115, -0.02386237450421097], [-0.0009982743422681357, -0.02386237450421097, 0.04381198475927913]]",0.7149695891147005,-0.02890027679212963,-0.9587827066588818
2026-03-13 07:23:06,GPR_Optimization_h_mean_0.0_v_mean_0.8_20260313-062510,1554,3.4819466024043226,17.701624323917578,0.1727580742821071,0.8302717058992358,0.016550591820974323,0.5429060974195793,2.807593955405271,5.387597502088906e-08,4283.643160883135,64.9700966758389,0.0012305562943022283,"[[0.009119059349908339, 0.00794229268253682, -0.0009982743422681357], [0.00794229268253682, 0.01923108301278115, -0.02386237450421097], [-0.0009982743422681357, -0.02386237450421097, 0.04381198475927913]]",0.7149695891147005,-0.02890027679212963,-0.9587827066588818
2026-03-13 07:23:06,GPR_Optimization_h_mean_0.0_v_mean_0.8_20260313-062510,1566,3.4819466024043226,17.701624323917578,0.1727580742821071,0.8302717058992358,0.016550591820974323,0.5429060974195793,2.807593955405271,5.387597502088906e-08,4283.643160883135,64.9700966758389,0.0012305562943022283,"[[0.009119059349908339, 0.00794229268253682, -0.0009982743422681357], [0.00794229268253682, 0.01923108301278115, -0.02386237450421097], [-0.0009982743422681357, -0.02386237450421097, 0.04381198475927913]]",0.7149695891147005,-0.02890027679212963,-0.9587827066588818
2026-03-13 08:21:12,GPR_Optimization_h_mean_0.0_v_mean_1.1_20260313-072306,1714,3.2954295793888715,13.912146813857698,0.39414808970432874,0.6370726067429414,0.02364767122540082,0.5149841533050723,2.5589230502426443,1.889529900200426e-13,11107.721392545485,246.10328265282246,0.010447458582808202,"[[0.009437886850268567, 0.008258782814884812, -0.000568937271655002], [0.008258782814884812, 0.021507147189421084, -0.027009423445020015], [-0.000568937271655002, -0.027009423445020015, 0.0497269763093647]]",0.8341940458215993,-0.029495401595746408,-1.2027515375337494
2026-03-13 08:21:12,GPR_Optimization_h_mean_0.0_v_mean_1.1_20260313-072306,508,3.286773625603,13.925112776498475,0.3956365697015489,0.6351641257626736,0.02527903904189952,0.5154082789141347,2.420858109142991,3.4950574244645777e-15,1686.0384719022315,462.2931545912256,0.0026237012220533466,"[[0.009470666096244976, 0.008382584704350346, -0.0007624552939232486], [0.008382584704350346, 0.02126164374519937, -0.026363389738661064], [-0.0007624552939232486, -0.026363389738661064, 0.048201795383732815]]",0.8344765292689017,-0.029579499818028345,-1.2035080489043775
2026-03-13 08:21:12,GPR_Optimization_h_mean_0.0_v_mean_1.1_20260313-072306,15,3.286773625603,13.925112776498475,0.3956365697015489,0.6351641257626736,0.02527903904189952,0.5154082789141347,2.420858109142991,3.4950574244645777e-15,1686.0384719022315,462.2931545912256,0.0026237012220533466,"[[0.009470666096244976, 0.008382584704350346, -0.0007624552939232486], [0.008382584704350346, 0.02126164374519937, -0.026363389738661064], [-0.0007624552939232486, -0.026363389738661064, 0.048201795383732815]]",0.8344765292689017,-0.029579499818028345,-1.2035080489043775
2026-03-13 08:21:12,GPR_Optimization_h_mean_0.0_v_mean_1.1_20260313-072306,206,3.2852111867312472,13.79789062959304,0.39728350873444096,0.6322798930695203,0.024996527337306933,0.5052486778139857,2.674592338089952,1.7620253501741918e-06,85251.40508905903,113.28407438245675,0.010251522170780788,"[[0.009404793574456422, 0.008624808504211913, -0.0013172886223854665], [0.008624808504211913, 0.022113512340569682, -0.0275460092506053], [-0.0013172886223854665, -0.0275460092506053, 0.04946495894532709]]",0.8378863948126628,-0.028004943914044643,-1.2077338524971812
2026-03-13 08:21:12,GPR_Optimization_h_mean_0.0_v_mean_1.1_20260313-072306,1261,3.266200765114217,13.62412713790299,0.40191156981647325,0.6275420112769496,0.024389946380721502,0.5063785925598704,2.7313453116079756,3.339532665672673e-15,18781.91863285949,762.915496886524,0.004865354066892757,"[[0.009451923441699579, 0.008560216933470166, -0.0011040105561874786], [0.008560216933470166, 0.0225735891937764, -0.028490869659680715], [-0.0011040105561874786, -0.028490869659680715, 0.05159001992867408]]",0.8335609535347099,-0.02870636560427705,-1.2004617520636398
2026-03-13 09:19:26,GPR_Optimization_h_mean_0.0_v_mean_1.4_20260313-082112,1696,3.3006787654602214,8.048456882180592,0.6859798954990319,0.3735915043390511,0.032183260562218464,0.42013898098294566,2.9969627011077224,1.039879445439384e-11,18278.996409659932,49.84308113456558,0.011617062982174861,"[[0.009335420183688638, 0.007645015526621993, 0.0011580988046054257], [0.007645015526621993, 0.02406632033311646, -0.032714729200708746], [0.0011580988046054257, -0.032714729200708746, 0.06428527145687334]]",0.9516371646685433,-0.0196984652706578,-1.4253095550145403
2026-03-13 09:19:26,GPR_Optimization_h_mean_0.0_v_mean_1.4_20260313-082112,170,3.278749850625918,7.858547388017227,0.6911807292352244,0.3626883524600642,0.02449529808275451,0.39191786231407133,3.6640243331403317,2.729887363381758e-09,13610.802852429286,516.5729807207601,0.03878760231228706,"[[0.009215850588836713, 0.008208886898292267, 4.9118181872908e-05], [0.008208886898292267, 0.02982966090832863, -0.04270302495062824], [4.9118181872908e-05, -0.04270302495062824, 0.08163036001108064]]",0.9244878377423065,-0.02305384190660759,-1.3791252054872196
2026-03-13 09:19:26,GPR_Optimization_h_mean_0.0_v_mean_1.4_20260313-082112,980,3.272925989465602,7.9523709548083,0.6923529565603996,0.3638570079610694,0.026473928199208945,0.40280356722546223,3.1892425078264126,3.371776344836934e-14,18278.996409659932,212.70881766394157,0.13293152780714274,"[[0.008989791909736746, 0.0076567591195830665, 0.0006566198880221102], [0.0076567591195830665, 0.02637327376829621, -0.03707453755661759], [0.0006566198880221102, -0.03707453755661759, 0.07184901197907564]]",0.9295005621121755,-0.023175016604811728,-1.3892352648691044
2026-03-13 09:19:26,GPR_Optimization_h_mean_0.0_v_mean_1.4_20260313-082112,640,3.272925989465602,7.9523709548083,0.6923529565603996,0.3638570079610694,0.026473928199208945,0.40280356722546223,3.1892425078264126,3.371776344836934e-14,18278.996409659932,212.70881766394157,0.13293152780714274,"[[0.008989791909736746, 0.0076567591195830665, 0.0006566198880221102], [0.0076567591195830665, 0.02637327376829621, -0.03707453755661759], [0.0006566198880221102, -0.03707453755661759, 0.07184901197907564]]",0.9295005621121755,-0.023175016604811728,-1.3892352648691044
2026-03-13 09:19:26,GPR_Optimization_h_mean_0.0_v_mean_1.4_20260313-082112,796,3.272925989465602,7.9523709548083,0.6923529565603996,0.3638570079610694,0.026473928199208945,0.40280356722546223,3.1892425078264126,3.371776344836934e-14,18278.996409659932,212.70881766394157,0.13293152780714274,"[[0.008989791909736746, 0.0076567591195830665, 0.0006566198880221102], [0.0076567591195830665, 0.02637327376829621, -0.03707453755661759], [0.0006566198880221102, -0.03707453755661759, 0.07184901197907564]]",0.9295005621121755,-0.023175016604811728,-1.3892352648691044
2026-03-13 10:20:49,GPR_Optimization_h_mean_0.05_v_mean_0.2_20260313-091926,1489,3.4761490130390382,21.129012482764168,0.0,0.9999969270049212,0.005594811416774677,0.2880018069209829,2.282023675406113,6.131706488062155e-13,35985.352305109576,190.91432516617414,0.03049103385260663,"[[0.00779880474423184, 0.006858048675212442, -0.00046965288844880263], [0.006858048675212442, 0.015388530477129953, -0.022428033997841792], [-0.00046965288844880263, -0.022428033997841792, 0.055445867497943294]]",0.49023509219841926,0.031278845488342054,-0.385934396165801
2026-03-13 10:20:49,GPR_Optimization_h_mean_0.05_v_mean_0.2_20260313-091926,975,3.4674788761747464,21.083978829640618,0.001824644549763033,0.998099927319736,0.005631778081724139,0.29045023696682465,2.1136902553154457,1.2421944810480184e-06,35985.352305109576,38.15722011393531,0.00521635771341151,"[[0.0077316488870397505, 0.0068070443452754245, -0.00041729403202674553], [0.0068070443452754245, 0.01505307160657837, -0.021693715863434024], [-0.00041729403202674553, -0.021693715863434024, 0.05384647096431205]]",0.49132875265645803,0.030937002517794233,-0.3896946206371447
2026-03-13 10:20:49,GPR_Optimization_h_mean_0.05_v_mean_0.2_20260313-091926,688,3.4670826633222847,21.043674188472192,0.0036696810475271356,0.9962019387000605,0.00608946820998182,0.2871048837735759,2.1136902553154457,9.52621374714132e-06,35985.352305109576,190.91432516617414,0.03049103385260663,"[[0.007748332222166954, 0.006928795571930552, -0.0006838906160318347], [0.006928795571930552, 0.015556095897935794, -0.022918110129991204], [-0.0006838906160318347, -0.022918110129991204, 0.05702727134662627]]",0.49085583963759766,0.0316991929213675,-0.38524720211892227
2026-03-13 10:20:49,GPR_Optimization_h_mean_0.05_v_mean_0.2_20260313-091926,572,3.4656177818741067,20.99340324824153,0.006594915876342367,0.9935159682216815,0.006908276522351833,0.2827052179163855,2.2187391867121633,1.1021466550860511e-14,40133.882216118385,790.4328399546598,0.30316564492754233,"[[0.0076148739675498634, 0.00696277573212731, -0.0009758573766225186], [0.00696277573212731, 0.015846850198872067, -0.023356644517893228], [-0.0009758573766225186, -0.023356644517893228, 0.05704587804974671]]",0.48746873606220253,0.031363632095901706,-0.37963128887829617
2026-03-13 10:20:49,GPR_Optimization_h_mean_0.05_v_mean_0.2_20260313-091926,1678,3.465472814078826,20.950396937390536,0.008636760506878732,0.9916436244952711,0.005677284575101077,0.28205158458597823,2.6636598376964398,1.4251607970213818e-10,580.8964624381925,37.647428264857375,0.002127349419271828,"[[0.0076764549044056034, 0.006920926777131661, -0.0007979070193513046], [0.006920926777131661, 0.015642297290568596, -0.02284008343456081], [-0.0007979070193513046, -0.02284008343456081, 0.055773264006887736]]",0.4889759028184129,0.03162821549812073,-0.38271369008899897
2026-03-13 11:28:38,GPR_Optimization_h_mean_0.05_v_mean_0.5_20260313-102049,669,3.6549815866503903,20.642502956222696,0.02288469540103287,0.9767509036723231,0.01138467592025409,0.31717943069731014,2.428870380768966,1.7479333256365814e-14,75896.76764525792,131.209160857671,0.010257719282881576,"[[0.008203442643554677, 0.007908793340071225, -0.0019775409300156186], [0.007908793340071225, 0.021902235451249388, -0.03193034877943316], [-0.0019775409300156186, -0.03193034877943316, 0.06560808276171776]]",0.6228136258101425,0.023900391540374814,-0.6761606564944258
2026-03-13 11:28:38,GPR_Optimization_h_mean_0.05_v_mean_0.5_20260313-102049,1359,3.654136486253905,20.61048212392278,0.02535619121780287,0.9752912768849251,0.011412342637291538,0.31220722967793746,2.732156083683439,3.730262014270169e-14,5179.652447821469,18.75538136405907,0.04049886324756212,"[[0.007971455960064147, 0.007871635723150937, -0.002382611295300146], [0.007871635723150937, 0.023779128205942465, -0.036287219511728835], [-0.002382611295300146, -0.036287219511728835, 0.07509092754727219]]",0.6156044128224177,0.02378861322752516,-0.6609850933975305
2026-03-13 11:28:38,GPR_Optimization_h_mean_0.05_v_mean_0.5_20260313-102049,770,3.652650988290078,20.59373287191152,0.026293593457772563,0.9740992366227507,0.00993304068950203,0.3127482978229247,2.732156083683439,3.420139867589575e-08,75896.76764525792,825.8244054506525,0.17368403342895086,"[[0.008099344569442004, 0.008042244605979573, -0.0025085810592774347], [0.008042244605979573, 0.023769089439444602, -0.03602110446901701], [-0.0025085810592774347, -0.03602110446901701, 0.07437032482833772]]",0.6175485072074931,0.02433221573657476,-0.663627235868602
2026-03-13 11:28:38,GPR_Optimization_h_mean_0.05_v_mean_0.5_20260313-102049,382,3.652650988290078,20.59373287191152,0.026293593457772563,0.9740992366227507,0.00993304068950203,0.3127482978229247,2.732156083683439,3.420139867589575e-08,75896.76764525792,825.8244054506525,0.17368403342895086,"[[0.008099344569442004, 0.008042244605979573, -0.0025085810592774347], [0.008042244605979573, 0.023769089439444602, -0.03602110446901701], [-0.0025085810592774347, -0.03602110446901701, 0.07437032482833772]]",0.6175485072074931,0.02433221573657476,-0.663627235868602
2026-03-13 11:28:38,GPR_Optimization_h_mean_0.05_v_mean_0.5_20260313-102049,1983,3.652650988290078,20.59373287191152,0.026293593457772563,0.9740992366227507,0.00993304068950203,0.3127482978229247,2.732156083683439,3.420139867589575e-08,75896.76764525792,825.8244054506525,0.17368403342895086,"[[0.008099344569442004, 0.008042244605979573, -0.0025085810592774347], [0.008042244605979573, 0.023769089439444602, -0.03602110446901701], [-0.0025085810592774347, -0.03602110446901701, 0.07437032482833772]]",0.6175485072074931,0.02433221573657476,-0.663627235868602
2026-03-13 12:35:57,GPR_Optimization_h_mean_0.05_v_mean_0.8_20260313-112838,1981,3.6345595131339206,17.882889164966063,0.16888211769186823,0.8356052624234411,0.01864276314053616,0.3295626229924459,2.5696011822702722,8.042676009040317e-10,65986.93058753446,446.0043319089844,0.003429524098031048,"[[0.00848308158463864, 0.008544945801755044, -0.00215661440293947], [0.008544945801755044, 0.020134286382852553, -0.024266808205747063], [-0.00215661440293947, -0.024266808205747063, 0.043504511197436126]]",0.7623168567146148,0.023380630757869225,-0.9639328485961193
2026-03-13 12:35:57,GPR_Optimization_h_mean_0.05_v_mean_0.8_20260313-112838,1853,3.6158087833854604,17.67890028429493,0.17913347831122206,0.8295984426225235,0.01670479440180843,0.33515628015904675,2.9157160207528636,6.90417327770646e-09,21632.65736152693,52.250161578742144,0.0019122942741097296,"[[0.0086850981339064, 0.008863603624065524, -0.0024369188516650576], [0.008863603624065524, 0.02230177072127364, -0.027735931736095128], [-0.0024369188516650576, -0.027735931736095128, 0.049292086048427775]]",0.7539680789193335,0.020624393104432898,-0.9523092744404648
2026-03-13 12:35:57,GPR_Optimization_h_mean_0.05_v_mean_0.8_20260313-112838,202,3.6158087833854604,17.67890028429493,0.17913347831122206,0.8295984426225235,0.01670479440180843,0.33515628015904675,2.9157160207528636,6.90417327770646e-09,21632.65736152693,52.250161578742144,0.0019122942741097296,"[[0.0086850981339064, 0.008863603624065524, -0.0024369188516650576], [0.008863603624065524, 0.02230177072127364, -0.027735931736095128], [-0.0024369188516650576, -0.027735931736095128, 0.049292086048427775]]",0.7539680789193335,0.020624393104432898,-0.9523092744404648
2026-03-13 12:35:57,GPR_Optimization_h_mean_0.05_v_mean_0.8_20260313-112838,1169,3.6158087833854604,17.67890028429493,0.17913347831122206,0.8295984426225235,0.01670479440180843,0.33515628015904675,2.9157160207528636,6.90417327770646e-09,21632.65736152693,52.250161578742144,0.0019122942741097296,"[[0.0086850981339064, 0.008863603624065524, -0.0024369188516650576], [0.008863603624065524, 0.02230177072127364, -0.027735931736095128], [-0.0024369188516650576, -0.027735931736095128, 0.049292086048427775]]",0.7539680789193335,0.020624393104432898,-0.9523092744404648
2026-03-13 12:35:57,GPR_Optimization_h_mean_0.05_v_mean_0.8_20260313-112838,1646,3.6158087833854604,17.67890028429493,0.17913347831122206,0.8295984426225235,0.01670479440180843,0.33515628015904675,2.9157160207528636,6.90417327770646e-09,21632.65736152693,52.250161578742144,0.0019122942741097296,"[[0.0086850981339064, 0.008863603624065524, -0.0024369188516650576], [0.008863603624065524, 0.02230177072127364, -0.027735931736095128], [-0.0024369188516650576, -0.027735931736095128, 0.049292086048427775]]",0.7539680789193335,0.020624393104432898,-0.9523092744404648
2026-03-13 13:43:15,GPR_Optimization_h_mean_0.05_v_mean_1.1_20260313-123557,1482,3.632416709184487,13.104398169720268,0.42856018985931005,0.6076081303772893,0.02256930232743767,0.3086524971481768,3.2709303820003406,9.957723192241815e-13,91537.76625671682,58.34849795871737,0.013393296023047403,"[[0.008640686704508915, 0.009151516440491801, -0.0027008559956532563], [0.009151516440491801, 0.024058723819239302, -0.03023757525174311], [-0.0027008559956532563, -0.03023757525174311, 0.05336356873413714]]",0.8768429829020163,0.02148971174352846,-1.1992031426313396
2026-03-13 13:43:15,GPR_Optimization_h_mean_0.05_v_mean_1.1_20260313-123557,1455,3.62571035351036,13.228166728798428,0.42723097894416434,0.6066242917992893,0.025874426534436258,0.31440822646603406,2.316305394944607,1.2467081098946756e-10,4390.8127115895495,44.122938795518195,0.005294616164428656,"[[0.008787454077699467, 0.008798601099117431, -0.0017341582759843018], [0.008798601099117431, 0.021419275763293485, -0.025730906388579774], [-0.0017341582759843018, -0.025730906388579774, 0.0463561233088015]]",0.8807137189169694,0.022735768368064777,-1.204397207070826
2026-03-13 13:43:15,GPR_Optimization_h_mean_0.05_v_mean_1.1_20260313-123557,1384,3.6238018742122646,13.30425335989384,0.4264548587727291,0.6049479149209734,0.02574651903944416,0.31093768569504415,2.162593811523246,1.6265295930718176e-08,1204.6800447102626,645.7970682225098,0.005150907056179423,"[[0.008759616424688596, 0.008909141663661914, -0.0019663571336007465], [0.008909141663661914, 0.021468813095559414, -0.02565158669635578], [-0.0019663571336007465, -0.02565158669635578, 0.04584951612667224]]",0.8759196293697814,0.022735313426521048,-1.1950896820633785
2026-03-13 13:43:15,GPR_Optimization_h_mean_0.05_v_mean_1.1_20260313-123557,265,3.6149111678976658,13.088053493813193,0.4358596714698936,0.6015722094874656,0.020361786476756884,0.30765862590558074,2.565680580044108,5.065155013896816e-12,4733.874216527441,24.88230157127505,0.01686886625829302,"[[0.008730366550645682, 0.00941899839071759, -0.0029535060696060924], [0.00941899839071759, 0.025007944509067175, -0.031525975166872], [-0.0029535060696060924, -0.031525975166872, 0.05543911858463188]]",0.8677290681959537,0.021069574733579812,-1.1824340864235887
2026-03-13 13:43:15,GPR_Optimization_h_mean_0.05_v_mean_1.1_20260313-123557,14,3.6057664262532985,13.026096282344934,0.4405872216156487,0.5981607490264584,0.019760941440885495,0.30200344650679434,2.689926486250165,5.2667307129678814e-12,1483.3245221329962,337.0667019314139,0.003768743799777564,"[[0.008745474236302455, 0.009396727822675035, -0.002915202746020762], [0.009396727822675035, 0.025208966210039627, -0.03194591017536986], [-0.002915202746020762, -0.03194591017536986, 0.0562513307144915]]",0.8672658106061848,0.02114671080819477,-1.1813308727745886
2026-03-13 14:50:55,GPR_Optimization_h_mean_0.05_v_mean_1.4_20260313-134315,1845,3.3400064455046596,7.867348050561072,0.6835179153094463,0.3735469706173189,0.02681588708503433,0.2458501628664495,3.4284657261695064,2.703227557282525e-14,4766.223854869003,10.161273156547793,0.004212269984651049,"[[0.008591296952633849, 0.008912880569909623, -0.0018984352676677846], [0.008912880569909623, 0.02861892709323142, -0.039382282764703], [-0.0018984352676677846, -0.039382282764703, 0.07298995390479454]]",0.980455827104257,0.023783385192061784,-1.4049262364327786
2026-03-13 14:50:55,GPR_Optimization_h_mean_0.05_v_mean_1.4_20260313-134315,1233,3.3329347958116857,7.87141123826245,0.6830241449208426,0.3679440949490791,0.023564855313356604,0.23503451107176762,3.327169267228241,6.438024633038992e-11,463.7319190674036,16.052563987427366,0.003805315963707991,"[[0.008306692089319613, 0.008578087274378582, -0.001684228484587938], [0.008578087274378582, 0.02823898388865617, -0.03927541666384983], [-0.001684228484587938, -0.03927541666384983, 0.07332327430631846]]",0.970009925286354,0.024954565295240216,-1.382527152615253
2026-03-13 14:50:55,GPR_Optimization_h_mean_0.05_v_mean_1.4_20260313-134315,197,3.3247545498555677,7.862527792950467,0.6862411127885522,0.37117127128931643,0.028258875323965146,0.24650640653427786,3.274715123660249,2.6261801999379827e-08,9665.173765673037,298.5806367445744,0.0010177281492067228,"[[0.00852167205872269, 0.00830761381010956, -0.0008301150063970785], [0.00830761381010956, 0.026604774264999978, -0.03659031774158183], [-0.0008301150063970785, -0.03659031774158183, 0.06958171962912638]]",0.987923973916393,0.02777972269210381,-1.4119375057027233
2026-03-13 14:50:55,GPR_Optimization_h_mean_0.05_v_mean_1.4_20260313-134315,491,3.3153868635428267,7.898110400673123,0.6887553825129568,0.3693963028827857,0.025663854142246496,0.24796947116004434,3.3860874527139333,5.7217150681162625e-08,51350.376990099205,12.430196646344516,0.06935004104112456,"[[0.008600394752044278, 0.00854433165841639, -0.0011346338374161522], [0.00854433165841639, 0.027160935621280243, -0.03724332130697505], [-0.0011346338374161522, -0.03724332130697505, 0.07032017493200846]]",0.9830280855669797,0.025738682600546254,-1.4063034650007717
2026-03-13 14:50:55,GPR_Optimization_h_mean_0.05_v_mean_1.4_20260313-134315,370,3.3125033418384646,7.900454026166389,0.6811465450792366,0.3679741012758683,0.026668582025387164,0.24519551101994957,3.1304306738422576,2.906095116143212e-14,518.6260858790541,31.67849806060091,0.008531905820635389,"[[0.008498949944338368, 0.008138846910623148, -0.0004207106878849254], [0.008138846910623148, 0.025797905447966667, -0.035287367274235766], [-0.0004207106878849254, -0.035287367274235766, 0.0679002070971404]]",0.9722285444778744,0.026353506510649858,-1.3841833475454641
2026-03-13 15:57:56,GPR_Optimization_h_mean_0.1_v_mean_0.2_20260313-145055,421,3.757057979730145,20.997514146173337,0.00606291615546794,0.9939794492987006,0.007175916863863058,0.1354805665074506,2.0289422338136327,4.759634749006617e-06,13897.76342664618,293.2178998168527,0.23077690858976085,"[[0.007524343518799887, 0.008262503602343445, -0.003579033415526438], [0.008262503602343445, 0.019109373734394763, -0.027803206116835934], [-0.003579033415526438, -0.027803206116835934, 0.06180363215833197]]",0.5240802427158076,0.07573674189830756,-0.37034665157092195
2026-03-13 15:57:56,GPR_Optimization_h_mean_0.1_v_mean_0.2_20260313-145055,963,3.756261294348066,21.000180799004987,0.006284775957187917,0.9938890712042857,0.005259903214335899,0.1403088045930844,2.181342729279949,5.196322483933935e-14,73447.12316064541,452.8250860334772,0.017135283044376795,"[[0.007607288644094217, 0.00804643686325498, -0.0028154465168704376], [0.00804643686325498, 0.01804315561529454, -0.025405644086066412], [-0.0028154465168704376, -0.025405644086066412, 0.05704443595153728]]",0.5287418278579621,0.07644853108493908,-0.38088265809537597
2026-03-13 15:57:56,GPR_Optimization_h_mean_0.1_v_mean_0.2_20260313-145055,469,3.7546318597910235,20.956267999437735,0.00802154901332574,0.992070937704017,0.005515661781147171,0.1348474600405824,2.1747490525892563,3.216847386996718e-09,37075.28116761049,636.5496750205735,0.21193897634835474,"[[0.0075559800410450635, 0.008292804087366113, -0.003531898312926362], [0.008292804087366113, 0.019077096279112412, -0.02746703462047043], [-0.003531898312926362, -0.02746703462047043, 0.06065984040950345]]",0.5243528588454792,0.0759588547532276,-0.37115131471682583
2026-03-13 15:57:56,GPR_Optimization_h_mean_0.1_v_mean_0.2_20260313-145055,116,3.7544832857968213,20.957505821189145,0.007623828014016479,0.9924608430377002,0.005008545660356342,0.1375840515200303,2.181342729279949,7.635939994816222e-07,73447.12316064541,873.6589315530025,0.017135283044376795,"[[0.007640381222279212, 0.007989855158726685, -0.002687817737680737], [0.007989855158726685, 0.018016777427310487, -0.025513461047914566], [-0.002687817737680737, -0.025513461047914566, 0.0574993625281736]]",0.5288845809673701,0.07712846825233258,-0.3796820028715019
2026-03-13 15:57:56,GPR_Optimization_h_mean_0.1_v_mean_0.2_20260313-145055,194,3.7525808286753795,20.953916927794108,0.008067286619676598,0.9918427596775956,0.005520659627613479,0.13775987679914706,2.0822261704129392,6.068630899049127e-09,34116.309897885534,445.4160460640343,0.0875758837105885,"[[0.00762570696092625, 0.008243430006915273, -0.0032395354789466657], [0.008243430006915273, 0.018884627701401833, -0.02695402873318759], [-0.0032395354789466657, -0.02695402873318759, 0.05977261229402688]]",0.5256867111656185,0.07589611643413152,-0.3746288241009635
2026-03-13 17:04:09,GPR_Optimization_h_mean_0.1_v_mean_0.5_20260313-155756,245,3.7283458539835506,20.696027184749624,0.0211266741139932,0.9791399540012674,0.011696211172585257,0.16310872687543732,2.0622297335268582,1.1476103840162107e-11,76040.60327913861,279.2826541451471,0.07383421871014735,"[[0.007965819453343289, 0.008833995879481513, -0.003265904021917407], [0.008833995879481513, 0.023392035946680503, -0.03177351611291818], [-0.003265904021917407, -0.03177351611291818, 0.06091628202618923]]",0.6649924968373523,0.07096284063395347,-0.6775214788357755
2026-03-13 17:04:09,GPR_Optimization_h_mean_0.1_v_mean_0.5_20260313-155756,1595,3.724892966390506,20.645789789530323,0.022983154670750384,0.9776969331096865,0.011205201368343057,0.16362633996937212,2.137228813529622,1.523044638118846e-11,1287.0358135778,848.5974083676226,0.0040167797017392455,"[[0.00803955562903868, 0.009244402780874444, -0.0041029683888198065], [0.009244402780874444, 0.025414437129352895, -0.03575259262836315], [-0.0041029683888198065, -0.03575259262836315, 0.0688707522867579]]",0.6604691343768883,0.07014986180249272,-0.6684717671595148
2026-03-13 17:04:09,GPR_Optimization_h_mean_0.1_v_mean_0.5_20260313-155756,1113,3.722194280115909,20.65453038967617,0.023159093440938743,0.9772723472419962,0.012244252342556654,0.16538142568914085,2.0318457167873336,1.2818221830656352e-09,393.629956310231,26.89340518456532,0.0020008864452958535,"[[0.007999965695519078, 0.009203722441924984, -0.003974859417942437], [0.009203722441924984, 0.024672553650292497, -0.03387066335708786], [-0.003974859417942437, -0.03387066335708786, 0.06428746492619677]]",0.6614838208636014,0.07022337407406261,-0.6714546583597287
2026-03-13 17:04:09,GPR_Optimization_h_mean_0.1_v_mean_0.5_20260313-155756,65,3.722187023250259,20.584014784094986,0.02544970508139265,0.9751191078302359,0.009748049335004868,0.15980558574621123,2.602800967705889,1.7163448209605892e-09,46072.908963397385,324.51610346268586,0.005635540435387497,"[[0.007961961601370193, 0.008793206517795124, -0.003184352975006924], [0.008793206517795124, 0.023552679780937547, -0.03213634428306632], [-0.003184352975006924, -0.03213634428306632, 0.061723360317946924]]",0.6669489916909582,0.07185716354150333,-0.6797413625372815
2026-03-13 17:04:09,GPR_Optimization_h_mean_0.1_v_mean_0.5_20260313-155756,147,3.7211504140568077,20.5281641352776,0.027822026581708962,0.9730154355039554,0.008440980265787145,0.1545168233276992,2.849758177563467,4.986209716739738e-09,57101.08270248853,316.37061989112334,0.0011283625695112688,"[[0.008003006969618644, 0.008962408371056245, -0.003410743719211611], [0.008962408371056245, 0.023693285435206136, -0.03218170400352606], [-0.003410743719211611, -0.03218170400352606, 0.06165869956973279]]",0.6692671484645376,0.07341891570685878,-0.6813503886021063
2026-03-13 18:06:30,GPR_Optimization_h_mean_0.1_v_mean_0.8_20260313-170409,1889,3.7080541334098305,17.396029210501613,0.18991487426083567,0.826116080473329,0.015221143488326767,0.1686789265059458,3.2645133791650354,5.474123241476379e-09,21138.018567629137,25.578284035669476,0.029858929799656812,"[[0.00835409359786546, 0.010086746923730256, -0.004480885574276038], [0.010086746923730256, 0.02648434426398364, -0.03344699367880502], [-0.004480885574276038, -0.03344699367880502, 0.05773786439761323]]",0.7938009676014577,0.06722362732800438,-0.947309032494611
2026-03-13 18:06:30,GPR_Optimization_h_mean_0.1_v_mean_0.8_20260313-170409,470,3.707861670278283,17.50293600432687,0.18379205686269423,0.8266600331179617,0.017067182656516966,0.1715608705803004,2.76622552957746,4.348498375012426e-08,4179.002460317622,477.87467402583167,0.002185016877360196,"[[0.008470416794754378, 0.009650328822189875, -0.0034143624843013132], [0.009650328822189875, 0.023364633584098623, -0.027883389052705647], [-0.0034143624843013132, -0.027883389052705647, 0.048215126367564295]]",0.800147975410411,0.0680639244119997,-0.9582371953801363
2026-03-13 18:06:30,GPR_Optimization_h_mean_0.1_v_mean_0.8_20260313-170409,676,3.707861670278283,17.50293600432687,0.18379205686269423,0.8266600331179617,0.017067182656516966,0.1715608705803004,2.76622552957746,4.348498375012426e-08,4179.002460317622,477.87467402583167,0.002185016877360196,"[[0.008470416794754378, 0.009650328822189875, -0.0034143624843013132], [0.009650328822189875, 0.023364633584098623, -0.027883389052705647], [-0.0034143624843013132, -0.027883389052705647, 0.048215126367564295]]",0.800147975410411,0.0680639244119997,-0.9582371953801363
2026-03-13 18:06:30,GPR_Optimization_h_mean_0.1_v_mean_0.8_20260313-170409,525,3.7006950970354175,17.478691420176126,0.1839409655030059,0.8246276672473417,0.017987435406768542,0.1733493304435328,2.76622552957746,4.348498375012426e-08,53881.46513293738,54.13073985444019,0.002185016877360196,"[[0.00840026364383011, 0.009795868274891815, -0.0038569124221289625], [0.009795868274891815, 0.02381998073058203, -0.028696131606880983], [-0.0038569124221289625, -0.028696131606880983, 0.04939551915329827]]",0.8003018234826498,0.0692215544257218,-0.9561555085595413
2026-03-13 18:06:30,GPR_Optimization_h_mean_0.1_v_mean_0.8_20260313-170409,152,3.6965406614490552,17.6495080469429,0.1820982482372807,0.8214284654382836,0.018672443624969493,0.1706647417471223,2.0231548601295914,1.217227513706939e-15,10557.39946017512,696.054476498203,0.008332986312506138,"[[0.008314984813714342, 0.009308154472040378, -0.0029994380993045096], [0.009308154472040378, 0.020044300167276624, -0.02204092473121643], [-0.0029994380993045096, -0.02204092473121643, 0.037613190754611794]]",0.8048043727420991,0.0710372962077816,-0.9618858307106484
2026-03-13 19:06:25,GPR_Optimization_h_mean_0.1_v_mean_1.1_20260313-180630,1041,3.7144965023040024,13.208742343713428,0.4257930961736241,0.6056273228963152,0.022230084982000606,0.15053664196619287,2.398027964686511,5.281197273860041e-09,484.2522865503476,112.8209301011506,0.005042012330183643,"[[0.008264436276290876, 0.009759714296709803, -0.003777334112812932], [0.009759714296709803, 0.024408454500331307, -0.029590614098805167], [-0.003777334112812932, -0.029590614098805167, 0.05093440230257896]]",0.9158972051733235,0.0703510783422577,-1.1867470641718612
2026-03-13 19:06:25,GPR_Optimization_h_mean_0.1_v_mean_1.1_20260313-180630,80,3.6958727368232327,12.947223148151297,0.4312235625881247,0.6033319099698073,0.02435915303635159,0.15669225547025956,2.6919451400182597,4.4494367702174646e-08,69645.46487035393,12.447797420587161,0.0018419955305870954,"[[0.008218568393177314, 0.009443463407983209, -0.0032956816871856105], [0.009443463407983209, 0.023276104454877353, -0.027988378550067115], [-0.0032956816871856105, -0.027988378550067115, 0.048661537653355305]]",0.9256007020440389,0.070342084882351,-1.2057876464466388
2026-03-13 19:06:25,GPR_Optimization_h_mean_0.1_v_mean_1.1_20260313-180630,91,3.691750971907073,12.949261307032254,0.43258330129012584,0.6009419204291979,0.020739590574796657,0.1560349514048184,2.398027964686511,2.8481466066970418e-11,1101.3240438776281,60.791902486718485,0.005042012330183643,"[[0.008291330982144393, 0.009657790481263681, -0.003520335575179477], [0.009657790481263681, 0.02406530740747986, -0.029080157767067752], [-0.003520335575179477, -0.029080157767067752, 0.050379638933058406]]",0.918102016780487,0.06965783906117949,-1.192464799812813
2026-03-13 19:06:25,GPR_Optimization_h_mean_0.1_v_mean_1.1_20260313-180630,312,3.6886717067880563,13.073194776517035,0.4353254275762201,0.6003357590161226,0.024699287541236153,0.15639309616061994,2.3906125085947285,5.24975001382009e-15,4482.553156372315,60.98822374655942,0.001754063277306436,"[[0.008374512764997672, 0.009275620616448564, -0.0026511527844785307], [0.009275620616448564, 0.022264117451563932, -0.0262829778920473], [-0.0026511527844785307, -0.0262829778920473, 0.046507448221503274]]",0.9270208384957526,0.07188542995701863,-1.2055913503652378
2026-03-13 19:06:25,GPR_Optimization_h_mean_0.1_v_mean_1.1_20260313-180630,1682,3.6811620128751117,12.931141467492283,0.4356665737088828,0.5974322064471326,0.02015430124923698,0.15432320093488971,2.3776771911990924,7.364598027628879e-14,38546.19594338274,121.67549312575869,0.25607803863959194,"[[0.008320116510750628, 0.009651193439380132, -0.003457105335508381], [0.009651193439380132, 0.024288905572508887, -0.0295654081051064], [-0.003457105335508381, -0.0295654081051064, 0.051505680333525775]]",0.9144131992789578,0.07027174509396301,-1.1838805504124021
2026-03-13 20:05:46,GPR_Optimization_h_mean_0.1_v_mean_1.4_20260313-190625,1718,3.3216510340566865,7.847344184707499,0.6781721077370355,0.37684706519499783,0.02498455671118804,0.12942020261529988,3.544127326373677,7.610352285908766e-08,8340.292586091064,853.0829809305732,0.008246118695405046,"[[0.007981277006910878, 0.009363716216422662, -0.0033244663236198396], [0.009363716216422662, 0.028417534140178287, -0.03815819506654915], [-0.0033244663236198396, -0.03815819506654915, 0.06886264799728894]]",1.026324288078565,0.0685481056198714,-1.412267054734043
2026-03-13 20:05:46,GPR_Optimization_h_mean_0.1_v_mean_1.4_20260313-190625,1441,3.3165815559344907,7.870545160498088,0.682023742227247,0.3720910177334882,0.023752834682276142,0.12467238809805231,3.46838522031084,1.1150523890223131e-09,3723.0554535437905,117.7747956383598,0.0039006802425193194,"[[0.008157842646065954, 0.009418047467233214, -0.003117068088257516], [0.009418047467233214, 0.0285515292989503, -0.03828199610985111], [-0.003117068088257516, -0.03828199610985111, 0.06944706613476416]]",1.0252932254781981,0.07113047716989819,-1.405021259560923
2026-03-13 20:05:46,GPR_Optimization_h_mean_0.1_v_mean_1.4_20260313-190625,613,3.3165815559344907,7.870545160498088,0.682023742227247,0.3720910177334882,0.023752834682276142,0.12467238809805231,3.46838522031084,1.1150523890223131e-09,3723.0554535437905,117.7747956383598,0.0039006802425193194,"[[0.008157842646065954, 0.009418047467233214, -0.003117068088257516], [0.009418047467233214, 0.0285515292989503, -0.03828199610985111], [-0.003117068088257516, -0.03828199610985111, 0.06944706613476416]]",1.0252932254781981,0.07113047716989819,-1.405021259560923
2026-03-13 20:05:46,GPR_Optimization_h_mean_0.1_v_mean_1.4_20260313-190625,91,3.3165815559344907,7.870545160498088,0.682023742227247,0.3720910177334882,0.023752834682276142,0.12467238809805231,3.46838522031084,1.1150523890223131e-09,3723.0554535437905,117.7747956383598,0.0039006802425193194,"[[0.008157842646065954, 0.009418047467233214, -0.003117068088257516], [0.009418047467233214, 0.0285515292989503, -0.03828199610985111], [-0.003117068088257516, -0.03828199610985111, 0.06944706613476416]]",1.0252932254781981,0.07113047716989819,-1.405021259560923
2026-03-13 20:05:46,GPR_Optimization_h_mean_0.1_v_mean_1.4_20260313-190625,1444,3.3165815559344907,7.870545160498088,0.682023742227247,0.3720910177334882,0.023752834682276142,0.12467238809805231,3.46838522031084,1.1150523890223131e-09,3723.0554535437905,117.7747956383598,0.0039006802425193194,"[[0.008157842646065954, 0.009418047467233214, -0.003117068088257516], [0.009418047467233214, 0.0285515292989503, -0.03828199610985111], [-0.003117068088257516, -0.03828199610985111, 0.06944706613476416]]",1.0252932254781981,0.07113047716989819,-1.405021259560923
2026-03-13 21:04:42,GPR_Optimization_h_mean_0.15_v_mean_0.2_20260313-200546,193,3.7871567754676954,21.001200975953427,0.005301532227735385,0.9946364702744976,0.00482204880539356,0.058729330696720816,2.057482766076987,3.3819024075859097e-15,89622.56150926636,99.50206162033196,0.001721451301887418,"[[0.007972158048849657, 0.009348776740287015, -0.004502400363128194], [0.009348776740287015, 0.020373623584970385, -0.026887506941087626], [-0.004502400363128194, -0.026887506941087626, 0.05467955943648898]]",0.5719610636797641,0.12170494124268526,-0.3830757913506497
2026-03-13 21:04:42,GPR_Optimization_h_mean_0.15_v_mean_0.2_20260313-200546,1027,3.783031944357391,20.95311300346452,0.0077033017611007485,0.9924586597488212,0.004855918809494111,0.056854242872023446,2.0380387785634784,7.590894724041576e-11,81459.68703219814,718.3197397717926,0.015437289010885097,"[[0.008034641345287608, 0.009417255546793016, -0.004578491562278159], [0.009417255546793016, 0.02052001672425557, -0.027216992104955717], [-0.004578491562278159, -0.027216992104955717, 0.05566214314636426]]",0.5713956599837559,0.12202440756523644,-0.3806064419813521
2026-03-13 21:04:42,GPR_Optimization_h_mean_0.15_v_mean_0.2_20260313-200546,246,3.782931998028189,20.95513760219688,0.007018902630878331,0.9929112407064085,0.004624688904297869,0.059297625674661764,2.073213288667338,4.76197318717654e-15,78645.51969121378,89.4870797403098,0.0026124082720584405,"[[0.007992876883069048, 0.009239297903024066, -0.004173176561356062], [0.009239297903024066, 0.01998631922495525, -0.026133086444460524], [-0.004173176561356062, -0.026133086444460524, 0.053372031572835134]]",0.5721486788182933,0.12194036818674314,-0.3836390703868273
2026-03-13 21:04:42,GPR_Optimization_h_mean_0.15_v_mean_0.2_20260313-200546,898,3.782931998028189,20.95513760219688,0.007018902630878331,0.9929112407064085,0.004624688904297869,0.059297625674661764,2.073213288667338,4.76197318717654e-15,78645.51969121378,89.4870797403098,0.0026124082720584405,"[[0.007992876883069048, 0.009239297903024066, -0.004173176561356062], [0.009239297903024066, 0.01998631922495525, -0.026133086444460524], [-0.004173176561356062, -0.026133086444460524, 0.053372031572835134]]",0.5721486788182933,0.12194036818674314,-0.3836390703868273
2026-03-13 21:04:42,GPR_Optimization_h_mean_0.15_v_mean_0.2_20260313-200546,1513,3.782931998028189,20.95513760219688,0.007018902630878331,0.9929112407064085,0.004624688904297869,0.059297625674661764,2.073213288667338,4.76197318717654e-15,78645.51969121378,89.4870797403098,0.0026124082720584405,"[[0.007992876883069048, 0.009239297903024066, -0.004173176561356062], [0.009239297903024066, 0.01998631922495525, -0.026133086444460524], [-0.004173176561356062, -0.026133086444460524, 0.053372031572835134]]",0.5721486788182933,0.12194036818674314,-0.3836390703868273
2026-03-13 22:03:29,GPR_Optimization_h_mean_0.15_v_mean_0.5_20260313-210442,607,3.4648957705625687,20.824394163044996,0.013588958970836196,0.9867151653566588,0.01071345277329762,0.06831949041403859,2.0193299413376344,3.49390873786755e-14,9190.633963722621,168.19226693912154,0.0016797332077385136,"[[0.00823214643844883, 0.009888377392920677, -0.004153664641290367], [0.009888377392920677, 0.024350024690779907, -0.03058025743589571], [-0.004153664641290367, -0.03058025743589571, 0.05534135293451756]]",0.7157728746376885,0.1196620686978053,-0.6873662132880716
2026-03-13 22:03:29,GPR_Optimization_h_mean_0.15_v_mean_0.5_20260313-210442,433,3.4577141239330307,20.747186338716403,0.018851178198637415,0.9822088100175321,0.009273191081853696,0.06825426589161823,2.052315159038506,9.000295288059734e-07,5776.234975514169,38.8392079763723,0.003630760583889767,"[[0.008282355564834375, 0.01012044999064576, -0.004506278931665139], [0.01012044999064576, 0.0245739110904521, -0.030574956128064643], [-0.004506278931665139, -0.030574956128064643, 0.05468363560064247]]",0.7149734987834104,0.1194617352894937,-0.6861736307027023
2026-03-13 22:03:29,GPR_Optimization_h_mean_0.15_v_mean_0.5_20260313-210442,109,3.4481140093945486,20.595567546705787,0.025289580140204528,0.9761085638674694,0.008048282080414849,0.06782833739541194,2.368892930533352,2.3201367949444317e-10,49315.33687633308,63.69131266926516,0.08322767140110728,"[[0.00834408868698321, 0.010580448127679472, -0.005439803333285744], [0.010580448127679472, 0.02665880673229906, -0.034233845888162084], [-0.005439803333285744, -0.034233845888162084, 0.06092456964549526]]",0.7095353381642872,0.11846014230986723,-0.6765185951168087
2026-03-13 22:03:29,GPR_Optimization_h_mean_0.15_v_mean_0.5_20260313-210442,58,3.4473299789034813,20.65367070417092,0.021975688067663632,0.9788811975743158,0.010167806324162863,0.06830078832627463,2.0560434034739585,1.493257893650836e-06,50263.49884191989,83.89195785532382,0.004921772782779715,"[[0.008180148966973312, 0.009755459666985055, -0.004015963355459494], [0.009755459666985055, 0.02418020505692324, -0.030582770972304513], [-0.004015963355459494, -0.030582770972304513, 0.05578562206184905]]",0.7140611354495962,0.11878292500209733,-0.6855781255488538
2026-03-13 22:03:29,GPR_Optimization_h_mean_0.15_v_mean_0.5_20260313-210442,1604,3.443144886958861,20.602155605125397,0.025548591310464372,0.9765349096203174,0.010483120817574158,0.06799140843832037,2.052315159038506,6.848382749185647e-08,7555.443269411908,553.3624733466826,0.0012862840348389533,"[[0.008262969929401223, 0.009982034894505717, -0.004283165358020819], [0.009982034894505717, 0.024587379596805018, -0.030862121040472073], [-0.004283165358020819, -0.030862121040472073, 0.055655114638571916]]",0.7141166570157971,0.11887394317745606,-0.6856672195324385
2026-03-13 23:02:17,GPR_Optimization_h_mean_0.15_v_mean_0.8_20260313-220329,137,3.3903001007264137,17.77870112505715,0.1648390091629553,0.8508812596708621,0.012854503883057153,0.07171593493090782,2.786141834405605,6.820183481959518e-08,900.9922942787297,45.536566802153,0.0029399284224556226,"[[0.00850299120250134, 0.010845017557497729, -0.005090868651537085], [0.010845017557497729, 0.026857664716121433, -0.032284731032913856], [-0.005090868651537085, -0.032284731032913856, 0.054271778425836824]]",0.8449803465938803,0.11637200954183859,-0.9553122973609723
2026-03-13 23:02:17,GPR_Optimization_h_mean_0.15_v_mean_0.8_20260313-220329,262,3.378701952545352,18.290601999997723,0.14718398335652433,0.8613324262802362,0.015687725603816118,0.0780973481215298,2.4365805563674883,6.11581575229495e-10,788.4803617726242,61.997143494196386,0.006024997160268439,"[[0.00847489864491955, 0.010545474204890791, -0.0045616547154165915], [0.010545474204890791, 0.024875036931521495, -0.028867317773624855], [-0.0045616547154165915, -0.028867317773624855, 0.048337934749495964]]",0.8464424098176986,0.11658814705651746,-0.9577565221524009
2026-03-13 23:02:17,GPR_Optimization_h_mean_0.15_v_mean_0.8_20260313-220329,1456,3.3683997980362324,17.758001852695696,0.16484066439430828,0.8514115648825169,0.013513611073377651,0.07512308607909972,2.8528817635266637,1.288248069269625e-11,867.2218333535435,818.578210839423,0.00496137579852617,"[[0.00859367482776517, 0.010942885083207154, -0.005119530396617603], [0.010942885083207154, 0.02655585735220318, -0.031492359741161415], [-0.005119530396617603, -0.031492359741161415, 0.05260854186668826]]",0.8436784708475422,0.11598526410599917,-0.9534362180447864
2026-03-13 23:02:17,GPR_Optimization_h_mean_0.15_v_mean_0.8_20260313-220329,1790,3.3640229921583797,17.579680952698094,0.17714519492174097,0.8411728311081458,0.013363276990962831,0.07156808403938027,3.115822502985561,5.13418254546419e-12,10583.228911149097,456.07215835364195,0.0030552007366483015,"[[0.008398743429027931, 0.010481220441778492, -0.004594122739718895], [0.010481220441778492, 0.02554495558148913, -0.03035123894334489], [-0.004594122739718895, -0.03035123894334489, 0.051269476512141615]]",0.8502774424244818,0.11731893275013518,-0.963937794157305
2026-03-13 23:02:17,GPR_Optimization_h_mean_0.15_v_mean_0.8_20260313-220329,87,3.36246284664801,17.689959882073197,0.17433256142031994,0.842853400316369,0.01442473841215568,0.07247997018818707,2.8657793279505683,2.6073478784930548e-08,1160.7382225646538,51.14525363952436,0.001331777179659203,"[[0.008431165096149985, 0.010399378737803527, -0.004354254493382273], [0.010399378737803527, 0.02511964875456461, -0.029671717991417976], [-0.004354254493382273, -0.029671717991417976, 0.05041598402216138]]",0.8491904037368931,0.11781192750858809,-0.960828594064047
2026-03-14 00:01:23,GPR_Optimization_h_mean_0.15_v_mean_1.1_20260313-230217,50,3.370530923478616,13.06890139567076,0.42159988358710465,0.6159547883105901,0.021672421934926567,0.06355085788366648,2.8233935850512855,5.68317191108088e-12,20555.541290458616,389.9249381825364,0.001994273856447714,"[[0.00816919634714894, 0.010052103480839708, -0.004094606825994585], [0.010052103480839708, 0.02396591568663491, -0.02797060517282031], [-0.004094606825994585, -0.02797060517282031, 0.04748465080540229]]",0.975084268089192,0.11792395486908656,-1.2127925396020738
2026-03-14 00:01:23,GPR_Optimization_h_mean_0.15_v_mean_1.1_20260313-230217,339,3.370530923478616,13.06890139567076,0.42159988358710465,0.6159547883105901,0.021672421934926567,0.06355085788366648,2.8233935850512855,5.68317191108088e-12,20555.541290458616,389.9249381825364,0.001994273856447714,"[[0.00816919634714894, 0.010052103480839708, -0.004094606825994585], [0.010052103480839708, 0.02396591568663491, -0.02797060517282031], [-0.004094606825994585, -0.02797060517282031, 0.04748465080540229]]",0.975084268089192,0.11792395486908656,-1.2127925396020738
2026-03-14 00:01:23,GPR_Optimization_h_mean_0.15_v_mean_1.1_20260313-230217,250,3.364749510443135,12.987022320135976,0.41911597631554326,0.6168490006163208,0.021651478685335804,0.06454415440341099,2.8952676038024667,9.783959489899316e-11,44139.277578338006,771.6790169555212,0.007930106591818373,"[[0.00838143004352864, 0.010607733898037265, -0.004802933193948274], [0.010607733898037265, 0.025344708844267424, -0.02962407434398473], [-0.004802933193948274, -0.02962407434398473, 0.04935570555596524]]",0.9747301078904738,0.11687489586006995,-1.214097143015959
2026-03-14 00:01:23,GPR_Optimization_h_mean_0.15_v_mean_1.1_20260313-230217,444,3.3479875741852165,12.827784786962953,0.4272250747389165,0.6101067787757511,0.018684449210128705,0.06382636440416661,2.813058830819905,1.7060327351860595e-11,22108.977460624392,103.12946581569507,0.05154433481070083,"[[0.008253597262634865, 0.010514784741817215, -0.004841497219059002], [0.010514784741817215, 0.02524539891962309, -0.02959938174813563], [-0.004841497219059002, -0.02959938174813563, 0.049254034048854124]]",0.9685448620494147,0.11631653415303556,-1.2029660574759864
2026-03-14 00:01:23,GPR_Optimization_h_mean_0.15_v_mean_1.1_20260313-230217,111,3.3423964498795145,13.029349201893409,0.4239228920725382,0.60666571880265,0.025569448823845656,0.06221685291452733,2.270453635825831,6.7279286383271005e-09,27443.42510499839,811.1541872059539,0.0021186666032628493,"[[0.00808399168306528, 0.009417803941474788, -0.003016327601551309], [0.009417803941474788, 0.020961354829554305, -0.02326702640722493], [-0.003016327601551309, -0.02326702640722493, 0.04027062563140033]]",0.9817525103310378,0.1209959542465848,-1.219933244085723
2026-03-14 01:00:23,GPR_Optimization_h_mean_0.15_v_mean_1.4_20260314-000123,1294,3.7623703676344893,7.878366487052308,0.658309220942294,0.4031470633154491,0.020060910214387013,0.05414369165256319,4.471690063886814,1.0846859332721755e-15,9046.574024393503,79.92786364331532,0.0038541136851773274,"[[0.008137645369730542, 0.011477370909624113, -0.00691988759760388], [0.011477370909624113, 0.032220993779662005, -0.04153520406839153], [-0.00691988759760388, -0.04153520406839153, 0.06892300138078525]]",1.0731679462377928,0.10926743693508108,-1.4266213442997728
2026-03-14 01:00:23,GPR_Optimization_h_mean_0.15_v_mean_1.4_20260314-000123,559,3.7362311880022405,7.893539407917297,0.6585801838610827,0.39790371922074447,0.02096950523602302,0.054230955324982524,3.929929606687014,1.3475438670646636e-08,5044.669072693412,17.66139255046069,0.0038541136851773274,"[[0.008200868407440685, 0.01098214154730933, -0.005813933296787964], [0.01098214154730933, 0.031020383878960705, -0.04012357906738475], [-0.005813933296787964, -0.04012357906738475, 0.06829355579658884]]",1.0745199783437984,0.11113808351660363,-1.425548098754541
2026-03-14 01:00:23,GPR_Optimization_h_mean_0.15_v_mean_1.4_20260314-000123,438,3.72454373633758,7.704791620620602,0.6656258559298822,0.39667050651449043,0.01855566728612868,0.054669953437414404,4.85658544912155,8.559534585027884e-09,28575.630195518188,151.5088501048228,0.0027865397435114037,"[[0.008247542288845545, 0.011780578149599239, -0.007297383102549851], [0.011780578149599239, 0.032981848950954434, -0.04244516069514026], [-0.007297383102549851, -0.04244516069514026, 0.06999632634186417]]",1.0706784715374003,0.1068490031637085,-1.4265169343676751
2026-03-14 01:00:23,GPR_Optimization_h_mean_0.15_v_mean_1.4_20260314-000123,930,3.72454373633758,7.704791620620602,0.6656258559298822,0.39667050651449043,0.01855566728612868,0.054669953437414404,4.85658544912155,8.559534585027884e-09,28575.630195518188,151.5088501048228,0.0027865397435114037,"[[0.008247542288845545, 0.011780578149599239, -0.007297383102549851], [0.011780578149599239, 0.032981848950954434, -0.04244516069514026], [-0.007297383102549851, -0.04244516069514026, 0.06999632634186417]]",1.0706784715374003,0.1068490031637085,-1.4265169343676751
2026-03-14 01:00:23,GPR_Optimization_h_mean_0.15_v_mean_1.4_20260314-000123,1388,3.72454373633758,7.704791620620602,0.6656258559298822,0.39667050651449043,0.01855566728612868,0.054669953437414404,4.85658544912155,8.559534585027884e-09,28575.630195518188,151.5088501048228,0.0027865397435114037,"[[0.008247542288845545, 0.011780578149599239, -0.007297383102549851], [0.011780578149599239, 0.032981848950954434, -0.04244516069514026], [-0.007297383102549851, -0.04244516069514026, 0.06999632634186417]]",1.0706784715374003,0.1068490031637085,-1.4265169343676751
2026-03-14 01:59:02,GPR_Optimization_h_mean_0.2_v_mean_0.2_20260314-010023,338,3.7944121125852606,20.99883432762126,0.005486032107192517,0.9944721617778223,0.004167352062887617,0.021653394008342815,2.0246391224068994,2.1368617856304983e-06,64149.672275328085,137.90379909355633,0.0023498462204949834,"[[0.0086062721245838, 0.01050938152474153, -0.005292459961828891], [0.01050938152474153, 0.02183444882482551, -0.026488463766630485], [-0.005292459961828891, -0.026488463766630485, 0.049676313363360945]]",0.6196420313169236,0.16961385366399453,-0.38779380638536626
2026-03-14 01:59:02,GPR_Optimization_h_mean_0.2_v_mean_0.2_20260314-010023,493,3.7941331576392265,20.998831999503537,0.0058042163668673855,0.9943371682238782,0.004276417897908857,0.021452588245822628,2.0550312184976787,1.0459400404547871e-14,16877.91513258752,889.9552823559426,0.050962050966962644,"[[0.008758244906824211, 0.011228622915669654, -0.006572226800009761], [0.011228622915669654, 0.023407572428697405, -0.028469717715758475], [-0.006572226800009761, -0.028469717715758475, 0.05134950085113263]]",0.6172235462499874,0.16844569970650453,-0.3845802228248139
2026-03-14 01:59:02,GPR_Optimization_h_mean_0.2_v_mean_0.2_20260314-010023,1871,3.7939912529620146,21.000722902660293,0.006197218871039431,0.9943673993151002,0.0042631627600663215,0.021931551209600608,2.003735902831514,8.215167063195148e-12,14304.562046430949,20.407992928238926,0.01796563487871623,"[[0.008670048899975608, 0.0108260871671109, -0.005850280311311453], [0.0108260871671109, 0.022605374500631565, -0.027519410047120746], [-0.005850280311311453, -0.027519410047120746, 0.05083186789950633]]",0.6190253965787177,0.16945292110467053,-0.38656244139775886
2026-03-14 01:59:02,GPR_Optimization_h_mean_0.2_v_mean_0.2_20260314-010023,777,3.7920114396109312,20.955311492784148,0.0068038542360719595,0.993274560823629,0.004187271400852007,0.020373122853774794,2.1514968808128914,6.8928674297419715e-15,141.51959447278284,41.505536212284625,0.0010388628107301718,"[[0.008769812501932057, 0.011255564216082897, -0.00665591886495504], [0.011255564216082897, 0.023391394100579693, -0.02846847806311315], [-0.00665591886495504, -0.02846847806311315, 0.05133288484535226]]",0.6184921683158796,0.16910945037059738,-0.38587429210075447
2026-03-14 01:59:02,GPR_Optimization_h_mean_0.2_v_mean_0.2_20260314-010023,459,3.783489037205686,20.867918906751243,0.010650161005375199,0.9896946648781866,0.004204406569536739,0.020485897933868766,2.0818515632056034,1.0459400404547871e-14,16877.91513258752,55.548281626983794,0.0014593477983345104,"[[0.008607114712441263, 0.010480809902448374, -0.0052100027353887265], [0.010480809902448374, 0.021667118503968325, -0.02614484717027986], [-0.0052100027353887265, -0.02614484717027986, 0.049013731504050646]]",0.619787349327195,0.16982526797749284,-0.38787432233377
2026-03-14 02:57:50,GPR_Optimization_h_mean_0.2_v_mean_0.5_20260314-015902,115,3.486933072086728,20.60681979867231,0.024715075676938654,0.9765582943976432,0.008514822728957695,0.023858355616708637,2.0528118612978155,5.019940632852241e-13,1440.3471926369587,530.6993873358151,0.0010932019345027493,"[[0.00853945700077406, 0.01063788241321481, -0.004567762281298954], [0.01063788241321481, 0.02445369264755333, -0.02840181463202483], [-0.004567762281298954, -0.02840181463202483, 0.048798507929909196]]",0.7674063109515477,0.16922278007848876,-0.6945693415405497
2026-03-14 02:57:50,GPR_Optimization_h_mean_0.2_v_mean_0.5_20260314-015902,401,3.471063080394056,20.48553407780864,0.027408755825813032,0.9737203097415884,0.007694624519055608,0.02437481441315827,2.3989186028781817,2.0756821742540397e-09,29809.261686432812,114.42849371041436,0.0012827542033374566,"[[0.008601575404694545, 0.010750240001596833, -0.0046888811638814325], [0.010750240001596833, 0.02487504178713607, -0.02909050020231244], [-0.0046888811638814325, -0.02909050020231244, 0.05007489098499286]]",0.7655729136159477,0.16873965307238675,-0.6917452771371652
2026-03-14 02:57:50,GPR_Optimization_h_mean_0.2_v_mean_0.5_20260314-015902,1604,3.4682728338354747,20.462596814759753,0.02965138186873871,0.9717773664405099,0.00829303980487908,0.024207065916503165,2.119724828300621,1.906486468849988e-08,99850.8284520246,10.600384368598073,0.04442028112684195,"[[0.008608799673690886, 0.010795909860404254, -0.00477677201191888], [0.010795909860404254, 0.02519439585960415, -0.0296505977438405], [-0.00477677201191888, -0.0296505977438405, 0.05101771620916022]]",0.7631730728881423,0.16758689223360257,-0.689150819899432
2026-03-14 02:57:50,GPR_Optimization_h_mean_0.2_v_mean_0.5_20260314-015902,1861,3.4658731982715314,20.406260830889682,0.032324450445018284,0.969395050460663,0.00736937264973974,0.024158135511017316,2.228834547930468,9.39889679690705e-08,16877.92070943786,417.41285111248783,0.022496107674481472,"[[0.008621434400603617, 0.010991126273473376, -0.00517653108061195], [0.010991126273473376, 0.02545050222552453, -0.02988204566802482], [-0.00517653108061195, -0.02988204566802482, 0.050899309861164525]]",0.7640599504686268,0.16853719158849537,-0.688876269568904
2026-03-14 02:57:50,GPR_Optimization_h_mean_0.2_v_mean_0.5_20260314-015902,106,3.4649410964514655,20.58737675108323,0.025244792135771174,0.9764250528697574,0.00832772340485019,0.02496172107206732,2.212864641654208,5.3641951940699994e-08,97792.41446506327,54.95670173718175,0.0015554841458686253,"[[0.00857276093235474, 0.010585675644780584, -0.004434404162282295], [0.010585675644780584, 0.024573527849447867, -0.02883742812224334], [-0.004434404162282295, -0.02883742812224334, 0.05009960124936336]]",0.7651386643897475,0.16801104614949078,-0.6922167525815118
2026-03-14 03:56:45,GPR_Optimization_h_mean_0.2_v_mean_0.8_20260314-025750,1242,3.778462906692501,18.336203903070338,0.13580145569966617,0.8801428186987654,0.014356122477775452,0.0264050785311662,2.6629453837049555,6.218245214715536e-12,5954.159427807173,234.22064911399124,0.0023270797853701536,"[[0.008554456470549296, 0.010618832456354229, -0.004269237469267795], [0.010618832456354229, 0.024272342483237713, -0.027393250767511312], [-0.004269237469267795, -0.027393250767511312, 0.046178180631336684]]",0.9089088323676917,0.16703274210688993,-0.9832044748839148
2026-03-14 03:56:45,GPR_Optimization_h_mean_0.2_v_mean_0.8_20260314-025750,105,3.7544463970777313,18.068108238669044,0.1441702550513415,0.870955966284625,0.012902616447605063,0.026830076184166943,2.660169174926163,7.18015705962675e-15,11427.445738309163,700.6238440305254,0.018729376947832006,"[[0.008634688435497232, 0.010824897528439138, -0.004518027899693025], [0.010824897528439138, 0.024745013306254154, -0.02790991907754643], [-0.004518027899693025, -0.02790991907754643, 0.04669183285417596]]",0.9039639734033648,0.1672267074894931,-0.9729327683039706
2026-03-14 03:56:45,GPR_Optimization_h_mean_0.2_v_mean_0.8_20260314-025750,20,3.7521251227892516,18.07342642233731,0.1452353148847188,0.8702209557915932,0.013263698917102126,0.027577872525323847,2.692340951302338,8.139879632414453e-07,45998.101642430905,21.975840319970708,0.01682036632413969,"[[0.00861455179370146, 0.010590258823420632, -0.004104949435694512], [0.010590258823420632, 0.024047217020654658, -0.027002478156483028], [-0.004104949435694512, -0.027002478156483028, 0.04570844236024105]]",0.9058560673411511,0.16664011049740862,-0.9778342729992354
2026-03-14 03:56:45,GPR_Optimization_h_mean_0.2_v_mean_0.8_20260314-025750,1730,3.7515457834090675,17.962244461834576,0.14700274186140377,0.8694023479519692,0.010513073036768275,0.026903645144678422,2.8296112357644234,5.638780703124828e-12,5477.361681424401,289.24674481667375,0.019825238802508024,"[[0.008674383027400047, 0.01141722386053877, -0.005617496372980806], [0.01141722386053877, 0.026326999793158647, -0.029897113634479285], [-0.005617496372980806, -0.029897113634479285, 0.04848873202486708]]",0.9023224422393888,0.1672661536731751,-0.9696046385601285
2026-03-14 03:56:45,GPR_Optimization_h_mean_0.2_v_mean_0.8_20260314-025750,1880,3.748624428786675,17.936498613313532,0.14695285868691627,0.8685673381409684,0.010853638409788851,0.02742288612365934,2.8296112357644234,7.046390425108386e-11,5477.361681424401,641.6493243286761,0.019825238802508024,"[[0.008695126976770903, 0.011196272629106916, -0.0051447239734767536], [0.011196272629106916, 0.02580034209085099, -0.02929587075577328], [-0.0051447239734767536, -0.02929587075577328, 0.04824552121640738]]",0.9026354395807862,0.16763706003306894,-0.9694459397076637
2026-03-14 04:55:52,GPR_Optimization_h_mean_0.2_v_mean_1.1_20260314-035645,259,3.356639425043096,13.091643735217787,0.40617985125084516,0.6320399225994153,0.02115234197193524,0.019810682893847194,2.8864789660756234,1.0067242548450146e-15,32245.06004350099,123.1675615090239,0.0018837562905933188,"[[0.008260177462827223, 0.010634828632504938, -0.004852680126173051], [0.010634828632504938, 0.02451633872923658, -0.027807697158551584], [-0.004852680126173051, -0.027807697158551584, 0.04582227355773655]]",1.030467315429009,0.16591647787944142,-1.2286991134129257
2026-03-14 04:55:52,GPR_Optimization_h_mean_0.2_v_mean_1.1_20260314-035645,1955,3.3418307498869444,13.116162439397318,0.39381001727115716,0.6492512220490055,0.01759711839886915,0.023778929188255613,3.4019842563871276,1.577087910581436e-12,3232.06665508678,89.47419005246222,0.0011586126774012094,"[[0.0086475818336282, 0.011345731613467146, -0.005512862458322162], [0.011345731613467146, 0.026739902197957976, -0.030844687116079655], [-0.005512862458322162, -0.030844687116079655, 0.050574537392936485]]",1.0256960597338756,0.16322907163039435,-1.224477115300918
2026-03-14 04:55:52,GPR_Optimization_h_mean_0.2_v_mean_1.1_20260314-035645,1781,3.3395022400344825,13.257252478044668,0.3921914497624934,0.6460696143115886,0.019046919729779423,0.02340342787299647,3.1294320159749813,2.407083269069087e-05,40494.72371065562,616.5554384354973,0.13655977415383272,"[[0.00864117703974094, 0.011559324396453437, -0.005949362266850213], [0.011559324396453437, 0.027363197246274854, -0.031659899929179565], [-0.005949362266850213, -0.031659899929179565, 0.051330507165363366]]",1.0217508174414591,0.1630379458030188,-1.216987449023054
2026-03-14 04:55:52,GPR_Optimization_h_mean_0.2_v_mean_1.1_20260314-035645,133,3.3341992183691724,13.161508785107735,0.40763777602737866,0.631619253657695,0.021538576413090902,0.020954993617079067,2.8067239425362573,1.7484666855187106e-12,30587.107240265676,58.87649534997063,0.012235647644929461,"[[0.008357743442288929, 0.01064250997738264, -0.004679299220933169], [0.01064250997738264, 0.02441915453785062, -0.02760245535657178], [-0.004679299220933169, -0.02760245535657178, 0.04575653301713998]]",1.0295967799602768,0.16523571885194982,-1.2283012918514031
2026-03-14 04:55:52,GPR_Optimization_h_mean_0.2_v_mean_1.1_20260314-035645,205,3.333041893212533,12.956168923410745,0.405598091433644,0.64092968032613,0.018507939158160753,0.022594873501997337,3.3944968693501956,1.893195334395405e-13,81756.28730751331,49.67737158284878,0.008840065876589042,"[[0.00874875246039581, 0.011286668162930174, -0.005181713568468338], [0.011286668162930174, 0.02668414858784142, -0.030836261663139356], [-0.005181713568468338, -0.030836261663139356, 0.051212669902411335]]",1.0269570753166406,0.16398175692363742,-1.2255317241829868
2026-03-14 05:54:58,GPR_Optimization_h_mean_0.2_v_mean_1.4_20260314-045552,312,3.375216375254893,8.190724057415702,0.6224153731599747,0.44215020713853903,0.018987402272511906,0.019187811443954407,5.088654740732897,9.661903790208427e-05,87177.7916569658,14.328861093931275,0.07303644769734616,"[[0.008736521881760263, 0.01347947881351508, -0.0095623135280396], [0.01347947881351508, 0.03577688843137743, -0.044613174314461615], [-0.0095623135280396, -0.044613174314461615, 0.07000828543569713]]",1.1242950215442116,0.15165209117993034,-1.4449681291838345
2026-03-14 05:54:58,GPR_Optimization_h_mean_0.2_v_mean_1.4_20260314-045552,1655,3.34406174387663,8.244467695374054,0.6231560253215319,0.44117518877479145,0.018074911704563084,0.020552261464867806,5.013626861341381,1.253057195135392e-09,97798.68779544579,98.90012666793797,0.0037149379272874397,"[[0.008688056518023537, 0.01318111799150945, -0.009075832094499548], [0.01318111799150945, 0.03524931132643237, -0.044189222826295685], [-0.009075832094499548, -0.044189222826295685, 0.07018791264214276]]",1.1300805694666334,0.15269269253777878,-1.4544029792490578
2026-03-14 05:54:58,GPR_Optimization_h_mean_0.2_v_mean_1.4_20260314-045552,267,3.34398081853898,7.8616702919678705,0.6294245686821615,0.4364262195285944,0.02192336816670023,0.018684352767592362,5.742922992714315,6.945315245555994e-05,38535.76135384087,855.0835367302078,0.004693820947107553,"[[0.008855292086924762, 0.01388967466466501, -0.010134903157712446], [0.01388967466466501, 0.03589431676210816, -0.044026687180646326], [-0.010134903157712446, -0.044026687180646326, 0.06770497616035842]]",1.1237039513132248,0.1515294294315272,-1.4440721922578432
2026-03-14 05:54:58,GPR_Optimization_h_mean_0.2_v_mean_1.4_20260314-045552,192,3.343294046934621,7.879630594139146,0.628007138958951,0.43930659571427877,0.016241473089966818,0.019691136775963538,5.074993500895304,3.5811500718836967e-06,55866.658073119994,996.014367470158,0.00724945622118853,"[[0.008914087366992486, 0.013693756155572287, -0.00964334312636114], [0.013693756155572287, 0.03544785993997808, -0.04353696149322818], [-0.00964334312636114, -0.04353696149322818, 0.06769953997218665]]",1.1297946763254667,0.15261503985197558,-1.4540206980635129
2026-03-14 05:54:58,GPR_Optimization_h_mean_0.2_v_mean_1.4_20260314-045552,371,3.3430531932109933,8.124370315275621,0.620544124304511,0.44513101161845003,0.016618820550914484,0.02130642405479212,5.293191606885263,1.8955145488348414e-07,69976.51410004991,64.25905522968888,0.021644172841219642,"[[0.008993622595734512, 0.01370029270757526, -0.009502575691447135], [0.01370029270757526, 0.035882668882395656, -0.0443882007122012], [-0.009502575691447135, -0.0443882007122012, 0.06966605354832214]]",1.1259924405625565,0.1510891763330906,-1.4494403461206005
2026-03-14 06:53:51,GPR_Optimization_h_mean_0.25_v_mean_0.2_20260314-055458,636,3.7964480810909134,20.952288437815675,0.0071898546110580495,0.9931322441077811,0.003814273447288544,0.007282712511938873,2.004372306064406,8.299564533157106e-07,3407.46501151783,793.1841667651161,0.0010333162448113791,"[[0.009133885479408703, 0.011336860989892237, -0.005559266874253118], [0.011336860989892237, 0.022503663721565904, -0.025065731475708546], [-0.005559266874253118, -0.025065731475708546, 0.04371118829204418]]",0.6750816558004362,0.22099392427542847,-0.40040262943515714
2026-03-14 06:53:51,GPR_Optimization_h_mean_0.25_v_mean_0.2_20260314-055458,175,3.79255424682849,20.91250189013271,0.00916006212911705,0.9915501269119331,0.0037366081437397443,0.007713037821763777,2.1000251724090937,1.4630750926288994e-07,6520.937634147003,24.446311405306638,0.0028999403119519627,"[[0.009154856630190422, 0.01143929560000931, -0.005702635617980916], [0.01143929560000931, 0.02268071025874746, -0.025188647726253188], [-0.005702635617980916, -0.025188647726253188, 0.04369055917162263]]",0.6728298678225609,0.21989754622712268,-0.3980888006418042
2026-03-14 06:53:51,GPR_Optimization_h_mean_0.25_v_mean_0.2_20260314-055458,194,3.7903595948457993,20.867887054838516,0.009825997952917094,0.9908177767166407,0.0036956630815240888,0.007956328897987036,2.208009593374525,2.119185344936111e-08,36319.083684903264,56.80038567762655,0.5527104011741487,"[[0.00955411127898141, 0.012367006353463486, -0.00688579591666856], [0.012367006353463486, 0.024211317526077084, -0.026540821287330083], [-0.00688579591666856, -0.026540821287330083, 0.04404844643538091]]",0.6716088892907893,0.21892514227655974,-0.3974577881648814
2026-03-14 06:53:51,GPR_Optimization_h_mean_0.25_v_mean_0.2_20260314-055458,583,3.7903595948457993,20.867887054838516,0.009825997952917094,0.9908177767166407,0.0036956630815240888,0.007956328897987036,2.208009593374525,2.119185344936111e-08,36319.083684903264,56.80038567762655,0.5527104011741487,"[[0.00955411127898141, 0.012367006353463486, -0.00688579591666856], [0.012367006353463486, 0.024211317526077084, -0.026540821287330083], [-0.00688579591666856, -0.026540821287330083, 0.04404844643538091]]",0.6716088892907893,0.21892514227655974,-0.3974577881648814
2026-03-14 06:53:51,GPR_Optimization_h_mean_0.25_v_mean_0.2_20260314-055458,801,3.7896240054032595,20.867924753423402,0.010390734928022513,0.9902826432299934,0.0034366189582481044,0.007793051196016885,2.1049034290409154,1.6428921173983234e-09,47918.10162485237,100.00780493565124,0.17905832674054223,"[[0.009487344476993186, 0.012202492296430452, -0.0066469723148111955], [0.012202492296430452, 0.02386254548661261, -0.026092031503752278], [-0.0066469723148111955, -0.026092031503752278, 0.04351758036567954]]",0.6725914497709299,0.21915855558107883,-0.39917946389604586
2026-03-14 07:52:58,GPR_Optimization_h_mean_0.25_v_mean_0.5_20260314-065351,59,3.794174259791514,20.652359708921324,0.020885412466736555,0.9806034507771438,0.006452487961986437,0.008346101120877348,2.4440421352335795,1.4788793946850877e-14,51675.08685337924,621.2021350474672,0.004845360876687499,"[[0.008987275597493587, 0.011160014978086389, -0.0045237065509493146], [0.011160014978086389, 0.023837015330252617, -0.025743942214441727], [-0.0045237065509493146, -0.025743942214441727, 0.04301884733644119]]",0.8214576086049249,0.2200857707104822,-0.7019713019443103
2026-03-14 07:52:58,GPR_Optimization_h_mean_0.25_v_mean_0.5_20260314-065351,80,3.7883463520422844,20.647081604068372,0.022076838166007053,0.9786026418087967,0.008199153044229829,0.008184583905446517,2.1205858842538063,7.311914196820041e-13,55420.18467566399,836.2052814433806,0.00143587068330433,"[[0.008785574619972116, 0.01081813129042262, -0.00421040549970657], [0.01081813129042262, 0.023306223870182254, -0.025282241344631178], [-0.00421040549970657, -0.025282241344631178, 0.04258690453542784]]",0.8210109030961599,0.2190926012321366,-0.7032186129497893
2026-03-14 07:52:58,GPR_Optimization_h_mean_0.25_v_mean_0.5_20260314-065351,327,3.7883463520422844,20.647081604068372,0.022076838166007053,0.9786026418087967,0.008199153044229829,0.008184583905446517,2.1205858842538063,7.311914196820041e-13,55420.18467566399,836.2052814433806,0.00143587068330433,"[[0.008785574619972116, 0.01081813129042262, -0.00421040549970657], [0.01081813129042262, 0.023306223870182254, -0.025282241344631178], [-0.00421040549970657, -0.025282241344631178, 0.04258690453542784]]",0.8210109030961599,0.2190926012321366,-0.7032186129497893
2026-03-14 07:52:58,GPR_Optimization_h_mean_0.25_v_mean_0.5_20260314-065351,1863,3.78752556707131,20.56682741188902,0.02229137199434229,0.9795913612965835,0.008645608968794098,0.010622347949080622,2.036276395472316,2.3746157291736284e-12,40303.92274269664,104.8939620120367,0.672440229224288,"[[0.009234496210877349, 0.012007877444962338, -0.005726800961761214], [0.012007877444962338, 0.025838426926442466, -0.028035866537148714], [-0.005726800961761214, -0.028035866537148714, 0.04513411127883543]]",0.8156860702514155,0.21751811827357354,-0.6955982904624827
2026-03-14 07:52:58,GPR_Optimization_h_mean_0.25_v_mean_0.5_20260314-065351,1501,3.78752556707131,20.56682741188902,0.02229137199434229,0.9795913612965835,0.008645608968794098,0.010622347949080622,2.036276395472316,2.3746157291736284e-12,40303.92274269664,104.8939620120367,0.672440229224288,"[[0.009234496210877349, 0.012007877444962338, -0.005726800961761214], [0.012007877444962338, 0.025838426926442466, -0.028035866537148714], [-0.005726800961761214, -0.028035866537148714, 0.04513411127883543]]",0.8156860702514155,0.21751811827357354,-0.6955982904624827
2026-03-14 08:51:46,GPR_Optimization_h_mean_0.25_v_mean_0.8_20260314-075258,306,3.4263065219216817,18.037502423541216,0.14662012059663598,0.8674007923086361,0.014671006067320426,0.007313068315096657,2.368085254618812,1.083814244682618e-07,93142.70761313694,423.92557854973336,0.002722154995946836,"[[0.008575393073944032, 0.010455103219550286, -0.0037943083727887228], [0.010455103219550286, 0.022440900304751554, -0.02399028787457154], [-0.0037943083727887228, -0.02399028787457154, 0.040367547848665614]]",0.9619504425731309,0.21788196596645115,-0.9880206974656864
2026-03-14 08:51:46,GPR_Optimization_h_mean_0.25_v_mean_0.8_20260314-075258,797,3.4256948918318857,18.19604324540014,0.13367003367003366,0.8806223667841513,0.00892540903928036,0.00819304152637486,3.1968630850863327,2.081060557917295e-14,83381.74357790509,57.7273490017672,0.055169143915205936,"[[0.008863331582422064, 0.011150405540662288, -0.0046241845542266905], [0.011150405540662288, 0.024255430561249073, -0.026251020198492122], [-0.0046241845542266905, -0.026251020198492122, 0.0432577188698011]]",0.9608670393804203,0.21853900751714905,-0.9844998470057212
2026-03-14 08:51:46,GPR_Optimization_h_mean_0.25_v_mean_0.8_20260314-075258,1365,3.4228852946391584,18.479791050244547,0.1260115124718445,0.8854526652483092,0.014686541891575158,0.008342370901810295,2.341966804307707,1.1505894402442115e-15,54836.09526916309,316.53194829193586,0.00271058150920044,"[[0.008741114352197038, 0.010701526257176658, -0.003962883459601511], [0.010701526257176658, 0.022638602298278066, -0.02389707172253411], [-0.003962883459601511, -0.02389707172253411, 0.039842385078898854]]",0.967007792691026,0.21941830967477643,-0.9950384981807489
2026-03-14 08:51:46,GPR_Optimization_h_mean_0.25_v_mean_0.8_20260314-075258,951,3.4170589649518064,18.326161531552767,0.12956011977563156,0.8836229207478065,0.013986273453341492,0.008350554594913753,2.525947992661329,1.1853302850748883e-11,90166.40501109515,25.661253064695103,0.00271058150920044,"[[0.008803489990748441, 0.010826921263518545, -0.004098414119020932], [0.010826921263518545, 0.023217698006538744, -0.02481578458813706], [-0.004098414119020932, -0.02481578458813706, 0.04141414140679783]]",0.9663469414062422,0.21927045503619402,-0.9939833576009678
2026-03-14 08:51:46,GPR_Optimization_h_mean_0.25_v_mean_0.8_20260314-075258,1025,3.4093848914934006,18.160316545549932,0.1400710963735229,0.8750511746536345,0.01643662303386839,0.007966728021244608,2.525947992661329,5.646844251425802e-05,90166.40501109515,25.661253064695103,0.030037259179542846,"[[0.008758666892245427, 0.010936594903242518, -0.00439783709980392], [0.010936594903242518, 0.02360738234432628, -0.025361946354377257], [-0.00439783709980392, -0.025361946354377257, 0.04189962451576352]]",0.9657744329384846,0.21840390607876367,-0.9946109779152222
2026-03-14 09:50:40,GPR_Optimization_h_mean_0.25_v_mean_1.1_20260314-085146,1815,3.781944436274463,14.03647488226663,0.3237575409365125,0.7148103537889513,0.015655876966663547,0.008216029876472278,4.020635862717057,3.1908475932326916e-06,6413.413522467101,220.32311215692997,0.0011673620362457151,"[[0.008979936190210331, 0.01220334564608563, -0.006482253527972056], [0.01220334564608563, 0.027637027602650376, -0.030885680231788212], [-0.006482253527972056, -0.030885680231788212, 0.048781567167603075]]",1.089223333113152,0.21373879200903792,-1.2508502977774927
2026-03-14 09:50:40,GPR_Optimization_h_mean_0.25_v_mean_1.1_20260314-085146,1510,3.772356959325937,14.23044260959117,0.3252228343958231,0.7118940872667315,0.021239699039508998,0.008019153661984019,3.493097285972153,3.1908475932326916e-06,2697.7402627808365,286.84833299996455,0.0011673620362457151,"[[0.008927548558471204, 0.01210858452671513, -0.006399947090229287], [0.01210858452671513, 0.02757160861908925, -0.03094729750495684], [-0.006399947090229287, -0.03094729750495684, 0.0490702566388345]]",1.0905082762879115,0.21416433644018604,-1.2525638162976005
2026-03-14 09:50:40,GPR_Optimization_h_mean_0.25_v_mean_1.1_20260314-085146,1155,3.7616852786013175,14.217511289986481,0.3226939173307344,0.7091788920864146,0.024029623521755344,0.008011809895086854,3.493097285972153,9.632305658063977e-06,6846.202552113324,14.473181227614695,0.0011673620362457151,"[[0.008755640264273154, 0.011664594642288983, -0.005854604911054166], [0.011664594642288983, 0.026158999147642286, -0.029008220739987267], [-0.005854604911054166, -0.029008220739987267, 0.04628187350803941]]",1.0897895899577603,0.2139427013921397,-1.2515731181478142
2026-03-14 09:50:40,GPR_Optimization_h_mean_0.25_v_mean_1.1_20260314-085146,886,3.761373594042528,13.91017949306526,0.3330827176380435,0.7078878005313752,0.014377901482976144,0.007865477206020561,3.782370850146734,1.9737937891360807e-14,65801.78918934449,98.65861328657992,0.0011673620362457151,"[[0.009129408862799563, 0.012154397182698473, -0.0060853179339152635], [0.012154397182698473, 0.027420935021504448, -0.03055385224473951], [-0.0060853179339152635, -0.03055385224473951, 0.04891564528050708]]",1.0865724998728192,0.21298225231280607,-1.2470620236424343
2026-03-14 09:50:40,GPR_Optimization_h_mean_0.25_v_mean_1.1_20260314-085146,1638,3.7478960722922667,13.782155236534026,0.34135081549660634,0.7038120716860141,0.013471989043626821,0.008437169857740344,3.493097285972153,1.4196732473816486e-09,11989.747678294656,215.4012219153171,0.009647794305259359,"[[0.009175883878553852, 0.012358571831184901, -0.006408875678692507], [0.012358571831184901, 0.027669632587618613, -0.030651784666725603], [-0.006408875678692507, -0.030651784666725603, 0.04846681703439579]]",1.0864038305898591,0.2139578930181759,-1.2447469531664737
2026-03-14 10:49:44,GPR_Optimization_h_mean_0.25_v_mean_1.4_20260314-095040,976,3.3854310807238153,8.876252756073532,0.5351432456510526,0.5339923763322482,0.025137112737181607,0.0065644488207436584,8.064743729877463,7.272097264988248e-05,13161.51625414829,508.09939134343614,0.005847161516364701,"[[0.009891106737974402, 0.014765246672945409, -0.009769465722880668], [0.014765246672945409, 0.033657030622920574, -0.03779297848981486], [-0.009769465722880668, -0.03779297848981486, 0.05602869254057515]]",1.217089092114157,0.2091822490190118,-1.5157441189981462
2026-03-14 10:49:44,GPR_Optimization_h_mean_0.25_v_mean_1.4_20260314-095040,1771,3.362502266611218,9.23486960647687,0.527235499148158,0.5395780402300424,0.0264783428716791,0.007502461745260164,6.582883066323875,5.52614632880817e-05,13161.51625414829,23.412835592634643,0.0013308195176502354,"[[0.00976915409676851, 0.014604133286455339, -0.00973083615309002], [0.014604133286455339, 0.03361872008970206, -0.03821472241087033], [-0.00973083615309002, -0.03821472241087033, 0.0573872000986322]]",1.2105073659628358,0.20596464129858974,-1.5088115847762171
2026-03-14 10:49:44,GPR_Optimization_h_mean_0.25_v_mean_1.4_20260314-095040,1758,3.318802475822694,8.888788228373167,0.5481417729442141,0.514160112739497,0.022839731553624076,0.006462718097175495,5.68522867683499,9.430523743740102e-05,35535.266718392,74.18595174697394,0.20041485711938814,"[[0.009762638925225331, 0.015031859355833226, -0.010559943852618936], [0.015031859355833226, 0.03530191300057829, -0.04054632912115309], [-0.010559943852618936, -0.04054632912115309, 0.05994833777426228]]",1.1949248749856918,0.20225639282510252,-1.485265013245185
2026-03-14 10:49:44,GPR_Optimization_h_mean_0.25_v_mean_1.4_20260314-095040,1508,3.3091235034952833,8.695516786631622,0.5437710696858211,0.520623746243952,0.03228105563888991,0.006834659729384419,8.844200383445749,9.9008264000741e-06,989.7076106701629,129.1412178431272,0.0013308195176502354,"[[0.010018383514877126, 0.014996755765150747, -0.009977016763917069], [0.014996755765150747, 0.03364469605260284, -0.03730759636291158], [-0.009977016763917069, -0.03730759636291158, 0.05464824179248916]]",1.2203707770593313,0.21036251204882078,-1.519946638267766
2026-03-14 10:49:44,GPR_Optimization_h_mean_0.25_v_mean_1.4_20260314-095040,856,3.3053682093849326,9.35123993756379,0.5489591480657,0.5130753159515921,0.017900125480790507,0.006933999157692076,4.498705149508239,4.571466454780792e-07,39462.35958099114,34.881152040385416,0.002176470733100228,"[[0.009350659702545486, 0.013625998386093885, -0.008581845880824973], [0.013625998386093885, 0.032770663579091475, -0.03830280346653994], [-0.008581845880824973, -0.03830280346653994, 0.05941450404043307]]",1.2006911951337207,0.20344006972943476,-1.494395666298318
2026-03-14 11:48:39,GPR_Optimization_h_mean_0.3_v_mean_0.2_20260314-104944,1761,3.798321056282707,20.920984384664955,0.007347232207045291,0.9933737044586771,0.003084807659782554,0.0022861250898634075,2.0047905982672227,1.3720881902360118e-14,48255.60451735346,162.42941941044165,0.5068704724449904,"[[0.00970964067902398, 0.012280164468414966, -0.005904309561497138], [0.012280164468414966, 0.023027755853014156, -0.023131392514130465], [-0.005904309561497138, -0.023131392514130465, 0.03699264846199077]]",0.7294578587971563,0.27165201494806757,-0.4114396953809494
2026-03-14 11:48:39,GPR_Optimization_h_mean_0.3_v_mean_0.2_20260314-104944,1472,3.7975693657810545,20.90782180474874,0.0069103238226589665,0.9932578142974477,0.003120504754312866,0.0028733155187771167,2.0047905982672227,6.662231009320211e-12,27816.236114032617,11.140823456576438,0.334741695019284,"[[0.009754679721617011, 0.012460474656253268, -0.006203432158177045], [0.012460474656253268, 0.023516253298684914, -0.023796758115758588], [-0.006203432158177045, -0.023796758115758588, 0.03779858797236016]]",0.7282462026041183,0.271289626186743,-0.4096062040872819
2026-03-14 11:48:39,GPR_Optimization_h_mean_0.3_v_mean_0.2_20260314-104944,146,3.79745083852168,20.91377147523733,0.007523969216217378,0.9930163342925125,0.003064135037754733,0.0024220015191252133,2.102172483944474,3.904429630862584e-08,1034.0690182648311,13.73171652601555,0.016322824078868745,"[[0.009667523708729172, 0.012362769002233492, -0.0061512282786141325], [0.012362769002233492, 0.023380160133373063, -0.023657102196435142], [-0.0061512282786141325, -0.023657102196435142, 0.03751206372194375]]",0.7296185300493953,0.2721404639511659,-0.41082429794040115
2026-03-14 11:48:39,GPR_Optimization_h_mean_0.3_v_mean_0.2_20260314-104944,1442,3.7973035138656486,20.90780531510329,0.0071401890641611355,0.9931291317007936,0.0031270243596933233,0.0028733155187771167,2.0047905982672227,1.3720881902360118e-14,27816.236114032617,11.140823456576438,0.334741695019284,"[[0.009749060031809028, 0.012451396228821824, -0.006196373872869163], [0.012451396228821824, 0.023503726411499233, -0.02378682338632414], [-0.006196373872869163, -0.02378682338632414, 0.03778318594584227]]",0.728304436495472,0.2712973514282016,-0.409727629691446
2026-03-14 11:48:39,GPR_Optimization_h_mean_0.3_v_mean_0.2_20260314-104944,1317,3.7973035138656486,20.90780531510329,0.0071401890641611355,0.9931291317007936,0.0031270243596933233,0.0028733155187771167,2.0047905982672227,1.3720881902360118e-14,27816.236114032617,11.140823456576438,0.334741695019284,"[[0.009749060031809028, 0.012451396228821824, -0.006196373872869163], [0.012451396228821824, 0.023503726411499233, -0.02378682338632414], [-0.006196373872869163, -0.02378682338632414, 0.03778318594584227]]",0.728304436495472,0.2712973514282016,-0.409727629691446
2026-03-14 12:47:35,GPR_Optimization_h_mean_0.3_v_mean_0.5_20260314-114839,390,3.664943084926394,20.732101939880884,0.014399930602744084,0.9865971252134824,0.0056382587833561735,0.002255410817297266,2.1911117520277954,6.250309008451158e-15,2815.036388238598,214.04797254176015,0.014906206842767932,"[[0.009128057528437082, 0.011640018582581676, -0.005097540835033722], [0.011640018582581676, 0.023564829797395357, -0.02400953154815618], [-0.005097540835033722, -0.02400953154815618, 0.03805266387161528]]",0.8771145759600383,0.2724498741505021,-0.7090588214140112
2026-03-14 12:47:35,GPR_Optimization_h_mean_0.3_v_mean_0.5_20260314-114839,656,3.657485496967123,20.61262162821625,0.019085618806176537,0.9823169888279039,0.0045276404947996295,0.0022470615349158792,2.561936365092937,6.274004724405807e-15,257.43703237160423,118.54089590787446,0.0010901834741100555,"[[0.00925478661579913, 0.011965387894981002, -0.005480201082951911], [0.011965387894981002, 0.024392344386213943, -0.024979988062577462], [-0.005480201082951911, -0.024979988062577462, 0.03917183126579798]]",0.8760191179620204,0.2722345549264664,-0.7073581288341482
2026-03-14 12:47:35,GPR_Optimization_h_mean_0.3_v_mean_0.5_20260314-114839,1296,3.654532826123051,20.265534933408848,0.037532877798961826,0.9655299268009367,0.005683234518301885,0.0017673991399585287,2.6014400852831825,6.250309008451158e-15,37493.576566772994,140.22411381429455,0.0028051021128743803,"[[0.009087715891389085, 0.011349208724674363, -0.004591601376315432], [0.011349208724674363, 0.023216861475700738, -0.023890451787174912], [-0.004591601376315432, -0.023890451787174912, 0.03882121834524527]]",0.8763755203513546,0.27246329935265046,-0.7075442303972186
2026-03-14 12:47:35,GPR_Optimization_h_mean_0.3_v_mean_0.5_20260314-114839,1646,3.651674935499612,20.648061791179487,0.020873106783759705,0.9808894996985715,0.006191596356925359,0.002220242388245443,2.4507034832655927,7.620344728768512e-07,1446.8283029613708,61.712106432769176,0.0011835335909122036,"[[0.00903541984611795, 0.011347342675155749, -0.004690250063371923], [0.011347342675155749, 0.023215436763106747, -0.023883365847985775], [-0.004690250063371923, -0.023883365847985775, 0.03859186851646937]]",0.8814724682570654,0.2737432251948812,-0.7152052278546874
2026-03-14 12:47:35,GPR_Optimization_h_mean_0.3_v_mean_0.5_20260314-114839,668,3.6512663331706845,20.536664241141295,0.02363767074047448,0.9787597335010498,0.004872102579336879,0.0021998562185478075,2.561936365092937,6.274004724405807e-15,364.64658968411806,118.54089590787446,0.0015057337907984879,"[[0.00926755449696551, 0.011814580851148183, -0.005154539434895013], [0.011814580851148183, 0.023959736415465685, -0.024423929642940573], [-0.005154539434895013, -0.024423929642940573, 0.03872772148974762]]",0.8761126719905983,0.2722251214300599,-0.7075409717145256
2026-03-14 13:46:14,GPR_Optimization_h_mean_0.3_v_mean_0.8_20260314-124735,350,3.5054281937032865,19.056227059617015,0.08950019372336304,0.9209551894284088,0.010403395534883722,0.002511228780116808,3.0665698927965064,4.902156212885414e-05,92547.4282227057,263.40809337222043,0.007256479849938783,"[[0.008861263201056508, 0.010973364327322403, -0.004233162303965882], [0.010973364327322403, 0.022627489447625646, -0.02331496134893501], [-0.004233162303965882, -0.02331496134893501, 0.038160598993509154]]",1.0266841415210448,0.2724705480955178,-1.0084012368650328
2026-03-14 13:46:14,GPR_Optimization_h_mean_0.3_v_mean_0.8_20260314-124735,141,3.500296491450648,19.039787709445317,0.09385266480166415,0.9151268524592521,0.010891367483507788,0.0024388494369127034,2.632623921496577,2.115728644385202e-15,4003.8438720836084,260.5564518238764,0.0031230686637852907,"[[0.00900494258956629, 0.010950786117381168, -0.003902519550926618], [0.010950786117381168, 0.02284002753909251, -0.02378516988865065], [-0.003902519550926618, -0.02378516988865065, 0.03975918629659502]]",1.0195372037241632,0.27070760994892595,-0.9976283868990926
2026-03-14 13:46:14,GPR_Optimization_h_mean_0.3_v_mean_0.8_20260314-124735,706,3.500296491450648,19.039787709445317,0.09385266480166415,0.9151268524592521,0.010891367483507788,0.0024388494369127034,2.632623921496577,2.115728644385202e-15,4003.8438720836084,260.5564518238764,0.0031230686637852907,"[[0.00900494258956629, 0.010950786117381168, -0.003902519550926618], [0.010950786117381168, 0.02284002753909251, -0.02378516988865065], [-0.003902519550926618, -0.02378516988865065, 0.03975918629659502]]",1.0195372037241632,0.27070760994892595,-0.9976283868990926
2026-03-14 13:46:14,GPR_Optimization_h_mean_0.3_v_mean_0.8_20260314-124735,578,3.500296491450648,19.039787709445317,0.09385266480166415,0.9151268524592521,0.010891367483507788,0.0024388494369127034,2.632623921496577,2.115728644385202e-15,4003.8438720836084,260.5564518238764,0.0031230686637852907,"[[0.00900494258956629, 0.010950786117381168, -0.003902519550926618], [0.010950786117381168, 0.02284002753909251, -0.02378516988865065], [-0.003902519550926618, -0.02378516988865065, 0.03975918629659502]]",1.0195372037241632,0.27070760994892595,-0.9976283868990926
2026-03-14 13:46:14,GPR_Optimization_h_mean_0.3_v_mean_0.8_20260314-124735,557,3.4904379173795226,18.783050461678208,0.10049106825137001,0.9101062245503238,0.009271879529957897,0.0024339904633122198,3.0288635572920093,4.1926261258341006e-10,28068.36590380892,19.040014684481527,0.003657427596082732,"[[0.008715924657885454, 0.010765098461212019, -0.0041111025611964575], [0.010765098461212019, 0.022375700975162362, -0.023232860768258763], [-0.0041111025611964575, -0.023232860768258763, 0.038243652069564836]]",1.019195676165494,0.27069262937103594,-0.9969696792576284
2026-03-14 14:45:19,GPR_Optimization_h_mean_0.3_v_mean_1.1_20260314-134614,1707,3.788629291732482,15.315629766035189,0.25425246195165624,0.7766853604624017,0.015491900036944728,0.002304181281829256,3.2825441828488446,8.534105952803663e-14,61929.12948348617,12.480881801329202,0.0018777039041233078,"[[0.008912558377165114, 0.011415542367230129, -0.005017682133221869], [0.011415542367230129, 0.024879371788901056, -0.026935463207658408], [-0.005017682133221869, -0.026935463207658408, 0.04383024460463569]]",1.152151758178331,0.26534073664537206,-1.2735895547268834
2026-03-14 14:45:19,GPR_Optimization_h_mean_0.3_v_mean_1.1_20260314-134614,326,3.733585188258827,14.736644296205801,0.27373110910463444,0.7584581709014355,0.012273678768665135,0.002309092792966148,3.9048833453579936,6.05876281331666e-06,18793.128342066942,789.577734844132,0.003463437482744128,"[[0.00924742564228945, 0.012097823514284393, -0.00570899016065737], [0.012097823514284393, 0.025456964658320383, -0.02672510653217803], [-0.00570899016065737, -0.02672510653217803, 0.04203067278353813]]",1.1550483716803646,0.26773041986279933,-1.274611555694972
2026-03-14 14:45:19,GPR_Optimization_h_mean_0.3_v_mean_1.1_20260314-134614,114,3.730213347208026,14.828662303078097,0.2751269035532995,0.7568497075898435,0.013263597446054242,0.0023835797837122048,3.6194161545269585,2.7471113582686334e-08,3016.1874771872467,53.505496317992815,0.001020054385809461,"[[0.009207360122249578, 0.011945281470499856, -0.005485601614213358], [0.011945281470499856, 0.025218423290940366, -0.02655155379953153], [-0.005485601614213358, -0.02655155379953153, 0.04212544785858583]]",1.1530553803776604,0.2676002894317646,-1.270882524521361
2026-03-14 14:45:19,GPR_Optimization_h_mean_0.3_v_mean_1.1_20260314-134614,68,3.7256065478100373,14.889552196004146,0.2801941661363603,0.7545910110808278,0.013482957441928059,0.0019091030175667075,3.647780880920105,7.185881425184671e-08,12807.780631158681,81.46444817320999,0.0015392013336993288,"[[0.009247495255803614, 0.011982371395584562, -0.005478143209156271], [0.011982371395584562, 0.025785085181306275, -0.027609444588665225], [-0.005478143209156271, -0.027609444588665225, 0.04425571538404817]]",1.1500488383337264,0.26675917175357733,-1.2665550845173648
2026-03-14 14:45:19,GPR_Optimization_h_mean_0.3_v_mean_1.1_20260314-134614,222,3.7229217786725695,14.717112963677808,0.28109813538286704,0.754504259543453,0.012204578005305156,0.0026466498198184727,3.6862470032784276,8.499690348970395e-07,13619.644716757897,99.67672865944593,0.003005859598449941,"[[0.009444549076330732, 0.01237059562793365, -0.005862101738899002], [0.01237059562793365, 0.026271046456008515, -0.027807236814625665], [-0.005862101738899002, -0.027807236814625665, 0.043884783078005356]]",1.151882117602184,0.2677092830010557,-1.268316324799197
2026-03-14 15:44:32,GPR_Optimization_h_mean_0.3_v_mean_1.4_20260314-144519,370,3.79459462113541,10.878644792526238,0.4430222306190566,0.6151137061397484,0.013545317574422575,0.0020624724478871467,5.049985403927139,3.836669670308343e-15,16291.569000657322,56.367449136490556,0.0015501651917359104,"[[0.009822273440043952, 0.013794830060800355, -0.007952556249219754], [0.013794830060800355, 0.03014636512362647, -0.032708541804154403], [-0.007952556249219754, -0.032708541804154403, 0.04950926720810958]]",1.2760407543576664,0.25929797386854425,-1.5334635112725439
2026-03-14 15:44:32,GPR_Optimization_h_mean_0.3_v_mean_1.4_20260314-144519,274,3.769442613750148,10.866065124503415,0.4448279078444175,0.6084510673309107,0.017561434168331575,0.0022541429593010602,5.039415238554299,9.374671338480966e-05,68262.40269671557,304.6186917794951,0.03971574323199428,"[[0.009763504600333078, 0.014065427667966686, -0.008610644045062397], [0.014065427667966686, 0.03089706747532783, -0.03366727474907216], [-0.008610644045062397, -0.03366727474907216, 0.05010911817831116]]",1.274682589618354,0.2591525356529735,-1.5310398285508868
2026-03-14 15:44:32,GPR_Optimization_h_mean_0.3_v_mean_1.4_20260314-144519,1565,3.7683740895394595,10.866861508848018,0.44299114605906753,0.608426966120107,0.019055309625168295,0.0020122593028295463,4.751058423920195,3.501377070820391e-06,2562.1760620649748,10.023812081576894,0.0015501651917359104,"[[0.009663305150948702, 0.013680413432449872, -0.00804132110198027], [0.013680413432449872, 0.030285732996810383, -0.033214533344375956], [-0.00804132110198027, -0.033214533344375956, 0.05034130808007443]]",1.2786532229946164,0.26185994520125355,-1.53356549969712
2026-03-14 15:44:32,GPR_Optimization_h_mean_0.3_v_mean_1.4_20260314-144519,169,3.765037172928472,10.86197589247727,0.44727822266537876,0.6064088536235019,0.014411901422605466,0.0023369582151871126,4.641568427125649,1.7612466419920437e-05,70138.35340690443,133.02952462261058,0.07552121994200675,"[[0.009708636578144155, 0.01377292889983981, -0.008138253607678812], [0.01377292889983981, 0.030217158181280748, -0.0328970320296824], [-0.008138253607678812, -0.0328970320296824, 0.04951659309616526]]",1.276210464540792,0.2600862414489775,-1.5322199970713153
2026-03-14 15:44:32,GPR_Optimization_h_mean_0.3_v_mean_1.4_20260314-144519,1436,3.742514431685943,10.475654815294533,0.45507892822118884,0.6038847134232848,0.019456473303703144,0.002008794407010218,6.102082473844104,8.603929813296956e-05,37166.776398330294,56.367449136490556,0.0015501651917359104,"[[0.009859509694628144, 0.01412489211321016, -0.008538975623784566], [0.01412489211321016, 0.030845569331084864, -0.033447063417283325], [-0.008538975623784566, -0.033447063417283325, 0.04981263711233218]]",1.283124225865028,0.26162801757761683,-1.5429695630310067
2026-03-14 16:43:32,GPR_Optimization_h_mean_0.35_v_mean_0.2_20260314-154432,619,3.7147942926317317,20.804478469518052,0.012810154103803382,0.9882503119882692,0.002718064861912744,0.0003966446798196001,2.0448818586156854,2.214848563302398e-15,2652.6678136275464,540.4266797448195,0.003950664142754773,"[[0.00952359698858164, 0.011747660945356014, -0.00489315930353041], [0.011747660945356014, 0.021374901067749162, -0.02018649277289147], [-0.00489315930353041, -0.02018649277289147, 0.03200494969365887]]",0.7859165629041575,0.32521705298605,-0.41910581724842455
2026-03-14 16:43:32,GPR_Optimization_h_mean_0.35_v_mean_0.2_20260314-154432,1592,3.7147942926317317,20.804478469518052,0.012810154103803382,0.9882503119882692,0.002718064861912744,0.0003966446798196001,2.0448818586156854,2.214848563302398e-15,2652.6678136275464,540.4266797448195,0.003950664142754773,"[[0.00952359698858164, 0.011747660945356014, -0.00489315930353041], [0.011747660945356014, 0.021374901067749162, -0.02018649277289147], [-0.00489315930353041, -0.02018649277289147, 0.03200494969365887]]",0.7859165629041575,0.32521705298605,-0.41910581724842455
2026-03-14 16:43:32,GPR_Optimization_h_mean_0.35_v_mean_0.2_20260314-154432,1158,3.7147942926317317,20.804478469518052,0.012810154103803382,0.9882503119882692,0.002718064861912744,0.0003966446798196001,2.0448818586156854,2.214848563302398e-15,2652.6678136275464,540.4266797448195,0.003950664142754773,"[[0.00952359698858164, 0.011747660945356014, -0.00489315930353041], [0.011747660945356014, 0.021374901067749162, -0.02018649277289147], [-0.00489315930353041, -0.02018649277289147, 0.03200494969365887]]",0.7859165629041575,0.32521705298605,-0.41910581724842455
2026-03-14 16:43:32,GPR_Optimization_h_mean_0.35_v_mean_0.2_20260314-154432,1090,3.7147942926317317,20.804478469518052,0.012810154103803382,0.9882503119882692,0.002718064861912744,0.0003966446798196001,2.0448818586156854,2.214848563302398e-15,2652.6678136275464,540.4266797448195,0.003950664142754773,"[[0.00952359698858164, 0.011747660945356014, -0.00489315930353041], [0.011747660945356014, 0.021374901067749162, -0.02018649277289147], [-0.00489315930353041, -0.02018649277289147, 0.03200494969365887]]",0.7859165629041575,0.32521705298605,-0.41910581724842455
2026-03-14 16:43:32,GPR_Optimization_h_mean_0.35_v_mean_0.2_20260314-154432,1788,3.7147942926317317,20.804478469518052,0.012810154103803382,0.9882503119882692,0.002718064861912744,0.0003966446798196001,2.0448818586156854,2.214848563302398e-15,2652.6678136275464,540.4266797448195,0.003950664142754773,"[[0.00952359698858164, 0.011747660945356014, -0.00489315930353041], [0.011747660945356014, 0.021374901067749162, -0.02018649277289147], [-0.00489315930353041, -0.02018649277289147, 0.03200494969365887]]",0.7859165629041575,0.32521705298605,-0.41910581724842455
2026-03-14 17:42:34,GPR_Optimization_h_mean_0.35_v_mean_0.5_20260314-164332,1992,3.722477182296276,20.91781234656491,0.008487767629005258,0.9926946010590618,0.005208293659006717,0.0005139651678463391,2.1486348350056454,4.1855672041188495e-09,20361.150047398653,883.178770523232,0.059743793466207305,"[[0.009162158038006992, 0.011501268594485966, -0.004706091337042115], [0.011501268594485966, 0.022452727592503906, -0.02196501331606059], [-0.004706091337042115, -0.02196501331606059, 0.034604921962145326]]",0.9323602059981885,0.3243930237252688,-0.7158383614027073
2026-03-14 17:42:34,GPR_Optimization_h_mean_0.35_v_mean_0.5_20260314-164332,791,3.722477182296276,20.91781234656491,0.008487767629005258,0.9926946010590618,0.005208293659006717,0.0005139651678463391,2.1486348350056454,4.1855672041188495e-09,20361.150047398653,883.178770523232,0.059743793466207305,"[[0.009162158038006992, 0.011501268594485966, -0.004706091337042115], [0.011501268594485966, 0.022452727592503906, -0.02196501331606059], [-0.004706091337042115, -0.02196501331606059, 0.034604921962145326]]",0.9323602059981885,0.3243930237252688,-0.7158383614027073
2026-03-14 17:42:34,GPR_Optimization_h_mean_0.35_v_mean_0.5_20260314-164332,1092,3.7141178985510774,20.716146984673554,0.014510384451903205,0.9869417629000604,0.003716354868513471,0.0004983364357219283,2.9878684047915987,7.0947573462448105e-09,1118.1165913943596,884.8281595485313,0.0018635456079206995,"[[0.009192150046448681, 0.011514345807406162, -0.004676576802631677], [0.011514345807406162, 0.022396913845445843, -0.02183615415848959], [-0.004676576802631677, -0.02183615415848959, 0.03441932890846667]]",0.933860944235386,0.3254854571418313,-0.7166403673538161
2026-03-14 17:42:34,GPR_Optimization_h_mean_0.35_v_mean_0.5_20260314-164332,1451,3.694927039690137,20.60388835165512,0.018510975333785925,0.9829911212491064,0.0035385453446308505,0.0005431093007467753,2.6819013675752923,3.817997033422386e-09,231.05416265390573,946.8359991312722,0.0018635456079206995,"[[0.009268521796737029, 0.011697564008116279, -0.004890905929699052], [0.011697564008116279, 0.022503575556516577, -0.021683373445944617], [-0.004890905929699052, -0.021683373445944617, 0.03368000402518218]]",0.9353338529375465,0.32618062085899624,-0.7181968382346642
2026-03-14 17:42:34,GPR_Optimization_h_mean_0.35_v_mean_0.5_20260314-164332,209,3.694927039690137,20.60388835165512,0.018510975333785925,0.9829911212491064,0.0035385453446308505,0.0005431093007467753,2.6819013675752923,3.817997033422386e-09,231.05416265390573,946.8359991312722,0.0018635456079206995,"[[0.009268521796737029, 0.011697564008116279, -0.004890905929699052], [0.011697564008116279, 0.022503575556516577, -0.021683373445944617], [-0.004890905929699052, -0.021683373445944617, 0.03368000402518218]]",0.9353338529375465,0.32618062085899624,-0.7181968382346642
2026-03-14 18:41:43,GPR_Optimization_h_mean_0.35_v_mean_0.8_20260314-174234,958,3.6256879368532475,19.917225333721127,0.04691166141108604,0.958055411791035,0.006954384275737272,0.0005977911616576748,3.7167405225280845,2.0232796373450383e-06,2276.8397061607593,145.948357643673,0.016170495327699166,"[[0.008817164736501135, 0.010935096682773314, -0.004237663285339046], [0.010935096682773314, 0.02147270176079319, -0.02107627359150839], [-0.004237663285339046, -0.02107627359150839, 0.033676074611874586]]",1.086090208229658,0.32718982828845306,-1.0177962192695507
2026-03-14 18:41:43,GPR_Optimization_h_mean_0.35_v_mean_0.8_20260314-174234,1561,3.5678701789224,19.70847444761549,0.05985544457471913,0.9441788856025246,0.012062148355704672,0.0006381810356342481,2.3420304876154145,2.0232796373450383e-06,2774.02701257615,475.55459311098645,0.016170495327699166,"[[0.008745663356576606, 0.010629523645617023, -0.0037714330499499706], [0.010629523645617023, 0.020947647876790203, -0.020638258988221594], [-0.0037714330499499706, -0.020638258988221594, 0.03373100858445157]]",1.0812188522557138,0.32450936997045265,-1.013409767471243
2026-03-14 18:41:43,GPR_Optimization_h_mean_0.35_v_mean_0.8_20260314-174234,1007,3.5678463879526627,19.125398889900655,0.07635726795096322,0.9329935506441981,0.006447257312872366,0.0005786948907332673,3.7167405225280845,2.0232796373450383e-06,2276.8397061607593,475.55459311098645,0.016170495327699166,"[[0.009093301568191313, 0.011452478426196224, -0.004719631187234391], [0.011452478426196224, 0.02268300821382549, -0.022460659820469436], [-0.004719631187234391, -0.022460659820469436, 0.03547926150949885]]",1.0830291587347818,0.3263795209286522,-1.0132959194855757
2026-03-14 18:41:43,GPR_Optimization_h_mean_0.35_v_mean_0.8_20260314-174234,1292,3.5678463879526627,19.125398889900655,0.07635726795096322,0.9329935506441981,0.006447257312872366,0.0005786948907332673,3.7167405225280845,2.0232796373450383e-06,2276.8397061607593,475.55459311098645,0.016170495327699166,"[[0.009093301568191313, 0.011452478426196224, -0.004719631187234391], [0.011452478426196224, 0.02268300821382549, -0.022460659820469436], [-0.004719631187234391, -0.022460659820469436, 0.03547926150949885]]",1.0830291587347818,0.3263795209286522,-1.0132959194855757
2026-03-14 18:41:43,GPR_Optimization_h_mean_0.35_v_mean_0.8_20260314-174234,569,3.5650435640871976,18.71597763260253,0.08161165078820576,0.925418658557403,0.005075783121491752,0.000530148285594,3.5456198924077236,1.1831239303533849e-09,16311.765500742831,441.3064914012357,0.1871792558640082,"[[0.009266435585324004, 0.011902092425219427, -0.005273068440632756], [0.011902092425219427, 0.02323473692485056, -0.022666272826485527], [-0.005273068440632756, -0.022666272826485527, 0.034785111837106794]]",1.0774432815326267,0.3257268077973458,-1.0034283292039974
2026-03-14 19:40:55,GPR_Optimization_h_mean_0.35_v_mean_1.1_20260314-184143,1035,3.794757231025768,16.194863001236424,0.18853865537124925,0.831847594555832,0.009929306711229706,0.0006801984942878786,3.8454336676511747,1.5928463878718009e-12,5097.922424689452,116.83615838427097,0.016028801848838304,"[[0.009390026128805094, 0.011987046403973935, -0.005196659805114402], [0.011987046403973935, 0.024248474111003955, -0.024525461462168253], [-0.005196659805114402, -0.024525461462168253, 0.03865783949541733]]",1.2156160527826068,0.32195093131905606,-1.287323740294212
2026-03-14 19:40:55,GPR_Optimization_h_mean_0.35_v_mean_1.1_20260314-184143,216,3.781791328104288,16.21659338890739,0.19783029716153241,0.826714471231471,0.010957341620176126,0.0006657386673122314,4.6560551006600654,3.583677796008694e-06,67857.75900333234,92.00080288384478,0.0016211276440285664,"[[0.00925780553579468, 0.011455809188122251, -0.004398836607607], [0.011455809188122251, 0.02321070352594723, -0.023511590769306], [-0.004398836607607, -0.023511590769306, 0.03822383855917589]]",1.2215737388567398,0.3224967149540734,-1.298146750493673
2026-03-14 19:40:55,GPR_Optimization_h_mean_0.35_v_mean_1.1_20260314-184143,1146,3.781791328104288,16.21659338890739,0.19783029716153241,0.826714471231471,0.010957341620176126,0.0006657386673122314,4.6560551006600654,3.583677796008694e-06,67857.75900333234,92.00080288384478,0.0016211276440285664,"[[0.00925780553579468, 0.011455809188122251, -0.004398836607607], [0.011455809188122251, 0.02321070352594723, -0.023511590769306], [-0.004398836607607, -0.023511590769306, 0.03822383855917589]]",1.2215737388567398,0.3224967149540734,-1.298146750493673
2026-03-14 19:40:55,GPR_Optimization_h_mean_0.35_v_mean_1.1_20260314-184143,246,3.7659917465762613,16.043621517935556,0.20477523018595414,0.821779914640501,0.011683334082768776,0.0006770175121863152,5.173224695022119,4.444512703775405e-05,56647.58209952916,61.12189925866216,0.006894998161732103,"[[0.009062216188562807, 0.011379529069604667, -0.004635682901155466], [0.011379529069604667, 0.02325412950114552, -0.023749721241927254], [-0.004635682901155466, -0.023749721241927254, 0.03822725777819573]]",1.2207591521435572,0.3224087761899922,-1.2966979928336158
2026-03-14 19:40:55,GPR_Optimization_h_mean_0.35_v_mean_1.1_20260314-184143,307,3.7637732187713095,15.90208147202525,0.20285718717523152,0.8209078585479788,0.009128136053104566,0.0008221005444477191,3.8454336676511747,2.833779864372761e-07,5097.922424689452,368.853605703958,0.016028801848838304,"[[0.00923742828840122, 0.011963881589212782, -0.00545437272954061], [0.011963881589212782, 0.02429733334148082, -0.02466792683611482], [-0.00545437272954061, -0.02466792683611482, 0.038426410857982665]]",1.2125760700542425,0.32135994255925043,-1.2824282244247907
2026-03-14 20:40:07,GPR_Optimization_h_mean_0.35_v_mean_1.4_20260314-194055,269,3.5959881978761383,12.323178909414716,0.3533688880347219,0.6939296442245334,0.017189043388696822,0.0004644533064270728,6.017502188992131,5.1629252366979416e-05,20908.077709591824,13.969078414790685,0.013583831622872992,"[[0.009629469292548433, 0.012940755505418181, -0.006623554002640006], [0.012940755505418181, 0.026963870100725578, -0.028046695819440207], [-0.006623554002640006, -0.028046695819440207, 0.04284548293893214]]",1.3536738800802885,0.3173786446479579,-1.572588039536596
2026-03-14 20:40:07,GPR_Optimization_h_mean_0.35_v_mean_1.4_20260314-194055,15,3.5234186168099852,12.07907359465831,0.3496267679413305,0.6923719509412991,0.012916608348932206,0.0006384232582503929,5.965407860051732,8.08748148315455e-08,3064.2697729875135,297.30380202703014,0.0012862244411361993,"[[0.009968429844722109, 0.01296629445526607, -0.005997606561604848], [0.01296629445526607, 0.0260277779673454, -0.02612448578187322], [-0.005997606561604848, -0.02612448578187322, 0.04025325727840546]]",1.3555252328476755,0.3190435806677078,-1.5729584199175894
2026-03-14 20:40:07,GPR_Optimization_h_mean_0.35_v_mean_1.4_20260314-194055,1913,3.514089731271341,12.245986046577176,0.36027993432064914,0.6867901095614526,0.01861496835303636,0.0006057804205391446,5.92757299760861,9.612202437353123e-05,35708.420497677726,254.60798669355202,0.04760585124113505,"[[0.009660270984192967, 0.012827453297735106, -0.006336049282126168], [0.012827453297735106, 0.02645745189495833, -0.027261210801868975], [-0.006336049282126168, -0.027261210801868975, 0.041849585408212556]]",1.357377736853134,0.31930036974537346,-1.5761504303002398
2026-03-14 20:40:07,GPR_Optimization_h_mean_0.35_v_mean_1.4_20260314-194055,1191,3.5056284432001608,11.89015227569942,0.36883116883116884,0.6800611440926605,0.01214324699606739,0.0005844155844155844,5.965407860051732,3.516610407822551e-08,63867.285972364836,982.4956999735651,0.0016954083244810395,"[[0.009827367180656268, 0.01268337560537872, -0.005713691522390024], [0.01268337560537872, 0.02561962056126246, -0.0258740911422026], [-0.005713691522390024, -0.0258740911422026, 0.04032081961578814]]",1.3521790008688117,0.31773866295922404,-1.5688763729376465
2026-03-14 20:40:07,GPR_Optimization_h_mean_0.35_v_mean_1.4_20260314-194055,1461,3.5056284432001608,11.89015227569942,0.36883116883116884,0.6800611440926605,0.01214324699606739,0.0005844155844155844,5.965407860051732,3.516610407822551e-08,63867.285972364836,982.4956999735651,0.0016954083244810395,"[[0.009827367180656268, 0.01268337560537872, -0.005713691522390024], [0.01268337560537872, 0.02561962056126246, -0.0258740911422026], [-0.005713691522390024, -0.0258740911422026, 0.04032081961578814]]",1.3521790008688117,0.31773866295922404,-1.5688763729376465
2026-03-14 21:39:05,GPR_Optimization_h_mean_0.4_v_mean_0.2_20260314-204007,300,3.7994576585448576,21.04000129926275,0.003089486431099795,0.9971795595857534,0.0020997418878646755,0.00013972551698441285,2.0753108465956074,1.6774740083737147e-08,3430.0163366675847,78.78621762535735,0.016382337437426262,"[[0.009485460478717707, 0.011685421904384376, -0.004656257141839721], [0.011685421904384376, 0.020763739923768964, -0.018669835431212718], [-0.004656257141839721, -0.018669835431212718, 0.028739466740161045]]",0.8427387501287869,0.3775729667888737,-0.4291456379779821
2026-03-14 21:39:05,GPR_Optimization_h_mean_0.4_v_mean_0.2_20260314-204007,1925,3.7993311369917233,21.043040763356714,0.003249529673336754,0.9970959115572566,0.002078455886092412,0.00018657586641167965,2.124346072801372,6.41038587385995e-13,430.85349036160756,14.136054619644803,0.0018384847027320015,"[[0.009580952093393633, 0.011753791743732915, -0.004604570378040098], [0.011753791743732915, 0.020769632803047288, -0.018539537788985594], [-0.004604570378040098, -0.018539537788985594, 0.02856256664407373]]",0.8424544781948827,0.3775803204514596,-0.4285952654612792
2026-03-14 21:39:05,GPR_Optimization_h_mean_0.4_v_mean_0.2_20260314-204007,965,3.799270396579857,21.009327239033073,0.002904238618524333,0.997275807375209,0.002049896725187007,0.00012558869701726844,2.1135702935980087,3.490199996755203e-15,14085.21404004027,368.25724809760067,0.2242590999569022,"[[0.009489938409123006, 0.011683078642086, -0.0046194903692183854], [0.011683078642086, 0.020669736771605805, -0.018438440348421695], [-0.0046194903692183854, -0.018438440348421695, 0.028272573917436414]]",0.8441245563278934,0.37797013037613053,-0.43124062666758733
2026-03-14 21:39:05,GPR_Optimization_h_mean_0.4_v_mean_0.2_20260314-204007,529,3.799162875944409,21.042872050531397,0.0032161403178487943,0.9972513164761704,0.0025542344766703107,0.00018826187226431967,2.0019345465074294,2.0708580250303585e-14,515.1771463134187,995.5056123686575,0.016382337437426262,"[[0.009568796628939705, 0.011641064426320636, -0.004374053368413562], [0.011641064426320636, 0.02048692776328036, -0.018143795726619193], [-0.004374053368413562, -0.018143795726619193, 0.02814705072653104]]",0.8442874139108725,0.3780117405974654,-0.4315334412345481
2026-03-14 21:39:05,GPR_Optimization_h_mean_0.4_v_mean_0.2_20260314-204007,725,3.7991615960189336,21.042873981346858,0.0032162412337815153,0.9972512408767682,0.002555385202310429,0.00018826777953843016,2.0019345465074294,7.084560414079368e-14,515.1771463134187,192.74051775599952,0.016382337437426262,"[[0.009568956104520077, 0.011640555062084931, -0.00437272897838017], [0.011640555062084931, 0.02048476400384461, -0.01814050253567026], [-0.00437272897838017, -0.01814050253567026, 0.02814312014178161]]",0.8442829448098439,0.3780111962697393,-0.4315255439855259
2026-03-14 22:38:09,GPR_Optimization_h_mean_0.4_v_mean_0.5_20260314-213905,818,3.798125260853611,21.043715324791773,0.0024047094829874613,0.9978527208801636,0.0029913921769355563,0.00012491997314220576,2.6920311487749222,5.3660857056514496e-12,278.5589449335648,63.82693650312871,0.003507792750932045,"[[0.009197972699387696, 0.011194416984048624, -0.003998186464916066], [0.011194416984048624, 0.020394268594783254, -0.01841061956006273], [-0.003998186464916066, -0.01841061956006273, 0.028838865924681583]]",0.9935917761260116,0.37898996714066,-0.7291887015766086
2026-03-14 22:38:09,GPR_Optimization_h_mean_0.4_v_mean_0.5_20260314-213905,599,3.798125260853611,21.043715324791773,0.0024047094829874613,0.9978527208801636,0.0029913921769355563,0.00012491997314220576,2.6920311487749222,5.3660857056514496e-12,278.5589449335648,63.82693650312871,0.003507792750932045,"[[0.009197972699387696, 0.011194416984048624, -0.003998186464916066], [0.011194416984048624, 0.020394268594783254, -0.01841061956006273], [-0.003998186464916066, -0.01841061956006273, 0.028838865924681583]]",0.9935917761260116,0.37898996714066,-0.7291887015766086
2026-03-14 22:38:09,GPR_Optimization_h_mean_0.4_v_mean_0.5_20260314-213905,889,3.798125260853611,21.043715324791773,0.0024047094829874613,0.9978527208801636,0.0029913921769355563,0.00012491997314220576,2.6920311487749222,5.3660857056514496e-12,278.5589449335648,63.82693650312871,0.003507792750932045,"[[0.009197972699387696, 0.011194416984048624, -0.003998186464916066], [0.011194416984048624, 0.020394268594783254, -0.01841061956006273], [-0.003998186464916066, -0.01841061956006273, 0.028838865924681583]]",0.9935917761260116,0.37898996714066,-0.7291887015766086
2026-03-14 22:38:09,GPR_Optimization_h_mean_0.4_v_mean_0.5_20260314-213905,258,3.7965626688880154,21.03684046043004,0.0029416294470968737,0.9973756852726824,0.0034769372119292288,0.00016941321423071,2.377504819415017,2.192116993003863e-12,9031.21540133609,10.858850261441138,0.06279004437973441,"[[0.009116456429150445, 0.011225899701774485, -0.0042302402289107685], [0.011225899701774485, 0.02087582133869455, -0.01932451555860186], [-0.0042302402289107685, -0.01932451555860186, 0.030222376432930208]]",0.9910756967799944,0.3778214912489725,-0.7264716341718762
2026-03-14 22:38:09,GPR_Optimization_h_mean_0.4_v_mean_0.5_20260314-213905,1843,3.7963217875989925,21.084254562876048,0.002395358603848128,0.9975038106978752,0.004676778313190578,0.00010887993653855127,2.1028907498393288,2.0444156735570832e-14,2475.1045857193517,79.82021375250221,0.04221634425128752,"[[0.009159911628266505, 0.011138401697292603, -0.003960124188350726], [0.011138401697292603, 0.02052162679629866, -0.01877263246161263], [-0.003960124188350726, -0.01877263246161263, 0.029632190001831486]]",0.9923785009099877,0.3780129487050339,-0.7287222557042865
2026-03-14 23:37:12,GPR_Optimization_h_mean_0.4_v_mean_0.8_20260314-223809,16,3.7973130255707845,20.271948130370273,0.025429916269243315,0.9761247381994714,0.005808375501016533,0.00015534463206623894,3.0201320699806744,1.437553651440727e-10,10889.430981127638,13.943861468254067,0.14311508565117298,"[[0.009055961928865715, 0.011212791879680101, -0.004314464674676431], [0.011212791879680101, 0.02134728149241407, -0.020269644869435218], [-0.004314464674676431, -0.020269644869435218, 0.031910204360195614]]",1.1383403500396687,0.3779179002312487,-1.020843214512678
2026-03-14 23:37:12,GPR_Optimization_h_mean_0.4_v_mean_0.8_20260314-223809,1416,3.790772577819126,20.1449154367202,0.02919605077574048,0.9729420309634995,0.003960882622118335,0.00014104372355430183,3.9062024300124434,1.3290796859298316e-11,12866.639570071315,37.25959657472534,0.18651037609549118,"[[0.009136123597997871, 0.011375185076126526, -0.004478873376189404], [0.011375185076126526, 0.02132026479608025, -0.019890790903310324], [-0.004478873376189404, -0.019890790903310324, 0.030823688578835055]]",1.1418372306532476,0.38038543017658794,-1.022901893772035
2026-03-14 23:37:12,GPR_Optimization_h_mean_0.4_v_mean_0.8_20260314-223809,1205,3.789979625873231,20.14271294308731,0.029860806320145462,0.9729642575183196,0.004709494054547057,0.00025079942316132673,3.4019028186718603,1.3290796859298316e-11,3151.199497890475,16.03126320790875,0.04643936151734497,"[[0.009156374540565454, 0.011495576426961373, -0.004678907214177895], [0.011495576426961373, 0.021821638900823625, -0.020652745591308086], [-0.004678907214177895, -0.020652745591308086, 0.03194793190682535]]",1.139901917202418,0.37925538207705123,-1.0212918876073396
2026-03-14 23:37:12,GPR_Optimization_h_mean_0.4_v_mean_0.8_20260314-223809,760,3.78540481343014,20.206058238660553,0.03092002535442079,0.9712032406833224,0.006624576706727345,0.00021644017748094553,2.9573477053683894,1.0107305017056932e-14,11322.916668338567,154.916126068561,0.15407375492706843,"[[0.009122426091730878, 0.011239717142822101, -0.004234989006480832], [0.011239717142822101, 0.021330731733564732, -0.02018251603970477], [-0.004234989006480832, -0.02018251603970477, 0.03189523015690193]]",1.1400446512906082,0.37931995044253414,-1.021448442412738
2026-03-14 23:37:12,GPR_Optimization_h_mean_0.4_v_mean_0.8_20260314-223809,200,3.7830519260405455,20.22169001229948,0.033207134060119506,0.9695728447973763,0.005880032063390587,0.00019766151226261613,3.0053286568113644,5.686983683349526e-11,22326.21147308833,17.835841344763303,0.09245211613581361,"[[0.00895574643333454, 0.010932081543179852, -0.003953507968722897], [0.010932081543179852, 0.020790563746056086, -0.019717838453793678], [-0.003953507968722897, -0.019717838453793678, 0.03152882286407601]]",1.1397074587599152,0.37855978267374457,-1.0222935007185963
2026-03-15 00:36:04,GPR_Optimization_h_mean_0.4_v_mean_1.1_20260314-233712,790,3.6916096070207383,17.31868315630856,0.14252559097476253,0.8708021462644183,0.009246609806867525,3.07399096246657e-05,5.02435571219929,9.40345648766748e-08,11502.471274401873,15.790972268971604,0.010572265747902007,"[[0.008963719863830506, 0.01093609430063319, -0.003947324587043398], [0.01093609430063319, 0.021247678238798265, -0.020629673593050405], [-0.003947324587043398, -0.020629673593050405, 0.03337527330235614]]",1.282792785579237,0.3754133231993785,-1.3147522945737675
2026-03-15 00:36:04,GPR_Optimization_h_mean_0.4_v_mean_1.1_20260314-233712,390,3.6698703542465982,17.251357563080223,0.12116345759934453,0.8905462196228054,0.006523457597830336,0.00011470708725931995,4.9561629258170425,1.1676859680115192e-09,372.0358511517088,12.908127573308839,0.008877281066024551,"[[0.009203661063796283, 0.011486506733121774, -0.00456523306055038], [0.011486506733121774, 0.022221693555905208, -0.02146949945869393], [-0.00456523306055038, -0.02146949945869393, 0.033807790203710025]]",1.2774898510386772,0.37742225347754266,-1.3001361582479904
2026-03-15 00:36:04,GPR_Optimization_h_mean_0.4_v_mean_1.1_20260314-233712,1917,3.6606400378863273,17.258979047880576,0.12438495403340671,0.8858935621910972,0.006522417732074552,0.00011329794121455392,4.965779285300256,1.2315038090462897e-15,158.06275402263523,19.22857133527201,0.0015397033461774009,"[[0.00919173662207273, 0.011537768399568944, -0.00469224956632654], [0.011537768399568944, 0.02240339074215276, -0.02173130455154831], [-0.00469224956632654, -0.02173130455154831, 0.034077888760061105]]",1.2779201132406595,0.37698289544351854,-1.301874004110739
2026-03-15 00:36:04,GPR_Optimization_h_mean_0.4_v_mean_1.1_20260314-233712,706,3.656572640756073,17.711442230277203,0.11340450396386721,0.8982585897336127,0.007190773156280431,0.00015792299674678627,4.606535289319921,1.0493963904016068e-15,30606.58070563776,12.133592571385467,0.12573142531790785,"[[0.00910921011958215, 0.01120035339730193, -0.004182655316166477], [0.01120035339730193, 0.021519139541563963, -0.020637975964053847], [-0.004182655316166477, -0.020637975964053847, 0.03291072968633812]]",1.2816630035303795,0.37726953224983895,-1.308786058867864
2026-03-15 00:36:04,GPR_Optimization_h_mean_0.4_v_mean_1.1_20260314-233712,726,3.656572640756073,17.711442230277203,0.11340450396386721,0.8982585897336127,0.007190773156280431,0.00015792299674678627,4.606535289319921,1.0493963904016068e-15,30606.58070563776,12.133592571385467,0.12573142531790785,"[[0.00910921011958215, 0.01120035339730193, -0.004182655316166477], [0.01120035339730193, 0.021519139541563963, -0.020637975964053847], [-0.004182655316166477, -0.020637975964053847, 0.03291072968633812]]",1.2816630035303795,0.37726953224983895,-1.308786058867864
2026-03-15 01:35:04,GPR_Optimization_h_mean_0.4_v_mean_1.4_20260315-003604,1302,3.699278696742928,13.977359952051184,0.26814073595868304,0.7648326166292888,0.012113557991621723,4.841833440929632e-05,4.751594321665089,1.5612884304818186e-13,1881.5116551014003,466.7354858195522,0.0013536059521086156,"[[0.00949668246173072, 0.011994996640173245, -0.0049966756094710785], [0.011994996640173245, 0.023591467364088386, -0.023192993291422815], [-0.0049966756094710785, -0.023192993291422815, 0.03639264654742327]]",1.4141889528396843,0.3712550260272777,-1.5858677432090955
2026-03-15 01:35:04,GPR_Optimization_h_mean_0.4_v_mean_1.4_20260315-003604,877,3.699278696742928,13.977359952051184,0.26814073595868304,0.7648326166292888,0.012113557991621723,4.841833440929632e-05,4.751594321665089,1.5612884304818186e-13,1881.5116551014003,466.7354858195522,0.0013536059521086156,"[[0.00949668246173072, 0.011994996640173245, -0.0049966756094710785], [0.011994996640173245, 0.023591467364088386, -0.023192993291422815], [-0.0049966756094710785, -0.023192993291422815, 0.03639264654742327]]",1.4141889528396843,0.3712550260272777,-1.5858677432090955
2026-03-15 01:35:04,GPR_Optimization_h_mean_0.4_v_mean_1.4_20260315-003604,1710,3.6764545791703584,14.24684267147296,0.26461699961827206,0.7674955891086821,0.01358515631955253,7.952665733553888e-05,4.903389444684826,3.3379990510571777e-09,41645.15717209505,254.12271869221,0.002510253069705318,"[[0.009274471834874072, 0.011621504695904504, -0.004694050487525816], [0.011621504695904504, 0.023002067413243163, -0.022760918517848387], [-0.004694050487525816, -0.022760918517848387, 0.03613338231589425]]",1.4189258153180004,0.3716930678731686,-1.5944655557940557
2026-03-15 01:35:04,GPR_Optimization_h_mean_0.4_v_mean_1.4_20260315-003604,465,3.663020025939323,14.240332849946153,0.2618551412356921,0.773323884060449,0.011361495481945566,0.00011221905158870114,5.390228323045372,3.3379990510571777e-09,53837.47824067678,105.401107460211,0.0023066106145243773,"[[0.009412127656480442, 0.011863593049338544, -0.004903471919006509], [0.011863593049338544, 0.023382869670646487, -0.02303918032423775], [-0.004903471919006509, -0.02303918032423775, 0.036271631277441235]]",1.4196296452890491,0.3713224201039383,-1.5966132244016606
2026-03-15 01:35:04,GPR_Optimization_h_mean_0.4_v_mean_1.4_20260315-003604,763,3.663020025939323,14.240332849946153,0.2618551412356921,0.773323884060449,0.011361495481945566,0.00011221905158870114,5.390228323045372,3.3379990510571777e-09,53837.47824067678,105.401107460211,0.0023066106145243773,"[[0.009412127656480442, 0.011863593049338544, -0.004903471919006509], [0.011863593049338544, 0.023382869670646487, -0.02303918032423775], [-0.004903471919006509, -0.02303918032423775, 0.036271631277441235]]",1.4196296452890491,0.3713224201039383,-1.5966132244016606
2026-03-15 02:33:27,GPR_Optimization_h_mean_0.45_v_mean_0.2_20260315-013504,1714,3.789871731416713,21.083524512417227,0.0024359961652705526,0.9980521296993967,0.002996876213063243,0.0,2.0448420106704113,8.879033070429267e-07,996.9140834266129,782.3847769882441,0.0018108553140188325,"[[0.009208709557810174, 0.011064305691078807, -0.003838096571885113], [0.011064305691078807, 0.019589297473363947, -0.017308153740157643], [-0.003838096571885113, -0.017308153740157643, 0.02727672964052595]]",0.898236577459117,0.4296590846740753,-0.43655639897219156
2026-03-15 02:33:27,GPR_Optimization_h_mean_0.45_v_mean_0.2_20260315-013504,1332,3.789871731416713,21.083524512417227,0.0024359961652705526,0.9980521296993967,0.002996876213063243,0.0,2.0448420106704113,8.879033070429267e-07,996.9140834266129,782.3847769882441,0.0018108553140188325,"[[0.009208709557810174, 0.011064305691078807, -0.003838096571885113], [0.011064305691078807, 0.019589297473363947, -0.017308153740157643], [-0.003838096571885113, -0.017308153740157643, 0.02727672964052595]]",0.898236577459117,0.4296590846740753,-0.43655639897219156
2026-03-15 02:33:27,GPR_Optimization_h_mean_0.45_v_mean_0.2_20260315-013504,1787,3.789871731416713,21.083524512417227,0.0024359961652705526,0.9980521296993967,0.002996876213063243,0.0,2.0448420106704113,8.879033070429267e-07,996.9140834266129,782.3847769882441,0.0018108553140188325,"[[0.009208709557810174, 0.011064305691078807, -0.003838096571885113], [0.011064305691078807, 0.019589297473363947, -0.017308153740157643], [-0.003838096571885113, -0.017308153740157643, 0.02727672964052595]]",0.898236577459117,0.4296590846740753,-0.43655639897219156
2026-03-15 02:33:27,GPR_Optimization_h_mean_0.45_v_mean_0.2_20260315-013504,1218,3.7801868940906544,20.99883843911949,0.005425807973578675,0.9948727008232305,0.002184737141845774,0.0,2.0448420106704113,3.3208445304982324e-09,1852.057471429266,151.6872723350641,0.0030999583063672778,"[[0.009263361605436227, 0.01104757615860805, -0.003706169339489869], [0.01104757615860805, 0.01924640172053058, -0.016674033296096662], [-0.003706169339489869, -0.016674033296096662, 0.026301920138621437]]",0.8970034768326601,0.4297690357249641,-0.43383114470154904
2026-03-15 02:33:27,GPR_Optimization_h_mean_0.45_v_mean_0.2_20260315-013504,1889,3.7793043000826825,20.99885715244421,0.005357861810523707,0.9952555974570624,0.002607637031819549,0.0,2.0816214524911354,3.3208445304982324e-09,1852.057471429266,802.5337790602288,0.0012115765536838813,"[[0.009232760192742405, 0.011039305899365255, -0.0037532405631539216], [0.011039305899365255, 0.019450567956516566, -0.017117845674369848], [-0.0037532405631539216, -0.017117845674369848, 0.02713291573286407]]",0.8945769803236194,0.42887492838072894,-0.43068616296564893
2026-03-15 03:32:19,GPR_Optimization_h_mean_0.45_v_mean_0.5_20260315-023327,1840,3.79908117755357,21.129052907673838,0.0,0.9999994772312107,0.002865812114660146,1.6038749619079698e-05,2.475760009543341,5.195573147943371e-14,4838.864408937529,524.4363787735608,0.10107413894608654,"[[0.009110774030121034, 0.01094717632007226, -0.0036736219180606784], [0.01094717632007226, 0.019543332283820783, -0.017193901720064353], [-0.0036736219180606784, -0.017193901720064353, 0.027042242703719566]]",1.0485234405122572,0.4308884289318225,-0.7352677752957423
2026-03-15 03:32:19,GPR_Optimization_h_mean_0.45_v_mean_0.5_20260315-023327,258,3.798971362536671,21.129067938699563,0.0,0.9999997753854553,0.0029682001742334396,3.211045998233925e-05,2.430987592167798,9.963729884619107e-14,1448.090093345101,447.48008631398034,0.033654560303243354,"[[0.009091906520847095, 0.01093537468754312, -0.003687882378717703], [0.01093537468754312, 0.01950544712405172, -0.017141663239797916], [-0.003687882378717703, -0.017141663239797916, 0.02690886918001872]]",1.0485667036208124,0.43094708120753716,-0.7352369378388443
2026-03-15 03:32:19,GPR_Optimization_h_mean_0.45_v_mean_0.5_20260315-023327,1774,3.797268142391854,21.08017928103452,0.0009525347110106555,0.999133497368395,0.0022621608519815444,0.0,3.1871916899906436,1.4671651072067514e-05,61649.762882725154,762.3892763348247,1.3236692744732208,"[[0.009109199318119727, 0.010867281254892237, -0.003517245988867057], [0.010867281254892237, 0.01917946106346877, -0.016626600582868557], [-0.003517245988867057, -0.016626600582868557, 0.026221312880881902]]",1.050234706830319,0.4318532387476463,-0.73675979042707
2026-03-15 03:32:19,GPR_Optimization_h_mean_0.45_v_mean_0.5_20260315-023327,687,3.7969209500072325,21.08341114229234,0.0010667091227511542,0.9990030604106733,0.0023861629423076996,1.592103168285305e-05,2.865674231040928,2.6245971318649855e-07,14316.732308472236,19.134585714247265,0.15334856457045704,"[[0.009157647307224605, 0.011048231040944937, -0.003781763801555729], [0.011048231040944937, 0.019620450779169442, -0.01714600073507399], [-0.003781763801555729, -0.01714600073507399, 0.02673049632184591]]",1.0479471866198165,0.43069269158072354,-0.7345061279012622
2026-03-15 03:32:19,GPR_Optimization_h_mean_0.45_v_mean_0.5_20260315-023327,1826,3.7966792992165863,21.08520211758079,0.0010266281681103626,0.9990523391451852,0.002751024624975724,1.6041065126724415e-05,2.531073960073267,2.2352755918896085e-07,6036.773530787373,948.4918728151341,0.11933086161700433,"[[0.009167766459503566, 0.011079190700883838, -0.003823747448499379], [0.011079190700883838, 0.019774615302768174, -0.017392627078955804], [-0.003823747448499379, -0.017392627078955804, 0.027139704376065228]]",1.047343458841505,0.4305933879189689,-0.7334974085658725
2026-03-15 04:31:12,GPR_Optimization_h_mean_0.45_v_mean_0.8_20260315-033219,820,3.7848663069710855,20.53492275310831,0.015310182385332782,0.9858082627803609,0.0037256470357937862,0.0,3.663709795555379,1.8240274752156597e-07,94660.50793638961,23.128968263886833,1.3843190779028152,"[[0.008899496000834001, 0.010772643332018656, -0.0037462687343935994], [0.010772643332018656, 0.019673023918554713, -0.01780072034600331], [-0.0037462687343935994, -0.01780072034600331, 0.02810887349943385]]",1.1962853956790849,0.43186803277876057,-1.0288347815199905
2026-03-15 04:31:12,GPR_Optimization_h_mean_0.45_v_mean_0.8_20260315-033219,1425,3.7767785185097944,20.541221004588444,0.018831595754672678,0.982943547928196,0.004173035631860478,0.0,3.5235594791986404,6.128494317045502e-15,274.7708740698673,946.3590540140283,0.001774161930400747,"[[0.009032519147209542, 0.01096977219363803, -0.0038743403055932417], [0.01096977219363803, 0.02021525128897958, -0.0184906372986255], [-0.0038743403055932417, -0.0184906372986255, 0.029232290618898763]]",1.1934108961377556,0.42981595833247244,-1.027190243926204
2026-03-15 04:31:12,GPR_Optimization_h_mean_0.45_v_mean_0.8_20260315-033219,1625,3.769957836208048,20.383647514762245,0.020765009838583245,0.9807968548841515,0.004103459684094107,0.0,3.34655109065799,6.128494317045502e-15,2420.147369670661,38.110438254500416,0.03400819966214197,"[[0.009060356082541188, 0.01097561230201976, -0.0038305124389571375], [0.01097561230201976, 0.020144263817099963, -0.018337303030160384], [-0.0038305124389571375, -0.018337303030160384, 0.029013581182406493]]",1.1948871121117834,0.43091337083407927,-1.0279474825554085
2026-03-15 04:31:12,GPR_Optimization_h_mean_0.45_v_mean_0.8_20260315-033219,1565,3.7662037811577216,20.6909504778318,0.011025058405606938,0.9894629150897399,0.0037592528231453546,1.6001536147470158e-05,3.622830817868592,1.2556513390294329e-12,6755.632593292694,23.128968263886833,0.16762405265455338,"[[0.009016300548873757, 0.010993673478255583, -0.003954637090748708], [0.010993673478255583, 0.019967110358632446, -0.01794671241452017], [-0.003954637090748708, -0.01794671241452017, 0.027984050059007712]]",1.195954478096729,0.43121663649079645,-1.0294758930552819
2026-03-15 04:31:12,GPR_Optimization_h_mean_0.45_v_mean_0.8_20260315-033219,677,3.7662037811577216,20.6909504778318,0.011025058405606938,0.9894629150897399,0.0037592528231453546,1.6001536147470158e-05,3.622830817868592,1.2556513390294329e-12,6755.632593292694,23.128968263886833,0.16762405265455338,"[[0.009016300548873757, 0.010993673478255583, -0.003954637090748708], [0.010993673478255583, 0.019967110358632446, -0.01794671241452017], [-0.003954637090748708, -0.01794671241452017, 0.027984050059007712]]",1.195954478096729,0.43121663649079645,-1.0294758930552819
2026-03-15 05:30:09,GPR_Optimization_h_mean_0.45_v_mean_1.1_20260315-043112,1253,3.7976096386589924,19.08463358583039,0.059061994263647874,0.9463224820181421,0.005435002834400181,4.806998990530212e-05,5.0385278342983195,2.369091332036663e-12,3800.9917724899824,131.08636389646793,0.03058547134949362,"[[0.008953681919324526, 0.010784475901490542, -0.00366168395534362], [0.010784475901490542, 0.020095391222259867, -0.018621913300302974], [-0.00366168395534362, -0.018621913300302974, 0.029920437889536813]]",1.3393343820625108,0.4292913427403356,-1.3200858737437322
2026-03-15 05:30:09,GPR_Optimization_h_mean_0.45_v_mean_1.1_20260315-043112,1609,3.7804845527571396,18.835226808592353,0.06568710774058577,0.9398863068132297,0.005059651908579868,3.268828451882845e-05,5.591121811253467,2.2249209485844513e-11,683.6650471749775,37.83515741353932,0.013069296882289425,"[[0.009026528737501645, 0.010944309804257132, -0.0038358213156797155], [0.010944309804257132, 0.020296999968079366, -0.01870566030613189], [-0.0038358213156797155, -0.01870566030613189, 0.029739737119277597]]",1.3408294944027785,0.4307764555854883,-1.3201055721504227
2026-03-15 05:30:09,GPR_Optimization_h_mean_0.45_v_mean_1.1_20260315-043112,1190,3.7736233638647145,18.89306886811463,0.06917782268249557,0.9370368250752237,0.00677458766029699,7.893407426117707e-05,5.0385278342983195,2.9405487004448533e-13,6123.552980012198,131.08636389646793,0.031085352200526457,"[[0.00891049245481055, 0.010768389970338672, -0.0037160613011873018], [0.010768389970338672, 0.02032152558192695, -0.01910657713007665], [-0.0037160613011873018, -0.01910657713007665, 0.03078111874932247]]",1.3391720474627105,0.4291914619004623,-1.3199606065131435
2026-03-15 05:30:09,GPR_Optimization_h_mean_0.45_v_mean_1.1_20260315-043112,211,3.7736233638647145,18.89306886811463,0.06917782268249557,0.9370368250752237,0.00677458766029699,7.893407426117707e-05,5.0385278342983195,2.9405487004448533e-13,6123.552980012198,131.08636389646793,0.031085352200526457,"[[0.00891049245481055, 0.010768389970338672, -0.0037160613011873018], [0.010768389970338672, 0.02032152558192695, -0.01910657713007665], [-0.0037160613011873018, -0.01910657713007665, 0.03078111874932247]]",1.3391720474627105,0.4291914619004623,-1.3199606065131435
2026-03-15 05:30:09,GPR_Optimization_h_mean_0.45_v_mean_1.1_20260315-043112,774,3.7736233638647145,18.89306886811463,0.06917782268249557,0.9370368250752237,0.00677458766029699,7.893407426117707e-05,5.0385278342983195,2.9405487004448533e-13,6123.552980012198,131.08636389646793,0.031085352200526457,"[[0.00891049245481055, 0.010768389970338672, -0.0037160613011873018], [0.010768389970338672, 0.02032152558192695, -0.01910657713007665], [-0.0037160613011873018, -0.01910657713007665, 0.03078111874932247]]",1.3391720474627105,0.4291914619004623,-1.3199606065131435
2026-03-15 06:29:08,GPR_Optimization_h_mean_0.45_v_mean_1.4_20260315-053009,1313,3.7851530143630376,15.712066145482368,0.1689572223997847,0.849363304009992,0.009298736131716239,3.364341346072973e-05,4.983364556308027,1.803878330321999e-13,51115.61992207667,153.79424345847337,0.36911942401139,"[[0.009275347996697882, 0.011375359345159724, -0.00420028510611267], [0.011375359345159724, 0.021677374820846734, -0.020604331131100478], [-0.00420028510611267, -0.020604331131100478, 0.03280817723673636]]",1.4791544788411273,0.4268658271277008,-1.604576754499001
2026-03-15 06:29:08,GPR_Optimization_h_mean_0.45_v_mean_1.4_20260315-053009,838,3.7851530143630376,15.712066145482368,0.1689572223997847,0.849363304009992,0.009298736131716239,3.364341346072973e-05,4.983364556308027,1.803878330321999e-13,51115.61992207667,153.79424345847337,0.36911942401139,"[[0.009275347996697882, 0.011375359345159724, -0.00420028510611267], [0.011375359345159724, 0.021677374820846734, -0.020604331131100478], [-0.00420028510611267, -0.020604331131100478, 0.03280817723673636]]",1.4791544788411273,0.4268658271277008,-1.604576754499001
2026-03-15 06:29:08,GPR_Optimization_h_mean_0.45_v_mean_1.4_20260315-053009,784,3.7786579573821353,16.252748179041983,0.17917183080687704,0.8431619850674024,0.011097586288890989,4.766898655734579e-05,6.078682063574623,4.402082690294578e-13,89868.93469494127,731.978295501047,0.05288892285668068,"[[0.009076739427527042, 0.010795957737848944, -0.003438916025690697], [0.010795957737848944, 0.020881521217111162, -0.02017161447014333], [-0.003438916025690697, -0.02017161447014333, 0.033465441533035524]]",1.4843694485898544,0.42731579879610604,-1.6141063304957766
2026-03-15 06:29:08,GPR_Optimization_h_mean_0.45_v_mean_1.4_20260315-053009,1790,3.7774454015802017,15.753947577032225,0.17274043984217624,0.8455506532356196,0.008775815786108851,8.324038157390913e-05,5.942147234582343,4.484054402441168e-12,63288.20700701664,272.18789271682516,0.3792313472924954,"[[0.009206214820456688, 0.011151175456566657, -0.0038900999815282404], [0.011151175456566657, 0.020985435966341306, -0.019668728299111152], [-0.0038900999815282404, -0.019668728299111152, 0.03155732125717196]]",1.4799989234672042,0.4270783977457214,-1.6058406945431825
2026-03-15 06:29:08,GPR_Optimization_h_mean_0.45_v_mean_1.4_20260315-053009,1309,3.7697187408317077,16.344489520922373,0.1825844466851525,0.8388819789041994,0.011639424519089421,4.726493571968742e-05,5.356847807757296,4.402082690294578e-13,30350.40487652437,143.8029784581039,0.0015933093023199419,"[[0.009077972786613002, 0.010945636589592519, -0.0037352873839799406], [0.010945636589592519, 0.02113929265517297, -0.020387058168674393], [-0.0037352873839799406, -0.020387058168674393, 0.03330316734997822]]",1.4800444803146091,0.4245864140453556,-1.6109162041485416
2026-03-15 07:27:44,GPR_Optimization_h_mean_0.5_v_mean_0.2_20260315-062908,721,3.7990530213557787,21.12906130512252,0.0,0.9999994682883131,0.0025587128743485344,0.0,2.035283759310032,8.492665253210807e-12,17293.354413052817,75.67161958898818,0.0076433729119234385,"[[0.009126724810076646, 0.010707312619594065, -0.0032572893162857277], [0.010707312619594065, 0.018539472503298644, -0.015875050570120723], [-0.0032572893162857277, -0.015875050570120723, 0.025537191035728195]]",0.9491797346920959,0.4803525622938823,-0.43713057392873333
2026-03-15 07:27:44,GPR_Optimization_h_mean_0.5_v_mean_0.2_20260315-062908,1732,3.7972750033444767,21.077105837167796,0.0009744656955042447,0.9990846796411116,0.0017707385720111947,0.0,2.3669011909572113,4.344739121722807e-11,13339.6462590155,61.87914326362794,0.24024188665970625,"[[0.009158235511295229, 0.010714208562793672, -0.003177352366901772], [0.010714208562793672, 0.017968343311537807, -0.014631532925262071], [-0.003177352366901772, -0.014631532925262071, 0.02305151471500201]]",0.9553796902409064,0.4831036990391946,-0.44429169244603367
2026-03-15 07:27:44,GPR_Optimization_h_mean_0.5_v_mean_0.2_20260315-062908,1583,3.797244385459143,21.077087332885142,0.0009907856930545923,0.9990678452035622,0.001767430178072233,0.0,2.3685851385051913,3.174801933294608e-11,6237.33274536366,366.8430259362244,0.10501246928488817,"[[0.009173054266614904, 0.010732642363658961, -0.0031847965929926976], [0.010732642363658961, 0.01799405135190615, -0.014646498318016907], [-0.0031847965929926976, -0.014646498318016907, 0.02306696994207552]]",0.9554038634407676,0.4830968505229231,-0.444352860058206
2026-03-15 07:27:44,GPR_Optimization_h_mean_0.5_v_mean_0.2_20260315-062908,1444,3.79724047910186,21.0770904998001,0.000991129391942118,0.9990675634850986,0.0017708125978774536,0.0,2.3669011909572113,9.26617554451907e-09,6237.33274536366,501.88898097616686,0.10501246928488817,"[[0.009173791585206046, 0.010736883967107548, -0.0031916122563071378], [0.010736883967107548, 0.017994937388424746, -0.01463946677455397], [-0.0031916122563071378, -0.01463946677455397, 0.023039003224179688]]",0.9553975569547192,0.48309226800188243,-0.4443499836449044
2026-03-15 07:27:44,GPR_Optimization_h_mean_0.5_v_mean_0.2_20260315-062908,1009,3.7972385232287187,21.077251719938676,0.0010231698461944682,0.9990658832811555,0.0017716957110340532,0.0,2.3669011909572113,4.344739121722807e-11,33425.02417580234,880.3482273191247,0.5765294560442582,"[[0.009154840498414925, 0.010725600853350259, -0.003207084865147322], [0.010725600853350259, 0.01800522028261795, -0.014682948567359532], [-0.003207084865147322, -0.014682948567359532, 0.02309550845940851]]",0.9552593029314209,0.48306545116911354,-0.444126019443235
2026-03-15 08:26:25,GPR_Optimization_h_mean_0.5_v_mean_0.5_20260315-072744,1818,3.799440881806683,21.12905951946457,0.0,0.9999997389625838,0.0023306170757051224,0.0,2.629009926805072,2.7271888217879053e-13,560.3909135847662,38.01513398748483,0.006322563207462571,"[[0.00902794988492329, 0.010668758056084995, -0.0032819572971636486], [0.010668758056084995, 0.01856664224638361, -0.01579641153386386], [-0.0032819572971636486, -0.01579641153386386, 0.02502955401938398]]",1.1024436259193464,0.4826656891284215,-0.7395550563521249
2026-03-15 08:26:25,GPR_Optimization_h_mean_0.5_v_mean_0.5_20260315-072744,1941,3.799429588863961,21.12907288055451,0.0,0.9999999252225972,0.002342451222902497,0.0,2.629009926805072,2.7271888217879053e-13,560.3909135847662,132.65112850700822,0.006318371708443492,"[[0.009008474411196966, 0.010637846168990196, -0.0032590841965710136], [0.010637846168990196, 0.01851403451107114, -0.015753019265648222], [-0.0032590841965710136, -0.015753019265648222, 0.024988515038362635]]",1.1024154110654836,0.4826877324353168,-0.7394545407252952
2026-03-15 08:26:25,GPR_Optimization_h_mean_0.5_v_mean_0.5_20260315-072744,1470,3.799422013968942,21.129077157243287,0.0,0.9999999853042773,0.0023501932506352417,0.0,2.629009926805072,4.5229460991358044e-11,560.3909135847662,661.0479167742719,0.006322563207462571,"[[0.008982683187780952, 0.010608246354197194, -0.00325146711000206], [0.010608246354197194, 0.01851411819141823, -0.01581238633254964], [-0.00325146711000206, -0.01581238633254964, 0.025122483313714698]]",1.102333003534545,0.4827111682015746,-0.7392428539500159
2026-03-15 08:26:25,GPR_Optimization_h_mean_0.5_v_mean_0.5_20260315-072744,824,3.7989764064235865,21.129064225628298,0.0,0.999999750439715,0.0027862192192934813,1.6307361142819868e-05,2.25611542318873,5.867333566608125e-10,342.37403996619275,66.98740225529502,0.007326053224590546,"[[0.008995250652410048, 0.010650570558216358, -0.003311064363060012], [0.010650570558216358, 0.018635680634362713, -0.01597099181737727], [-0.003311064363060012, -0.01597099181737727, 0.02532060204463645]]",1.1021908306576038,0.4823600047239031,-0.7396606452014547
2026-03-15 08:26:25,GPR_Optimization_h_mean_0.5_v_mean_0.5_20260315-072744,1162,3.7989049478982224,21.129073510177577,0.0,0.9999999136729859,0.002857984281941091,1.635590448151783e-05,2.25611542318873,5.867333566608125e-10,132.97452301216737,95.40460226671726,0.0034815370144870563,"[[0.008985990892105927, 0.01061664958241573, -0.0032613657235971275], [0.01061664958241573, 0.018504115223941332, -0.01577498549008966], [-0.0032613657235971275, -0.01577498549008966, 0.025027251844212044]]",1.1026002653442004,0.4825564357259017,-0.7400875615779545
2026-03-15 09:25:03,GPR_Optimization_h_mean_0.5_v_mean_0.8_20260315-082625,1909,3.7951041362055156,20.88692896911012,0.005329087393783814,0.9950802636667907,0.003095083994075703,0.0,3.798954743226187,8.800106266165044e-12,1765.8556854757499,386.38307736191564,0.029669673832358228,"[[0.008948909417768531, 0.010744080984215667, -0.003590343132894264], [0.010744080984215667, 0.018986695476503637, -0.016485228984575953], [-0.003590343132894264, -0.016485228984575953, 0.02578977170336339]]",1.249942038752482,0.48274236180743835,-1.034399353890087
2026-03-15 09:25:03,GPR_Optimization_h_mean_0.5_v_mean_0.8_20260315-082625,553,3.7926086166178044,20.949855212338047,0.005948944904111346,0.9940266589336653,0.003352889958569204,0.0,3.6690311176347086,1.5900439145114314e-13,27989.135919239263,48.772923063001585,0.33585227934211637,"[[0.008833076184451753, 0.010602678583509217, -0.003539204798114933], [0.010602678583509217, 0.018947648956170075, -0.0166899407453217], [-0.003539204798114933, -0.0166899407453217, 0.02630147189441355]]",1.2490023993990218,0.48241909741016326,-1.0331666039777174
2026-03-15 09:25:03,GPR_Optimization_h_mean_0.5_v_mean_0.8_20260315-082625,683,3.7903515151713063,20.874792733166156,0.0076492415858342554,0.9922192268919584,0.0026623357724758503,0.0,4.589300392986284,3.3172726780572167e-12,8818.61138956658,236.06606469988503,0.13462047878660646,"[[0.009041533376942868, 0.010721637095314289, -0.003360207436742861], [0.010721637095314289, 0.01878029920153947, -0.01611732421245036], [-0.003360207436742861, -0.01611732421245036, 0.02551423355141502]]",1.2499462299740682,0.48272274395711606,-1.0344469720339042
2026-03-15 09:25:03,GPR_Optimization_h_mean_0.5_v_mean_0.8_20260315-082625,302,3.7874130672271353,20.879558035976856,0.008308688917053936,0.992378200151709,0.003460593632181177,0.0,4.239568330956915,3.6316724720908815e-13,44418.81419499946,608.5878674079884,0.06837387673781682,"[[0.008940587781698232, 0.010668023224792688, -0.003454870886188935], [0.010668023224792688, 0.019265412833893797, -0.017194779218202172], [-0.003454870886188935, -0.017194779218202172, 0.027479816664026463]]",1.2470157415534493,0.4815687631868278,-1.0308939567332427
2026-03-15 09:25:03,GPR_Optimization_h_mean_0.5_v_mean_0.8_20260315-082625,284,3.7873834487836833,20.75078836237444,0.008301738789384233,0.992464939831498,0.003054312085232182,0.0,3.9721455030354966,2.8475528587449003e-11,3461.531741881248,122.07149457704114,0.07635589375208596,"[[0.008960377204613994, 0.010798667861892288, -0.003676581314556596], [0.010798667861892288, 0.01909484632515747, -0.016592356926530286], [-0.003676581314556596, -0.016592356926530286, 0.025831551223947397]]",1.249837015286696,0.4825493807332164,-1.0345752691069596
2026-03-15 10:23:14,GPR_Optimization_h_mean_0.5_v_mean_1.1_20260315-092503,316,3.7985398447377943,20.080159883789403,0.0318100430693788,0.9691988183269538,0.004470877380250394,0.0,5.0654889033176795,1.9883155989522806e-10,15907.093990351588,63.575961235064476,0.17374291295371855,"[[0.008973888514217262, 0.010747229454611932, -0.0035466818807893393], [0.010747229454611932, 0.019278759733958685, -0.017063060558693548], [-0.0035466818807893393, -0.017063060558693548, 0.027032757355808394]]",1.397155582418141,0.4828852070126698,-1.3285407508109424
2026-03-15 10:23:14,GPR_Optimization_h_mean_0.5_v_mean_1.1_20260315-092503,1537,3.7985398447377943,20.080159883789403,0.0318100430693788,0.9691988183269538,0.004470877380250394,0.0,5.0654889033176795,1.9883155989522806e-10,15907.093990351588,63.575961235064476,0.17374291295371855,"[[0.008973888514217262, 0.010747229454611932, -0.0035466818807893393], [0.010747229454611932, 0.019278759733958685, -0.017063060558693548], [-0.0035466818807893393, -0.017063060558693548, 0.027032757355808394]]",1.397155582418141,0.4828852070126698,-1.3285407508109424
2026-03-15 10:23:14,GPR_Optimization_h_mean_0.5_v_mean_1.1_20260315-092503,1678,3.7985398447377943,20.080159883789403,0.0318100430693788,0.9691988183269538,0.004470877380250394,0.0,5.0654889033176795,1.9883155989522806e-10,15907.093990351588,63.575961235064476,0.17374291295371855,"[[0.008973888514217262, 0.010747229454611932, -0.0035466818807893393], [0.010747229454611932, 0.019278759733958685, -0.017063060558693548], [-0.0035466818807893393, -0.017063060558693548, 0.027032757355808394]]",1.397155582418141,0.4828852070126698,-1.3285407508109424
2026-03-15 10:23:14,GPR_Optimization_h_mean_0.5_v_mean_1.1_20260315-092503,586,3.7985398447377943,20.080159883789403,0.0318100430693788,0.9691988183269538,0.004470877380250394,0.0,5.0654889033176795,1.9883155989522806e-10,15907.093990351588,63.575961235064476,0.17374291295371855,"[[0.008973888514217262, 0.010747229454611932, -0.0035466818807893393], [0.010747229454611932, 0.019278759733958685, -0.017063060558693548], [-0.0035466818807893393, -0.017063060558693548, 0.027032757355808394]]",1.397155582418141,0.4828852070126698,-1.3285407508109424
2026-03-15 10:23:14,GPR_Optimization_h_mean_0.5_v_mean_1.1_20260315-092503,1841,3.7985398447377943,20.080159883789403,0.0318100430693788,0.9691988183269538,0.004470877380250394,0.0,5.0654889033176795,1.9883155989522806e-10,15907.093990351588,63.575961235064476,0.17374291295371855,"[[0.008973888514217262, 0.010747229454611932, -0.0035466818807893393], [0.010747229454611932, 0.019278759733958685, -0.017063060558693548], [-0.0035466818807893393, -0.017063060558693548, 0.027032757355808394]]",1.397155582418141,0.4828852070126698,-1.3285407508109424
2026-03-15 11:21:34,GPR_Optimization_h_mean_0.5_v_mean_1.4_20260315-102314,1435,3.7938262963824503,17.700515615529593,0.10951783185271019,0.900612493435446,0.008000086606697454,1.6093729882837647e-05,5.350361443125421,9.690524936983195e-09,1646.3969026267107,59.62398347611374,0.0036335380850838414,"[[0.008913002357980853, 0.010663789302738329, -0.003501607926015278], [0.010663789302738329, 0.020032514159951907, -0.018737491563666022], [-0.003501607926015278, -0.018737491563666022, 0.03047178319830898]]",1.538850900199786,0.4795560119276533,-1.6185897073461704
2026-03-15 11:21:34,GPR_Optimization_h_mean_0.5_v_mean_1.4_20260315-102314,1987,3.783402383218836,17.87914648223879,0.1150856821799794,0.895508415713484,0.010076752471196663,1.5606954458906888e-05,6.422813941223341,6.111786856381809e-12,14386.180741204302,632.9337554077858,0.00527856984933314,"[[0.008818955769267904, 0.010191977908387693, -0.0027460616951458625], [0.010191977908387693, 0.019471989789206907, -0.018560044554242247], [-0.0027460616951458625, -0.018560044554242247, 0.03162797254985422]]",1.5420922874914853,0.47926744802092613,-1.6256496435474515
2026-03-15 11:21:34,GPR_Optimization_h_mean_0.5_v_mean_1.4_20260315-102314,1139,3.7783001833896637,16.982308377069643,0.11052925569054602,0.8983421014301698,0.006440199766161938,1.745566261695294e-05,6.064531614924588,3.9128791194238463e-10,136.93754235977036,103.40794206559505,0.004273432213877774,"[[0.009207874494568561, 0.01120597388929645, -0.003996211468412977], [0.01120597388929645, 0.020482004984557805, -0.0185520781706223], [-0.003996211468412977, -0.0185520781706223, 0.02911174004349611]]",1.5340886317815121,0.4797709285423543,-1.608635381135843
2026-03-15 11:21:34,GPR_Optimization_h_mean_0.5_v_mean_1.4_20260315-102314,1132,3.7783001833896637,16.982308377069643,0.11052925569054602,0.8983421014301698,0.006440199766161938,1.745566261695294e-05,6.064531614924588,3.9128791194238463e-10,136.93754235977036,103.40794206559505,0.004273432213877774,"[[0.009207874494568561, 0.01120597388929645, -0.003996211468412977], [0.01120597388929645, 0.020482004984557805, -0.0185520781706223], [-0.003996211468412977, -0.0185520781706223, 0.02911174004349611]]",1.5340886317815121,0.4797709285423543,-1.608635381135843
2026-03-15 11:21:34,GPR_Optimization_h_mean_0.5_v_mean_1.4_20260315-102314,466,3.7783001833896637,16.982308377069643,0.11052925569054602,0.8983421014301698,0.006440199766161938,1.745566261695294e-05,6.064531614924588,3.9128791194238463e-10,136.93754235977036,103.40794206559505,0.004273432213877774,"[[0.009207874494568561, 0.01120597388929645, -0.003996211468412977], [0.01120597388929645, 0.020482004984557805, -0.0185520781706223], [-0.003996211468412977, -0.0185520781706223, 0.02911174004349611]]",1.5340886317815121,0.4797709285423543,-1.608635381135843
2026-03-15 12:19:33,GPR_Optimization_h_mean_0.55_v_mean_0.2_20260315-112134,979,3.799852599080715,21.129077795715364,0.0,0.999999997028784,0.0016144349128400547,0.0,2.598487624907023,2.1368741518984837e-08,183.1160409316802,107.10128616759506,0.0012847739495708767,"[[0.008969524613706386, 0.010256424412325275, -0.0026012993296092098], [0.010256424412325275, 0.016940355385998623, -0.013419779642573234], [-0.0026012993296092098, -0.013419779642573234, 0.021694601881216902]]",1.0083644546196115,0.5345942712583993,-0.447431247830445
2026-03-15 12:19:33,GPR_Optimization_h_mean_0.55_v_mean_0.2_20260315-112134,1911,3.799826006289436,21.129075284139894,0.0,0.9999999813676551,0.0016206127857370815,0.0,2.598487624907023,2.1368741518984837e-08,115.75421733454291,14.060384240332132,0.0012847739495708767,"[[0.009000164769044637, 0.010263780583286204, -0.0025552299522169073], [0.010263780583286204, 0.016902492525800054, -0.013329649855457705], [-0.0025552299522169073, -0.013329649855457705, 0.021605821409781675]]",1.0087784054035613,0.5346920152592806,-0.4480646646607065
2026-03-15 12:19:33,GPR_Optimization_h_mean_0.55_v_mean_0.2_20260315-112134,1658,3.799826006289436,21.129075284139894,0.0,0.9999999813676551,0.0016206127857370815,0.0,2.598487624907023,2.1368741518984837e-08,115.75421733454291,14.060384240332132,0.0012847739495708767,"[[0.009000164769044637, 0.010263780583286204, -0.0025552299522169073], [0.010263780583286204, 0.016902492525800054, -0.013329649855457705], [-0.0025552299522169073, -0.013329649855457705, 0.021605821409781675]]",1.0087784054035613,0.5346920152592806,-0.4480646646607065
2026-03-15 12:19:33,GPR_Optimization_h_mean_0.55_v_mean_0.2_20260315-112134,1784,3.799826006289436,21.129075284139894,0.0,0.9999999813676551,0.0016206127857370815,0.0,2.598487624907023,2.1368741518984837e-08,115.75421733454291,14.060384240332132,0.0012847739495708767,"[[0.009000164769044637, 0.010263780583286204, -0.0025552299522169073], [0.010263780583286204, 0.016902492525800054, -0.013329649855457705], [-0.0025552299522169073, -0.013329649855457705, 0.021605821409781675]]",1.0087784054035613,0.5346920152592806,-0.4480646646607065
2026-03-15 12:19:33,GPR_Optimization_h_mean_0.55_v_mean_0.2_20260315-112134,1961,3.799826006289436,21.129075284139894,0.0,0.9999999813676551,0.0016206127857370815,0.0,2.598487624907023,2.1368741518984837e-08,115.75421733454291,14.060384240332132,0.0012847739495708767,"[[0.009000164769044637, 0.010263780583286204, -0.0025552299522169073], [0.010263780583286204, 0.016902492525800054, -0.013329649855457705], [-0.0025552299522169073, -0.013329649855457705, 0.021605821409781675]]",1.0087784054035613,0.5346920152592806,-0.4480646646607065
2026-03-15 13:17:36,GPR_Optimization_h_mean_0.55_v_mean_0.5_20260315-121933,1827,3.7999804706595905,21.129073740824527,0.0,0.9999999812292296,0.0016632107937715158,0.0,4.82092281735035,3.12785010578927e-10,4842.846412152611,984.4974508776851,0.06411169781274964,"[[0.00887798289460955, 0.010173268541378514, -0.0025905712935379356], [0.010173268541378514, 0.017059333362562094, -0.013772129642367138], [-0.0025905712935379356, -0.013772129642367138, 0.022363116697658374]]",1.157954395198849,0.5351456157614409,-0.7456175588748166
2026-03-15 13:17:36,GPR_Optimization_h_mean_0.55_v_mean_0.5_20260315-121933,1573,3.7999804412554945,21.129073741525193,0.0,0.9999999812185892,0.0016632401382192538,0.0,4.82092281735035,5.364103518484441e-15,4842.846412152611,984.4974508776851,0.06411169781274964,"[[0.008878184558507777, 0.010173545731837338, -0.002590722346659106], [0.010173545731837338, 0.017060925637271136, -0.01377475981086759], [-0.002590722346659106, -0.01377475981086759, 0.022368074928416967]]",1.1579496838720968,0.5351464928151854,-0.7456063821138224
2026-03-15 13:17:36,GPR_Optimization_h_mean_0.55_v_mean_0.5_20260315-121933,1591,3.7999804410460607,21.129068118597235,0.0,0.999999957823204,0.0016631139278696385,0.0,4.82092281735035,1.7368598188246526e-09,4842.846412152611,436.92416206076837,0.06411169781274964,"[[0.00887776560467959, 0.010175077076130091, -0.0025946229429009964], [0.010175077076130091, 0.01706098149790534, -0.013771808843550507], [-0.0025946229429009964, -0.013771808843550507, 0.02235437180129898]]",1.157965705477291,0.5351401698021624,-0.7456510713502571
2026-03-15 13:17:36,GPR_Optimization_h_mean_0.55_v_mean_0.5_20260315-121933,1792,3.799980349850525,21.129073798707005,0.0,0.9999999814564895,0.0016633326785131372,0.0,4.82092281735035,3.12785010578927e-10,4842.846412152611,997.3687777564104,0.06411169781274964,"[[0.008877838652231376, 0.010173092568168968, -0.002590507831875175], [0.010173092568168968, 0.017059592870148445, -0.01377300060395897], [-0.002590507831875175, -0.01377300060395897, 0.022364985544167562]]",1.1579513465157354,0.5351456420373121,-0.7456114089568461
2026-03-15 13:17:36,GPR_Optimization_h_mean_0.55_v_mean_0.5_20260315-121933,1911,3.799980349850525,21.129073798707005,0.0,0.9999999814564895,0.0016633326785131372,0.0,4.82092281735035,3.12785010578927e-10,4842.846412152611,997.3687777564104,0.06411169781274964,"[[0.008877838652231376, 0.010173092568168968, -0.002590507831875175], [0.010173092568168968, 0.017059592870148445, -0.01377300060395897], [-0.002590507831875175, -0.01377300060395897, 0.022364985544167562]]",1.1579513465157354,0.5351456420373121,-0.7456114089568461
2026-03-15 14:15:43,GPR_Optimization_h_mean_0.55_v_mean_0.8_20260315-131736,1509,3.798421281090489,21.028929404822843,0.001999966102269453,0.9981117908165624,0.0020273553140948072,0.0,6.0588241708857735,1.451952275796956e-13,1398.771676835874,34.38842259850588,0.06893026558163087,"[[0.008740742835021957, 0.010203289349303778, -0.002925093028563645], [0.010203289349303778, 0.017336208351226217, -0.014265838003844879], [-0.002925093028563645, -0.014265838003844879, 0.022681489950562485]]",1.3070528392248189,0.5353634502869088,-1.0433787778758206
2026-03-15 14:15:43,GPR_Optimization_h_mean_0.55_v_mean_0.8_20260315-131736,1841,3.798421281090489,21.028929404822843,0.001999966102269453,0.9981117908165624,0.0020273553140948072,0.0,6.0588241708857735,1.451952275796956e-13,1398.771676835874,34.38842259850588,0.06893026558163087,"[[0.008740742835021957, 0.010203289349303778, -0.002925093028563645], [0.010203289349303778, 0.017336208351226217, -0.014265838003844879], [-0.002925093028563645, -0.014265838003844879, 0.022681489950562485]]",1.3070528392248189,0.5353634502869088,-1.0433787778758206
2026-03-15 14:15:43,GPR_Optimization_h_mean_0.55_v_mean_0.8_20260315-131736,1691,3.798421281090489,21.028929404822843,0.001999966102269453,0.9981117908165624,0.0020273553140948072,0.0,6.0588241708857735,1.451952275796956e-13,1398.771676835874,34.38842259850588,0.06893026558163087,"[[0.008740742835021957, 0.010203289349303778, -0.002925093028563645], [0.010203289349303778, 0.017336208351226217, -0.014265838003844879], [-0.002925093028563645, -0.014265838003844879, 0.022681489950562485]]",1.3070528392248189,0.5353634502869088,-1.0433787778758206
2026-03-15 14:15:43,GPR_Optimization_h_mean_0.55_v_mean_0.8_20260315-131736,1665,3.798421281084028,21.028929404822268,0.001999966102269453,0.9981117908165386,0.0020273553150074075,0.0,6.0588241708857735,8.868176975871571e-14,1398.771676835874,34.38842259850588,0.06893026558163087,"[[0.008740742829591893, 0.010203289344728908, -0.0029250930302740217], [0.010203289344728908, 0.017336208344778448, -0.01426583800009907], [-0.0029250930302740217, -0.01426583800009907, 0.022681489939650062]]",1.3070528392072804,0.5353634502733439,-1.0433787778678736
2026-03-15 14:15:43,GPR_Optimization_h_mean_0.55_v_mean_0.8_20260315-131736,342,3.795135806849233,21.03812981411572,0.002151455928000131,0.9981911947153528,0.002545767850952097,0.0,3.971865982471131,4.233214113841767e-14,917.1601602204784,151.01480797888445,0.011117095850294304,"[[0.00883586372168378, 0.010379541821940832, -0.003087356200514116], [0.010379541821940832, 0.01790701256273599, -0.015054941481590303], [-0.003087356200514116, -0.015054941481590303, 0.023935170562152403]]",1.3032323658687446,0.5340425147427961,-1.038379702251897
2026-03-15 15:13:54,GPR_Optimization_h_mean_0.55_v_mean_1.1_20260315-141543,1570,3.7987972400241725,20.557469466031844,0.015556106019321277,0.9838857426231749,0.00333887462639824,0.0,5.928029201344695,1.1364328937537352e-13,97401.42521253512,12.652080709973877,1.0935248742709878,"[[0.008690042031951324, 0.010172583142092878, -0.002965082220283137], [0.010172583142092878, 0.017822109343319043, -0.015299052402452312], [-0.002965082220283137, -0.015299052402452312, 0.024667940364338323]]",1.4525906009362648,0.5341034037645053,-1.336974394343519
2026-03-15 15:13:54,GPR_Optimization_h_mean_0.55_v_mean_1.1_20260315-141543,1445,3.7944778277321616,20.534231182146275,0.01800158220184375,0.9826045240042727,0.004711757212598617,0.0,6.520673083772569,5.119129350011472e-10,12268.075333653385,12.652080709973877,0.030103710030894397,"[[0.008825075293182416, 0.010260274212356818, -0.002870397838348811], [0.010260274212356818, 0.018347731642682365, -0.01617491486065107], [-0.002870397838348811, -0.01617491486065107, 0.02660903404460452]]",1.4525242872850104,0.5341007583937915,-1.3368470577824385
2026-03-15 15:13:54,GPR_Optimization_h_mean_0.55_v_mean_1.1_20260315-141543,1273,3.7944778277321616,20.534231182146275,0.01800158220184375,0.9826045240042727,0.004711757212598617,0.0,6.520673083772569,5.119129350011472e-10,12268.075333653385,12.652080709973877,0.030103710030894397,"[[0.008825075293182416, 0.010260274212356818, -0.002870397838348811], [0.010260274212356818, 0.018347731642682365, -0.01617491486065107], [-0.002870397838348811, -0.01617491486065107, 0.02660903404460452]]",1.4525242872850104,0.5341007583937915,-1.3368470577824385
2026-03-15 15:13:54,GPR_Optimization_h_mean_0.55_v_mean_1.1_20260315-141543,317,3.7944778277321616,20.534231182146275,0.01800158220184375,0.9826045240042727,0.004711757212598617,0.0,6.520673083772569,5.119129350011472e-10,12268.075333653385,12.652080709973877,0.030103710030894397,"[[0.008825075293182416, 0.010260274212356818, -0.002870397838348811], [0.010260274212356818, 0.018347731642682365, -0.01617491486065107], [-0.002870397838348811, -0.01617491486065107, 0.02660903404460452]]",1.4525242872850104,0.5341007583937915,-1.3368470577824385
2026-03-15 15:13:54,GPR_Optimization_h_mean_0.55_v_mean_1.1_20260315-141543,1991,3.7930897245603443,20.379281670812567,0.01914316256886769,0.9824277801539076,0.0034841359646890107,0.0,6.286181285744432,1.268085196841683e-10,12268.075333653385,10.429956182372612,0.07057123439385378,"[[0.00878716926382791, 0.010373620693777234, -0.0031729028598986523], [0.010373620693777234, 0.018304912908358405, -0.015862584429162344], [-0.0031729028598986523, -0.015862584429162344, 0.02537936313852738]]",1.452624190939345,0.534643050280802,-1.3359622813170857
2026-03-15 16:12:15,GPR_Optimization_h_mean_0.55_v_mean_1.4_20260315-151354,1216,3.795592164737087,19.26560090435107,0.05878154804385908,0.945211279100327,0.006713181101067329,0.0,6.321561004959547,9.982025781733533e-14,23902.6576879988,49.85385740618141,0.08781880100069822,"[[0.00876753481305541, 0.010274073689183661, -0.003013077752256507], [0.010274073689183661, 0.018770279428439514, -0.016992411478511688], [-0.003013077752256507, -0.016992411478511688, 0.02795866745251036]]",1.597555857606784,0.532176230436971,-1.6307592543396265
2026-03-15 16:12:15,GPR_Optimization_h_mean_0.55_v_mean_1.4_20260315-151354,932,3.789200299888062,18.982279088724347,0.059372611516758,0.9444484747668775,0.007096681795057781,0.0,4.973605602915058,4.13194407744376e-09,449.1851926859826,103.66156778792096,0.0021420847662667886,"[[0.008763737610153218, 0.01034954393975831, -0.0031716126592101906], [0.01034954393975831, 0.018928600453977384, -0.01715811302843818], [-0.0031716126592101906, -0.01715811302843818, 0.027973000738455975]]",1.5954319152975074,0.5317243343303124,-1.62741516193439
2026-03-15 16:12:15,GPR_Optimization_h_mean_0.55_v_mean_1.4_20260315-151354,454,3.789200299888062,18.982279088724347,0.059372611516758,0.9444484747668775,0.007096681795057781,0.0,4.973605602915058,4.13194407744376e-09,449.1851926859826,103.66156778792096,0.0021420847662667886,"[[0.008763737610153218, 0.01034954393975831, -0.0031716126592101906], [0.01034954393975831, 0.018928600453977384, -0.01715811302843818], [-0.0031716126592101906, -0.01715811302843818, 0.027973000738455975]]",1.5954319152975074,0.5317243343303124,-1.62741516193439
2026-03-15 16:12:15,GPR_Optimization_h_mean_0.55_v_mean_1.4_20260315-151354,1436,3.7809665821764065,19.348449611534242,0.0645755018639547,0.9388576142128372,0.009162786277212788,1.5597947310133985e-05,5.699698787658738,9.982025781733533e-14,27963.35336572136,49.85385740618141,0.009842285736585792,"[[0.008817762980424504, 0.010218206121937787, -0.0028008908282949633], [0.010218206121937787, 0.019230901705740072, -0.018025396934678136], [-0.0028008908282949633, -0.018025396934678136, 0.030449014661044212]]",1.5959322965764988,0.5297985319216959,-1.632267520777074
2026-03-15 16:12:15,GPR_Optimization_h_mean_0.55_v_mean_1.4_20260315-151354,435,3.7770888380906884,18.9900366122529,0.0674787003142311,0.9387477752687737,0.007265538980638566,0.0,5.538575959442534,4.13194407744376e-09,643.7132327978796,71.75119972414932,0.0021420847662667886,"[[0.008775379739077846, 0.010278427541704289, -0.003006095605252843], [0.010278427541704289, 0.018965011968614616, -0.0173731688538207], [-0.003006095605252843, -0.0173731688538207, 0.028734146497135717]]",1.5960801663431705,0.5320140252359561,-1.628132282214429
2026-03-15 17:10:12,GPR_Optimization_h_mean_0.6_v_mean_0.2_20260315-161215,1833,3.79999993966064,21.12907607823824,0.0,0.9999999968648553,0.001552004036375697,0.0,3.6102796045156005,1.3100363888775098e-14,161.49789136560352,14.834405168278284,0.0012673479504823498,"[[0.008866505413505274, 0.009909566829735811, -0.002098008010585125], [0.009909566829735811, 0.01599404688180662, -0.012190663796600412], [-0.002098008010585125, -0.012190663796600412, 0.02020771226177831]]",1.0617307697136351,0.586002058311201,-0.45141392657722956
2026-03-15 17:10:12,GPR_Optimization_h_mean_0.6_v_mean_0.2_20260315-161215,1134,3.7999998548809097,21.12907818343441,0.0,0.9999999999383695,0.0015520343179079776,0.0,3.6053983700009247,1.0955484021710699e-13,161.49789136560352,754.2257790126984,0.0012673479504823498,"[[0.008866472331716835, 0.009909570255209986, -0.002098084439441075], [0.009909570255209986, 0.01599408782116224, -0.012190743386719521], [-0.002098084439441075, -0.012190743386719521, 0.020207721757100065]]",1.0617313356377738,0.5860014737788986,-0.4514162226260312
2026-03-15 17:10:12,GPR_Optimization_h_mean_0.6_v_mean_0.2_20260315-161215,1593,3.799997879867912,21.12907818658597,0.0,0.99999999993407,0.0015524473386664096,0.0,3.4491093625560367,1.90711762974163e-09,211.2441748322374,852.3178753576885,0.0012673479504823498,"[[0.008871203266996398, 0.00992196227892217, -0.002113235956357699], [0.00992196227892217, 0.01602776263524762, -0.01223283690307224], [-0.002113235956357699, -0.01223283690307224, 0.020260977062202454]]",1.06165922332513,0.5860084206460456,-0.4512594247141378
2026-03-15 17:10:12,GPR_Optimization_h_mean_0.6_v_mean_0.2_20260315-161215,1498,3.7999973147451462,21.129078186529927,0.0,0.9999999999343292,0.0015525655151937975,0.0,3.4491093625560367,2.315984035565238e-09,211.2441748322374,852.3178753576885,0.0012673479504823498,"[[0.008870113913359332, 0.009919665920569929, -0.0021107367090186934], [0.009919665920569929, 0.016024152865035852, -0.01223003769533644], [-0.0021107367090186934, -0.01223003769533644, 0.0202601891825761]]",1.0616595730690688,0.586010501023015,-0.45125634931991665
2026-03-15 17:10:12,GPR_Optimization_h_mean_0.6_v_mean_0.2_20260315-161215,1610,3.799996820462166,21.1290695355419,0.0,0.9999999872602644,0.0015526172637199563,0.0,3.499553426855926,1.0955484021710699e-13,28993.760074589725,754.2257790126984,0.2701233442109193,"[[0.008864069523848108, 0.009908045309125358, -0.002100099316432455], [0.009908045309125358, 0.015993128860787006, -0.012192309456186443], [-0.002100099316432455, -0.012192309456186443, 0.020207233312731537]]",1.0617712049095598,0.5860384310338117,-0.451421272226588
2026-03-15 18:08:15,GPR_Optimization_h_mean_0.6_v_mean_0.5_20260315-171012,1914,3.799950191262632,21.129058789612408,0.0,0.9999999528595491,0.0016321086907686506,0.0,3.7855000780577437,1.1315329111908451e-13,6757.407233140269,402.5245891037368,0.13621674761207136,"[[0.00873222336725872, 0.009772739891190976, -0.0020810330478645313], [0.009772739891190976, 0.016000896561054908, -0.01245631333972787], [-0.0020810330478645313, -0.01245631333972787, 0.020750560583726714]]",1.2118380860647053,0.5867618210161569,-0.7501525300970973
2026-03-15 18:08:15,GPR_Optimization_h_mean_0.6_v_mean_0.5_20260315-171012,1873,3.799950125937249,21.129046204278865,0.0,0.9999999224123446,0.0016319347054166468,0.0,3.7855000780577437,2.3590814241481208e-15,6757.407233140269,244.2770701207139,0.13621674761207136,"[[0.008735101940976485, 0.009777960745435861, -0.0020857176089187366], [0.009777960745435861, 0.01600938298940796, -0.012462844487944194], [-0.0020857176089187366, -0.012462844487944194, 0.020754253758050935]]",1.2118144899387948,0.5867487246010388,-0.7501315306755121
2026-03-15 18:08:15,GPR_Optimization_h_mean_0.6_v_mean_0.5_20260315-171012,1612,3.799950059846813,21.12904873219564,0.0,0.9999999285271736,0.0016320487372228649,0.0,3.7855000780577437,6.846989534618794e-10,6757.407233140269,265.24006081519406,0.13621674761207136,"[[0.008731875333563678, 0.009771656086718454, -0.002079561506309545], [0.009771656086718454, 0.01599787877498455, -0.012452445376532176], [-0.002079561506309545, -0.012452445376532176, 0.020745767740445276]]",1.2118462138815862,0.5867657593495301,-0.7501609090641125
2026-03-15 18:08:15,GPR_Optimization_h_mean_0.6_v_mean_0.5_20260315-171012,1416,3.799949847895469,21.129068144500486,0.0,0.9999999755259866,0.001632629390208837,0.0,3.7855000780577437,8.438476797245128e-14,6757.407233140269,776.0893820783061,0.13621674761207136,"[[0.008733071688969054, 0.00977410960151552, -0.0020820758250929584], [0.00977410960151552, 0.016001815825231004, -0.012455412447430961], [-0.0020820758250929584, -0.012455412447430961, 0.020746673244675988]]",1.2118341322801844,0.5867566490237209,-0.7501549665129272
2026-03-15 18:08:15,GPR_Optimization_h_mean_0.6_v_mean_0.5_20260315-171012,1503,3.799949598028592,21.12901145134622,0.0,0.9999998381915183,0.0016318009469432735,0.0,3.7855000780577437,2.3389500445317967e-13,6757.407233140269,117.11267751269169,0.13621674761207136,"[[0.0087306330450764, 0.009770857100385036, -0.0020804481106172575], [0.009770857100385036, 0.015997813454232727, -0.0124539127076954], [-0.0020804481106172575, -0.0124539127076954, 0.02074692919415629]]",1.2118199072488558,0.5867562075486422,-0.7501273994004267
2026-03-15 19:06:21,GPR_Optimization_h_mean_0.6_v_mean_0.8_20260315-180815,1958,3.798668287768815,21.129021899483575,0.0,0.9999982650581931,0.002984237783028781,0.0,5.771942404065078,4.994177575009907e-07,18911.92364838065,82.8011328045865,0.016554522441046635,"[[0.008781606485219758, 0.010100178380090476, -0.002637143789741464], [0.010100178380090476, 0.017639342214656833, -0.0150783276691327], [-0.002637143789741464, -0.0150783276691327, 0.024882367758782487]]",1.3538448363258304,0.5840383894283568,-1.039612893794947
2026-03-15 19:06:21,GPR_Optimization_h_mean_0.6_v_mean_0.8_20260315-180815,1968,3.798594266766275,21.129071649778126,0.0,0.9999999181920007,0.003062141992793935,0.0,3.077993565873753,1.8094816489436387e-13,2508.9349916156216,486.3479949275246,0.016554522441046635,"[[0.008833854827181822, 0.010267823889816447, -0.0028679381252692455], [0.010267823889816447, 0.017790664428673466, -0.015045681077714085], [-0.0028679381252692455, -0.015045681077714085, 0.02435548590488964]]",1.3538864814088423,0.583604128223355,-1.0405647063709746
2026-03-15 19:06:21,GPR_Optimization_h_mean_0.6_v_mean_0.8_20260315-180815,922,3.7976558323270306,21.084645767432004,0.0009909786768726079,0.9991712382062071,0.0017146766063316126,0.0,6.801779989675965,5.28521638872829e-06,61520.971894014605,54.86281621011873,0.8309859051988897,"[[0.00864902805103448, 0.009827509537186092, -0.002356962972303228], [0.009827509537186092, 0.016344207128023026, -0.013033395181673886], [-0.002356962972303228, -0.013033395181673886, 0.021352864418741315]]",1.3601683153219344,0.5867028638667194,-1.04693090291043
2026-03-15 19:06:21,GPR_Optimization_h_mean_0.6_v_mean_0.8_20260315-180815,1401,3.7976558323270306,21.084645767432004,0.0009909786768726079,0.9991712382062071,0.0017146766063316126,0.0,6.801779989675965,5.28521638872829e-06,61520.971894014605,54.86281621011873,0.8309859051988897,"[[0.00864902805103448, 0.009827509537186092, -0.002356962972303228], [0.009827509537186092, 0.016344207128023026, -0.013033395181673886], [-0.002356962972303228, -0.013033395181673886, 0.021352864418741315]]",1.3601683153219344,0.5867028638667194,-1.04693090291043
2026-03-15 19:06:21,GPR_Optimization_h_mean_0.6_v_mean_0.8_20260315-180815,1682,3.797597905258944,21.07642201098756,0.0007671718635456978,0.9992400122701168,0.001793256684496395,0.0,5.408233389719955,1.6213729715768158e-15,1208.122180922207,756.0742482929044,0.016554522441046635,"[[0.008615491916298438, 0.009865508510136942, -0.002500033187677], [0.009865508510136942, 0.016514849762224122, -0.013298682504174361], [-0.002500033187677, -0.013298682504174361, 0.02159729863299471]]",1.360074674931785,0.5868176579603511,-1.0465140339428678
2026-03-15 20:04:30,GPR_Optimization_h_mean_0.6_v_mean_1.1_20260315-190621,1961,3.7977167456827745,20.962774265954536,0.005404143176435267,0.9941446017253742,0.002791843021682232,0.0,5.789296920605998,8.189818888645159e-11,6454.505312353155,61.316011105486204,0.06326374689547135,"[[0.008720056816348966, 0.010028781439537273, -0.002617449246376607], [0.010028781439537273, 0.01705350281429505, -0.014049442749515554], [-0.002617449246376607, -0.014049442749515554, 0.02286398700627789]]",1.5058570379766896,0.5857070590820425,-1.3402999577892944
2026-03-15 20:04:30,GPR_Optimization_h_mean_0.6_v_mean_1.1_20260315-190621,684,3.796385428267922,20.967057068403182,0.005307364965016018,0.9947912605813364,0.005479489143418598,0.0,5.119999847260769,1.1256377956392261e-15,3266.781185577118,164.67758591608057,0.001149477316635302,"[[0.008783216799866475, 0.01006893440775186, -0.002571435215770767], [0.01006893440775186, 0.01828132961360873, -0.016424790411713772], [-0.002571435215770767, -0.016424790411713772, 0.02770671039188599]]",1.502609492943443,0.5829749593897887,-1.3392690671073089
2026-03-15 20:04:30,GPR_Optimization_h_mean_0.6_v_mean_1.1_20260315-190621,774,3.7954347154007904,20.896762987453737,0.007323133254871191,0.9937942213459084,0.003423758477827011,0.0,5.293550999386677,7.0948468567236e-11,45399.40334183006,237.85392991181112,0.2727439594125165,"[[0.008698218287791324, 0.010075665551990494, -0.0027548945283983354], [0.010075665551990494, 0.017466942609907544, -0.014782554115834108], [-0.0027548945283983354, -0.014782554115834108, 0.02405531917487159]]",1.504031962313789,0.5849101069827005,-1.3382437106621763
2026-03-15 20:04:30,GPR_Optimization_h_mean_0.6_v_mean_1.1_20260315-190621,1175,3.7954347154007904,20.896762987453737,0.007323133254871191,0.9937942213459084,0.003423758477827011,0.0,5.293550999386677,7.0948468567236e-11,45399.40334183006,237.85392991181112,0.2727439594125165,"[[0.008698218287791324, 0.010075665551990494, -0.0027548945283983354], [0.010075665551990494, 0.017466942609907544, -0.014782554115834108], [-0.0027548945283983354, -0.014782554115834108, 0.02405531917487159]]",1.504031962313789,0.5849101069827005,-1.3382437106621763
2026-03-15 20:04:30,GPR_Optimization_h_mean_0.6_v_mean_1.1_20260315-190621,394,3.7954347154007904,20.896762987453737,0.007323133254871191,0.9937942213459084,0.003423758477827011,0.0,5.293550999386677,7.0948468567236e-11,45399.40334183006,237.85392991181112,0.2727439594125165,"[[0.008698218287791324, 0.010075665551990494, -0.0027548945283983354], [0.010075665551990494, 0.017466942609907544, -0.014782554115834108], [-0.0027548945283983354, -0.014782554115834108, 0.02405531917487159]]",1.504031962313789,0.5849101069827005,-1.3382437106621763
2026-03-15 21:02:42,GPR_Optimization_h_mean_0.6_v_mean_1.4_20260315-200430,1558,3.7986998433010832,20.372213502927632,0.019965715438136532,0.9798014019825351,0.0037538606164385377,0.0,6.220182960371013,1.6190180710728827e-12,13045.079376673757,660.4470546854153,0.17804225079542355,"[[0.008771230634950604, 0.010214364463889205, -0.002886267657877211], [0.010214364463889205, 0.017810420731116987, -0.0151921125344556], [-0.002886267657877211, -0.0151921125344556, 0.024611689753156737]]",1.653823113950298,0.5852125430823674,-1.637221141735861
2026-03-15 21:02:42,GPR_Optimization_h_mean_0.6_v_mean_1.4_20260315-200430,1544,3.789677123383797,20.3071669113653,0.024229612163590535,0.9768117485497795,0.005711316964558124,0.0,6.746598008287897,1.594320206303464e-07,1825.2154846767303,213.6835681728428,0.004341272040509993,"[[0.008742173822296249, 0.010078873734933477, -0.0026733998252744516], [0.010078873734933477, 0.018220693497355937, -0.016283639524844934], [-0.0026733998252744516, -0.016283639524844934, 0.02722047939914098]]",1.652952734048552,0.5837764234867242,-1.6383526211236554
2026-03-15 21:02:42,GPR_Optimization_h_mean_0.6_v_mean_1.4_20260315-200430,1155,3.789677123383797,20.3071669113653,0.024229612163590535,0.9768117485497795,0.005711316964558124,0.0,6.746598008287897,1.594320206303464e-07,1825.2154846767303,213.6835681728428,0.004341272040509993,"[[0.008742173822296249, 0.010078873734933477, -0.0026733998252744516], [0.010078873734933477, 0.018220693497355937, -0.016283639524844934], [-0.0026733998252744516, -0.016283639524844934, 0.02722047939914098]]",1.652952734048552,0.5837764234867242,-1.6383526211236554
2026-03-15 21:02:42,GPR_Optimization_h_mean_0.6_v_mean_1.4_20260315-200430,1986,3.789677123383797,20.3071669113653,0.024229612163590535,0.9768117485497795,0.005711316964558124,0.0,6.746598008287897,1.594320206303464e-07,1825.2154846767303,213.6835681728428,0.004341272040509993,"[[0.008742173822296249, 0.010078873734933477, -0.0026733998252744516], [0.010078873734933477, 0.018220693497355937, -0.016283639524844934], [-0.0026733998252744516, -0.016283639524844934, 0.02722047939914098]]",1.652952734048552,0.5837764234867242,-1.6383526211236554
2026-03-15 21:02:42,GPR_Optimization_h_mean_0.6_v_mean_1.4_20260315-200430,1309,3.7882177155673045,20.261722946363207,0.025497356879617124,0.9755858087984479,0.004003301442113833,0.0,6.244559328316412,1.5640816099218759e-09,35685.41978665174,547.8536859236568,0.31430388219505034,"[[0.008840975987140879, 0.01028186255643578, -0.002881773138589806], [0.01028186255643578, 0.017990832869322182, -0.015417940625772796], [-0.002881773138589806, -0.015417940625772796, 0.025072334974365947]]",1.6553925098127975,0.5864098287066166,-1.6379653622123613
2026-03-15 22:00:34,GPR_Optimization_h_mean_0.65_v_mean_0.2_20260315-210242,1126,3.799995264202141,21.12907819570292,0.0,0.9999999999840429,0.0015423956918912845,0.0,3.851018709508916,1.658612884733307e-14,138.57893567405517,811.618820310112,0.0013219736325395985,"[[0.008654694202758469, 0.009505170494534027, -0.0017046006918823374], [0.009505170494534027, 0.015195395088598584, -0.011386812306713784], [-0.0017046006918823374, -0.011386812306713784, 0.019370494138475122]]",1.1142776112160617,0.6374914329022335,-0.4535603851591766
2026-03-15 22:00:34,GPR_Optimization_h_mean_0.65_v_mean_0.2_20260315-210242,1995,3.7999951981318065,21.12907820313593,0.0,0.9999999999881732,0.0015424100410734707,0.0,3.851018709508916,8.95827665378907e-15,111.84046093560188,980.6653518403168,0.0012125027325061556,"[[0.008655026029014298, 0.009504240467206111, -0.0017020594378863085], [0.009504240467206111, 0.015192380852957394, -0.011382616899561082], [-0.0017020594378863085, -0.011382616899561082, 0.019367162675683128]]",1.1142872730530897,0.6374944336321476,-0.45357374936450146
2026-03-15 22:00:34,GPR_Optimization_h_mean_0.65_v_mean_0.2_20260315-210242,1777,3.7999951980582676,21.129078199130998,0.0,0.9999999999860695,0.0015424100343226035,0.0,3.851018709508916,1.2667082059641365e-15,111.84046093560188,832.6089364576436,0.0012125027325061556,"[[0.00865502596712046, 0.009504240366110656, -0.0017020593594944814], [0.009504240366110656, 0.015192380689374113, -0.011382616774600944], [-0.0017020593594944814, -0.011382616774600944, 0.01936716258255815]]",1.114287273290902,0.6374944339543014,-0.4535737491957959
2026-03-15 22:00:34,GPR_Optimization_h_mean_0.65_v_mean_0.2_20260315-210242,1798,3.799995198043265,21.129078198444873,0.0,0.9999999999857094,0.001542410033686727,0.0,3.851018709508916,1.2667082059641365e-15,111.84046093560188,811.618820310112,0.0012125027325061556,"[[0.008655025958686925, 0.009504240352320734, -0.0017020593487822398], [0.009504240352320734, 0.015192380666733892, -0.011382616756900884], [-0.0017020593487822398, -0.011382616756900884, 0.01936716256858211]]",1.1142872733243472,0.6374944339997037,-0.4535737491718808
2026-03-15 22:00:34,GPR_Optimization_h_mean_0.65_v_mean_0.2_20260315-210242,1805,3.799995198043265,21.129078198444873,0.0,0.9999999999857094,0.001542410033686727,0.0,3.851018709508916,1.2667082059641365e-15,111.84046093560188,811.618820310112,0.0012125027325061556,"[[0.008655025958686925, 0.009504240352320734, -0.0017020593487822398], [0.009504240352320734, 0.015192380666733892, -0.011382616756900884], [-0.0017020593487822398, -0.011382616756900884, 0.01936716256858211]]",1.1142872733243472,0.6374944339997037,-0.4535737491718808
2026-03-15 22:58:33,GPR_Optimization_h_mean_0.65_v_mean_0.5_20260315-220034,1790,3.799991806348096,21.129076001018003,0.0,0.9999999965491434,0.0015599396716540043,0.0,5.148833442593373,7.882945094285295e-12,1886.8792527250268,775.5091090838762,0.04332195777302291,"[[0.008544069963811912, 0.009379759135133076, -0.0016713783426423228], [0.009379759135133076, 0.015104039037552704, -0.011448559804839269], [-0.0016713783426423228, -0.011448559804839269, 0.019554362924393904]]",1.265055151952497,0.6383389481438957,-0.7534324076172025
2026-03-15 22:58:33,GPR_Optimization_h_mean_0.65_v_mean_0.5_20260315-220034,1508,3.799991806348096,21.129076001018003,0.0,0.9999999965491434,0.0015599396716540043,0.0,5.148833442593373,7.882945094285295e-12,1886.8792527250268,775.5091090838762,0.04332195777302291,"[[0.008544069963811912, 0.009379759135133076, -0.0016713783426423228], [0.009379759135133076, 0.015104039037552704, -0.011448559804839269], [-0.0016713783426423228, -0.011448559804839269, 0.019554362924393904]]",1.265055151952497,0.6383389481438957,-0.7534324076172025
2026-03-15 22:58:33,GPR_Optimization_h_mean_0.65_v_mean_0.5_20260315-220034,1599,3.7999918052831743,21.129075951450076,0.0,0.9999999964722364,0.0015599396730227111,0.0,5.148833442593373,7.882945094285295e-12,1886.8792527250268,758.6063327566011,0.04332195777302291,"[[0.008544069672665997, 0.009379758927253895, -0.0016713785091758218], [0.009379758927253895, 0.015104038817314537, -0.011448559780121246], [-0.0016713785091758218, -0.011448559780121246, 0.019554362541890843]]",1.2650551501483345,0.6383389477000964,-0.7534324048964763
2026-03-15 22:58:33,GPR_Optimization_h_mean_0.65_v_mean_0.5_20260315-220034,1850,3.799991716659596,21.129071851964984,0.0,0.9999999901095119,0.0015599398552501452,0.0,5.148833442593373,7.882945094285295e-12,1886.8792527250268,270.67957444994795,0.04332195777302291,"[[0.008544045242322267, 0.009379740529983223, -0.0016713905753219232], [0.009379740529983223, 0.015104018618535567, -0.011448556177104672], [-0.0016713905753219232, -0.011448556177104672, 0.019554331203565506]]",1.2650550073813986,0.6383389173215309,-0.7534321801197352
2026-03-15 22:58:33,GPR_Optimization_h_mean_0.65_v_mean_0.5_20260315-220034,1610,3.7999909722991605,21.129075096855424,0.0,0.9999999952041109,0.0015600434083002336,0.0,5.129852778819419,3.0493129451025214e-10,1886.8792527250268,551.7550948397527,0.04332195777302291,"[[0.008542422086949258, 0.009377327578755314, -0.0016698109836120862], [0.009377327578755314, 0.015100326773901834, -0.011445998390293064], [-0.0016698109836120862, -0.011445998390293064, 0.019552374813361955]]",1.2650643108227875,0.638345284581327,-0.7534380524829214
2026-03-15 23:56:39,GPR_Optimization_h_mean_0.65_v_mean_0.8_20260315-225833,1881,3.7999923752553073,21.128933423812477,0.0,0.9999995102769144,0.0015854419465902107,0.0,9.025033958452598,8.15595160426135e-15,86109.37572236006,872.4007016932972,1.9484777207927007,"[[0.008433406468894851, 0.009279339093732344, -0.0016918652496749772], [0.009279339093732344, 0.015066089717486426, -0.011573501247508163], [-0.0016918652496749772, -0.011573501247508163, 0.01976327199566637]]",1.4151558302017717,0.6388999686577431,-1.052511723088057
2026-03-15 23:56:39,GPR_Optimization_h_mean_0.65_v_mean_0.8_20260315-225833,1849,3.799992375078179,21.128933423834532,0.0,0.9999995102766625,0.001585442123247907,0.0,9.025033958452598,4.883620785774461e-10,86109.37572236006,872.4007016932972,1.9484777207927007,"[[0.00843340602449523, 0.009279338369303539, -0.0016918646896166342], [0.009279338369303539, 0.015066088944807482, -0.01157350115100785], [-0.0016918646896166342, -0.01157350115100785, 0.019763272922782432]]",1.4151558331116498,0.6388999705740133,-1.0525117250752736
2026-03-15 23:56:39,GPR_Optimization_h_mean_0.65_v_mean_0.8_20260315-225833,1800,3.799992374399995,21.128933423918998,0.0,0.9999995102756949,0.0015854427996252684,0.0,9.025033958452598,2.3575966284727577e-09,86109.37572236006,872.4007016932972,1.9484777207927007,"[[0.008433404323807549, 0.009279335597352003, -0.0016918625470889023], [0.009279335597352003, 0.015066085988205616, -0.011573500781707224], [-0.0016918625470889023, -0.011573500781707224, 0.019763276469236646]]",1.415155844248972,0.6388999779062431,-1.0525117326854574
2026-03-15 23:56:39,GPR_Optimization_h_mean_0.65_v_mean_0.8_20260315-225833,1648,3.799992367557235,21.128933424768903,0.0,0.9999995102659278,0.0015854496241127895,0.0,9.025033958452598,2.1169011412367438e-08,86109.37572236006,872.4007016932972,1.9484777207927007,"[[0.008433387255105814, 0.009279307800158348, -0.0016918410901050635], [0.009279307800158348, 0.01506605632346844, -0.01157349704662018], [-0.0016918410901050635, -0.01157349704662018, 0.019763311913030213]]",1.4151559562751501,0.6389000514333499,-1.0525118096836
2026-03-15 23:56:39,GPR_Optimization_h_mean_0.65_v_mean_0.8_20260315-225833,1747,3.799992367557235,21.128933424768903,0.0,0.9999995102659278,0.0015854496241127895,0.0,9.025033958452598,2.1169011412367438e-08,86109.37572236006,872.4007016932972,1.9484777207927007,"[[0.008433387255105814, 0.009279307800158348, -0.0016918410901050635], [0.009279307800158348, 0.01506605632346844, -0.01157349704662018], [-0.0016918410901050635, -0.01157349704662018, 0.019763311913030213]]",1.4151559562751501,0.6389000514333499,-1.0525118096836
2026-03-16 00:54:40,GPR_Optimization_h_mean_0.65_v_mean_1.1_20260315-235639,1788,3.797664417187515,21.07030430319062,0.0008156465300314111,0.9992779658156458,0.0017707885008944125,0.0,6.886907932871818,9.125722584049971e-07,4278.889456704146,384.476687670353,0.1100002434294066,"[[0.008419336355079148, 0.009445144109255031, -0.002051615508351755], [0.009445144109255031, 0.01556395612333606, -0.012237624028162081], [-0.002051615508351755, -0.012237624028162081, 0.02037201703962065]]",1.5636023779494488,0.638745594564711,-1.349713566769476
2026-03-16 00:54:40,GPR_Optimization_h_mean_0.65_v_mean_1.1_20260315-235639,1721,3.797664417187515,21.07030430319062,0.0008156465300314111,0.9992779658156458,0.0017707885008944125,0.0,6.886907932871818,9.125722584049971e-07,4278.889456704146,384.476687670353,0.1100002434294066,"[[0.008419336355079148, 0.009445144109255031, -0.002051615508351755], [0.009445144109255031, 0.01556395612333606, -0.012237624028162081], [-0.002051615508351755, -0.012237624028162081, 0.02037201703962065]]",1.5636023779494488,0.638745594564711,-1.349713566769476
2026-03-16 00:54:40,GPR_Optimization_h_mean_0.65_v_mean_1.1_20260315-235639,1754,3.797664250847332,21.070324928216337,0.0008155899144498238,0.9992780951521014,0.0017715051974710998,0.0,6.886907932871818,9.125722584049971e-07,4278.889456704146,932.956096124954,0.1100002434294066,"[[0.008419752729262278, 0.009447600630606385, -0.002055695802688222], [0.009447600630606385, 0.015570300972660612, -0.012245400684108487], [-0.002055695802688222, -0.012245400684108487, 0.020379409762840514]]",1.5635748336733701,0.6387295198728707,-1.3496906276009997
2026-03-16 00:54:40,GPR_Optimization_h_mean_0.65_v_mean_1.1_20260315-235639,1540,3.7976497368890905,21.06930762911148,0.0008160997378062545,0.9992737663772783,0.0017629307965406473,0.0,6.886907932871818,9.125722584049971e-07,4278.889456704146,13.047283768813216,0.1100002434294066,"[[0.008438044612243638, 0.009482998980132695, -0.0020899087357780966], [0.009482998980132695, 0.015614227009292141, -0.012262456058318882], [-0.0020899087357780966, -0.012262456058318882, 0.020345094645081593]]",1.5635343571939793,0.6386435122439514,-1.3497816899000556
2026-03-16 00:54:40,GPR_Optimization_h_mean_0.65_v_mean_1.1_20260315-235639,1383,3.7976497368890905,21.06930762911148,0.0008160997378062545,0.9992737663772783,0.0017629307965406473,0.0,6.886907932871818,9.125722584049971e-07,4278.889456704146,13.047283768813216,0.1100002434294066,"[[0.008438044612243638, 0.009482998980132695, -0.0020899087357780966], [0.009482998980132695, 0.015614227009292141, -0.012262456058318882], [-0.0020899087357780966, -0.012262456058318882, 0.020345094645081593]]",1.5635343571939793,0.6386435122439514,-1.3497816899000556
2026-03-16 01:52:41,GPR_Optimization_h_mean_0.65_v_mean_1.4_20260316-005440,1882,3.796136077141588,20.707184612876453,0.009422403230538251,0.9908551163734616,0.0023195575591811964,0.0,7.094184150252927,5.764271417501296e-14,73918.87378031207,811.5820602406354,2.142179671379457,"[[0.008478663607690132, 0.009642647659695679, -0.002327968104011105], [0.009642647659695679, 0.016097057123754317, -0.012908818928117294], [-0.002327968104011105, -0.012908818928117294, 0.021161701648212343]]",1.7105264145117574,0.6383135368407407,-1.6444257553420334
2026-03-16 01:52:41,GPR_Optimization_h_mean_0.65_v_mean_1.4_20260316-005440,1639,3.793613634467653,20.48998545866671,0.0068308209502351445,0.9922459690917831,0.004501168986765622,0.0,8.420666382985821,2.52819933080449e-10,7612.631453822691,17.79762074261724,2.142179671379457,"[[0.008524744044559997, 0.009711980504953331, -0.0023744729207866764], [0.009711980504953331, 0.016079560139031612, -0.012735159268156538], [-0.0023744729207866764, -0.012735159268156538, 0.02072137269473974]]",1.7121534657170425,0.6382798604841359,-1.6477472104658133
2026-03-16 01:52:41,GPR_Optimization_h_mean_0.65_v_mean_1.4_20260316-005440,1600,3.793613634467653,20.48998545866671,0.0068308209502351445,0.9922459690917831,0.004501168986765622,0.0,8.420666382985821,2.52819933080449e-10,7612.631453822691,17.79762074261724,2.142179671379457,"[[0.008524744044559997, 0.009711980504953331, -0.0023744729207866764], [0.009711980504953331, 0.016079560139031612, -0.012735159268156538], [-0.0023744729207866764, -0.012735159268156538, 0.02072137269473974]]",1.7121534657170425,0.6382798604841359,-1.6477472104658133
2026-03-16 01:52:41,GPR_Optimization_h_mean_0.65_v_mean_1.4_20260316-005440,1495,3.793613634467653,20.48998545866671,0.0068308209502351445,0.9922459690917831,0.004501168986765622,0.0,8.420666382985821,2.52819933080449e-10,7612.631453822691,17.79762074261724,2.142179671379457,"[[0.008524744044559997, 0.009711980504953331, -0.0023744729207866764], [0.009711980504953331, 0.016079560139031612, -0.012735159268156538], [-0.0023744729207866764, -0.012735159268156538, 0.02072137269473974]]",1.7121534657170425,0.6382798604841359,-1.6477472104658133
2026-03-16 01:52:41,GPR_Optimization_h_mean_0.65_v_mean_1.4_20260316-005440,716,3.7906115698740552,20.577967231204493,0.009097357687533251,0.9902029628399756,0.004656990422913803,0.0,8.05289977793682,1.6157402298655511e-09,7332.821070646784,702.3902942551955,1.9435798255046501,"[[0.008422270600773727, 0.009598016281589987, -0.002351491361632527], [0.009598016281589987, 0.016048187000323667, -0.01290034143746733], [-0.002351491361632527, -0.01290034143746733, 0.021097700151669598]]",1.711116957558662,0.6385846359147431,-1.6450646432878366
2026-03-16 02:50:25,GPR_Optimization_h_mean_0.7_v_mean_0.2_20260316-015241,1951,3.7999999958089345,21.129078179705154,0.0,0.9999999999911375,0.0015387772953041898,0.0,3.664898705793475,6.903317470647883e-15,222.79282866498005,453.5372164443219,0.0015294166859983486,"[[0.008539199551167383, 0.00925300921560008, -0.0014280099735590253], [0.00925300921560008, 0.014659555351134232, -0.010813801050961613], [-0.0014280099735590253, -0.010813801050961613, 0.01877223945721732]]",1.16616327470185,0.6884724768790988,-0.45538019844507793
2026-03-16 02:50:25,GPR_Optimization_h_mean_0.7_v_mean_0.2_20260316-015241,1955,3.799999995774178,21.12907820392021,0.0,0.9999999999958105,0.0015387774333584434,0.0,3.664898705793475,7.116289466703003e-13,222.79282866498005,958.7546804132235,0.0015294166859983486,"[[0.008539199929722257, 0.009253009792021224, -0.0014280103701973246], [0.009253009792021224, 0.014659556421969502, -0.010813802041453092], [-0.0014280103701973246, -0.010813802041453092, 0.018772240646543394]]",1.1661632740229124,0.6884724752778318,-0.4553802002864155
2026-03-16 02:50:25,GPR_Optimization_h_mean_0.7_v_mean_0.2_20260316-015241,1584,3.799999995774178,21.12907820392021,0.0,0.9999999999958105,0.0015387774333584434,0.0,3.664898705793475,7.116289466703003e-13,222.79282866498005,958.7546804132235,0.0015294166859983486,"[[0.008539199929722257, 0.009253009792021224, -0.0014280103701973246], [0.009253009792021224, 0.014659556421969502, -0.010813802041453092], [-0.0014280103701973246, -0.010813802041453092, 0.018772240646543394]]",1.1661632740229124,0.6884724752778318,-0.4553802002864155
2026-03-16 02:50:25,GPR_Optimization_h_mean_0.7_v_mean_0.2_20260316-015241,1939,3.799999995774178,21.12907820392021,0.0,0.9999999999958105,0.0015387774333584434,0.0,3.664898705793475,7.116289466703003e-13,222.79282866498005,958.7546804132235,0.0015294166859983486,"[[0.008539199929722257, 0.009253009792021224, -0.0014280103701973246], [0.009253009792021224, 0.014659556421969502, -0.010813802041453092], [-0.0014280103701973246, -0.010813802041453092, 0.018772240646543394]]",1.1661632740229124,0.6884724752778318,-0.4553802002864155
2026-03-16 02:50:25,GPR_Optimization_h_mean_0.7_v_mean_0.2_20260316-015241,1487,3.799999995774178,21.12907820392021,0.0,0.9999999999958105,0.0015387774333584434,0.0,3.664898705793475,7.116289466703003e-13,222.79282866498005,958.7546804132235,0.0015294166859983486,"[[0.008539199929722257, 0.009253009792021224, -0.0014280103701973246], [0.009253009792021224, 0.014659556421969502, -0.010813802041453092], [-0.0014280103701973246, -0.010813802041453092, 0.018772240646543394]]",1.1661632740229124,0.6884724752778318,-0.4553802002864155
2026-03-16 03:48:16,GPR_Optimization_h_mean_0.7_v_mean_0.5_20260316-025025,1948,3.799999362930089,21.1290781918227,0.0,0.999999999965116,0.0015424613882326374,0.0,6.081284376608351,1.5920673888112317e-15,102.46123158376248,885.0736121608369,0.0010357068363607846,"[[0.00842729715732192, 0.009162537458530715, -0.0014704806024175847], [0.009162537458530715, 0.01463976356529816, -0.010954452213534879], [-0.0014704806024175847, -0.010954452213534879, 0.018967943222234628]]",1.3165683200298777,0.6891416433966305,-0.7548533532664938
2026-03-16 03:48:16,GPR_Optimization_h_mean_0.7_v_mean_0.5_20260316-025025,1832,3.799999362863764,21.1290781918227,0.0,0.9999999999651161,0.0015424614544557573,0.0,6.081284376608351,1.8996320558147745e-13,102.46123158376248,885.0736121608369,0.0010357068363607846,"[[0.008427297489690733, 0.009162537896795877, -0.0014704808142102844], [0.009162537896795877, 0.014639764221167154, -0.010954452648742568], [-0.0014704808142102844, -0.010954452648742568, 0.01896794366906454]]",1.316568319711745,0.689141642824679,-0.7548533537741319
2026-03-16 03:48:16,GPR_Optimization_h_mean_0.7_v_mean_0.5_20260316-025025,1597,3.7999993324161485,21.129078184986657,0.0,0.9999999999606325,0.0015424917492614938,0.0,6.09149658868092,8.666270197097449e-14,117.14156714524002,885.0736121608369,0.0012526820220881158,"[[0.00843466081305189, 0.009170755447789966, -0.0014721892694761444], [0.009170755447789966, 0.014647327343505856, -0.010953143791431794], [-0.0014721892694761444, -0.010953143791431794, 0.01896190904391131]]",1.316561987424358,0.6891257222214517,-0.7548725304058124
2026-03-16 03:48:16,GPR_Optimization_h_mean_0.7_v_mean_0.5_20260316-025025,1816,3.7999993269294476,21.129078185012215,0.0,0.9999999999607895,0.0015424972281781603,0.0,6.09149658868092,8.666270197097449e-14,116.465310862683,885.0736121608369,0.0012526820220881158,"[[0.00843463099938792, 0.00917069584962501, -0.0014721297004741739], [0.00917069584962501, 0.014647230342547078, -0.01095306898584413], [-0.0014721297004741739, -0.01095306898584413, 0.018961878570739926]]",1.3165621711534783,0.6891258932183046,-0.754872555870347
2026-03-16 03:48:16,GPR_Optimization_h_mean_0.7_v_mean_0.5_20260316-025025,1997,3.799999323139681,21.129078185031485,0.0,0.9999999999609039,0.0015425010126035666,0.0,6.09149658868092,1.615355750291579e-14,115.95759851513475,885.0736121608369,0.0012526820220881158,"[[0.008434725685821, 0.00917080550642699, -0.0014721596412119588], [0.00917080550642699, 0.014647341647252326, -0.010953072281650697], [-0.0014721596412119588, -0.010953072281650697, 0.01896182528087748]]",1.3165619831474433,0.6891256571462516,-0.7548726520023834
2026-03-16 04:45:52,GPR_Optimization_h_mean_0.7_v_mean_0.8_20260316-034816,1739,3.799999882473755,21.129077235082395,0.0,0.9999999976368237,0.001552426286928264,0.0,9.237428855203728,1.090361080374505e-12,1230.0098183367543,997.9773740530726,0.022415027687133483,"[[0.008332159601387432, 0.009052913977193109, -0.0014415087516113703], [0.009052913977193109, 0.0145201450397771, -0.010934462125167984], [-0.0014415087516113703, -0.010934462125167984, 0.018985906747113226]]",1.4671245422679253,0.6897463431501109,-1.0547563982356285
2026-03-16 04:45:52,GPR_Optimization_h_mean_0.7_v_mean_0.8_20260316-034816,1687,3.7999998574151586,21.129077032659215,0.0,0.9999999971152695,0.001552447395504203,0.0,9.237428855203728,8.13976667708095e-14,1407.9009721941195,834.3012471274193,0.022415027687133483,"[[0.008330629870835405, 0.009052336003279328, -0.0014434122648878313], [0.009052336003279328, 0.01451903078638311, -0.010933389566207583], [-0.0014434122648878313, -0.010933389566207583, 0.01897995460263951]]",1.4671321290608943,0.6897411000989173,-1.0547820579239544
2026-03-16 04:45:52,GPR_Optimization_h_mean_0.7_v_mean_0.8_20260316-034816,1821,3.79999985738907,21.12907703265916,0.0,0.9999999971152688,0.0015524474215500093,0.0,9.237428855203728,1.090361080374505e-12,1407.9009721941195,834.3012471274193,0.022415027687133483,"[[0.008330630177331542, 0.009052336503506472, -0.0014434126523498623], [0.009052336503506472, 0.014519031505251979, -0.010933390003491018], [-0.0014434126523498623, -0.010933390003491018, 0.018979954702282295]]",1.467132127979601,0.6897410988693612,-1.0547820582204797
2026-03-16 04:45:52,GPR_Optimization_h_mean_0.7_v_mean_0.8_20260316-034816,1502,3.79999985738907,21.12907703265916,0.0,0.9999999971152688,0.0015524474215500093,0.0,9.237428855203728,1.090361080374505e-12,1407.9009721941195,834.3012471274193,0.022415027687133483,"[[0.008330630177331542, 0.009052336503506472, -0.0014434126523498623], [0.009052336503506472, 0.014519031505251979, -0.010933390003491018], [-0.0014434126523498623, -0.010933390003491018, 0.018979954702282295]]",1.467132127979601,0.6897410988693612,-1.0547820582204797
2026-03-16 04:45:52,GPR_Optimization_h_mean_0.7_v_mean_0.8_20260316-034816,1422,3.79999985738907,21.12907703265916,0.0,0.9999999971152688,0.0015524474215500093,0.0,9.237428855203728,1.090361080374505e-12,1407.9009721941195,834.3012471274193,0.022415027687133483,"[[0.008330630177331542, 0.009052336503506472, -0.0014434126523498623], [0.009052336503506472, 0.014519031505251979, -0.010933390003491018], [-0.0014434126523498623, -0.010933390003491018, 0.018979954702282295]]",1.467132127979601,0.6897410988693612,-1.0547820582204797
2026-03-16 05:43:33,GPR_Optimization_h_mean_0.7_v_mean_1.1_20260316-044552,511,3.7999998691344072,21.129078107940796,0.0,0.9999999996697942,0.0015720807989626205,0.0,9.353483134258703,2.6507583559619246e-13,119.22320877316666,874.3411776733533,0.0014974947921848243,"[[0.008261390272926388, 0.008954903771660411, -0.0013870269974680393], [0.008954903771660411, 0.014394534824223117, -0.010879262105125423], [-0.0013870269974680393, -0.010879262105125423, 0.018984470215314787]]",1.6173912546782188,0.6901371303297686,-1.3545082486969
2026-03-16 05:43:33,GPR_Optimization_h_mean_0.7_v_mean_1.1_20260316-044552,505,3.799999709470037,21.129063665343306,0.0,0.9999999571155951,0.0015719504976950838,0.0,9.54186976095124,9.202285085537925e-12,253.1304806995774,14.527594245356394,0.0030865039739703675,"[[0.008262304010576262, 0.008958938182706154, -0.0013932683442597913], [0.008958938182706154, 0.01441127145486313, -0.010904666544313933], [-0.0013932683442597913, -0.010904666544313933, 0.01902279640010827]]",1.6173074180972542,0.6901158108534795,-1.3543832144875494
2026-03-16 05:43:33,GPR_Optimization_h_mean_0.7_v_mean_1.1_20260316-044552,1762,3.7999990493783184,21.129078124453507,0.0,0.9999999997102361,0.001572899581278197,0.0,9.067694221719487,9.709380658156781e-14,107.54461445646325,892.5888285233448,0.0012820199883159587,"[[0.008268824726518903, 0.008973767334012058, -0.0014098852149863025], [0.008973767334012058, 0.014447165707203256, -0.010946796746382425], [-0.0014098852149863025, -0.010946796746382425, 0.019073823062792258]]",1.6172111505447326,0.690075179736177,-1.3542719416171105
2026-03-16 05:43:33,GPR_Optimization_h_mean_0.7_v_mean_1.1_20260316-044552,1705,3.799999049312274,21.12907812445341,0.0,0.9999999997102362,0.0015728996472178722,0.0,9.067694221719487,2.1858652021905993e-13,107.54461445646325,892.5888285233448,0.0012820199883159587,"[[0.008268823142781039, 0.008973763532678017, -0.0014098807797939658], [0.008973763532678017, 0.01444716006962593, -0.010946793073895797], [-0.0014098807797939658, -0.010946793073895797, 0.01907382458820368]]",1.6172111661345852,0.6900751960455525,-1.3542719401780652
2026-03-16 05:43:33,GPR_Optimization_h_mean_0.7_v_mean_1.1_20260316-044552,1856,3.799999049312274,21.12907812445341,0.0,0.9999999997102362,0.0015728996472178722,0.0,9.067694221719487,2.1858652021905993e-13,107.54461445646325,892.5888285233448,0.0012820199883159587,"[[0.008268823142781039, 0.008973763532678017, -0.0014098807797939658], [0.008973763532678017, 0.01444716006962593, -0.010946793073895797], [-0.0014098807797939658, -0.010946793073895797, 0.01907382458820368]]",1.6172111661345852,0.6900751960455525,-1.3542719401780652
2026-03-16 06:41:12,GPR_Optimization_h_mean_0.7_v_mean_1.4_20260316-054333,1575,3.7975863297186203,21.08373255450941,0.0016422390958855731,0.9980939894223874,0.0033468762479545618,0.0,8.37598921416387,1.307687643949267e-10,8914.254428767388,798.9711607808825,2.6585268799952395,"[[0.008347451539178328, 0.009250411687502168, -0.0018059202966476651], [0.009250411687502168, 0.014961504284715205, -0.011422185194426096], [-0.0018059202966476651, -0.011422185194426096, 0.01923252979555685]]",1.765168649985851,0.6892930296359359,-1.6517512406998296
2026-03-16 06:41:12,GPR_Optimization_h_mean_0.7_v_mean_1.4_20260316-054333,1762,3.7975863297186203,21.08373255450941,0.0016422390958855731,0.9980939894223874,0.0033468762479545618,0.0,8.37598921416387,1.307687643949267e-10,8914.254428767388,798.9711607808825,2.6585268799952395,"[[0.008347451539178328, 0.009250411687502168, -0.0018059202966476651], [0.009250411687502168, 0.014961504284715205, -0.011422185194426096], [-0.0018059202966476651, -0.011422185194426096, 0.01923252979555685]]",1.765168649985851,0.6892930296359359,-1.6517512406998296
2026-03-16 06:41:12,GPR_Optimization_h_mean_0.7_v_mean_1.4_20260316-054333,1969,3.797465117782003,21.084075483701557,0.0016777041942604856,0.9980765061114368,0.003437796933327054,0.0,8.857565569609227,6.434922355079099e-13,212.13948782802441,75.86170351113444,0.06886246233673032,"[[0.008335668778280072, 0.009224159852251869, -0.0017769821479436036], [0.009224159852251869, 0.014936430437362959, -0.011424541170222182], [-0.0017769821479436036, -0.011424541170222182, 0.01929511804455714]]",1.7652519575882422,0.6894455441304473,-1.6516128269155894
2026-03-16 06:41:12,GPR_Optimization_h_mean_0.7_v_mean_1.4_20260316-054333,1329,3.797465117782003,21.084075483701557,0.0016777041942604856,0.9980765061114368,0.003437796933327054,0.0,8.857565569609227,6.434922355079099e-13,212.13948782802441,75.86170351113444,0.06886246233673032,"[[0.008335668778280072, 0.009224159852251869, -0.0017769821479436036], [0.009224159852251869, 0.014936430437362959, -0.011424541170222182], [-0.0017769821479436036, -0.011424541170222182, 0.01929511804455714]]",1.7652519575882422,0.6894455441304473,-1.6516128269155894
2026-03-16 06:41:12,GPR_Optimization_h_mean_0.7_v_mean_1.4_20260316-054333,1743,3.797358321759253,21.02067937481421,0.0019096005606166783,0.9976110698185165,0.001713062337964651,0.0,8.37598921416387,7.599772594016304e-07,7505.522035130711,298.3866476348269,0.11949535241547374,"[[0.008197943085401662, 0.009084799402100949, -0.001773712633398578], [0.009084799402100949, 0.01483409958700393, -0.011498600369805979], [-0.001773712633398578, -0.011498600369805979, 0.019449775472814824]]",1.765576460618038,0.6897219256748729,-1.6517090698863302
2026-03-16 07:38:44,GPR_Optimization_h_mean_0.75_v_mean_0.2_20260316-064112,1368,3.799998311616628,21.129076693232957,0.0,0.9999999673456956,0.0015034577383821104,0.0,4.100814325268913,2.2194325266845437e-14,172.5960095114947,883.0752390635635,0.10830950159838586,"[[0.00843045523674871, 0.009064633667939843, -0.0012683568623822676], [0.009064633667939843, 0.014274398629222897, -0.01041952992256611], [-0.0012683568623822676, -0.01041952992256611, 0.018302346120367675]]",1.2175528695202449,0.739328475886551,-0.4564487872673874
2026-03-16 07:38:44,GPR_Optimization_h_mean_0.75_v_mean_0.2_20260316-064112,1286,3.7999983026199695,21.129076745325285,0.0,0.9999999684571118,0.0015034696795417032,0.0,4.100814325268913,1.3258157918606547e-11,172.5960095114947,914.1364749867821,0.10830950159838586,"[[0.008430453670915822, 0.009064632121511661, -0.0012683569011916766], [0.009064632121511661, 0.014274397708446044, -0.010419531173868788], [-0.0012683569011916766, -0.010419531173868788, 0.0183023485453542]]",1.2175528688498278,0.7393284709610999,-0.4564487957774558
2026-03-16 07:38:44,GPR_Optimization_h_mean_0.75_v_mean_0.2_20260316-064112,663,3.7999983019400054,21.129076525376632,0.0,0.9999999637688011,0.001503457877707714,0.0,4.100814325268913,4.14902563407819e-15,172.5960095114947,795.8920672502795,0.10830950159838586,"[[0.008430459604142822, 0.009064637822322098, -0.0012683564363585567], [0.009064637822322098, 0.01427440172393168, -0.01041952780321914], [-0.0012683564363585567, -0.01041952780321914, 0.018302342733721173]]",1.2175528679682381,0.7393284768018428,-0.45644878233279057
2026-03-16 07:38:44,GPR_Optimization_h_mean_0.75_v_mean_0.2_20260316-064112,1990,3.799998296049474,21.12907642336261,0.0,0.9999999615949735,0.001503457972002552,0.0,4.100814325268913,4.14902563407819e-15,172.5960095114947,750.8405858770211,0.10830950159838586,"[[0.008430462258948624, 0.009064640347283118, -0.0012683561766689826], [0.009064640347283118, 0.014274403604853462, -0.0104195265151407], [-0.0012683561766689826, -0.0104195265151407, 0.018302340676943436]]",1.2175528670263505,0.7393284773568287,-0.45644877933904304
2026-03-16 07:38:44,GPR_Optimization_h_mean_0.75_v_mean_0.2_20260316-064112,1870,3.799998280229828,21.12907614933669,0.0,0.9999999557557165,0.0015034582220167269,0.0,4.100814325268913,1.8572895585845393e-15,172.5960095114947,651.7426340536254,0.10830950159838586,"[[0.008430469392809746, 0.009064647131023437, -0.0012683554764273766], [0.009064647131023437, 0.014274408657571304, -0.010419523053095759], [-0.0012683554764273766, -0.010419523053095759, 0.018302335153336718]]",1.217552864504844,0.7393284788568508,-0.45644877129598627
2026-03-16 08:36:15,GPR_Optimization_h_mean_0.75_v_mean_0.5_20260316-073844,1696,3.799999463398607,21.129078192407324,0.0,0.99999999998045,0.0015383554041863987,0.0,6.1505462899011905,1.486195796398067e-13,149.2786949548561,736.6352548226652,0.0013070895022724777,"[[0.00832211435008767, 0.00895810031594207, -0.0012719719317087891], [0.00895810031594207, 0.014200467237073374, -0.010484733842262594], [-0.0012719719317087891, -0.010484733842262594, 0.018425523821107626]]",1.368152013519612,0.7399199641334949,-0.7564640987722335
2026-03-16 08:36:15,GPR_Optimization_h_mean_0.75_v_mean_0.5_20260316-073844,1872,3.7999994631879446,21.129078200745713,0.0,0.999999999985546,0.0015383557429112884,0.0,6.105535024530003,4.111777124471036e-13,136.6567981117567,976.0239407944775,0.0013070895022724777,"[[0.008320982770408195, 0.008956139137698325, -0.001270312734580275], [0.008956139137698325, 0.014197145923559798, -0.010482013571722931], [-0.001270312734580275, -0.010482013571722931, 0.018423401674285304]]",1.3681595348304476,0.739924219345364,-0.756470630970167
2026-03-16 08:36:15,GPR_Optimization_h_mean_0.75_v_mean_0.5_20260316-073844,1879,3.7999994595027706,21.129078201294856,0.0,0.9999999999827579,0.0015383594246355626,0.0,7.176635563701813,2.5182510337585594e-12,137.7048361820683,976.0239407944775,0.0013070895022724777,"[[0.008326303686893792, 0.008965413634230318, -0.0012782198946730567], [0.008965413634230318, 0.0142158920484802, -0.010500956828499759], [-0.0012782198946730567, -0.010500956828499759, 0.018445473867653404]]",1.3680877452594913,0.7398985984011391,-0.7563782937167044
2026-03-16 08:36:15,GPR_Optimization_h_mean_0.75_v_mean_0.5_20260316-073844,1560,3.799999458892803,21.129078201082166,0.0,0.9999999999844043,0.0015383600339375805,0.0,6.5959810066473095,9.228243079516393e-13,136.6567981117567,976.0239407944775,0.0013070895022724777,"[[0.008319442282250707, 0.008955821655862797, -0.0012727587472241863], [0.008955821655862797, 0.014200557034423448, -0.010489470757121297], [-0.0012727587472241863, -0.010489470757121297, 0.018433424019794212]]",1.3681333314571005,0.7399194399726362,-0.7564277829689279
2026-03-16 08:36:15,GPR_Optimization_h_mean_0.75_v_mean_0.5_20260316-073844,1936,3.79999945865348,21.129078184827804,0.0,0.9999999999740864,0.0015383600218570128,0.0,6.5959810066473095,9.228243079516393e-13,136.6567981117567,587.4811227440644,0.0013070895022724777,"[[0.008319442233958998, 0.008955821580757908, -0.0012727586935978087], [0.008955821580757908, 0.014200556856535318, -0.010489470551554816], [-0.0012727586935978087, -0.010489470551554816, 0.018433423715914013]]",1.3681333315099111,0.7399194402205026,-0.7564277825788174
2026-03-16 09:33:48,GPR_Optimization_h_mean_0.75_v_mean_0.8_20260316-083615,1964,3.7999973333814685,21.129068504289368,0.0,0.9999999888319467,0.0015408712350970608,0.0,7.714503480280897,3.094847439298865e-09,25220.48625100053,799.2093355843826,0.2507764266911546,"[[0.008235395895090133, 0.008849674204607496, -0.001228556619034697], [0.008849674204607496, 0.014059628784524351, -0.010419909159833715], [-0.001228556619034697, -0.010419909159833715, 0.018382705081598043]]",1.5187471368951322,0.7405258370557992,-1.0564425996786655
2026-03-16 09:33:48,GPR_Optimization_h_mean_0.75_v_mean_0.8_20260316-083615,1903,3.7999973333814685,21.129068504289368,0.0,0.9999999888319467,0.0015408712350970608,0.0,7.714503480280897,3.094847439298865e-09,25220.48625100053,799.2093355843826,0.2507764266911546,"[[0.008235395895090133, 0.008849674204607496, -0.001228556619034697], [0.008849674204607496, 0.014059628784524351, -0.010419909159833715], [-0.001228556619034697, -0.010419909159833715, 0.018382705081598043]]",1.5187471368951322,0.7405258370557992,-1.0564425996786655
2026-03-16 09:33:48,GPR_Optimization_h_mean_0.75_v_mean_0.8_20260316-083615,1930,3.7999971176787364,21.129060709627304,0.0,0.999999979596783,0.001540883752809768,0.0,7.714503480280897,5.201172478083251e-13,25220.48625100053,443.5370608983212,0.2507764266911546,"[[0.008236075609648646, 0.008850845881002831, -0.0012295405427083593], [0.008850845881002831, 0.014061435703505055, -0.010421179645004457], [-0.0012295405427083593, -0.010421179645004457, 0.01838327820459221]]",1.5187384688917875,0.7405207424540101,-1.0564354528755548
2026-03-16 09:33:48,GPR_Optimization_h_mean_0.75_v_mean_0.8_20260316-083615,1258,3.7999971174287657,21.129068504374906,0.0,0.999999988677221,0.001540910868935916,0.0,7.714503480280897,5.201172478083251e-13,25220.48625100053,799.2093355843826,0.2507764266911546,"[[0.008235902778145688, 0.008850458474878538, -0.0012291113934657077], [0.008850458474878538, 0.014060762957445558, -0.010420608965134024], [-0.0012291113934657077, -0.010420608965134024, 0.018382995143336623]]",1.5187422297137951,0.7405226179351196,-1.0564392235573512
2026-03-16 09:33:48,GPR_Optimization_h_mean_0.75_v_mean_0.8_20260316-083615,1805,3.7999966815771096,21.129078186798086,0.0,0.9999999999513856,0.0015410246796295412,0.0,7.714503480280897,2.3916552244956657e-13,122.53937413115695,901.8984432303616,0.0011158995546688428,"[[0.008240691071420303, 0.00885716206038518, -0.001232941977929732], [0.00885716206038518, 0.014067498726487382, -0.01042067333220439], [-0.001232941977929732, -0.01042067333220439, 0.018375462708549343]]",1.518734170456633,0.7405115100164757,-1.0564453208803148
2026-03-16 10:31:23,GPR_Optimization_h_mean_0.75_v_mean_1.1_20260316-093348,1675,3.799998976916001,21.12907815898523,0.0,0.9999999998578335,0.001547872598321285,0.0,9.978495547721854,1.929901644920148e-12,109.114767253759,885.0291854250619,0.0013939025043953677,"[[0.008212622870891221, 0.008822953111661097, -0.0012206604815397481], [0.008822953111661097, 0.014028290693433214, -0.010410675163544249], [-0.0012206604815397481, -0.010410675163544249, 0.018380029364009006]]",1.6688191890476511,0.7407663596744928,-1.3561056587463167
2026-03-16 10:31:23,GPR_Optimization_h_mean_0.75_v_mean_1.1_20260316-093348,1501,3.7999989754406447,21.129078075730007,0.0,0.9999999996802909,0.001547872536593376,0.0,9.978495547721854,1.929901644920148e-12,109.114767253759,393.5686759572093,0.0013939025043953677,"[[0.008212623464692696, 0.008822953380702736, -0.0012206598320200716], [0.008822953380702736, 0.014028290313227, -0.010410673865048516], [-0.0012206598320200716, -0.010410673865048516, 0.018380028066056892]]",1.6688191903148175,0.7407663616482759,-1.3561056573330832
2026-03-16 10:31:23,GPR_Optimization_h_mean_0.75_v_mean_1.1_20260316-093348,1723,3.7999988860175145,21.129078009714252,0.0,0.9999999995533713,0.0015479606320819494,0.0,9.978495547721854,2.6532208527288584e-15,281.608977594625,885.0291854250619,0.0045934014146780605,"[[0.008218834255921934, 0.008827589255746518, -0.0012175099996491869], [0.008827589255746518, 0.01403106977111645, -0.010406961030739847], [-0.0012175099996491869, -0.010406961030739847, 0.018378902062181318]]",1.6688286555131846,0.7407584830163205,-1.356140344993728
2026-03-16 10:31:23,GPR_Optimization_h_mean_0.75_v_mean_1.1_20260316-093348,1564,3.799998886016454,21.129078009714252,0.0,0.9999999995533713,0.001547960633140789,0.0,9.978495547721854,1.0979942664814059e-14,281.608977594625,885.0291854250619,0.0045934014146780605,"[[0.008218834257614731, 0.008827589257642356, -0.001217510000055243], [0.008827589257642356, 0.014031069774749919, -0.010406961034215135], [-0.001217510000055243, -0.010406961034215135, 0.01837890206831977]]",1.6688286555175091,0.7407584830161502,-1.3561403450027179
2026-03-16 10:31:23,GPR_Optimization_h_mean_0.75_v_mean_1.1_20260316-093348,1474,3.799998886016454,21.129078009714252,0.0,0.9999999995533713,0.001547960633140789,0.0,9.978495547721854,1.0979942664814059e-14,281.608977594625,885.0291854250619,0.0045934014146780605,"[[0.008218834257614731, 0.008827589257642356, -0.001217510000055243], [0.008827589257642356, 0.014031069774749919, -0.010406961034215135], [-0.001217510000055243, -0.010406961034215135, 0.01837890206831977]]",1.6688286555175091,0.7407584830161502,-1.3561403450027179
2026-03-16 11:29:17,GPR_Optimization_h_mean_0.75_v_mean_1.4_20260316-103123,1920,3.799999458065088,21.12907770204697,0.0,0.9999999986758745,0.0015648660681433994,0.0,9.230210440659896,1.3709781874028857e-11,668.2650155297466,984.0774481356987,0.007599255321557547,"[[0.008186465663633126, 0.008796037721775734, -0.0012191441162852335], [0.008796037721775734, 0.014021738240578284, -0.010451401037605095], [-0.0012191441162852335, -0.010451401037605095, 0.01846451384263972]]",1.818768097255984,0.7408619306456707,-1.655812333220627
2026-03-16 11:29:17,GPR_Optimization_h_mean_0.75_v_mean_1.4_20260316-103123,1999,3.7999994518542906,21.129077399290544,0.0,0.9999999979102687,0.0015648664484638147,0.0,9.230210440659896,2.30780922125812e-11,668.2650155297466,623.5378759821779,0.007599255321557547,"[[0.00818647778340809, 0.008796061553660476, -0.0012191675405047897], [0.008796061553660476, 0.014021769652331458, -0.010451416197341974], [-0.0012191675405047897, -0.010451416197341974, 0.018464497313674375]]",1.8187680473273882,0.7408618649619103,-1.6558123647309557
2026-03-16 11:29:17,GPR_Optimization_h_mean_0.75_v_mean_1.4_20260316-103123,1971,3.7999994434745945,21.129076954308516,0.0,0.9999999967850897,0.0015648662600456311,0.0,9.230210440659896,6.52429128736616e-12,668.2650155297466,405.28734143844304,0.007599255321557547,"[[0.008186520629555182, 0.00879612761369264, -0.00121921396827492], [0.00879612761369264, 0.01402184323286566, -0.010451431238346017], [-0.00121921396827492, -0.010451431238346017, 0.018464434540142193]]",1.8187679373406496,0.740861710434707,-1.655812453811886
2026-03-16 11:29:17,GPR_Optimization_h_mean_0.75_v_mean_1.4_20260316-103123,1799,3.7999994350444766,21.12907652641666,0.0,0.9999999957030973,0.0015648664504821618,0.0,9.230210440659896,1.3709781874028857e-11,668.2650155297466,303.22891145240357,0.007599255321557547,"[[0.008186541881828605, 0.008796167508442572, -0.001219251253227932], [0.008796167508442572, 0.014021896457169178, -0.010451457897453215], [-0.001219251253227932, -0.010451457897453215, 0.018464413288450568]]",1.8187678391007678,0.7408615964360841,-1.6558124853293674
2026-03-16 11:29:17,GPR_Optimization_h_mean_0.75_v_mean_1.4_20260316-103123,1943,3.799999413417925,21.129075331728288,0.0,0.9999999926821361,0.0015648650745533539,0.0,9.230210440659896,1.1677881308783812e-14,668.2650155297466,178.03975252899426,0.007599255321557547,"[[0.008186702973993976, 0.008796426423006936, -0.001219446898025925], [0.008796426423006936, 0.014022218810619, -0.01045158477522412], [-0.001219446898025925, -0.01045158477522412, 0.018464275754396377]]",1.8187672542874564,0.740860918438152,-1.6558126716986095
2026-03-16 12:27:19,GPR_Optimization_h_mean_0.8_v_mean_0.2_20260316-112917,1713,3.799703771428659,21.129064778390994,0.0,0.9999996653274957,0.0014680933910853234,0.0,4.793671312593714,1.6266043699709512e-12,1435.3215946621874,870.9452848637394,1.4555158128115973,"[[0.00834288433622499, 0.008909150994247406, -0.001132533316044843], [0.008909150994247406, 0.013967560739100203, -0.010116819489705591], [-0.001132533316044843, -0.010116819489705591, 0.0179685723473215]]",1.2687259386852887,0.7899980730989414,-0.45745573117269456
2026-03-16 12:27:19,GPR_Optimization_h_mean_0.8_v_mean_0.2_20260316-112917,856,3.799703771428659,21.129064778390994,0.0,0.9999996653274957,0.0014680933910853234,0.0,4.793671312593714,1.6266043699709512e-12,1435.3215946621874,870.9452848637394,1.4555158128115973,"[[0.00834288433622499, 0.008909150994247406, -0.001132533316044843], [0.008909150994247406, 0.013967560739100203, -0.010116819489705591], [-0.001132533316044843, -0.010116819489705591, 0.0179685723473215]]",1.2687259386852887,0.7899980730989414,-0.45745573117269456
2026-03-16 12:27:19,GPR_Optimization_h_mean_0.8_v_mean_0.2_20260316-112917,1928,3.799703771428659,21.129064778390994,0.0,0.9999996653274957,0.0014680933910853234,0.0,4.793671312593714,1.6266043699709512e-12,1435.3215946621874,870.9452848637394,1.4555158128115973,"[[0.00834288433622499, 0.008909150994247406, -0.001132533316044843], [0.008909150994247406, 0.013967560739100203, -0.010116819489705591], [-0.001132533316044843, -0.010116819489705591, 0.0179685723473215]]",1.2687259386852887,0.7899980730989414,-0.45745573117269456
2026-03-16 12:27:19,GPR_Optimization_h_mean_0.8_v_mean_0.2_20260316-112917,1680,3.799703771428659,21.129064778390994,0.0,0.9999996653274957,0.0014680933910853234,0.0,4.793671312593714,1.6266043699709512e-12,1435.3215946621874,870.9452848637394,1.4555158128115973,"[[0.00834288433622499, 0.008909150994247406, -0.001132533316044843], [0.008909150994247406, 0.013967560739100203, -0.010116819489705591], [-0.001132533316044843, -0.010116819489705591, 0.0179685723473215]]",1.2687259386852887,0.7899980730989414,-0.45745573117269456
2026-03-16 12:27:19,GPR_Optimization_h_mean_0.8_v_mean_0.2_20260316-112917,1688,3.7997026983425246,21.129074500237763,0.0,0.9999999065768244,0.0014683450939043784,0.0,4.793671312593714,1.2632298298713575e-12,118.33430164526555,269.899705623767,0.12427072483752945,"[[0.008342584115634216, 0.008908908896483598, -0.0011326495616987473], [0.008908908896483598, 0.013966954680660719, -0.01011609156835423], [-0.0011326495616987473, -0.01011609156835423, 0.017966884013310952]]",1.2687289444633223,0.7900013946647433,-0.45745509959715747
2026-03-16 13:25:27,GPR_Optimization_h_mean_0.8_v_mean_0.5_20260316-122719,1969,3.799950320332988,21.129077083978256,0.0,0.9999999798833118,0.0015116251570715953,0.0,8.189917341564302,1.1890134404272054e-15,100.01321961241113,581.9605095859952,0.050426421058838385,"[[0.008243286489881872, 0.008822010523925453, -0.0011574480680871613], [0.008822010523925453, 0.01392061623084801, -0.010197211413845098], [-0.0011574480680871613, -0.010197211413845098, 0.018079526691515874]]",1.4190665848332726,0.7905035715296278,-0.7571260266072903
2026-03-16 13:25:27,GPR_Optimization_h_mean_0.8_v_mean_0.5_20260316-122719,1101,3.7999503202568694,21.129077083978274,0.0,0.9999999798833143,0.0015116251700310372,0.0,8.189917341564302,9.381532786043866e-15,100.01321961241113,581.9605095859952,0.050426421058838385,"[[0.008243286489589986, 0.00882201052333459, -0.0011574480674891978], [0.00882201052333459, 0.01392061623042826, -0.010197211414187331], [-0.0011574480674891978, -0.010197211414187331, 0.018079526693396242]]",1.4190665848349202,0.7905035715265667,-0.7571260266167074
2026-03-16 13:25:27,GPR_Optimization_h_mean_0.8_v_mean_0.5_20260316-122719,1673,3.7999503202568694,21.129077083978274,0.0,0.9999999798833143,0.0015116251700310372,0.0,8.189917341564302,9.381532786043866e-15,100.01321961241113,581.9605095859952,0.050426421058838385,"[[0.008243286489589986, 0.00882201052333459, -0.0011574480674891978], [0.00882201052333459, 0.01392061623042826, -0.010197211414187331], [-0.0011574480674891978, -0.010197211414187331, 0.018079526693396242]]",1.4190665848349202,0.7905035715265667,-0.7571260266167074
2026-03-16 13:25:27,GPR_Optimization_h_mean_0.8_v_mean_0.5_20260316-122719,1695,3.799949926352207,21.12907754649494,0.0,0.9999999880204934,0.0015116985188569892,0.0,8.043066473025023,1.0503154674674784e-12,100.01321961241113,980.7657562467763,0.050426421058838385,"[[0.0082435636936719, 0.008822612691261104, -0.0011580979951784302], [0.008822612691261104, 0.013921599433930548, -0.010197973485338886], [-0.0011580979951784302, -0.010197973485338886, 0.01807975098032089]]",1.4190622255096978,0.7905009871017498,-0.7571224768158964
2026-03-16 13:25:27,GPR_Optimization_h_mean_0.8_v_mean_0.5_20260316-122719,1626,3.799949895724432,21.12907708109996,0.0,0.9999999798111324,0.0015116973871346887,0.0,8.043066473025023,9.381532786043866e-15,100.01321961241113,581.9605095859952,0.050426421058838385,"[[0.008243565844440326, 0.008822618171164101, -0.0011581046534475574], [0.008822618171164101, 0.013921606440539957, -0.010197976538751716], [-0.0011581046534475574, -0.010197976538751716, 0.018079743770608312]]",1.419062196099278,0.7905009660824147,-0.7571224600337262
2026-03-16 14:24:01,GPR_Optimization_h_mean_0.8_v_mean_0.8_20260316-132527,1764,3.7999894154220586,21.129057418881537,0.0,0.9999998295179636,0.0015360737212644128,0.0,9.974017947343908,1.1270896992582683e-10,3890.2006013688724,819.4292222823037,0.9738063600471971,"[[0.00819268274967342, 0.008742606931095359, -0.0010998483628438978], [0.008742606931095359, 0.01380957186644867, -0.010133929870706595], [-0.0010998483628438978, -0.010133929870706595, 0.018068163015725412]]",1.5694967354654519,0.7909198359955664,-1.0571537989397706
2026-03-16 14:24:01,GPR_Optimization_h_mean_0.8_v_mean_0.8_20260316-132527,1626,3.799989293675575,21.12905741921417,0.0,0.9999998295451984,0.0015360909620297986,0.0,9.974017947343908,5.882410613889928e-10,3890.2006013688724,819.4292222823037,0.9738063600471971,"[[0.008192681887123727, 0.00874260563082542, -0.0010998474874033745], [0.00874260563082542, 0.013809571509825331, -0.010133931757999806], [-0.0010998474874033745, -0.010133931757999806, 0.018068168541192885]]",1.5694967451879565,0.7909198331655655,-1.0571538240447822
2026-03-16 14:24:01,GPR_Optimization_h_mean_0.8_v_mean_0.8_20260316-132527,427,3.7999892770872328,21.129070723833216,0.0,0.9999999386826776,0.00153617442118844,0.0,9.699554877861994,2.447549380465893e-15,574.2816168020124,337.8009324822936,0.1433913469012942,"[[0.008190976966685004, 0.008740173683896886, -0.0010983934344237336], [0.008740173683896886, 0.01380742958616891, -0.01013451180454404], [-0.0010983934344237336, -0.01013451180454404, 0.018072236740240603]]",1.5695003734335091,0.7909270735271343,-1.0571465998127492
2026-03-16 14:24:01,GPR_Optimization_h_mean_0.8_v_mean_0.8_20260316-132527,1807,3.799988902747951,21.129046489988852,0.0,0.9999997399697744,0.0015360796843383534,0.0,9.974017947343908,2.0800207128258996e-11,3890.2006013688724,537.1659918318048,0.9738063600471971,"[[0.008192785952762904, 0.008743275495962684, -0.0011009790863995756], [0.008743275495962684, 0.013810906048849275, -0.010135261105773183], [-0.0011009790863995756, -0.010135261105773183, 0.018068564038747216]]",1.5694917468294696,0.7909186955217031,-1.0571461026155329
2026-03-16 14:24:01,GPR_Optimization_h_mean_0.8_v_mean_0.8_20260316-132527,1848,3.7999882290888127,21.129058711643914,0.0,0.9999998398881124,0.0015362493529408158,0.0,9.526705739233181,4.425571205471489e-13,3890.2006013688724,888.2606394275895,0.9738063600471971,"[[0.008188644758391192, 0.008736923103160963, -0.001096556689539534], [0.008736923103160963, 0.01380354733311887, -0.010133248459915822], [-0.001096556689539534, -0.010133248459915822, 0.018073383540752573]]",1.569517700295119,0.790941926482615,-1.0571515476250077
2026-03-16 15:22:29,GPR_Optimization_h_mean_0.8_v_mean_1.1_20260316-142401,1726,3.7999999909353055,21.12907808518642,0.0,0.999999999845531,0.0015393693776965633,0.0,9.21171430271504,2.2012442663127617e-10,537.5960616582701,961.7574626378208,0.005027155438630074,"[[0.008172437853721504, 0.0087193730698705, -0.001093870432298008], [0.0087193730698705, 0.01375126888031791, -0.010063791620894822], [-0.001093870432298008, -0.010063791620894822, 0.017939842377193635]]",1.719910223341121,0.7912155734743305,-1.357389299733581
2026-03-16 15:22:29,GPR_Optimization_h_mean_0.8_v_mean_1.1_20260316-142401,1278,3.799999990457728,21.129078054914427,0.0,0.9999999998122396,0.0015393693589055618,0.0,9.21171430271504,2.2012442663127617e-10,537.5960616582701,791.242291786613,0.005027155438630074,"[[0.008172437654417044, 0.008719372768604329, -0.0010938702283745637], [0.008719372768604329, 0.013751268374028664, -0.010063791210848693], [-0.0010938702283745637, -0.010063791210848693, 0.017939841964948224]]",1.719910224016549,0.7912155744283661,-1.3573892991763656
2026-03-16 15:22:29,GPR_Optimization_h_mean_0.8_v_mean_1.1_20260316-142401,1009,3.799999990457728,21.129078054914427,0.0,0.9999999998122396,0.0015393693589055618,0.0,9.21171430271504,2.2012442663127617e-10,537.5960616582701,791.242291786613,0.005027155438630074,"[[0.008172437654417044, 0.008719372768604329, -0.0010938702283745637], [0.008719372768604329, 0.013751268374028664, -0.010063791210848693], [-0.0010938702283745637, -0.010063791210848693, 0.017939841964948224]]",1.719910224016549,0.7912155744283661,-1.3573892991763656
2026-03-16 15:22:29,GPR_Optimization_h_mean_0.8_v_mean_1.1_20260316-142401,1438,3.799999990457728,21.129078054914427,0.0,0.9999999998122396,0.0015393693589055618,0.0,9.21171430271504,2.2012442663127617e-10,537.5960616582701,791.242291786613,0.005027155438630074,"[[0.008172437654417044, 0.008719372768604329, -0.0010938702283745637], [0.008719372768604329, 0.013751268374028664, -0.010063791210848693], [-0.0010938702283745637, -0.010063791210848693, 0.017939841964948224]]",1.719910224016549,0.7912155744283661,-1.3573892991763656
2026-03-16 15:22:29,GPR_Optimization_h_mean_0.8_v_mean_1.1_20260316-142401,1840,3.799999990018406,21.129078027066985,0.0,0.999999999781617,0.0015393693416190523,0.0,9.21171430271504,2.2012442663127617e-10,537.5960616582701,680.2900187054552,0.005027155438630074,"[[0.008172437471075267, 0.00871937249146324, -0.0010938700407759432], [0.00871937249146324, 0.013751267908284395, -0.010063790833642271], [-0.0010938700407759432, -0.010063790833642271, 0.017939841585732693]]",1.7199102246379074,0.7912155753060307,-1.3573892986637535
2026-03-16 16:20:52,GPR_Optimization_h_mean_0.8_v_mean_1.4_20260316-152229,1815,3.7999908099291213,21.129078114037203,0.0,0.9999999998185898,0.0015436136362675633,0.0,9.945579140194104,1.3235758886075989e-14,174.79172257438057,636.1090476373946,0.0018503816649227066,"[[0.008155048527761003, 0.00867783321040587, -0.0010455693652897122], [0.00867783321040587, 0.01366998212886831, -0.009984297836924904], [-0.0010455693652897122, -0.009984297836924904, 0.01787745694327038]]",1.870213674882907,0.7914507542525778,-1.6575258412606584
2026-03-16 16:20:52,GPR_Optimization_h_mean_0.8_v_mean_1.4_20260316-152229,1573,3.7999908099291213,21.129078114037203,0.0,0.9999999998185898,0.0015436136362675633,0.0,9.945579140194104,1.3235758886075989e-14,174.79172257438057,636.1090476373946,0.0018503816649227066,"[[0.008155048527761003, 0.00867783321040587, -0.0010455693652897122], [0.00867783321040587, 0.01366998212886831, -0.009984297836924904], [-0.0010455693652897122, -0.009984297836924904, 0.01787745694327038]]",1.870213674882907,0.7914507542525778,-1.6575258412606584
2026-03-16 16:20:52,GPR_Optimization_h_mean_0.8_v_mean_1.4_20260316-152229,1180,3.7999908097602515,21.12907811403718,0.0,0.9999999998185896,0.0015436138048775029,0.0,9.945579140194104,1.0490636480339077e-12,174.79172257438057,636.1090476373946,0.0018503816649227066,"[[0.008155048397650373, 0.008677832733013037, -0.0010455686707253442], [0.008677832733013037, 0.013669981605498262, -0.009984297744970418], [-0.0010455686707253442, -0.009984297744970418, 0.017877458148490153]]",1.8702136776720217,0.791450756056991,-1.6575258432300617
2026-03-16 16:20:52,GPR_Optimization_h_mean_0.8_v_mean_1.4_20260316-152229,1513,3.7999907870752185,21.12907811403505,0.0,0.9999999998185597,0.001543636455012307,0.0,9.945579140194104,1.3871949852756056e-10,174.79172257438057,636.1090476373946,0.0018503816649227066,"[[0.008155031547203368, 0.008677769974897933, -0.0010454768553891578], [0.008677769974897933, 0.013669913458390545, -0.009984286966985206], [-0.0010454768553891578, -0.009984286966985206, 0.01787762022319209]]",1.8702140458550478,0.7914509952515498,-1.657526101206996
2026-03-16 16:20:52,GPR_Optimization_h_mean_0.8_v_mean_1.4_20260316-152229,1611,3.7999907870752185,21.12907811403505,0.0,0.9999999998185597,0.001543636455012307,0.0,9.945579140194104,1.3871949852756056e-10,174.79172257438057,636.1090476373946,0.0018503816649227066,"[[0.008155031547203368, 0.008677769974897933, -0.0010454768553891578], [0.008677769974897933, 0.013669913458390545, -0.009984286966985206], [-0.0010454768553891578, -0.009984286966985206, 0.01787762022319209]]",1.8702140458550478,0.7914509952515498,-1.657526101206996
2026-03-16 17:18:49,GPR_Optimization_h_mean_0.85_v_mean_0.2_20260316-162052,747,3.7999540998335153,21.12905817421248,0.0,0.999999485343132,0.0014429539719111868,0.0,4.138423977588367,5.98881405882601e-14,119.06341731819543,46.60000770747437,0.21061237487731607,"[[0.008262276604821596, 0.008766650632805106, -0.0010087480559670171], [0.008766650632805106, 0.013696984527989398, -0.009860667790368583], [-0.0010087480559670171, -0.009860667790368583, 0.017703839468803127]]",1.3197066668919002,0.840546065688835,-0.4583212024061303
2026-03-16 17:18:49,GPR_Optimization_h_mean_0.85_v_mean_0.2_20260316-162052,1134,3.7999540738231743,21.129076304129597,0.0,0.9999999505531716,0.0014432089024779212,0.0,3.9977826944403656,6.779236655068599e-14,173.40356362414238,699.1141654022055,0.2978094893443078,"[[0.008262360475239235, 0.008766440511207724, -0.001008160071936953], [0.008766440511207724, 0.013696205511730734, -0.00985953000104604], [-0.001008160071936953, -0.00985953000104604, 0.017702739858218186]]",1.3197081736755023,0.8405460829492291,-0.4583241814525468
2026-03-16 17:18:49,GPR_Optimization_h_mean_0.85_v_mean_0.2_20260316-162052,1771,3.7999537849743805,21.129076429055157,0.0,0.9999999537255124,0.001443249154964511,0.0,3.9290427916793957,1.3285829345883393e-14,173.40356362414238,754.0126463544498,0.2978094893443078,"[[0.008262428326327191, 0.008766606760734224, -0.0010083568688140625], [0.008766606760734224, 0.013696443707691509, -0.009859673893914605], [-0.0010083568688140625, -0.009859673893914605, 0.017702634050201074]]",1.3197089001013949,0.840546711123236,-0.45832437795631775
2026-03-16 17:18:49,GPR_Optimization_h_mean_0.85_v_mean_0.2_20260316-162052,1198,3.7999537849743805,21.129076429055157,0.0,0.9999999537255124,0.001443249154964511,0.0,3.9290427916793957,1.3285829345883393e-14,173.40356362414238,754.0126463544498,0.2978094893443078,"[[0.008262428326327191, 0.008766606760734224, -0.0010083568688140625], [0.008766606760734224, 0.013696443707691509, -0.009859673893914605], [-0.0010083568688140625, -0.009859673893914605, 0.017702634050201074]]",1.3197089001013949,0.840546711123236,-0.45832437795631775
2026-03-16 17:18:49,GPR_Optimization_h_mean_0.85_v_mean_0.2_20260316-162052,1622,3.7999537846592104,21.12907642905527,0.0,0.9999999537255205,0.0014432491970135563,0.0,3.9290427916793957,6.779236655068599e-14,173.40356362414238,754.0126463544498,0.2978094893443078,"[[0.008262428325823556, 0.008766606759554787, -0.001008356867462475], [0.008766606759554787, 0.013696443706103232, -0.00985967389309686], [-0.001008356867462475, -0.00985967389309686, 0.017702634051268793]]",1.3197089000931308,0.8405467111113016,-0.4583243779636584
2026-03-16 18:16:37,GPR_Optimization_h_mean_0.85_v_mean_0.5_20260316-171849,1969,3.7999993578657305,21.129076753611372,0.0,0.9999999643846783,0.001470353856623656,0.0,7.469264930157508,5.657371465981418e-14,190.6719271765132,981.4269819072691,0.18722977236827537,"[[0.008192883819101734, 0.0087100745326229, -0.0010343814270423245], [0.0087100745326229, 0.013671885034348897, -0.009923621003452012], [-0.0010343814270423245, -0.009923621003452012, 0.01777847915281936]]",1.4700346049424229,0.8410324192665297,-0.758004371351787
2026-03-16 18:16:37,GPR_Optimization_h_mean_0.85_v_mean_0.5_20260316-171849,1204,3.79999860982786,21.129076289975945,0.0,0.9999999540280833,0.0014710735390532125,0.0,8.263832528698437,6.727362478492897e-15,260.2691102010531,926.8279443910269,0.24378811921185373,"[[0.00819176640532955, 0.008707456328946183, -0.0010313798472332695], [0.008707456328946183, 0.013667782598624698, -0.009920652539357044], [-0.0010313798472332695, -0.009920652539357044, 0.01777854538424757]]",1.4700278297997083,0.8410278237258018,-0.7580000121478128
2026-03-16 18:16:37,GPR_Optimization_h_mean_0.85_v_mean_0.5_20260316-171849,1966,3.7999983210110804,21.12907668395876,0.0,0.9999999625048037,0.001471384445571946,0.0,6.802940013768899,6.118876542852009e-14,190.6719271765132,981.4269819072691,0.18722977236827537,"[[0.008192229339963296, 0.0087100721122004, -0.0010356855444742334], [0.0087100721122004, 0.013672555173412957, -0.00992496612242508], [-0.0010356855444742334, -0.00992496612242508, 0.01777856115590171]]",1.4700350773674196,0.8410351647161126,-0.7579998253026138
2026-03-16 18:16:37,GPR_Optimization_h_mean_0.85_v_mean_0.5_20260316-171849,1406,3.7999979755181217,21.12907626050443,0.0,0.999999951835629,0.0014717021201817665,0.0,9.871157092036386,4.0977109478887096e-12,223.90554533827034,895.7869291804021,0.24378811921185373,"[[0.00819145225314989, 0.008707973023080302, -0.0010330415398608313], [0.008707973023080302, 0.013669073271960845, -0.009922200497761071], [-0.0010330415398608313, -0.009922200497761071, 0.01777831791580048]]",1.470043310824503,0.8410390244382634,-0.7580085727724789
2026-03-16 18:16:37,GPR_Optimization_h_mean_0.85_v_mean_0.5_20260316-171849,1671,3.7999979755181217,21.12907626050443,0.0,0.999999951835629,0.0014717021201817665,0.0,9.871157092036386,4.0977109478887096e-12,223.90554533827034,895.7869291804021,0.24378811921185373,"[[0.00819145225314989, 0.008707973023080302, -0.0010330415398608313], [0.008707973023080302, 0.013669073271960845, -0.009922200497761071], [-0.0010330415398608313, -0.009922200497761071, 0.01777831791580048]]",1.470043310824503,0.8410390244382634,-0.7580085727724789
2026-03-16 19:14:41,GPR_Optimization_h_mean_0.85_v_mean_0.8_20260316-181637,1654,3.7999660412839624,21.129077115384707,0.0,0.9999999786241484,0.0015011529002684615,0.0,9.467497473844544,8.852588426207009e-14,133.65281178355312,768.988983025356,0.07699736609870754,"[[0.008150207666312421, 0.00866180651188298, -0.0010231976911410916], [0.00866180651188298, 0.013619667350527, -0.009915721677288056], [-0.0010231976911410916, -0.009915721677288056, 0.017785047972293924]]",1.6202163052087912,0.8413149643571726,-1.0578026817032373
2026-03-16 19:14:41,GPR_Optimization_h_mean_0.85_v_mean_0.8_20260316-181637,1775,3.799965592595458,21.12906878074587,0.0,0.9999998181588698,0.0015011623055064638,0.0,9.467497473844544,1.8063511307404474e-12,133.65281178355312,90.3778645716007,0.07699736609870754,"[[0.00815038575187277, 0.008662124742824412, -0.001023477981903286], [0.008662124742824412, 0.013620095099762294, -0.00991594071387577], [-0.001023477981903286, -0.00991594071387577, 0.01778492546394497]]",1.6202153980409972,0.8413141529993198,-1.057802490083355
2026-03-16 19:14:41,GPR_Optimization_h_mean_0.85_v_mean_0.8_20260316-181637,1390,3.799963349834809,21.12900826776315,0.0,0.9999985514358589,0.0015000141172487797,0.0,9.467497473844544,1.547747781969761e-15,7316.62182272276,767.6254868609537,4.70650645211314,"[[0.008149127597021171, 0.00865857214289928, -0.0010188890917562105], [0.00865857214289928, 0.013611938384180006, -0.009906732482561447], [-0.0010188890917562105, -0.009906732482561447, 0.017775686781610497]]",1.6202501369718747,0.8413294783721825,-1.0578413171993843
2026-03-16 19:14:41,GPR_Optimization_h_mean_0.85_v_mean_0.8_20260316-181637,1313,3.799962445298778,21.12900274494623,0.0,0.9999983820637675,0.001500500778570649,0.0,9.467497473844544,1.8063511307404474e-12,7316.62182272276,767.6254868609537,4.999951570095337,"[[0.008150317552323615, 0.008661390347891226, -0.0010221455911352093], [0.008661390347891226, 0.013616322067741844, -0.009909863439701214], [-0.0010221455911352093, -0.009909863439701214, 0.017775435697132018]]",1.6202479034115285,0.8413331729884167,-1.0578294608462238
2026-03-16 19:14:41,GPR_Optimization_h_mean_0.85_v_mean_0.8_20260316-181637,1102,3.799962445298778,21.12900274494623,0.0,0.9999983820637675,0.001500500778570649,0.0,9.467497473844544,1.8063511307404474e-12,7316.62182272276,767.6254868609537,4.999951570095337,"[[0.008150317552323615, 0.008661390347891226, -0.0010221455911352093], [0.008661390347891226, 0.013616322067741844, -0.009909863439701214], [-0.0010221455911352093, -0.009909863439701214, 0.017775435697132018]]",1.6202479034115285,0.8413331729884167,-1.0578294608462238
2026-03-16 20:12:46,GPR_Optimization_h_mean_0.85_v_mean_1.1_20260316-191441,1348,3.799991730526879,21.129077458303243,0.0,0.9999999890729329,0.0015277194076169863,0.0,9.976905796757991,8.365003252587577e-11,103.72640571098903,846.0399212188792,0.040540645602337624,"[[0.008131221967073086, 0.00862540754317098, -0.000988371152195798], [0.00862540754317098, 0.013546233440281047, -0.009841651794220113], [-0.000988371152195798, -0.009841651794220113, 0.01770656128404863]]",1.770546289235564,0.8415404993057067,-1.3580115798597148
2026-03-16 20:12:46,GPR_Optimization_h_mean_0.85_v_mean_1.1_20260316-191441,1950,3.7999906420879674,21.129074505050617,0.0,0.9999999585616074,0.0015278589694242672,0.0,9.976905796757991,5.356912558711991e-15,110.56066427927408,143.77104151946105,0.035377055520414626,"[[0.008130841051455362, 0.0086242362706312, -0.0009867904383517006], [0.0086242362706312, 0.01354637405840504, -0.009844275575547632], [-0.0009867904383517006, -0.009844275575547632, 0.017714970274391867]]",1.7705569289381018,0.841534251815698,-1.358045354244808
2026-03-16 20:12:46,GPR_Optimization_h_mean_0.85_v_mean_1.1_20260316-191441,1525,3.799989202701531,21.129076473456493,0.0,0.999999981195728,0.0015280883950380166,0.0,9.976905796757991,2.504799001956341e-13,166.91788635360513,445.3587198444895,0.051987831357679475,"[[0.008130829857570653, 0.008624289367484638, -0.0009869190198279654], [0.008624289367484638, 0.01354685487281338, -0.009845131010657477], [-0.0009869190198279654, -0.009845131010657477, 0.01771642398165901]]",1.770561286792678,0.8415350569462398,-1.358052459692877
2026-03-16 20:12:46,GPR_Optimization_h_mean_0.85_v_mean_1.1_20260316-191441,1483,3.7999890317137455,21.129077303313323,0.0,0.9999999901044035,0.001528120114799323,0.0,9.976905796757991,3.734412304852254e-11,166.91788635360513,846.0399212188792,0.051987831357679475,"[[0.008130815789272777, 0.008624439793846668, -0.0009872480091477611], [0.008624439793846668, 0.013546656772845578, -0.009844433957997821], [-0.0009872480091477611, -0.009844433957997821, 0.017714371897700136]]",1.7705630564371995,0.8415351166581452,-1.3580558795581088
2026-03-16 20:12:46,GPR_Optimization_h_mean_0.85_v_mean_1.1_20260316-191441,1360,3.7999890112153203,21.129077429025433,0.0,0.9999999914534518,0.0015281241176770815,0.0,9.976905796757991,4.20539917432773e-11,166.91788635360513,979.5480645406116,0.051987831357679475,"[[0.008130813677182776, 0.008624435603409066, -0.0009872438524525953], [0.008624435603409066, 0.013546651098579176, -0.009844430990340184], [-0.0009872438524525953, -0.009844430990340184, 0.01771437427577518]]",1.7705630695691634,0.8415351258492912,-1.3580558874397446
2026-03-16 21:11:06,GPR_Optimization_h_mean_0.85_v_mean_1.4_20260316-201246,1414,3.7999621766781817,21.12907447337635,0.0,0.9999999972256609,0.001537424571965063,0.0,9.874487762374613,1.0218460922131482e-14,163.06763534228577,11.092393742464134,0.001975073916466094,"[[0.008096708757564262, 0.008548729270690742, -0.0009040410262529643], [0.008548729270690742, 0.013397157849289952, -0.009696857157198405], [-0.0009040410262529643, -0.009696857157198405, 0.017585632261890898]]",1.9211998014357337,0.8418734649704444,-1.6586526729305784
2026-03-16 21:11:06,GPR_Optimization_h_mean_0.85_v_mean_1.4_20260316-201246,503,3.7999621635134333,21.129078160311643,0.0,0.9999999999517231,0.0015374377924835822,0.0,9.874487762374613,3.9715435380938565e-15,154.6341093674957,570.8833740201053,0.0017639439840123495,"[[0.008096794408429172, 0.008548642070903735, -0.0009036953249491271], [0.008548642070903735, 0.013396777473814181, -0.009696270805820901], [-0.0009036953249491271, -0.009696270805820901, 0.017585150961743533]]",1.921202737398213,0.8418744248858518,-1.6586566250247228
2026-03-16 21:11:06,GPR_Optimization_h_mean_0.85_v_mean_1.4_20260316-201246,417,3.7999620777120966,21.12907452071149,0.0,0.9999999972598674,0.0015374427241014435,0.0,9.874487762374613,8.854444865489148e-13,6996.796068210873,518.6572032971675,0.0915149480225936,"[[0.008096900585356642, 0.008548993547192893, -0.0009041859236724967], [0.008548993547192893, 0.013398027656496489, -0.00969806821860722], [-0.0009041859236724967, -0.00969806821860722, 0.017587764589869458]]",1.921196617460415,0.8418719815066615,-1.6586492719075074
2026-03-16 21:11:06,GPR_Optimization_h_mean_0.85_v_mean_1.4_20260316-201246,1559,3.799961994484019,21.129071571848296,0.0,0.9999999949740198,0.0015374491718001524,0.0,9.874487762374613,1.0218460922131482e-14,460.0808634383729,16.47881752606085,0.005179627989835985,"[[0.008097549187688916, 0.008549763161141194, -0.000904427946904579], [0.008549763161141194, 0.013398430962670264, -0.009697335603058133], [-0.000904427946904579, -0.009697335603058133, 0.017585815312307084]]",1.921194797472935,0.8418700067554802,-1.6586495814349103
2026-03-16 21:11:06,GPR_Optimization_h_mean_0.85_v_mean_1.4_20260316-201246,1686,3.799961994446679,21.129071571848332,0.0,0.9999999949740186,0.0015374491785961296,0.0,9.874487762374613,1.1226774435398471e-13,460.0808634383729,16.47881752606085,0.005179627989835985,"[[0.008097549180080163, 0.008549763099754863, -0.0009044278393494091], [0.008549763099754863, 0.013398430855778241, -0.00969733551204672], [-0.0009044278393494091, -0.00969733551204672, 0.017585815345394624]]",1.9211947977947195,0.8418700070334805,-1.6586495815224784
2026-03-16 22:09:32,GPR_Optimization_h_mean_0.9_v_mean_0.2_20260316-211106,1934,3.7999998312181975,21.129077344802706,0.0,0.9999999782310828,0.0014354923884315888,0.0,2.9081591385670107,7.234894194951724e-15,106.54758364421048,954.392842913087,0.30249172152116427,"[[0.008196657530838024, 0.008658963771768455, -0.000924612481860849], [0.008658963771768455, 0.013500134966474253, -0.009682342389411581], [-0.000924612481860849, -0.009682342389411581, 0.01751545981510147]]",1.3704643348926135,0.891025338760261,-0.45887799226470544
2026-03-16 22:09:32,GPR_Optimization_h_mean_0.9_v_mean_0.2_20260316-211106,1821,3.7999998312176158,21.129077344802706,0.0,0.999999978231083,0.0014354923890124883,0.0,2.9081591385670107,7.85192205027509e-15,106.54758364421048,954.392842913087,0.30249172152116427,"[[0.008196657530833233, 0.00865896377175558, -0.0009246124818447015], [0.00865896377175558, 0.013500134966454868, -0.009682342389398566], [-0.0009246124818447015, -0.009682342389398566, 0.017515459815107735]]",1.3704643348924654,0.8910253387600817,-0.45887799226476683
2026-03-16 22:09:32,GPR_Optimization_h_mean_0.9_v_mean_0.2_20260316-211106,1917,3.7999998312176158,21.129077344802706,0.0,0.999999978231083,0.0014354923890124883,0.0,2.9081591385670107,7.85192205027509e-15,106.54758364421048,954.392842913087,0.30249172152116427,"[[0.008196657530833233, 0.00865896377175558, -0.0009246124818447015], [0.00865896377175558, 0.013500134966454868, -0.009682342389398566], [-0.0009246124818447015, -0.009682342389398566, 0.017515459815107735]]",1.3704643348924654,0.8910253387600817,-0.45887799226476683
2026-03-16 22:09:32,GPR_Optimization_h_mean_0.9_v_mean_0.2_20260316-211106,1928,3.7999998312176158,21.129077344802706,0.0,0.999999978231083,0.0014354923890124883,0.0,2.9081591385670107,7.85192205027509e-15,106.54758364421048,954.392842913087,0.30249172152116427,"[[0.008196657530833233, 0.00865896377175558, -0.0009246124818447015], [0.00865896377175558, 0.013500134966454868, -0.009682342389398566], [-0.0009246124818447015, -0.009682342389398566, 0.017515459815107735]]",1.3704643348924654,0.8910253387600817,-0.45887799226476683
2026-03-16 22:09:32,GPR_Optimization_h_mean_0.9_v_mean_0.2_20260316-211106,1955,3.7999995581634214,21.12907728342786,0.0,0.9999999765567275,0.0014357608371903723,0.0,2.7502085927385322,2.054001227479421e-15,110.99197175524883,954.392842913087,0.30249172152116427,"[[0.008196299680445863, 0.008658682488843664, -0.0009247656167956205], [0.008658682488843664, 0.013499665770699503, -0.009681966563711659], [-0.0009247656167956205, -0.009681966563711659, 0.017514401893832066]]",1.3704686578275072,0.8910297298690655,-0.45887785591688324
2026-03-16 23:07:58,GPR_Optimization_h_mean_0.9_v_mean_0.5_20260316-220932,1897,3.79995494967611,21.129076712101725,0.0,0.9999999614371191,0.0014486145899952492,0.0,5.384520533652714,5.780557559939741e-14,102.99652136868504,539.576315537753,0.17791398920107512,"[[0.008158864845514925, 0.008634353136475429, -0.0009509765819210099], [0.008634353136475429, 0.013506255465225754, -0.009743804657500662], [-0.0009509765819210099, -0.009743804657500662, 0.01758565615115931]]",1.5205722009716027,0.8913260900510407,-0.7584922218411235
2026-03-16 23:07:58,GPR_Optimization_h_mean_0.9_v_mean_0.5_20260316-220932,1148,3.799954883894989,21.129076068466485,0.0,0.9999999450382193,0.0014486136024363654,0.0,5.384520533652714,2.7163082270307387e-15,102.99652136868504,378.5679972233407,0.17791398920107512,"[[0.008158866649383398, 0.008634356811772449, -0.000950980324778107], [0.008634356811772449, 0.013506258278135036, -0.009743802932725218], [-0.000950980324778107, -0.009743802932725218, 0.01758564521589422]]",1.5205721710968765,0.8913260678313383,-0.7584922065310763
2026-03-16 23:07:58,GPR_Optimization_h_mean_0.9_v_mean_0.5_20260316-220932,1550,3.7999539844600365,21.129077426693048,0.0,0.9999999798075779,0.0014487932617916598,0.0,6.152057886475936,1.81644693758123e-11,102.99652136868504,955.8429400890711,0.19035209880978385,"[[0.008159375183901, 0.008634328594911256, -0.0009499068220205274], [0.008634328594911256, 0.013505431955930054, -0.00974220672203759], [-0.0009499068220205274, -0.00974220672203759, 0.01758459980003414]]",1.520569876953406,0.8913178141475697,-0.7585041256116728
2026-03-16 23:07:58,GPR_Optimization_h_mean_0.9_v_mean_0.5_20260316-220932,1937,3.7999539844600365,21.129077426693048,0.0,0.9999999798075779,0.0014487932617916598,0.0,6.152057886475936,1.81644693758123e-11,102.99652136868504,955.8429400890711,0.19035209880978385,"[[0.008159375183901, 0.008634328594911256, -0.0009499068220205274], [0.008634328594911256, 0.013505431955930054, -0.00974220672203759], [-0.0009499068220205274, -0.00974220672203759, 0.01758459980003414]]",1.520569876953406,0.8913178141475697,-0.7585041256116728
2026-03-16 23:07:58,GPR_Optimization_h_mean_0.9_v_mean_0.5_20260316-220932,1773,3.7999539844600365,21.129077426693048,0.0,0.9999999798075779,0.0014487932617916598,0.0,6.152057886475936,1.81644693758123e-11,102.99652136868504,955.8429400890711,0.19035209880978385,"[[0.008159375183901, 0.008634328594911256, -0.0009499068220205274], [0.008634328594911256, 0.013505431955930054, -0.00974220672203759], [-0.0009499068220205274, -0.00974220672203759, 0.01758459980003414]]",1.520569876953406,0.8913178141475697,-0.7585041256116728
2026-03-17 00:06:08,GPR_Optimization_h_mean_0.9_v_mean_0.8_20260316-230758,984,3.7999047573504265,21.129077068131263,0.0,0.9999999707997727,0.0014622458278202375,0.0,9.863091892930774,1.064084063157228e-15,157.5702397093425,967.3711246949274,0.21056546944706775,"[[0.00813443712722215, 0.008611932625463533, -0.0009549909964827661], [0.008611932625463533, 0.013484171809908702, -0.009744478368890355], [-0.0009549909964827661, -0.009744478368890355, 0.017578974744815175]]",1.6708465167575641,0.8915925690730524,-1.0585078953690237
2026-03-17 00:06:08,GPR_Optimization_h_mean_0.9_v_mean_0.8_20260316-230758,1975,3.7999047573223526,21.129077068131277,0.0,0.9999999707997733,0.0014622458332870679,0.0,9.863091892930774,6.883441611979982e-15,157.5702397093425,967.3711246949274,0.21056546944706775,"[[0.008134437127163371, 0.008611932625314128, -0.0009549909963015136], [0.008611932625314128, 0.013484171809720936, -0.009744478368813607], [-0.0009549909963015136, -0.009744478368813607, 0.017578974745024196]]",1.6708465167566982,0.8915925690715595,-1.0585078953702771
2026-03-17 00:06:08,GPR_Optimization_h_mean_0.9_v_mean_0.8_20260316-230758,1724,3.7999047573223526,21.129077068131277,0.0,0.9999999707997733,0.0014622458332870679,0.0,9.863091892930774,6.883441611979982e-15,157.5702397093425,967.3711246949274,0.21056546944706775,"[[0.008134437127163371, 0.008611932625314128, -0.0009549909963015136], [0.008611932625314128, 0.013484171809720936, -0.009744478368813607], [-0.0009549909963015136, -0.009744478368813607, 0.017578974745024196]]",1.6708465167566982,0.8915925690715595,-1.0585078953702771
2026-03-17 00:06:08,GPR_Optimization_h_mean_0.9_v_mean_0.8_20260316-230758,1384,3.799904726965668,21.12907674663129,0.0,0.9999999626893477,0.0014622455658357346,0.0,9.863091892930774,6.883441611979982e-15,157.5702397093425,757.075994040838,0.21056546944706775,"[[0.008134437411430764, 0.008611933520619303, -0.0009549922183770898], [0.008611933520619303, 0.013484172189357444, -0.009744477337476276], [-0.0009549922183770898, -0.009744477337476276, 0.01757897023819837]]",1.6708465062127988,0.8915925621818036,-1.0585078880619903
2026-03-17 00:06:08,GPR_Optimization_h_mean_0.9_v_mean_0.8_20260316-230758,876,3.7999046903109583,21.129076358018963,0.0,0.9999999528859035,0.0014622452349967404,0.0,9.863091892930774,1.064084063157228e-15,157.5702397093425,599.5325447163519,0.21056546944706775,"[[0.008134437750139183, 0.008611934598665646, -0.0009549936970529129], [0.008611934598665646, 0.013484172642907806, -0.009744476088484338], [-0.0009549936970529129, -0.009744476088484338, 0.017578964782862846]]",1.670846493491502,0.891592553866998,-1.0585078792490077
2026-03-17 01:04:28,GPR_Optimization_h_mean_0.9_v_mean_1.1_20260317-000608,1535,3.799999652561769,21.129075895664013,0.0,0.9999999451869392,0.0014834013055000637,0.0,9.868362117711463,1.6975040685995337e-14,225.01298450295423,743.1478053240904,0.19594551051882292,"[[0.008105958989166405, 0.008559301022240725, -0.000906684066148647], [0.008559301022240725, 0.01338880273012343, -0.009659003415765432], [-0.000906684066148647, -0.009659003415765432, 0.01750463869923357]]",1.8212416990193552,0.8918976744568274,-1.3586880491250557
2026-03-17 01:04:28,GPR_Optimization_h_mean_0.9_v_mean_1.1_20260317-000608,1693,3.7999996525315702,21.129075895664116,0.0,0.9999999451869485,0.0014834013356740377,0.0,9.868362117711463,6.06692238610201e-14,225.01298450295423,743.1478053240904,0.19594551051882292,"[[0.008105958988799976, 0.008559301021308289, -0.0009066840650166062], [0.008559301021308289, 0.013388802729162026, -0.009659003415707459], [-0.0009066840650166062, -0.009659003415707459, 0.017504638701381713]]",1.8212416990172267,0.891897674448713,-1.358688049137028
2026-03-17 01:04:28,GPR_Optimization_h_mean_0.9_v_mean_1.1_20260317-000608,1407,3.7999996525315702,21.129075895664116,0.0,0.9999999451869485,0.0014834013356740377,0.0,9.868362117711463,6.06692238610201e-14,225.01298450295423,743.1478053240904,0.19594551051882292,"[[0.008105958988799976, 0.008559301021308289, -0.0009066840650166062], [0.008559301021308289, 0.013388802729162026, -0.009659003415707459], [-0.0009066840650166062, -0.009659003415707459, 0.017504638701381713]]",1.8212416990172267,0.891897674448713,-1.358688049137028
2026-03-17 01:04:28,GPR_Optimization_h_mean_0.9_v_mean_1.1_20260317-000608,1814,3.7999996525315702,21.129075895664116,0.0,0.9999999451869485,0.0014834013356740377,0.0,9.868362117711463,6.06692238610201e-14,225.01298450295423,743.1478053240904,0.19594551051882292,"[[0.008105958988799976, 0.008559301021308289, -0.0009066840650166062], [0.008559301021308289, 0.013388802729162026, -0.009659003415707459], [-0.0009066840650166062, -0.009659003415707459, 0.017504638701381713]]",1.8212416990172267,0.891897674448713,-1.358688049137028
2026-03-17 01:04:28,GPR_Optimization_h_mean_0.9_v_mean_1.1_20260317-000608,1868,3.7999996399027656,21.129075895708986,0.0,0.9999999451904698,0.0014834139534156958,0.0,9.868362117711463,1.833181277977358e-11,225.01298450295423,743.1478053240904,0.19594551051882292,"[[0.008105958835597778, 0.008559300631429219, -0.0009066835916628873], [0.008559300631429219, 0.01338880232717811, -0.009659003391497799], [-0.0009066835916628873, -0.009659003391497799, 0.017504639599669813]]",1.8212416981270234,0.8918976710553603,-1.3586880541433264
2026-03-17 02:02:50,GPR_Optimization_h_mean_0.9_v_mean_1.4_20260317-010428,1798,3.799999942035847,21.129077378227603,0.0,0.9999999849063542,0.001513585418873076,0.0,9.970448733609555,2.816337601237174e-14,119.99359976307483,945.6285948630324,0.06108139921561186,"[[0.008050311607567896, 0.008463629016241266, -0.0008266348173467397], [0.008463629016241266, 0.013223878773464877, -0.009520499514447184], [-0.0008266348173467397, -0.009520499514447184, 0.017387729394200874]]",1.9717648587550707,0.8921815191318082,-1.6591666792465247
2026-03-17 02:02:50,GPR_Optimization_h_mean_0.9_v_mean_1.4_20260317-010428,1828,3.799999941903676,21.129077378227652,0.0,0.9999999849063566,0.0015135854413138917,0.0,9.970448733609555,4.600277525505996e-14,119.99359976307483,945.6285948630324,0.06108139921561186,"[[0.00805031160749619, 0.008463629015828603, -0.0008266348166648193], [0.008463629015828603, 0.013223878773527684, -0.00952049951539816], [-0.0008266348166648193, -0.00952049951539816, 0.017387729397466686]]",1.9717648587571375,0.8921815191253417,-1.6591666792635913
2026-03-17 02:02:50,GPR_Optimization_h_mean_0.9_v_mean_1.4_20260317-010428,1635,3.799999920727877,21.12907709594558,0.0,0.9999999798784934,0.0015135857469336647,0.0,9.970448733609555,1.096745430150764e-15,119.99359976307483,709.3362737358087,0.06108139921561186,"[[0.008050315924217746, 0.008463638056410112, -0.0008266442643847518], [0.008463638056410112, 0.01322389183930627, -0.00952050756579229], [-0.0008266442643847518, -0.00952050756579229, 0.017387726602815085]]",1.9717648310545828,0.8921814945278254,-1.6591666730535146
2026-03-17 02:02:50,GPR_Optimization_h_mean_0.9_v_mean_1.4_20260317-010428,1856,3.799999911403692,21.12907709594859,0.0,0.9999999798787297,0.0015135873300891564,0.0,9.970448733609555,1.2596580099964583e-12,119.99359976307483,709.3362737358087,0.06108139921561186,"[[0.008050315919123531, 0.008463638027254413, -0.0008266442162617465], [0.008463638027254413, 0.013223891843695, -0.009520507632881205], [-0.0008266442162617465, -0.009520507632881205, 0.01738772683323892]]",1.9717648312004263,0.8921814940716616,-1.6591666742575297
2026-03-17 02:02:50,GPR_Optimization_h_mean_0.9_v_mean_1.4_20260317-010428,1839,3.799999870976446,21.129077378243913,0.0,0.9999999849076812,0.0015135974838057426,0.0,9.970448733609555,9.61903642790052e-12,119.99359976307483,945.6285948630324,0.06108139921561186,"[[0.008050311569005365, 0.008463628794458156, -0.0008266344509055859], [0.008463628794458156, 0.013223878807390711, -0.009520500025865096], [-0.0008266344509055859, -0.009520500025865096, 0.017387731149919025]]",1.9717648598657354,0.8921815156548336,-1.6591666884218026
2026-03-17 03:01:08,GPR_Optimization_h_mean_0.95_v_mean_0.2_20260317-020250,902,3.7999998514355218,21.12907683107186,0.0,0.9999999667719136,0.0014394264627672325,0.0,2.2655230502792523,9.328221993062784e-14,145.3532001256544,717.0087831805292,0.5374832820296188,"[[0.008164152915556378, 0.00858144184288282, -0.0008345778546528743], [0.00858144184288282, 0.013333406349657807, -0.009503929013549977], [-0.0008345778546528743, -0.009503929013549977, 0.017338702317794184]]",1.4210012184746155,0.9413421333909454,-0.4593181701673409
2026-03-17 03:01:08,GPR_Optimization_h_mean_0.95_v_mean_0.2_20260317-020250,1802,3.7999865443922,21.129072519464227,0.0,0.9999998625716611,0.00144097147223178,0.0,2.078840685888043,1.7371010346052126e-13,750.5043315377634,996.5327257515588,2.5204712026319354,"[[0.00816413429516644, 0.008581169717676725, -0.0008340708450205614], [0.008581169717676725, 0.013332315081711434, -0.009502290728069409], [-0.0008340708450205614, -0.009502290728069409, 0.017336439766097694]]",1.4209965742090984,0.9413397353902665,-0.45931367763766423
2026-03-17 03:01:08,GPR_Optimization_h_mean_0.95_v_mean_0.2_20260317-020250,1962,3.7999865309408363,21.12907239102232,0.0,0.9999998594783155,0.001440971430599022,0.0,2.078840685888043,3.903306517138765e-13,750.5043315377634,974.5791135209375,2.5204712026319354,"[[0.00816413430751154, 0.00858116956088377, -0.0008340705067444708], [0.00858116956088377, 0.013332313991260085, -0.009502288860752607], [-0.0008340705067444708, -0.009502288860752607, 0.01733643670801628]]",1.4209965708450447,0.9413397332346595,-0.45931367522077043
2026-03-17 03:01:08,GPR_Optimization_h_mean_0.95_v_mean_0.2_20260317-020250,1685,3.7999864881760055,21.12907197295379,0.0,0.9999998494096028,0.0014409711725342548,0.0,2.078840685888043,7.541999132714325e-14,750.5043315377634,909.3674570984311,2.5204712026319354,"[[0.0081641343275285, 0.008581169022368756, -0.0008340693896805171], [0.008581169022368756, 0.013332310405607126, -0.009502282766476744], [-0.0008340693896805171, -0.009502282766476744, 0.017336426753592468]]",1.4209965600269188,0.9413397263519937,-0.45931366734985024
2026-03-17 03:01:08,GPR_Optimization_h_mean_0.95_v_mean_0.2_20260317-020250,1842,3.799986487910369,21.129071972954108,0.0,0.9999998494096229,0.0014409712045003332,0.0,2.078840685888043,3.4284374862822054e-13,750.5043315377634,909.3674570984311,2.5204712026319354,"[[0.008164134327307207, 0.008581169021722955, -0.0008340693888315117], [0.008581169021722955, 0.013332310404598912, -0.009502282765751914], [-0.0008340693888315117, -0.009502282765751914, 0.01733642675384081]]",1.4209965600183454,0.9413397263419665,-0.45931366735275814
2026-03-17 03:59:23,GPR_Optimization_h_mean_0.95_v_mean_0.5_20260317-030108,1729,3.7999985930565163,21.129076680212073,0.0,0.9999999621504386,0.0014411160055414248,0.0,4.213288968112177,1.4188272347834696e-15,157.6309846986104,783.1186603268756,0.43836526578937257,"[[0.008139466855264019, 0.00859337312046107, -0.000907812530394088], [0.00859337312046107, 0.01341069428409566, -0.009634642327269193], [-0.000907812530394088, -0.009634642327269193, 0.01745365959375022]]",1.570995388764962,0.9415501652180089,-0.7588904470939062
2026-03-17 03:59:23,GPR_Optimization_h_mean_0.95_v_mean_0.5_20260317-030108,1652,3.79999851545207,21.129076978948643,0.0,0.9999999694759206,0.001441212363608404,0.0,4.213288968112177,1.4886587302263938e-10,157.6309846986104,970.6697740725469,0.43836526578937257,"[[0.008139465988837986, 0.008593371028504887, -0.0009078100793338144], [0.008593371028504887, 0.013410692770711267, -0.00963464348441276], [-0.0009078100793338144, -0.00963464348441276, 0.01745366681015789]]",1.5709953724589105,0.9415501409302465,-0.7588904630573279
2026-03-17 03:59:23,GPR_Optimization_h_mean_0.95_v_mean_0.5_20260317-030108,1868,3.79999851545207,21.129076978948643,0.0,0.9999999694759206,0.001441212363608404,0.0,4.213288968112177,1.4886587302263938e-10,157.6309846986104,970.6697740725469,0.43836526578937257,"[[0.008139465988837986, 0.008593371028504887, -0.0009078100793338144], [0.008593371028504887, 0.013410692770711267, -0.00963464348441276], [-0.0009078100793338144, -0.00963464348441276, 0.01745366681015789]]",1.5709953724589105,0.9415501409302465,-0.7588904630573279
2026-03-17 03:59:23,GPR_Optimization_h_mean_0.95_v_mean_0.5_20260317-030108,1633,3.7999985117994104,21.129076931266628,0.0,0.9999999682529614,0.001441212892577113,0.0,4.129972221011635,3.742003292540942e-15,157.6309846986104,970.6697740725469,0.43836526578937257,"[[0.00813924622091771, 0.00859320969448585, -0.0009079269471362554], [0.00859320969448585, 0.01341022081219989, -0.009634022235428065], [-0.0009079269471362554, -0.009634022235428065, 0.017452190576583624]]",1.5709945173467537,0.9415515882223098,-0.7588858582488874
2026-03-17 03:59:23,GPR_Optimization_h_mean_0.95_v_mean_0.5_20260317-030108,1335,3.7999985117994104,21.129076931266628,0.0,0.9999999682529614,0.001441212892577113,0.0,4.129972221011635,3.742003292540942e-15,157.6309846986104,970.6697740725469,0.43836526578937257,"[[0.00813924622091771, 0.00859320969448585, -0.0009079269471362554], [0.00859320969448585, 0.01341022081219989, -0.009634022235428065], [-0.0009079269471362554, -0.009634022235428065, 0.017452190576583624]]",1.5709945173467537,0.9415515882223098,-0.7588858582488874
2026-03-17 04:57:42,GPR_Optimization_h_mean_0.95_v_mean_0.8_20260317-035923,1295,3.7999917813653874,21.129075625867333,0.0,0.9999999356832138,0.0014494534426585,0.0,7.584178695816055,7.607127244114616e-15,360.16409270820355,974.4977737437707,0.928162572478435,"[[0.008124142966316495, 0.008567643668071112, -0.0008870014035092563], [0.008567643668071112, 0.013368547709975415, -0.009601808083808571], [-0.0008870014035092563, -0.009601808083808571, 0.017429613360598638]]",1.7212895922475058,0.9417692327079863,-1.059040719079039
2026-03-17 04:57:42,GPR_Optimization_h_mean_0.95_v_mean_0.8_20260317-035923,1980,3.7999917813545494,21.12907562586737,0.0,0.9999999356832155,0.001449453453485096,0.0,7.584178695816055,4.387726385661504e-14,360.16409270820355,974.4977737437707,0.928162572478435,"[[0.008124142966239943, 0.008567643667849349, -0.0008870014032187919], [0.008567643667849349, 0.013368547709645693, -0.009601808083592685], [-0.0008870014032187919, -0.009601808083592685, 0.017429613360747793]]",1.7212895922448572,0.941769232704699,-1.0590407190803168
2026-03-17 04:57:42,GPR_Optimization_h_mean_0.95_v_mean_0.8_20260317-035923,1679,3.7999917813144384,21.12907562586754,0.0,0.9999999356832286,0.001449453493567215,0.0,7.584178695816055,1.7814871673714726e-13,360.16409270820355,974.4977737437707,0.928162572478435,"[[0.008124142965956765, 0.008567643667028637, -0.0008870014021437487], [0.008567643667028637, 0.013368547708425644, -0.009601808082793985], [-0.0008870014021437487, -0.009601808082793985, 0.017429613361300493]]",1.7212895922350526,0.9417692326925285,-1.059040719085049
2026-03-17 04:57:42,GPR_Optimization_h_mean_0.95_v_mean_0.8_20260317-035923,1553,3.7999917813144384,21.12907562586754,0.0,0.9999999356832286,0.001449453493567215,0.0,7.584178695816055,1.7814871673714726e-13,360.16409270820355,974.4977737437707,0.928162572478435,"[[0.008124142965956765, 0.008567643667028637, -0.0008870014021437487], [0.008567643667028637, 0.013368547708425644, -0.009601808082793985], [-0.0008870014021437487, -0.009601808082793985, 0.017429613361300493]]",1.7212895922350526,0.9417692326925285,-1.059040719085049
2026-03-17 04:57:42,GPR_Optimization_h_mean_0.95_v_mean_0.8_20260317-035923,1882,3.799991781247839,21.12907562586782,0.0,0.9999999356832481,0.0014494535601129329,0.0,7.584178695816055,4.010747860874017e-13,360.16409270820355,974.4977737437707,0.928162572478435,"[[0.008124142965486528, 0.008567643665665994, -0.000887001400358929], [0.008567643665665994, 0.013368547706399897, -0.009601808081467827], [-0.000887001400358929, -0.009601808081467827, 0.017429613362217797]]",1.7212895922187745,0.941769232672322,-1.0590407190929048
2026-03-17 05:55:56,GPR_Optimization_h_mean_0.95_v_mean_1.1_20260317-045742,1825,3.7999338390815387,21.12907463245576,0.0,0.9999999080746299,0.0014569129132808879,0.0,8.760565401607007,2.04276456690817e-15,468.40251015433245,933.8966924858959,0.7563029493807083,"[[0.008059529161291313, 0.008468097365754799, -0.0008171364089269859], [0.008468097365754799, 0.013210943842802976, -0.009485692954096321], [-0.0008171364089269859, -0.009485692954096321, 0.01733711309033869]]",1.8719155066934243,0.9421817409604446,-1.3594675314659594
2026-03-17 05:55:56,GPR_Optimization_h_mean_0.95_v_mean_1.1_20260317-045742,1565,3.7999329369153076,21.129074633257108,0.0,0.9999999081364231,0.0014570493080667713,0.0,8.760565401607007,4.667396997887124e-10,468.40251015433245,933.8966924858959,0.7563029493807083,"[[0.008059527926019612, 0.008468094028070949, -0.000817132204102696], [0.008468094028070949, 0.013210939383553916, -0.009485690710965958], [-0.000817132204102696, -0.009485690710965958, 0.017337117013726533]]",1.8719154809803191,0.9421817022093713,-1.3594675575418955
2026-03-17 05:55:56,GPR_Optimization_h_mean_0.95_v_mean_1.1_20260317-045742,1135,3.799931780915389,21.129074855747444,0.0,0.9999999138091352,0.0014572277428191414,0.0,9.272185648333835,1.6013116240451768e-14,428.82899795692106,900.7881066573269,0.7563029493807083,"[[0.00806165688458983, 0.008470049829030551, -0.0008167858888814247], [0.008470049829030551, 0.013212515372076045, -0.009484931086090996], [-0.0008167858888814247, -0.009484931086090996, 0.017336290394419137]]",1.8719189194618484,0.9421785965760844,-1.3594806457715276
2026-03-17 05:55:56,GPR_Optimization_h_mean_0.95_v_mean_1.1_20260317-045742,1456,3.7999317807167263,21.129074855747618,0.0,0.9999999138091495,0.0014572277728546663,0.0,9.272185648333835,1.1373134095536134e-13,428.82899795692106,900.7881066573269,0.7563029493807083,"[[0.00806165688432949, 0.008470049828320697, -0.00081678588798241], [0.008470049828320697, 0.013212515371106731, -0.009484931085572053], [-0.00081678588798241, -0.009484931085572053, 0.01733629039517929]]",1.8719189194558212,0.942178596567443,-1.3594806457767568
2026-03-17 05:55:56,GPR_Optimization_h_mean_0.95_v_mean_1.1_20260317-045742,1021,3.799931334249117,21.129070490698115,0.0,0.999999802165856,0.001457222249253454,0.0,9.272185648333835,1.6013116240451768e-14,428.82899795692106,392.33388406396307,0.7563029493807083,"[[0.008061666211307694, 0.008470070511754245, -0.0008168086008931034], [0.008470070511754245, 0.013212531844397364, -0.009484922665286248], [-0.0008168086008931034, -0.009484922665286248, 0.017336228128786286]]",1.8719187738806435,0.942178487684132,-1.3594805723930234
2026-03-17 06:54:28,GPR_Optimization_h_mean_0.95_v_mean_1.4_20260317-055556,1652,3.7998447308821133,21.12906916625208,0.0,0.9999997781090114,0.0014692396117613625,0.0,9.91427722566424,1.263968850078894e-11,1287.217241792742,942.7228531138164,1.3546478267711302,"[[0.008017990130290259, 0.008389712913100903, -0.0007434455656212939], [0.008389712913100903, 0.01306735786592463, -0.009355289905647478], [-0.0007434455656212939, -0.009355289905647478, 0.017223688680052376]]",2.022452328131705,0.9424896931537355,-1.659925269955939
2026-03-17 06:54:28,GPR_Optimization_h_mean_0.95_v_mean_1.4_20260317-055556,1819,3.7998447032109324,21.129068876537097,0.0,0.9999997710130294,0.0014692397021613588,0.0,9.91427722566424,1.263968850078894e-11,1287.217241792742,913.498679788307,1.3546478267711302,"[[0.008017991829044918, 0.008389716681157242, -0.0007434497042246659], [0.008389716681157242, 0.013067362646841175, -0.009355291931367834], [-0.0007434497042246659, -0.009355291931367834, 0.017223684454286365]]",2.0224523144847506,0.9424896815464876,-1.6599252658765256
2026-03-17 06:54:28,GPR_Optimization_h_mean_0.95_v_mean_1.4_20260317-055556,1692,3.799844149192601,21.129064008369223,0.0,0.9999996517956073,0.0014692553255218027,0.0,9.91427722566424,1.2780457232926707e-10,1287.217241792742,600.5737553932345,1.3546478267711302,"[[0.008018020937159255, 0.00838978125559649, -0.0007435206368744915], [0.00838978125559649, 0.013067445068617208, -0.00935532762604144], [-0.0007435206368744915, -0.00935532762604144, 0.017223613978333892]]",2.022452079796688,0.9424894785282691,-1.6599252025368372
2026-03-17 06:54:28,GPR_Optimization_h_mean_0.95_v_mean_1.4_20260317-055556,1413,3.7998436465822207,21.12905780852966,0.0,0.9999994999234919,0.001469243076669406,0.0,9.91427722566424,1.263968850078894e-11,1287.217241792742,418.1106920747817,1.3546478267711302,"[[0.008018060630363866, 0.008389869311399652, -0.0007436173620715635], [0.008389869311399652, 0.013067558451642322, -0.009355378280485334], [-0.0007436173620715635, -0.009355378280485334, 0.017223521836827547]]",2.0224517739671586,0.9424892164604657,-1.659925115013385
2026-03-17 06:54:28,GPR_Optimization_h_mean_0.95_v_mean_1.4_20260317-055556,1499,3.7998421137182534,21.12904101539712,0.0,0.9999990886183429,0.0014692370709953114,0.0,9.91427722566424,1.263968850078894e-11,1287.217241792742,229.26194283256442,1.3546478267711302,"[[0.00801909902577607, 0.008391434216809587, -0.000744670382067044], [0.008391434216809587, 0.013070078958146623, -0.009357289482674114], [-0.000744670382067044, -0.009357289482674114, 0.017225238201214115]]",2.0224433232658563,0.9424840184209293,-1.6599186096898544
2026-03-17 07:52:27,GPR_Optimization_h_mean_1.0_v_mean_0.2_20260317-065428,1973,3.799999647390627,21.12907463284726,0.0,0.9999999211189607,0.0014466727762787793,0.0,2.0276784460582147,2.1134076034588103e-12,335.52956252683407,675.9650159000114,2.331076803005304,"[[0.008144001449498344, 0.008543644579474262, -0.0007992862599518278], [0.008543644579474262, 0.013250122225535288, -0.009412955292122027], [-0.0007992862599518278, -0.009412955292122027, 0.017227338064340424]]",1.4713873471702879,0.9915663919501321,-0.45964191044031144
2026-03-17 07:52:27,GPR_Optimization_h_mean_1.0_v_mean_0.2_20260317-065428,1373,3.799999647390627,21.12907463284726,0.0,0.9999999211189607,0.0014466727762787793,0.0,2.0276784460582147,2.1134076034588103e-12,335.52956252683407,675.9650159000114,2.331076803005304,"[[0.008144001449498344, 0.008543644579474262, -0.0007992862599518278], [0.008543644579474262, 0.013250122225535288, -0.009412955292122027], [-0.0007992862599518278, -0.009412955292122027, 0.017227338064340424]]",1.4713873471702879,0.9915663919501321,-0.45964191044031144
2026-03-17 07:52:27,GPR_Optimization_h_mean_1.0_v_mean_0.2_20260317-065428,1267,3.799999647390627,21.12907463284726,0.0,0.9999999211189607,0.0014466727762787793,0.0,2.0276784460582147,2.1134076034588103e-12,335.52956252683407,675.9650159000114,2.331076803005304,"[[0.008144001449498344, 0.008543644579474262, -0.0007992862599518278], [0.008543644579474262, 0.013250122225535288, -0.009412955292122027], [-0.0007992862599518278, -0.009412955292122027, 0.017227338064340424]]",1.4713873471702879,0.9915663919501321,-0.45964191044031144
2026-03-17 07:52:27,GPR_Optimization_h_mean_1.0_v_mean_0.2_20260317-065428,995,3.799997001168624,21.12904960422262,0.0,0.9999993715171899,0.0014466951186694168,0.0,2.0276784460582147,2.1134076034588103e-12,335.52956252683407,84.2400485575606,2.331076803005304,"[[0.008143491923366757, 0.008543030892388037, -0.0007990779380425595], [0.008543030892388037, 0.013250148090109413, -0.009414234395442742], [-0.0007990779380425595, -0.009414234395442742, 0.017230312914800355]]",1.4713762059132804,0.9915621996605462,-0.4596280125054685
2026-03-17 07:52:27,GPR_Optimization_h_mean_1.0_v_mean_0.2_20260317-065428,1261,3.7999970000499994,21.12904960422709,0.0,0.9999993715175824,0.001446695250731415,0.0,2.0276784460582147,3.0145053772874654e-12,335.52956252683407,84.2400485575606,2.331076803005304,"[[0.008143491922481306, 0.008543030889819728, -0.000799077934676848], [0.008543030889819728, 0.013250148085902616, -0.009414234392165757], [-0.000799077934676848, -0.009414234392165757, 0.017230312914977817]]",1.4713762058735187,0.9915621996177504,-0.45962801251153607
2026-03-17 08:50:32,GPR_Optimization_h_mean_1.0_v_mean_0.5_20260317-075227,1960,3.799997689561027,21.12907744630925,0.0,0.9999999806069075,0.0014382156466168287,0.0,2.9626057573996043,7.714553348581018e-15,106.90755043346576,980.6161577532849,0.2818408167762237,"[[0.008129684509595956, 0.008551200871589507, -0.0008430327239871017], [0.008551200871589507, 0.013299425459839627, -0.009496449176500252], [-0.0008430327239871017, -0.009496449176500252, 0.0173068329050263]]",1.6214012548237946,0.9917186881112576,-0.7593651334250742
2026-03-17 08:50:32,GPR_Optimization_h_mean_1.0_v_mean_0.5_20260317-075227,1438,3.7999974285555873,21.129077371492944,0.0,0.9999999793771123,0.00143824856494415,0.0,3.103263444175041,1.3168256450549723e-15,106.90755043346576,980.6161577532849,0.3552527616150878,"[[0.00813293437116181, 0.008555488789591673, -0.0008451088368597559], [0.008555488789591673, 0.013305068522768542, -0.009499159466353718], [-0.0008451088368597559, -0.009499159466353718, 0.01730810125898794]]",1.6214057080777042,0.9917173195142202,-0.7593767771269686
2026-03-17 08:50:32,GPR_Optimization_h_mean_1.0_v_mean_0.5_20260317-075227,1968,3.7999940431150354,21.129077369661605,0.0,0.9999999794862068,0.0014386858715480888,0.0,3.2290987601077794,1.3168256450549723e-15,115.25792593570918,980.6161577532849,0.39772556772140794,"[[0.008133602925077846, 0.008555965275780475, -0.0008447247014052537], [0.008555965275780475, 0.01330574026703507, -0.009499549982509186], [-0.0008447247014052537, -0.009499549982509186, 0.01730965056220784]]",1.6213889585305983,0.9917038749986974,-0.7593701670638019
2026-03-17 08:50:32,GPR_Optimization_h_mean_1.0_v_mean_0.5_20260317-075227,1849,3.799994042298148,21.12907736966168,0.0,0.9999999794862185,0.0014386859770628066,0.0,3.2290987601077794,1.3944429601683482e-13,115.25792593570918,980.6161577532849,0.39772556772140794,"[[0.008133602924447458, 0.00855596527381456, -0.0008447246987341911], [0.00855596527381456, 0.013305740263935538, -0.009499549980241943], [-0.0008447246987341911, -0.009499549980241943, 0.017309650563015505]]",1.621388958502077,0.991703874965417,-0.7593701670733198
2026-03-17 08:50:32,GPR_Optimization_h_mean_1.0_v_mean_0.5_20260317-075227,1881,3.7999940293099024,21.129077247393212,0.0,0.9999999765560018,0.0014386859455408085,0.0,3.2290987601077794,1.3168256450549723e-15,115.25792593570918,858.0371211740306,0.39772556772140794,"[[0.008133602838785267, 0.008555965052448282, -0.0008447244273260016], [0.008555965052448282, 0.013305739259257557, -0.009499548413618573], [-0.0008447244273260016, -0.009499548413618573, 0.017309647972585118]]",1.6213889562146424,0.9917038735383265,-0.7593701653526325
2026-03-17 09:47:58,GPR_Optimization_h_mean_1.0_v_mean_0.8_20260317-085032,1915,3.799994340463186,21.12907518520799,0.0,0.9999999225305194,0.001442749366712757,0.0,4.376905245185695,2.1235925681967952e-10,401.56926168690995,954.941894367802,0.8031694258031992,"[[0.008081388918119953, 0.008478754671200114, -0.0007947315061603497], [0.008478754671200114, 0.013193446293606326, -0.009429383244812411], [-0.0007947315061603497, -0.009429383244812411, 0.01726930347730414]]",1.7719193308883803,0.9921200271429632,-1.0595986074908337
2026-03-17 09:47:58,GPR_Optimization_h_mean_1.0_v_mean_0.8_20260317-085032,1970,3.799993293864171,21.129075516884292,0.0,0.9999999339515963,0.0014428986632679557,0.0,4.975299560446457,5.83762519879211e-13,342.6709724313467,929.5983515332498,1.0139901256523787,"[[0.008081793187760982, 0.0084777087813602, -0.0007918311871984362], [0.0084777087813602, 0.013189954020429854, -0.009424490478139319], [-0.0007918311871984362, -0.009424490478139319, 0.01726531858188176]]",1.7719425544434824,0.9921199399781059,-1.0596452289307523
2026-03-17 09:47:58,GPR_Optimization_h_mean_1.0_v_mean_0.8_20260317-085032,1355,3.7999903557636996,21.129076365513644,0.0,0.9999999550393668,0.0014433124514461487,0.0,5.068893067092702,3.9125042958962426e-11,232.50811694371328,929.5983515332498,0.7343593370588579,"[[0.008082004325312895, 0.008477845734794815, -0.0007916828189638514], [0.008477845734794815, 0.013190202570145084, -0.009424713670700536], [-0.0007916828189638514, -0.009424713670700536, 0.01726606170347336]]",1.7719447988024408,0.9921204515800465,-1.0596486944447894
2026-03-17 09:47:58,GPR_Optimization_h_mean_1.0_v_mean_0.8_20260317-085032,1779,3.7999883824752305,21.129030137706092,0.0,0.9999988278011861,0.0014429370954998173,0.0,4.975299560446457,2.1235925681967952e-10,342.6709724313467,52.08549601778224,1.0139901256523787,"[[0.008082245420599014, 0.008479620054756064, -0.0007947492683141222], [0.008479620054756064, 0.01319443277655505, -0.009429625443597973], [-0.0007947492683141222, -0.009429625443597973, 0.017269752350567703]]",1.7719218263751384,0.9921084685844548,-1.0596267155813675
2026-03-17 09:47:58,GPR_Optimization_h_mean_1.0_v_mean_0.8_20260317-085032,1900,3.7999883824752305,21.129030137706092,0.0,0.9999988278011861,0.0014429370954998173,0.0,4.975299560446457,2.1235925681967952e-10,342.6709724313467,52.08549601778224,1.0139901256523787,"[[0.008082245420599014, 0.008479620054756064, -0.0007947492683141222], [0.008479620054756064, 0.01319443277655505, -0.009429625443597973], [-0.0007947492683141222, -0.009429625443597973, 0.017269752350567703]]",1.7719218263751384,0.9921084685844548,-1.0596267155813675
2026-03-17 10:45:42,GPR_Optimization_h_mean_1.0_v_mean_1.1_20260317-094758,1848,3.799994979612655,21.12907733328727,0.0,0.9999999780007915,0.001449736924505129,0.0,7.195854362580523,7.896763335828335e-14,117.6337146603874,904.7398078523814,0.32495697553697694,"[[0.008031936061872788, 0.008407198163027726, -0.000750524202309873], [0.008407198163027726, 0.01308291868828879, -0.009351441050522113], [-0.000750524202309873, -0.009351441050522113, 0.01720183369642446]]",1.9223889348119365,0.9923802318193897,-1.3600174059850934
2026-03-17 10:45:42,GPR_Optimization_h_mean_1.0_v_mean_1.1_20260317-094758,1592,3.799994979612655,21.12907733328727,0.0,0.9999999780007915,0.001449736924505129,0.0,7.195854362580523,7.896763335828335e-14,117.6337146603874,904.7398078523814,0.32495697553697694,"[[0.008031936061872788, 0.008407198163027726, -0.000750524202309873], [0.008407198163027726, 0.01308291868828879, -0.009351441050522113], [-0.000750524202309873, -0.009351441050522113, 0.01720183369642446]]",1.9223889348119365,0.9923802318193897,-1.3600174059850934
2026-03-17 10:45:42,GPR_Optimization_h_mean_1.0_v_mean_1.1_20260317-094758,1668,3.799994979612655,21.12907733328727,0.0,0.9999999780007915,0.001449736924505129,0.0,7.195854362580523,7.896763335828335e-14,117.6337146603874,904.7398078523814,0.32495697553697694,"[[0.008031936061872788, 0.008407198163027726, -0.000750524202309873], [0.008407198163027726, 0.01308291868828879, -0.009351441050522113], [-0.000750524202309873, -0.009351441050522113, 0.01720183369642446]]",1.9223889348119365,0.9923802318193897,-1.3600174059850934
2026-03-17 10:45:42,GPR_Optimization_h_mean_1.0_v_mean_1.1_20260317-094758,1985,3.7999949793604735,21.129077333287626,0.0,0.9999999780008197,0.0014497371763836705,0.0,7.195854362580523,3.6715934580541977e-13,117.6337146603874,904.7398078523814,0.32495697553697694,"[[0.008031936060325328, 0.008407198158241362, -0.0007505241958320804], [0.008407198158241362, 0.013082918681025419, -0.0093514410455681], [-0.0007505241958320804, -0.0093514410455681, 0.017201833699472025]]",1.9223889347483285,0.9923802317417132,-1.3600174060132302
2026-03-17 10:45:42,GPR_Optimization_h_mean_1.0_v_mean_1.1_20260317-094758,1879,3.7999949789988556,21.12907733328816,0.0,0.9999999780008609,0.0014497375375690199,0.0,7.195854362580523,7.804199331286489e-13,117.6337146603874,904.7398078523814,0.32495697553697694,"[[0.00803193605810635, 0.008407198151377847, -0.0007505241865429949], [0.008407198151377847, 0.013082918670609948, -0.009351441038464203], [-0.0007505241865429949, -0.009351441038464203, 0.01720183370384243]]",1.922388934657115,0.9923802316303266,-1.3600174060535775
2026-03-17 11:44:33,GPR_Optimization_h_mean_1.0_v_mean_1.4_20260317-104542,1043,3.7999920156225135,21.12907699048154,0.0,0.9999999683661897,0.0014548316185163115,0.0,7.989135523026931,1.0806089295006392e-13,169.38529368437898,961.8348899943735,0.2854171844756545,"[[0.007985664692508068, 0.008325574645273965, -0.0006798199055317673], [0.008325574645273965, 0.012941837137467646, -0.009232524984387355], [-0.0006798199055317673, -0.009232524984387355, 0.017105410157711172]]",2.072926651075924,0.9927047388039214,-1.6604438245440047
2026-03-17 11:44:33,GPR_Optimization_h_mean_1.0_v_mean_1.4_20260317-104542,1803,3.7999919950916827,21.129077525481826,0.0,0.9999999821804281,0.0014548872933199664,0.0,8.746898586024232,1.9539063655902934e-14,102.19625467937557,954.2234966416083,0.20668408574615452,"[[0.00798411976634098, 0.00832167647651105, -0.0006751134203401276], [0.00832167647651105, 0.012936235398673186, -0.009229117844324293], [-0.0006751134203401276, -0.009229117844324293, 0.017108008847968308]]",2.0729512166361515,0.9927113476331264,-1.6604797380060508
2026-03-17 11:44:33,GPR_Optimization_h_mean_1.0_v_mean_1.4_20260317-104542,1899,3.7999919937257896,21.129077504433415,0.0,0.9999999816447261,0.0014548872889609504,0.0,8.746898586024232,2.4749578427687e-14,102.19625467937557,926.3726743246294,0.20668408574615452,"[[0.007984119853718382, 0.008321676626224937, -0.0006751135450131044], [0.008321676626224937, 0.012936235526157299, -0.009229117799864737], [-0.0006751135450131044, -0.009229117799864737, 0.017108008509703246]]",2.072951215868805,0.9927113470136656,-1.6604797377102785
2026-03-17 11:44:33,GPR_Optimization_h_mean_1.0_v_mean_1.4_20260317-104542,1496,3.7999919035147203,21.129073401140175,0.0,0.9999998764517406,0.0014547091118718867,0.0,8.123230657149874,6.1580760148058525e-12,672.9297944349884,954.2234966416083,1.159732429395732,"[[0.007986366389890247, 0.008326141789458672, -0.0006795507991368436], [0.008326141789458672, 0.012942398727168212, -0.009232513875419051], [-0.0006795507991368436, -0.009232513875419051, 0.017105926152564413]]",2.072924528371594,0.9927016056217581,-1.6604458454996724
2026-03-17 11:44:33,GPR_Optimization_h_mean_1.0_v_mean_1.4_20260317-104542,1397,3.7999918913516115,21.129073401239076,0.0,0.9999998764594095,0.001454721274098907,0.0,8.123230657149874,6.73198960782484e-11,672.9297944349884,954.2234966416083,1.159732429395732,"[[0.007986366330739412, 0.008326141562697141, -0.0006795504639154627], [0.008326141562697141, 0.01294239840941042, -0.009232513693426547], [-0.0006795504639154627, -0.009232513693426547, 0.017105926459022164]]",2.0729245258889657,0.992701602046256,-1.6604458476854194
