timestamp,study_name,number,calculated_cost,values_lap count,values_low_scale_rate,values_mean_scaling,values_mean_trajectory_error,values_violation_rate,params_gamma,params_lambda_acc,params_lambda_pos,params_lambda_scaling,params_lambda_vel,user_attrs_covariance_matrix,user_attrs_d_mean,user_attrs_h_mean,user_attrs_v_rel_mean
2026-03-17 17:33:56,GPR_Optimization_h_mean_-0.1_v_mean_0.2_20260312-185403,99,3.3800406520612243,21.129037295990443,0.0,0.9999980688986073,0.007690790497456392,0.8524328961882583,2.3022796366300255,3.058486318784815e-12,2505.969829152449,54.939886991430484,0.005026958086310321,"[[0.01052100897048877, 0.00637265161165124, 0.0025798493468822863], [0.00637265161165124, 0.010625768478596535, -0.010387735984432952], [0.0025798493468822863, -0.010387735984432952, 0.024272675832828085]]",0.3736771163920426,-0.12788125825601285,-0.41806842385109927
2026-03-17 17:33:56,GPR_Optimization_h_mean_-0.1_v_mean_0.2_20260312-185403,455,3.380014017011153,21.12907688793184,0.0,0.9999999366769865,0.006728988057769557,0.85424058522953,4.289771151427583,8.046331103420763e-10,11565.015748745402,684.1768019856664,0.0018224076315964896,"[[0.010351426543178627, 0.006346668747804005, 0.0023347092827233572], [0.006346668747804005, 0.010657277452801933, -0.010321626327235559], [0.0023347092827233572, -0.010321626327235559, 0.023340600636697028]]",0.372931173283347,-0.12979992597838638,-0.420035711621983
2026-03-17 17:33:56,GPR_Optimization_h_mean_-0.1_v_mean_0.2_20260312-185403,670,3.380014017011153,21.12907688793184,0.0,0.9999999366769865,0.006728988057769557,0.85424058522953,4.289771151427583,8.046331103420763e-10,11565.015748745402,684.1768019856664,0.0018224076315964896,"[[0.010351426543178627, 0.006346668747804005, 0.0023347092827233572], [0.006346668747804005, 0.010657277452801933, -0.010321626327235559], [0.0023347092827233572, -0.010321626327235559, 0.023340600636697028]]",0.372931173283347,-0.12979992597838638,-0.420035711621983
2026-03-17 17:33:56,GPR_Optimization_h_mean_-0.1_v_mean_0.2_20260312-185403,536,3.379090708118739,21.129073260624477,0.0,0.9999997707000475,0.007354795392980326,0.854771272293583,2.563839005700834,4.2888464916659766e-08,84175.073787405,182.0621534748922,0.0018224076315964896,"[[0.010665139844361514, 0.006579884421031011, 0.0023150319008257607], [0.006579884421031011, 0.010673789616721168, -0.010033983358784004], [0.0023150319008257607, -0.010033983358784004, 0.022646385230140273]]",0.3738741183982774,-0.12948695077656122,-0.42121743333619516
2026-03-17 17:33:56,GPR_Optimization_h_mean_-0.1_v_mean_0.2_20260312-185403,1884,3.3788975385954743,21.12907181313382,0.0,0.999999701581211,0.007054090178811483,0.8556682780690407,4.55113283816446,3.847239389610096e-11,3806.4194386128206,462.81121690475254,0.006016459538681406,"[[0.010415279185633076, 0.006326196132973755, 0.00249007952197657], [0.006326196132973755, 0.01066284119953417, -0.010358375315250063], [0.00249007952197657, -0.010358375315250063, 0.023685800136928774]]",0.3724003854913875,-0.12888776791978712,-0.4179297273714433
2026-03-17 17:33:56,GPR_Optimization_h_mean_-0.1_v_mean_0.2_20260312-185403,805,3.3788093395099303,21.129072322169108,0.0,0.999999726204346,0.006964711503571057,0.8559907991839752,3.491023625618321,8.046331103420763e-10,8501.012389287425,152.6323853714259,0.0018224076315964896,"[[0.010530238290309463, 0.006443961356219953, 0.002367424080340536], [0.006443961356219953, 0.010635402036063684, -0.010204438501067729], [0.002367424080340536, -0.010204438501067729, 0.023137238923264945]]",0.3739502014254667,-0.12937989848362133,-0.4211219537113556
2026-03-17 17:33:56,GPR_Optimization_h_mean_-0.1_v_mean_0.2_20260312-185403,1132,3.378605850300987,21.12907706231347,0.0,0.9999999460159725,0.007084133367715248,0.8561425230430596,2.807049211908978,7.033563455313929e-10,53392.73314133524,887.1645947648922,0.002080198546317802,"[[0.010547808284465115, 0.006408544266117767, 0.0025738329524780438], [0.006408544266117767, 0.010541521348036027, -0.01024966381086898], [0.0025738329524780438, -0.01024966381086898, 0.02429584318331592]]",0.3746263824685998,-0.12894516082871246,-0.4206111766150111
2026-03-17 17:33:56,GPR_Optimization_h_mean_-0.1_v_mean_0.2_20260312-185403,1952,3.378506977429,21.129060291250564,0.0,0.9999991600655163,0.006891323962761832,0.8566693602509142,3.2322911431962376,2.978623396386947e-13,31916.282738700622,164.9894289947041,0.006016459538681406,"[[0.010516152249385126, 0.00638061625415495, 0.0025099585003161406], [0.00638061625415495, 0.010628341640737171, -0.010352535583672856], [0.0025099585003161406, -0.010352535583672856, 0.023972460303463002]]",0.3741547224200163,-0.12894723131572058,-0.4203645773472323
2026-03-17 17:33:56,GPR_Optimization_h_mean_-0.1_v_mean_0.2_20260312-185403,1074,3.3784360853950597,21.129070446473314,0.0,0.999999642187101,0.007387780689577164,0.8558954957918689,2.7986781270263448,1.7593214782739277e-10,3806.4194386128206,114.72576170089307,0.0018224076315964896,"[[0.01055321351904297, 0.006440173433982284, 0.0024879330448337247], [0.006440173433982284, 0.010478965820302031, -0.00999155732730609], [0.0024879330448337247, -0.00999155732730609, 0.02337606420650832]]",0.37364342416155405,-0.12921693729616018,-0.4197952968112273
2026-03-17 17:33:56,GPR_Optimization_h_mean_-0.1_v_mean_0.2_20260312-185403,383,3.378331246684915,21.1290611323712,0.0,0.9999992117671607,0.007078706603596517,0.8566463589156479,3.2542106567054665,5.604872646821322e-11,2120.0167448109582,35.03626809975226,0.0012400119026479183,"[[0.010479562955278873, 0.006366205431053441, 0.0024752538768668146], [0.006366205431053441, 0.01051966621119112, -0.010156058436845703], [0.0024752538768668146, -0.010156058436845703, 0.02344504339111634]]",0.373461486530692,-0.12992974106560873,-0.42064379308819466
2026-03-17 17:33:59,GPR_Optimization_h_mean_-0.1_v_mean_0.5_20260312-195129,589,3.3814732506609935,20.259068558479083,0.042128052732462735,0.9583217771798441,0.011752223497869236,0.8599500806707393,3.256433527541565,4.073377311521589e-09,906.0614675502183,994.1523490186732,0.0016333510383821006,"[[0.010305905960524915, 0.005925070180707132, 0.002993838025840936], [0.005925070180707132, 0.011957044979247253, -0.014719608756937529], [0.002993838025840936, -0.014719608756937529, 0.03516871405370223]]",0.5108336809782567,-0.1309574561828273,-0.6988329951044283
2026-03-17 17:33:59,GPR_Optimization_h_mean_-0.1_v_mean_0.5_20260312-195129,148,3.373980960167179,20.221650339649017,0.0476878612716763,0.95329696238657,0.011531404132109945,0.8543077346545555,3.8686035269157526,1.2949767494495846e-12,372.82493817521635,66.6689156085243,0.002149974226416964,"[[0.01013995422738999, 0.0056822030527165215, 0.003337511066265698], [0.0056822030527165215, 0.012151448437221381, -0.015750342082967786], [0.003337511066265698, -0.015750342082967786, 0.03874276483664531]]",0.5080376465751942,-0.12908920627600107,-0.6907309059602419
2026-03-17 17:33:59,GPR_Optimization_h_mean_-0.1_v_mean_0.5_20260312-195129,276,3.3690527751972037,20.12547737886176,0.04728374396502829,0.9527742629670065,0.011284064844691584,0.8588266216608795,3.940502379487454,1.678772364911657e-13,778.2070937503568,130.62071442238337,0.0016130282887163881,"[[0.010231781132636075, 0.00578124954747657, 0.003237568455744019], [0.00578124954747657, 0.012038232198697277, -0.015173333039555356], [0.003237568455744019, -0.015173333039555356, 0.03680273805454234]]",0.5098354991478271,-0.13057736016426164,-0.6961204670911614
2026-03-17 17:33:59,GPR_Optimization_h_mean_-0.1_v_mean_0.5_20260312-195129,1784,3.3681812498526127,20.125037234240683,0.04999033869765644,0.950238949045209,0.011286279148792247,0.8513125569326745,3.524458983242332,3.5764527209845416e-14,990.3522011583684,15.955294931723305,0.0020258247251089727,"[[0.010222959381934404, 0.0057451568249360955, 0.0033422000909584674], [0.0057451568249360955, 0.012077758896726154, -0.01548288612956862], [0.0033422000909584674, -0.01548288612956862, 0.0382881766473553]]",0.5082479887048053,-0.13040227292636133,-0.6926158684034979
2026-03-17 17:33:59,GPR_Optimization_h_mean_-0.1_v_mean_0.5_20260312-195129,1845,3.3681448835509173,20.101102911658643,0.04889084482829755,0.9516399328414213,0.01149465745090026,0.855376617661216,2.940448985927984,8.339745067122969e-14,641.7769541425627,557.6454848077504,0.0016333510383821006,"[[0.010262963696093997, 0.005785763162654322, 0.0032875934548982585], [0.005785763162654322, 0.012208825300471871, -0.015621983916109404], [0.0032875934548982585, -0.015621983916109404, 0.03813461401186664]]",0.5085810099662461,-0.1305337759426065,-0.6935340178340538
2026-03-17 17:33:59,GPR_Optimization_h_mean_-0.1_v_mean_0.5_20260312-195129,1304,3.3663217542833586,20.076034557294253,0.050423758010059945,0.9504321471853558,0.011557454027322391,0.8534555226348791,2.8154589211370933,1.0682399941451677e-12,641.7769541425627,557.6454848077504,0.0016333510383821006,"[[0.010317226024112508, 0.005885636372585196, 0.0031492051094853873], [0.005885636372585196, 0.011690921469132157, -0.01447086935939188], [0.0031492051094853873, -0.01447086935939188, 0.03553808372831519]]",0.5090518263090034,-0.1303944847761877,-0.6944542985974931
2026-03-17 17:33:59,GPR_Optimization_h_mean_-0.1_v_mean_0.5_20260312-195129,83,3.3639176780906785,20.120565129194187,0.05006233550353235,0.9502506123355059,0.011781975630979175,0.8576257099321236,3.9722887425750337,2.295779616176029e-08,2107.12157391982,105.02933750417927,0.0011634438136183744,"[[0.010220509810973779, 0.005852259467527157, 0.0030544816583861667], [0.005852259467527157, 0.011791302797714327, -0.014218611691597693], [0.0030544816583861667, -0.014218611691597693, 0.03347489505242008]]",0.5104332642972,-0.13067198452063963,-0.6985250343567844
2026-03-17 17:33:59,GPR_Optimization_h_mean_-0.1_v_mean_0.5_20260312-195129,468,3.3634716087304897,20.10075112036885,0.05135477888535857,0.9496738001573933,0.011730074709806089,0.8559311633234696,3.67487664799838,6.113526576736992e-10,1604.5139559446834,27.03947474013966,0.014821835100183783,"[[0.010108564947079702, 0.00564484230678896, 0.0034545672723880344], [0.00564484230678896, 0.012258924535434954, -0.016127423745246935], [0.0034545672723880344, -0.016127423745246935, 0.04017612917119595]]",0.5056925852388794,-0.13034406737366996,-0.6877879154145384
2026-03-17 17:33:59,GPR_Optimization_h_mean_-0.1_v_mean_0.5_20260312-195129,73,3.3624728358646436,20.13261971041228,0.05179923331638752,0.9492305057248521,0.012306036662289604,0.8558689767933939,4.327147247464198,1.927382366146326e-11,442.2063714939891,341.5075708522967,0.004285629987269478,"[[0.010099934525756861, 0.005559099346296748, 0.003586430864963088], [0.005559099346296748, 0.01218283048767414, -0.015808280145871264], [0.003586430864963088, -0.015808280145871264, 0.03889552146359906]]",0.5051205584113576,-0.1302340260575298,-0.6873903478190162
2026-03-17 17:33:59,GPR_Optimization_h_mean_-0.1_v_mean_0.5_20260312-195129,1776,3.3613631371730284,20.10120924478126,0.04979275816313968,0.9509069053764757,0.011345085935090395,0.8645472826012612,2.8366948936398164,9.16597059413982e-08,455.9917688894346,233.07709253434584,0.0020258247251089727,"[[0.010169854740448445, 0.0057216274623548445, 0.00323363505631803], [0.0057216274623548445, 0.011858069615032121, -0.014884156813276747], [0.00323363505631803, -0.014884156813276747, 0.035834969472634134]]",0.5093228473304859,-0.1300249545703144,-0.6947947519127949
2026-03-17 17:34:01,GPR_Optimization_h_mean_-0.1_v_mean_0.8_20260312-204903,487,3.360118239227446,18.10652001381963,0.14758584650081824,0.8559163769179723,0.015942313897792517,0.8695765776915989,3.0760974941708445,1.9381292526696532e-11,8873.338989744088,18.929676435949073,0.007404086657251369,"[[0.0099260410137428, 0.006028967813170587, 0.002191644266116595], [0.006028967813170587, 0.013771122251629042, -0.016693720673745072], [0.002191644266116595, -0.016693720673745072, 0.0338033523658303]]",0.639639688339762,-0.13593813564461077,-0.9728885474284478
2026-03-17 17:34:01,GPR_Optimization_h_mean_-0.1_v_mean_0.8_20260312-204903,285,3.360118239227446,18.10652001381963,0.14758584650081824,0.8559163769179723,0.015942313897792517,0.8695765776915989,3.0760974941708445,1.9381292526696532e-11,8873.338989744088,18.929676435949073,0.007404086657251369,"[[0.0099260410137428, 0.006028967813170587, 0.002191644266116595], [0.006028967813170587, 0.013771122251629042, -0.016693720673745072], [0.002191644266116595, -0.016693720673745072, 0.0338033523658303]]",0.639639688339762,-0.13593813564461077,-0.9728885474284478
2026-03-17 17:34:01,GPR_Optimization_h_mean_-0.1_v_mean_0.8_20260312-204903,1763,3.360118239227446,18.10652001381963,0.14758584650081824,0.8559163769179723,0.015942313897792517,0.8695765776915989,3.0760974941708445,1.9381292526696532e-11,8873.338989744088,18.929676435949073,0.007404086657251369,"[[0.0099260410137428, 0.006028967813170587, 0.002191644266116595], [0.006028967813170587, 0.013771122251629042, -0.016693720673745072], [0.002191644266116595, -0.016693720673745072, 0.0338033523658303]]",0.639639688339762,-0.13593813564461077,-0.9728885474284478
2026-03-17 17:34:01,GPR_Optimization_h_mean_-0.1_v_mean_0.8_20260312-204903,1460,3.356172187960553,18.178592829256615,0.1488340942019081,0.8549910606048464,0.01722851277844745,0.8727891528389055,2.528741081052124,5.585612171147215e-15,1166.0332109735195,162.95183982715892,0.008544510117096912,"[[0.009761998139449425, 0.006033457524981163, 0.002037287850864331], [0.006033457524981163, 0.013954936485050164, -0.017124675301117113], [0.002037287850864331, -0.017124675301117113, 0.03478963180310144]]",0.6345734155928712,-0.1369301832130992,-0.9657077599695338
2026-03-17 17:34:01,GPR_Optimization_h_mean_-0.1_v_mean_0.8_20260312-204903,1308,3.3495503101739934,18.075589780265176,0.15264588022177086,0.8509403882319528,0.01604806184767775,0.866361091288357,2.7173660814002494,1.399608162959231e-09,1166.0332109735195,978.5729780709347,0.006874636670397486,"[[0.009858975726618126, 0.006027628784536267, 0.0022198714256913142], [0.006027628784536267, 0.015316594569322734, -0.019725826398054713], [0.0022198714256913142, -0.019725826398054713, 0.040273650612227097]]",0.6320470809027177,-0.13652535706212038,-0.9601882330841482
2026-03-17 17:34:01,GPR_Optimization_h_mean_-0.1_v_mean_0.8_20260312-204903,566,3.3475912716081666,18.03589181712112,0.15196199577120575,0.8512349903725267,0.016422875310663523,0.8694565724798857,2.539106791387634,1.399608162959231e-09,2472.121048974343,31.54323798305273,0.004290646213119585,"[[0.009942631904508123, 0.006103884165673952, 0.0021239398987646053], [0.006103884165673952, 0.013514069622835845, -0.01595459672430968], [0.0021239398987646053, -0.01595459672430968, 0.03201999432683819]]",0.6390591443025206,-0.1360489327589952,-0.9725147952293202
2026-03-17 17:34:01,GPR_Optimization_h_mean_-0.1_v_mean_0.8_20260312-204903,1407,3.346241945031986,18.04354997995818,0.15418201664620002,0.8483285226048435,0.01450061538712687,0.8629826715786602,3.0760974941708445,5.585612171147215e-15,2041.7248226898512,572.9231127351504,0.007404086657251369,"[[0.009796468087964368, 0.0059122979465351146, 0.002329823924226921], [0.0059122979465351146, 0.01506916644064936, -0.019464655506385955], [0.002329823924226921, -0.019464655506385955, 0.03984314335927017]]",0.6338807962662188,-0.13504084697376936,-0.9615802791838901
2026-03-17 17:34:01,GPR_Optimization_h_mean_-0.1_v_mean_0.8_20260312-204903,388,3.3459996678109327,18.035207981086447,0.15401600130845453,0.8499809299996725,0.015741296033409097,0.8681868364022952,2.5651278937395925,2.729369601827723e-10,10484.118210641653,74.28542456078515,0.035267620469984495,"[[0.00989606034708442, 0.006050199528923266, 0.002224348020466552], [0.006050199528923266, 0.014496994726912009, -0.01805814833883303], [0.002224348020466552, -0.01805814833883303, 0.036653193200857255]]",0.6360006100730207,-0.13535677198515786,-0.9658840525753934
2026-03-17 17:34:01,GPR_Optimization_h_mean_-0.1_v_mean_0.8_20260312-204903,80,3.342282954677069,17.992154983118205,0.15362251898545015,0.8493121767174785,0.01767219796679418,0.8672173239685365,2.292645686095851,2.7653639545210637e-15,822.4529067122239,280.7666590048814,0.006195999047305047,"[[0.00982318376561987, 0.006044908434251774, 0.0021268388501728985], [0.006044908434251774, 0.013795428918648047, -0.016759352655027496], [0.0021268388501728985, -0.016759352655027496, 0.03403743964429984]]",0.6337289134228001,-0.13670293571727327,-0.964090601071953
2026-03-17 17:34:01,GPR_Optimization_h_mean_-0.1_v_mean_0.8_20260312-204903,756,3.338753259890276,18.01127122486061,0.15710455034233056,0.8478693260269751,0.016931150260750937,0.8695604829379177,2.6833953712654535,1.6864977125440052e-10,503.45708047513284,802.3328169240509,0.006874636670397486,"[[0.009814284827867666, 0.0059566797793273564, 0.002315686867574595], [0.0059566797793273564, 0.014991169709123928, -0.01933838066543243], [0.002315686867574595, -0.01933838066543243, 0.03984602486915557]]",0.630820286153535,-0.13502914911413447,-0.9564233985267689
2026-03-17 17:34:04,GPR_Optimization_h_mean_-0.1_v_mean_1.1_20260312-214645,1052,3.369482293172732,15.26723175936503,0.31819484651322766,0.7005174041178733,0.025708560159547852,0.8446645074378744,2.8073900365515687,6.717517954990921e-14,4598.507365284788,670.2401750925796,0.004490269909383089,"[[0.010108182408120413, 0.006776701127687585, 0.0016650607486464125], [0.006776701127687585, 0.01769639665968257, -0.021666421329654965], [0.0016650607486464125, -0.021666421329654965, 0.040359717105064793]]",0.7601112677453457,-0.1375293485819073,-1.2271776908808498
2026-03-17 17:34:04,GPR_Optimization_h_mean_-0.1_v_mean_1.1_20260312-214645,125,3.321136467778569,15.017245845606231,0.34300271064246485,0.6817964206658165,0.023294388073316248,0.8285341242921818,2.748041716184473,2.711233251893058e-12,85617.51273225893,63.212613087331434,0.6584100730759268,"[[0.010024199870933151, 0.0063804707424251796, 0.002405474785614821], [0.0063804707424251796, 0.019999083014175946, -0.026497702063008385], [0.002405474785614821, -0.026497702063008385, 0.05064331758478584]]",0.7441806317296312,-0.1383160803323424,-1.2002132452420489
2026-03-17 17:34:04,GPR_Optimization_h_mean_-0.1_v_mean_1.1_20260312-214645,1830,3.321136467778569,15.017245845606231,0.34300271064246485,0.6817964206658165,0.023294388073316248,0.8285341242921818,2.748041716184473,2.711233251893058e-12,85617.51273225893,63.212613087331434,0.6584100730759268,"[[0.010024199870933151, 0.0063804707424251796, 0.002405474785614821], [0.0063804707424251796, 0.019999083014175946, -0.026497702063008385], [0.002405474785614821, -0.026497702063008385, 0.05064331758478584]]",0.7441806317296312,-0.1383160803323424,-1.2002132452420489
2026-03-17 17:34:04,GPR_Optimization_h_mean_-0.1_v_mean_1.1_20260312-214645,1581,3.321136467778569,15.017245845606231,0.34300271064246485,0.6817964206658165,0.023294388073316248,0.8285341242921818,2.748041716184473,2.711233251893058e-12,85617.51273225893,63.212613087331434,0.6584100730759268,"[[0.010024199870933151, 0.0063804707424251796, 0.002405474785614821], [0.0063804707424251796, 0.019999083014175946, -0.026497702063008385], [0.002405474785614821, -0.026497702063008385, 0.05064331758478584]]",0.7441806317296312,-0.1383160803323424,-1.2002132452420489
2026-03-17 17:34:04,GPR_Optimization_h_mean_-0.1_v_mean_1.1_20260312-214645,1865,3.312311585558468,14.893131311938797,0.3451306076093129,0.6794030105436463,0.0233229348980879,0.827626348665531,2.868641481892004,3.937827074562863e-13,34308.8506018085,75.46272557729213,0.4172922623815965,"[[0.010040425471321574, 0.006606236040496636, 0.0021018213632303866], [0.006606236040496636, 0.02159069111988013, -0.029092229481424828], [0.0021018213632303866, -0.029092229481424828, 0.05509949598485039]]",0.7407535269434807,-0.13869678917094944,-1.194910679876914
2026-03-17 17:34:04,GPR_Optimization_h_mean_-0.1_v_mean_1.1_20260312-214645,121,3.308740804317841,14.825790297938234,0.34242915209914443,0.6785309791321337,0.0237193671318643,0.8266109547767261,2.7612316506487997,6.158663705748002e-10,471.60158631726125,372.8076749782971,0.0019064907244951059,"[[0.010091033812435441, 0.00676321305971372, 0.0018322094485655387], [0.00676321305971372, 0.020163899646149223, -0.026294214156203567], [0.0018322094485655387, -0.026294214156203567, 0.04970058064850747]]",0.7483976744686033,-0.13720614292472114,-1.2064457271299387
2026-03-17 17:34:04,GPR_Optimization_h_mean_-0.1_v_mean_1.1_20260312-214645,557,3.3044584745291576,14.811499575279049,0.3453225214025372,0.6775769608073715,0.024429613500528972,0.8281157290989744,2.8846172971102977,7.120830487364353e-10,3771.873161950654,95.71747613771646,0.003350119338610924,"[[0.01006752792562599, 0.006728153033396082, 0.001782577991807188], [0.006728153033396082, 0.019566564577911106, -0.025359006637273182], [0.001782577991807188, -0.025359006637273182, 0.04780417822978677]]",0.7535400335069703,-0.13724209344671034,-1.2147619799342513
2026-03-17 17:34:04,GPR_Optimization_h_mean_-0.1_v_mean_1.1_20260312-214645,244,3.2893626849692406,14.773404593169158,0.34435055392267694,0.6753076768040294,0.02657180612402957,0.8404504860954104,2.5987410020118666,4.902730914406512e-13,5254.864208674357,505.83113536195964,0.017190008185832356,"[[0.010113778770360784, 0.006632717510419485, 0.002036353516280276], [0.006632717510419485, 0.018080290318084988, -0.02274859507394204], [0.002036353516280276, -0.02274859507394204, 0.04338160708424697]]",0.7538102284629788,-0.13604238419309755,-1.2142934122802467
2026-03-17 17:34:04,GPR_Optimization_h_mean_-0.1_v_mean_1.1_20260312-214645,1960,3.2850270916431703,14.737902782312421,0.35417696141411004,0.669732648074832,0.022200930829395945,0.8226150305665758,2.868641481892004,2.262247152974192e-08,243.28428463002265,781.1772829049613,0.0024881878413290023,"[[0.010120401800446077, 0.006555168663259217, 0.0023478328548023914], [0.006555168663259217, 0.02122592254477654, -0.028620206201992293], [0.0023478328548023914, -0.028620206201992293, 0.055155671994417746]]",0.741182448631261,-0.13767913558525238,-1.1938944998905547
2026-03-17 17:34:04,GPR_Optimization_h_mean_-0.1_v_mean_1.1_20260312-214645,1871,3.2850270916431703,14.737902782312421,0.35417696141411004,0.669732648074832,0.022200930829395945,0.8226150305665758,2.868641481892004,2.262247152974192e-08,243.28428463002265,781.1772829049613,0.0024881878413290023,"[[0.010120401800446077, 0.006555168663259217, 0.0023478328548023914], [0.006555168663259217, 0.02122592254477654, -0.028620206201992293], [0.0023478328548023914, -0.028620206201992293, 0.055155671994417746]]",0.741182448631261,-0.13767913558525238,-1.1938944998905547
2026-03-17 17:34:07,GPR_Optimization_h_mean_-0.1_v_mean_1.4_20260312-224423,351,3.4443088711082503,9.12476385853399,0.6517119244391971,0.40749135643224,0.028370228050954613,0.697981672007646,3.2308759085973238,7.978032139836705e-09,2048.2111274298427,61.158159135127335,0.0071364559177565,"[[0.010395823918091227, 0.005956415901203908, 0.004857737780878476], [0.005956415901203908, 0.02525806513047721, -0.03653859585154761], [0.004857737780878476, -0.03653859585154761, 0.07427008283253837]]",0.853177050919607,-0.1261793226043542,-1.4116473857012422
2026-03-17 17:34:07,GPR_Optimization_h_mean_-0.1_v_mean_1.4_20260312-224423,836,3.410745376200527,8.954386611651245,0.6594618560700529,0.4022257590823764,0.028819501882247734,0.701291323745393,3.2428852062250493,1.1154992225911016e-12,4017.9180648917577,149.89591525806955,0.037739126986260356,"[[0.010201102676373692, 0.0060787514944456895, 0.004367868907272367], [0.0060787514944456895, 0.02462249389572879, -0.035230668500013405], [0.004367868907272367, -0.035230668500013405, 0.07083607420606358]]",0.850452298322561,-0.1266397270146999,-1.4084614974918523
2026-03-17 17:34:07,GPR_Optimization_h_mean_-0.1_v_mean_1.4_20260312-224423,1050,3.395078511943625,8.85204912013657,0.6652493181341352,0.39569479911602995,0.025997747095906354,0.6679488076089237,3.5449826021918356,1.061370507100516e-07,1631.5968690706345,36.175939422272165,0.01968991485849224,"[[0.010255716712928041, 0.005841977000724541, 0.004964550679780455], [0.005841977000724541, 0.026183753049068146, -0.03862664353508068], [0.004964550679780455, -0.03862664353508068, 0.07840626669952913]]",0.8429823744520558,-0.12368720355791932,-1.3896053179116914
2026-03-17 17:34:07,GPR_Optimization_h_mean_-0.1_v_mean_1.4_20260312-224423,535,3.3871082360367843,8.941645768565646,0.6646005704119956,0.3993865785879671,0.03392601922507681,0.7101205771891678,3.0523825743127113,3.9826038076316315e-09,4017.9180648917577,36.175939422272165,0.010013471986509054,"[[0.010475188832141876, 0.006206977879870819, 0.004399048423833576], [0.006206977879870819, 0.023153805746495965, -0.032376487547067886], [0.004399048423833576, -0.032376487547067886, 0.0654530547197312]]",0.8608840322641758,-0.12544251507798118,-1.424785236667965
2026-03-17 17:34:07,GPR_Optimization_h_mean_-0.1_v_mean_1.4_20260312-224423,502,3.3871082360367843,8.941645768565646,0.6646005704119956,0.3993865785879671,0.03392601922507681,0.7101205771891678,3.0523825743127113,3.9826038076316315e-09,4017.9180648917577,36.175939422272165,0.010013471986509054,"[[0.010475188832141876, 0.006206977879870819, 0.004399048423833576], [0.006206977879870819, 0.023153805746495965, -0.032376487547067886], [0.004399048423833576, -0.032376487547067886, 0.0654530547197312]]",0.8608840322641758,-0.12544251507798118,-1.424785236667965
2026-03-17 17:34:07,GPR_Optimization_h_mean_-0.1_v_mean_1.4_20260312-224423,14,3.3871082360367843,8.941645768565646,0.6646005704119956,0.3993865785879671,0.03392601922507681,0.7101205771891678,3.0523825743127113,3.9826038076316315e-09,4017.9180648917577,36.175939422272165,0.010013471986509054,"[[0.010475188832141876, 0.006206977879870819, 0.004399048423833576], [0.006206977879870819, 0.023153805746495965, -0.032376487547067886], [0.004399048423833576, -0.032376487547067886, 0.0654530547197312]]",0.8608840322641758,-0.12544251507798118,-1.424785236667965
2026-03-17 17:34:07,GPR_Optimization_h_mean_-0.1_v_mean_1.4_20260312-224423,143,3.3732794802906514,8.834550172908425,0.6675614030207783,0.3939381157230258,0.03039842012560981,0.6845150343523129,3.694054684310991,4.740221928342562e-10,63421.75954962674,133.63248040339113,0.008769755515257499,"[[0.010290431728358293, 0.00558408464894605, 0.005264240169249667], [0.00558408464894605, 0.026266021282686475, -0.03907417617966879], [0.005264240169249667, -0.03907417617966879, 0.07921558131798641]]",0.8509247543860184,-0.12618358616863215,-1.4061698201799562
2026-03-17 17:34:07,GPR_Optimization_h_mean_-0.1_v_mean_1.4_20260312-224423,1667,3.369935793961664,8.694331523410618,0.6667888253037522,0.39620534024637816,0.031570388613838395,0.7015899416457587,3.4602296468974956,1.727684803746339e-05,50299.84698041894,648.8174817222118,0.010013471986509054,"[[0.010585297038206551, 0.005884517663139556, 0.005132465279891949], [0.005884517663139556, 0.023848496864864087, -0.034193206319941466], [0.005132465279891949, -0.034193206319941466, 0.0700022808118212]]",0.8639999522762144,-0.12243279388668905,-1.424442838768691
2026-03-17 17:34:07,GPR_Optimization_h_mean_-0.1_v_mean_1.4_20260312-224423,164,3.36656316494575,8.845298036938198,0.670866163462998,0.394877114083903,0.030539800176950627,0.7069919551808359,3.1662659860024567,1.3300977240700456e-09,72047.14915547808,40.32788727664935,1.5577990429900783,"[[0.010242000205165316, 0.006502962408052151, 0.0037680595841339494], [0.006502962408052151, 0.02409909246606562, -0.03372767202161026], [0.0037680595841339494, -0.03372767202161026, 0.06746137831632701]]",0.845796882096434,-0.12794087761545453,-1.403758085984266
2026-03-17 17:34:07,GPR_Optimization_h_mean_-0.1_v_mean_1.4_20260312-224423,39,3.3540105467865735,8.814562216303159,0.6700566373144818,0.3950538142878149,0.034142977701663337,0.724626896523213,2.954815674601791,5.155911011081768e-07,3644.519195210211,13.428803752845939,0.06875470413065377,"[[0.01017995313561123, 0.006305736413414587, 0.003989938779353835], [0.006305736413414587, 0.021205741062262355, -0.028694293425517756], [0.003989938779353835, -0.028694293425517756, 0.058432211788151396]]",0.8560704554089624,-0.12638798404692422,-1.4205682909333985
2026-03-17 17:34:09,GPR_Optimization_h_mean_-0.05_v_mean_0.2_20260312-234211,244,3.3757376603345346,21.129075964468008,0.0,0.9999998950625466,0.006669150322821573,0.7017121214073149,2.381655631137027,2.3977471915964534e-13,7435.247356770959,244.9277638419166,0.001215813569071974,"[[0.009843259803142868, 0.006303530380984019, 0.0025542454918762144], [0.006303530380984019, 0.010961094700113508, -0.01255371862477307], [0.0025542454918762144, -0.01255371862477307, 0.03324467837542039]]",0.4162827039144467,-0.07113142819567259,-0.41377738931003816
2026-03-17 17:34:09,GPR_Optimization_h_mean_-0.05_v_mean_0.2_20260312-234211,643,3.3757376603345346,21.129075964468008,0.0,0.9999998950625466,0.006669150322821573,0.7017121214073149,2.381655631137027,2.3977471915964534e-13,7435.247356770959,244.9277638419166,0.001215813569071974,"[[0.009843259803142868, 0.006303530380984019, 0.0025542454918762144], [0.006303530380984019, 0.010961094700113508, -0.01255371862477307], [0.0025542454918762144, -0.01255371862477307, 0.03324467837542039]]",0.4162827039144467,-0.07113142819567259,-0.41377738931003816
2026-03-17 17:34:09,GPR_Optimization_h_mean_-0.05_v_mean_0.2_20260312-234211,1707,3.3753300183839237,21.12907698060534,0.0,0.9999999423983735,0.006926829313173216,0.7013857557202707,2.331365121368169,4.2201060132573747e-10,75388.4229715253,472.09401054329885,0.0012352251518515875,"[[0.009834872390345677, 0.006392857752768671, 0.002376566929409558], [0.006392857752768671, 0.01111455360667517, -0.012633290019585434], [0.002376566929409558, -0.012633290019585434, 0.03287102000068871]]",0.4163491328979326,-0.07101930369317469,-0.4142087887539863
2026-03-17 17:34:09,GPR_Optimization_h_mean_-0.05_v_mean_0.2_20260312-234211,1050,3.3750933743521387,21.129067103467904,0.0,0.9999994763746876,0.006044543201901573,0.7048610665880211,3.6914047411915107,3.052612325534916e-10,7435.247356770959,174.82049873627255,0.004233111677853554,"[[0.009680378892094115, 0.006308493687630567, 0.002392981198215744], [0.006308493687630567, 0.01119959077912539, -0.012931837276006277], [0.002392981198215744, -0.012931837276006277, 0.03383084135089425]]",0.41487180539883806,-0.07066067760807747,-0.41098630338968184
2026-03-17 17:34:09,GPR_Optimization_h_mean_-0.05_v_mean_0.2_20260312-234211,211,3.374745734790167,21.129070799837393,0.0,0.9999996548740039,0.006842753111950483,0.7025278266339723,2.346772898275324,3.0699887643434802e-09,5228.152235886836,263.7145328752464,0.004423790306025739,"[[0.00987134606677986, 0.006305030835597616, 0.0026731938352560986], [0.006305030835597616, 0.011158105652296106, -0.013035414765867295], [0.0026731938352560986, -0.013035414765867295, 0.03497536888233161]]",0.4155385549611853,-0.07110761726987898,-0.4112841334574093
2026-03-17 17:34:09,GPR_Optimization_h_mean_-0.05_v_mean_0.2_20260312-234211,728,3.3745724101259094,21.12907443605098,0.0,0.9999998218046816,0.006115839193797386,0.7053617239610056,3.0133906163984867,2.3977471915964534e-13,3730.5524110767824,146.5998929498839,0.001215813569071974,"[[0.009728815247347223, 0.006369319617763266, 0.00223802435693322], [0.006369319617763266, 0.011202113882756699, -0.012815042213627566], [0.00223802435693322, -0.012815042213627566, 0.03282666028809434]]",0.4161179121795982,-0.07108950181322596,-0.41419849126676506
2026-03-17 17:34:09,GPR_Optimization_h_mean_-0.05_v_mean_0.2_20260312-234211,921,3.374257325429093,21.129074437959268,0.0,0.9999998200933278,0.006669656715833758,0.7038492053336063,3.2112322462834606,4.5428788106087004e-13,887.6137415044651,270.51633728933535,0.0022843643454260845,"[[0.00964253772182649, 0.006173587262766894, 0.0025781159693392284], [0.006173587262766894, 0.011037245101684018, -0.012872896777860795], [0.0025781159693392284, -0.012872896777860795, 0.03392438719651496]]",0.41511263037419416,-0.0701304180931043,-0.4103270521402222
2026-03-17 17:34:09,GPR_Optimization_h_mean_-0.05_v_mean_0.2_20260312-234211,230,3.374203280095687,21.12904915151818,0.0,0.999998634891308,0.0065249932640827814,0.7044372891357613,2.617650154289929,3.807258214555255e-10,10269.37434644858,173.8738282200624,0.011122372958076299,"[[0.009727972400244016, 0.006335276200482895, 0.0023804672588784476], [0.006335276200482895, 0.011092680913930598, -0.012721406275000619], [0.0023804672588784476, -0.012721406275000619, 0.033398106806893674]]",0.4161633322534381,-0.07030739958963336,-0.4125833454432171
2026-03-17 17:34:09,GPR_Optimization_h_mean_-0.05_v_mean_0.2_20260312-234211,1791,3.374107499743331,21.12907059742756,0.0,0.9999996423859372,0.005996709920427446,0.7064562152157428,3.404644649087028,2.5192257009394045e-15,4847.682735995689,62.453558179715436,0.0010135213863440159,"[[0.009782880956473346, 0.006347839621757376, 0.0024157639009040237], [0.006347839621757376, 0.011195966949140584, -0.012881408888149365], [0.0024157639009040237, -0.012881408888149365, 0.03364164399464047]]",0.4159171005413335,-0.07112765981817573,-0.41332583899423797
2026-03-17 17:34:09,GPR_Optimization_h_mean_-0.05_v_mean_0.2_20260312-234211,1555,3.374107499743331,21.12907059742756,0.0,0.9999996423859372,0.005996709920427446,0.7064562152157428,3.404644649087028,2.5192257009394045e-15,4847.682735995689,62.453558179715436,0.0010135213863440159,"[[0.009782880956473346, 0.006347839621757376, 0.0024157639009040237], [0.006347839621757376, 0.011195966949140584, -0.012881408888149365], [0.0024157639009040237, -0.012881408888149365, 0.03364164399464047]]",0.4159171005413335,-0.07112765981817573,-0.41332583899423797
2026-03-17 17:34:12,GPR_Optimization_h_mean_-0.05_v_mean_0.5_20260313-003931,256,3.449490362607728,20.517759190851617,0.0320012488292226,0.9682144034948509,0.011254985107777015,0.7102586117181808,3.473602927805727,1.2582282572937353e-11,648.7137791848073,151.62614377484743,0.0014201930373874208,"[[0.009656886261235195, 0.005845636221923434, 0.0026986366025056603], [0.005845636221923434, 0.015314858336674946, -0.022604403919025698], [0.0026986366025056603, -0.022604403919025698, 0.053393758941523976]]",0.5458161387240181,-0.07583997940281062,-0.6837929279094002
2026-03-17 17:34:12,GPR_Optimization_h_mean_-0.05_v_mean_0.5_20260313-003931,1187,3.445363194400645,20.475419955699138,0.03307491526744322,0.9668313486215719,0.011003807436720244,0.7119872219408625,3.306570983626669,2.9368173030835806e-09,13103.38429783421,12.433329144824372,0.01800214202162265,"[[0.009640175056840863, 0.00589088467351564, 0.002631732132248963], [0.00589088467351564, 0.01481870187404844, -0.021306908184332885], [0.002631732132248963, -0.021306908184332885, 0.05011539258457921]]",0.5474997518035061,-0.07581718769176439,-0.6878079811219016
2026-03-17 17:34:12,GPR_Optimization_h_mean_-0.05_v_mean_0.5_20260313-003931,1575,3.445363194400645,20.475419955699138,0.03307491526744322,0.9668313486215719,0.011003807436720244,0.7119872219408625,3.306570983626669,2.9368173030835806e-09,13103.38429783421,12.433329144824372,0.01800214202162265,"[[0.009640175056840863, 0.00589088467351564, 0.002631732132248963], [0.00589088467351564, 0.01481870187404844, -0.021306908184332885], [0.002631732132248963, -0.021306908184332885, 0.05011539258457921]]",0.5474997518035061,-0.07581718769176439,-0.6878079811219016
2026-03-17 17:34:12,GPR_Optimization_h_mean_-0.05_v_mean_0.5_20260313-003931,926,3.4399621947841457,20.437746874846134,0.035788570537153556,0.9639482908839488,0.011269779756501936,0.7093624876501482,3.306570983626669,2.1320185782084854e-12,1177.9353565152344,220.26472375099056,0.0022676665985451386,"[[0.009545550067574288, 0.005965696000093822, 0.0023686116822424328], [0.005965696000093822, 0.015568220022638659, -0.023328245933161955], [0.0023686116822424328, -0.023328245933161955, 0.05568721402182173]]",0.5455444391107386,-0.07527525050777265,-0.6819764268098536
2026-03-17 17:34:12,GPR_Optimization_h_mean_-0.05_v_mean_0.5_20260313-003931,1259,3.4326269958510434,20.315490376841712,0.039551695444143956,0.9607108667971097,0.01233500043522896,0.7051305387975868,2.640081081812119,1.0174419800330478e-09,168.51952507631694,39.04831083159595,0.001040640324696233,"[[0.009561015035754503, 0.005933854230727824, 0.002506483865745556], [0.005933854230727824, 0.0151234598505826, -0.02239490641278682], [0.002506483865745556, -0.02239490641278682, 0.05359184902134901]]",0.5448161335381129,-0.07427600811352311,-0.6792687448981507
2026-03-17 17:34:12,GPR_Optimization_h_mean_-0.05_v_mean_0.5_20260313-003931,846,3.425353184545573,20.26571982759665,0.04172761466931355,0.9588085040198406,0.011435765509821205,0.7118639640580922,3.6051939722971884,1.0174419800330478e-09,81875.10114749338,706.1889977549597,0.0029628341651359983,"[[0.00975151826278035, 0.006196769767500572, 0.0021883216120276655], [0.006196769767500572, 0.015027035076223359, -0.021544758712746886], [0.0021883216120276655, -0.021544758712746886, 0.05064688339529777]]",0.548779037539455,-0.07611813816504433,-0.69020318224822
2026-03-17 17:34:12,GPR_Optimization_h_mean_-0.05_v_mean_0.5_20260313-003931,1447,3.4211873444669907,20.30449630960379,0.042932611776832885,0.9573911564218216,0.012815162447075326,0.7126530086329081,3.306570983626669,2.9368173030835806e-09,1177.9353565152344,220.26472375099056,0.01800214202162265,"[[0.009424710587880532, 0.005782416892373985, 0.0026340532884894688], [0.005782416892373985, 0.01502273739964492, -0.02236014720163001], [0.0026340532884894688, -0.02236014720163001, 0.05371828680747445]]",0.5427943671256462,-0.07489201925960508,-0.6767489524548026
2026-03-17 17:34:12,GPR_Optimization_h_mean_-0.05_v_mean_0.5_20260313-003931,25,3.4197219295148455,20.233635590199203,0.044088228417032554,0.9567575843272362,0.012398166533987235,0.7117767789872957,2.560837756070766,2.85978978422462e-13,866.187244819025,794.3119357803896,0.006224290800320463,"[[0.009736824386706526, 0.006031551703691222, 0.002571909465308665], [0.006031551703691222, 0.014458555315392176, -0.0206960734820136], [0.002571909465308665, -0.0206960734820136, 0.04971212206983663]]",0.5451788258407929,-0.07563859759144635,-0.6824164959655524
2026-03-17 17:34:12,GPR_Optimization_h_mean_-0.05_v_mean_0.5_20260313-003931,124,3.4172559604248844,20.2235828074552,0.04687214552287496,0.9539712121490053,0.010936983122891904,0.7080277683534724,4.014525806497981,7.328574208908745e-12,842.0495951560864,53.97356539968246,0.0013902297264218298,"[[0.00960394293700493, 0.005920022294801516, 0.002615506059038036], [0.005920022294801516, 0.01532181002791234, -0.022651109767336867], [0.002615506059038036, -0.022651109767336867, 0.054152580925089566]]",0.5463160012178345,-0.07458010295585622,-0.682637495474567
2026-03-17 17:34:12,GPR_Optimization_h_mean_-0.05_v_mean_0.5_20260313-003931,1840,3.417150760106858,20.22470125629092,0.046504389775777775,0.9540605345145112,0.011103929944523116,0.7082906459519394,3.342633385462861,1.0174419800330478e-09,2354.026359082392,20.76095430135103,0.005497224366017606,"[[0.009609836350836424, 0.005960373134612805, 0.0025408955867896174], [0.005960373134612805, 0.015854059727847866, -0.02345578388516397], [0.0025408955867896174, -0.02345578388516397, 0.05503135672710892]]",0.5443397164208055,-0.07569861709554085,-0.6808417652619757
2026-03-17 17:34:14,GPR_Optimization_h_mean_-0.05_v_mean_0.8_20260313-013658,1743,3.425320500589236,18.20085186166944,0.14624469214437366,0.8564243764828061,0.016983777532966007,0.7415870488322718,2.3660041860153416,2.1108615526049472e-09,7155.938164948818,431.2930830976472,0.04370713211235881,"[[0.00961436144552559, 0.0069601175067908585, 0.0006912894240612988], [0.0069601175067908585, 0.016863440945078644, -0.0213662459771781], [0.0006912894240612988, -0.0213662459771781, 0.04158016604970584]]",0.6716251366968143,-0.08279829672922008,-0.957548638006021
2026-03-17 17:34:14,GPR_Optimization_h_mean_-0.05_v_mean_0.8_20260313-013658,1295,3.412992207770455,18.02586166504591,0.15292625236201224,0.850330298663451,0.016468038559435252,0.733393237046923,2.3539764932030485,1.852502956600521e-13,1527.442825062267,12.801186403940369,0.004012274019383774,"[[0.009723801163830422, 0.007085448947123561, 0.0006290336787022815], [0.007085448947123561, 0.01767773717792174, -0.022745080661105702], [0.0006290336787022815, -0.022745080661105702, 0.04426445566780334]]",0.6722319036231952,-0.08247478822810224,-0.9580431730989116
2026-03-17 17:34:14,GPR_Optimization_h_mean_-0.05_v_mean_0.8_20260313-013658,885,3.412992207770455,18.02586166504591,0.15292625236201224,0.850330298663451,0.016468038559435252,0.733393237046923,2.3539764932030485,1.852502956600521e-13,1527.442825062267,12.801186403940369,0.004012274019383774,"[[0.009723801163830422, 0.007085448947123561, 0.0006290336787022815], [0.007085448947123561, 0.01767773717792174, -0.022745080661105702], [0.0006290336787022815, -0.022745080661105702, 0.04426445566780334]]",0.6722319036231952,-0.08247478822810224,-0.9580431730989116
2026-03-17 17:34:14,GPR_Optimization_h_mean_-0.05_v_mean_0.8_20260313-013658,734,3.412992207770455,18.02586166504591,0.15292625236201224,0.850330298663451,0.016468038559435252,0.733393237046923,2.3539764932030485,1.852502956600521e-13,1527.442825062267,12.801186403940369,0.004012274019383774,"[[0.009723801163830422, 0.007085448947123561, 0.0006290336787022815], [0.007085448947123561, 0.01767773717792174, -0.022745080661105702], [0.0006290336787022815, -0.022745080661105702, 0.04426445566780334]]",0.6722319036231952,-0.08247478822810224,-0.9580431730989116
2026-03-17 17:34:14,GPR_Optimization_h_mean_-0.05_v_mean_0.8_20260313-013658,527,3.412992207770455,18.02586166504591,0.15292625236201224,0.850330298663451,0.016468038559435252,0.733393237046923,2.3539764932030485,1.852502956600521e-13,1527.442825062267,12.801186403940369,0.004012274019383774,"[[0.009723801163830422, 0.007085448947123561, 0.0006290336787022815], [0.007085448947123561, 0.01767773717792174, -0.022745080661105702], [0.0006290336787022815, -0.022745080661105702, 0.04426445566780334]]",0.6722319036231952,-0.08247478822810224,-0.9580431730989116
2026-03-17 17:34:14,GPR_Optimization_h_mean_-0.05_v_mean_0.8_20260313-013658,1043,3.412992207770455,18.02586166504591,0.15292625236201224,0.850330298663451,0.016468038559435252,0.733393237046923,2.3539764932030485,1.852502956600521e-13,1527.442825062267,12.801186403940369,0.004012274019383774,"[[0.009723801163830422, 0.007085448947123561, 0.0006290336787022815], [0.007085448947123561, 0.01767773717792174, -0.022745080661105702], [0.0006290336787022815, -0.022745080661105702, 0.04426445566780334]]",0.6722319036231952,-0.08247478822810224,-0.9580431730989116
2026-03-17 17:34:14,GPR_Optimization_h_mean_-0.05_v_mean_0.8_20260313-013658,1310,3.408836093796198,18.125224517378445,0.1537894930681609,0.850384580835995,0.017067417164173274,0.7436008733854208,2.3660041860153416,2.363958814389117e-12,6879.213173921033,24.536058447082723,0.037200841073827734,"[[0.009496932295480673, 0.006801230873758262, 0.0008382693749709409], [0.006801230873758262, 0.017526550662002684, -0.022693400177627908], [0.0008382693749709409, -0.022693400177627908, 0.04392957359099956]]",0.6689196354173484,-0.08389294185685213,-0.9543290859681919
2026-03-17 17:34:14,GPR_Optimization_h_mean_-0.05_v_mean_0.8_20260313-013658,1770,3.3954055299169306,17.93806386513351,0.15998097352148408,0.8430566586954487,0.0166532410299144,0.7314095449500555,2.3660041860153416,7.823494949550144e-13,23801.170921922134,431.2930830976472,0.04370713211235881,"[[0.009652902771375454, 0.006859955115843953, 0.0009307455659162832], [0.006859955115843953, 0.017255871180956762, -0.022259988419390718], [0.0009307455659162832, -0.022259988419390718, 0.043635245736118565]]",0.6721408807070334,-0.08132874286872474,-0.9563014118110275
2026-03-17 17:34:14,GPR_Optimization_h_mean_-0.05_v_mean_0.8_20260313-013658,1900,3.3946788607046874,17.9761309198294,0.1618859735648057,0.8427583033183815,0.01683465210553569,0.7323206418096929,2.3660041860153416,8.330494959285097e-13,7155.938164948818,431.2930830976472,0.04370713211235881,"[[0.009446665387148133, 0.00691924043307392, 0.0005436957224781106], [0.00691924043307392, 0.01793150243259679, -0.023820046669813223], [0.0005436957224781106, -0.023820046669813223, 0.04703027469770693]]",0.6691372136936484,-0.0816522761062215,-0.951166419199905
2026-03-17 17:34:14,GPR_Optimization_h_mean_-0.05_v_mean_0.8_20260313-013658,1471,3.3946788607046874,17.9761309198294,0.1618859735648057,0.8427583033183815,0.01683465210553569,0.7323206418096929,2.3660041860153416,8.330494959285097e-13,7155.938164948818,431.2930830976472,0.04370713211235881,"[[0.009446665387148133, 0.00691924043307392, 0.0005436957224781106], [0.00691924043307392, 0.01793150243259679, -0.023820046669813223], [0.0005436957224781106, -0.023820046669813223, 0.04703027469770693]]",0.6691372136936484,-0.0816522761062215,-0.951166419199905
2026-03-17 17:34:17,GPR_Optimization_h_mean_-0.05_v_mean_1.1_20260313-023437,1512,3.439133657479358,14.22516472224352,0.38033456179528985,0.6485417022179948,0.02117497168787541,0.6903316847282541,2.8207744891103363,3.4042423068569265e-14,2012.9154754721271,29.289966624341975,0.00980169223339171,"[[0.009704431361957137, 0.007585892949980045, 0.00040824307600579343], [0.007585892949980045, 0.02252647805057389, -0.02971593342313576], [0.00040824307600579343, -0.02971593342313576, 0.054944876066669306]]",0.7851042171912678,-0.08256509236206044,-1.194025275561472
2026-03-17 17:34:17,GPR_Optimization_h_mean_-0.05_v_mean_1.1_20260313-023437,602,3.438796880497123,14.223006460213822,0.37059861582154574,0.6521471806374795,0.028175385262958506,0.7019328866462624,2.8207744891103363,2.009014262390212e-15,84681.5207847048,113.77010204527046,0.010283607661661323,"[[0.009918187883033763, 0.007643508211772175, 0.0004367647803203428], [0.007643508211772175, 0.02034858555085238, -0.02568035489820562], [0.0004367647803203428, -0.02568035489820562, 0.04737522489929466]]",0.7968263907760508,-0.08166367384423759,-1.213509153084965
2026-03-17 17:34:17,GPR_Optimization_h_mean_-0.05_v_mean_1.1_20260313-023437,412,3.438796880497123,14.223006460213822,0.37059861582154574,0.6521471806374795,0.028175385262958506,0.7019328866462624,2.8207744891103363,2.009014262390212e-15,84681.5207847048,113.77010204527046,0.010283607661661323,"[[0.009918187883033763, 0.007643508211772175, 0.0004367647803203428], [0.007643508211772175, 0.02034858555085238, -0.02568035489820562], [0.0004367647803203428, -0.02568035489820562, 0.04737522489929466]]",0.7968263907760508,-0.08166367384423759,-1.213509153084965
2026-03-17 17:34:17,GPR_Optimization_h_mean_-0.05_v_mean_1.1_20260313-023437,811,3.438796880497123,14.223006460213822,0.37059861582154574,0.6521471806374795,0.028175385262958506,0.7019328866462624,2.8207744891103363,2.009014262390212e-15,84681.5207847048,113.77010204527046,0.010283607661661323,"[[0.009918187883033763, 0.007643508211772175, 0.0004367647803203428], [0.007643508211772175, 0.02034858555085238, -0.02568035489820562], [0.0004367647803203428, -0.02568035489820562, 0.04737522489929466]]",0.7968263907760508,-0.08166367384423759,-1.213509153084965
2026-03-17 17:34:17,GPR_Optimization_h_mean_-0.05_v_mean_1.1_20260313-023437,47,3.438796880497123,14.223006460213822,0.37059861582154574,0.6521471806374795,0.028175385262958506,0.7019328866462624,2.8207744891103363,2.009014262390212e-15,84681.5207847048,113.77010204527046,0.010283607661661323,"[[0.009918187883033763, 0.007643508211772175, 0.0004367647803203428], [0.007643508211772175, 0.02034858555085238, -0.02568035489820562], [0.0004367647803203428, -0.02568035489820562, 0.04737522489929466]]",0.7968263907760508,-0.08166367384423759,-1.213509153084965
2026-03-17 17:34:17,GPR_Optimization_h_mean_-0.05_v_mean_1.1_20260313-023437,733,3.438796880497123,14.223006460213822,0.37059861582154574,0.6521471806374795,0.028175385262958506,0.7019328866462624,2.8207744891103363,2.009014262390212e-15,84681.5207847048,113.77010204527046,0.010283607661661323,"[[0.009918187883033763, 0.007643508211772175, 0.0004367647803203428], [0.007643508211772175, 0.02034858555085238, -0.02568035489820562], [0.0004367647803203428, -0.02568035489820562, 0.04737522489929466]]",0.7968263907760508,-0.08166367384423759,-1.213509153084965
2026-03-17 17:34:17,GPR_Optimization_h_mean_-0.05_v_mean_1.1_20260313-023437,1021,3.4380708371768316,14.195959565299548,0.38043343482633674,0.6473674802516158,0.022001072966364704,0.6829560640921428,3.038537186505673,1.5470722936129397e-15,11925.842252184644,629.2436667062293,0.02171670000839518,"[[0.00987080653475245, 0.007535748457755785, 0.0006283713733001042], [0.007535748457755785, 0.02274681534880982, -0.03049525299747578], [0.0006283713733001042, -0.03049525299747578, 0.057241061220640974]]",0.788221491922672,-0.08215098413628809,-1.198074243244796
2026-03-17 17:34:17,GPR_Optimization_h_mean_-0.05_v_mean_1.1_20260313-023437,133,3.4325207212659468,14.235072398387798,0.3745148771021992,0.6509355052846916,0.02849580897986041,0.7069307203214885,2.520059282739684,2.5280544348044376e-15,89622.28583984995,340.5278530780776,0.0139581086009283,"[[0.010018223765377861, 0.007544924254520041, 0.0007316365795195373], [0.007544924254520041, 0.018479499758630565, -0.022310948583489747], [0.0007316365795195373, -0.022310948583489747, 0.04141219648705201]]",0.7992706586598949,-0.08221413476642762,-1.2189831554388597
2026-03-17 17:34:17,GPR_Optimization_h_mean_-0.05_v_mean_1.1_20260313-023437,440,3.4325207212659468,14.235072398387798,0.3745148771021992,0.6509355052846916,0.02849580897986041,0.7069307203214885,2.520059282739684,2.5280544348044376e-15,89622.28583984995,340.5278530780776,0.0139581086009283,"[[0.010018223765377861, 0.007544924254520041, 0.0007316365795195373], [0.007544924254520041, 0.018479499758630565, -0.022310948583489747], [0.0007316365795195373, -0.022310948583489747, 0.04141219648705201]]",0.7992706586598949,-0.08221413476642762,-1.2189831554388597
2026-03-17 17:34:17,GPR_Optimization_h_mean_-0.05_v_mean_1.1_20260313-023437,1818,3.420179389589991,14.094177725878088,0.38475326579940794,0.6422240439931843,0.02157791008545728,0.6835365688058445,3.038537186505673,1.5470722936129397e-15,11925.842252184644,230.3968421823374,0.02171670000839518,"[[0.009752284784685402, 0.0077558524898828874, 6.032633385742824e-05], [0.0077558524898828874, 0.023480465869453487, -0.03127970938529098], [6.032633385742824e-05, -0.03127970938529098, 0.05728587181081605]]",0.7846280993850826,-0.08314730426658216,-1.1939068720663522
2026-03-17 17:34:21,GPR_Optimization_h_mean_-0.05_v_mean_1.4_20260313-033229,104,3.3091634177873837,8.283135924044075,0.6782589586166166,0.3754993499276491,0.03352517169255508,0.562047605312676,3.1403505399076925,8.204690340678028e-11,27244.00070145789,16.710261578931984,0.053860711379343174,"[[0.010133163354253426, 0.006792717833349685, 0.0034387490078323928], [0.006792717833349685, 0.025219812869138655, -0.035892440975060544], [0.0034387490078323928, -0.035892440975060544, 0.07245505838495005]]",0.8994574111112188,-0.07028458685508347,-1.4091169292057972
2026-03-17 17:34:21,GPR_Optimization_h_mean_-0.05_v_mean_1.4_20260313-033229,1369,3.301903576097597,8.225531470720751,0.6834701371638406,0.3744040786429696,0.029945994879540208,0.5633977751377038,3.737624344369102,2.418425179529319e-10,26932.954487419745,28.66194831702053,0.007472106776462654,"[[0.009809672828047135, 0.006632035375043683, 0.0031021445023768687], [0.006632035375043683, 0.026838470207899114, -0.03922436520957454], [0.0031021445023768687, -0.03922436520957454, 0.07800836507146963]]",0.8943637307336569,-0.07256342680478016,-1.4026249009957463
2026-03-17 17:34:21,GPR_Optimization_h_mean_-0.05_v_mean_1.4_20260313-033229,443,3.301903576097597,8.225531470720751,0.6834701371638406,0.3744040786429696,0.029945994879540208,0.5633977751377038,3.737624344369102,2.418425179529319e-10,26932.954487419745,28.66194831702053,0.007472106776462654,"[[0.009809672828047135, 0.006632035375043683, 0.0031021445023768687], [0.006632035375043683, 0.026838470207899114, -0.03922436520957454], [0.0031021445023768687, -0.03922436520957454, 0.07800836507146963]]",0.8943637307336569,-0.07256342680478016,-1.4026249009957463
2026-03-17 17:34:21,GPR_Optimization_h_mean_-0.05_v_mean_1.4_20260313-033229,1305,3.301903576097597,8.225531470720751,0.6834701371638406,0.3744040786429696,0.029945994879540208,0.5633977751377038,3.737624344369102,2.418425179529319e-10,26932.954487419745,28.66194831702053,0.007472106776462654,"[[0.009809672828047135, 0.006632035375043683, 0.0031021445023768687], [0.006632035375043683, 0.026838470207899114, -0.03922436520957454], [0.0031021445023768687, -0.03922436520957454, 0.07800836507146963]]",0.8943637307336569,-0.07256342680478016,-1.4026249009957463
2026-03-17 17:34:21,GPR_Optimization_h_mean_-0.05_v_mean_1.4_20260313-033229,207,3.301903576097597,8.225531470720751,0.6834701371638406,0.3744040786429696,0.029945994879540208,0.5633977751377038,3.737624344369102,2.418425179529319e-10,26932.954487419745,28.66194831702053,0.007472106776462654,"[[0.009809672828047135, 0.006632035375043683, 0.0031021445023768687], [0.006632035375043683, 0.026838470207899114, -0.03922436520957454], [0.0031021445023768687, -0.03922436520957454, 0.07800836507146963]]",0.8943637307336569,-0.07256342680478016,-1.4026249009957463
2026-03-17 17:34:21,GPR_Optimization_h_mean_-0.05_v_mean_1.4_20260313-033229,1261,3.2955769918816733,8.224419936668694,0.6861019781167467,0.3749118585052197,0.03156611016692556,0.572845361936075,3.371432735228242,4.253646465975926e-14,26932.954487419745,609.876090324362,0.0020705150816183455,"[[0.00988169670644243, 0.006583189878781903, 0.0033467180314976416], [0.006583189878781903, 0.024774988818193712, -0.03545206520800353], [0.0033467180314976416, -0.03545206520800353, 0.07140587914456897]]",0.899688784011293,-0.0717687701820596,-1.4115345834273123
2026-03-17 17:34:21,GPR_Optimization_h_mean_-0.05_v_mean_1.4_20260313-033229,1314,3.2955769918816733,8.224419936668694,0.6861019781167467,0.3749118585052197,0.03156611016692556,0.572845361936075,3.371432735228242,4.253646465975926e-14,26932.954487419745,609.876090324362,0.0020705150816183455,"[[0.00988169670644243, 0.006583189878781903, 0.0033467180314976416], [0.006583189878781903, 0.024774988818193712, -0.03545206520800353], [0.0033467180314976416, -0.03545206520800353, 0.07140587914456897]]",0.899688784011293,-0.0717687701820596,-1.4115345834273123
2026-03-17 17:34:21,GPR_Optimization_h_mean_-0.05_v_mean_1.4_20260313-033229,7,3.2889459828940466,8.264655157592907,0.6855734001818131,0.3783709504906237,0.04010751894769294,0.598454588027878,2.9385656575613255,1.2950858876969964e-09,63429.523082949745,13.636061276779543,0.0019886169098514606,"[[0.010275076463962906, 0.0069504218443066, 0.0032957555813959063], [0.0069504218443066, 0.022067102960018722, -0.02977691003664054], [0.0032957555813959063, -0.02977691003664054, 0.06067266664830284]]",0.9123914640583112,-0.07073718793578088,-1.4341928985295544
2026-03-17 17:34:21,GPR_Optimization_h_mean_-0.05_v_mean_1.4_20260313-033229,87,3.2819694945030373,8.193009293891118,0.6911872010377537,0.3698227490263061,0.03201141091691986,0.5557387238872524,3.3359472882917762,1.3084573522170263e-06,19566.91867435293,73.39695278305334,0.023959689647875083,"[[0.010080377337067547, 0.007046703202953746, 0.0028747614212839582], [0.007046703202953746, 0.02653198880007412, -0.03786643180834997], [0.0028747614212839582, -0.03786643180834997, 0.07509763641153878]]",0.8946392778783244,-0.0716371058525404,-1.4023413297626537
2026-03-17 17:34:21,GPR_Optimization_h_mean_-0.05_v_mean_1.4_20260313-033229,1070,3.279823025326395,8.188885595976748,0.6870413339089143,0.37214361793139256,0.031383286518665086,0.5726850852579323,3.371432735228242,3.312201038889954e-08,7165.040671733452,196.55152538441044,0.0037718474887283226,"[[0.009850278171866457, 0.00667441527684234, 0.003161533211822025], [0.00667441527684234, 0.02477372652792616, -0.03535021477769989], [0.003161533211822025, -0.03535021477769989, 0.07103099601708181]]",0.8987105816702444,-0.07115881108789018,-1.4090104814165385
2026-03-17 17:34:23,GPR_Optimization_h_mean_0.0_v_mean_0.2_20260313-043021,1025,3.5842021468723186,21.128883995856985,0.0,0.9999909195951472,0.007173458691704542,0.4872772301267421,2.957781234999728,5.625110086988032e-09,4455.247172205309,94.19351337898256,0.05417540082405314,"[[0.008419340834351313, 0.0061206436870590445, 0.0015981918186094507], [0.0061206436870590445, 0.012607566650355494, -0.017604869807530156], [0.0015981918186094507, -0.017604869807530156, 0.04727991132074614]]",0.4521464834389048,-0.016100040082781576,-0.39296726000053317
2026-03-17 17:34:23,GPR_Optimization_h_mean_0.0_v_mean_0.2_20260313-043021,1699,3.5835992483542265,21.128858458177717,0.0,0.9999896502845839,0.006419134493234267,0.4897061860052714,2.957781234999728,1.157115372142757e-07,10000.813900043418,94.19351337898256,0.05417540082405314,"[[0.008486618779548465, 0.006204668966352248, 0.0014872213817071554], [0.006204668966352248, 0.012845651242537929, -0.01794826056289569], [0.0014872213817071554, -0.01794826056289569, 0.04778516590383282]]",0.45280001890333604,-0.016353428822905493,-0.39465869971166956
2026-03-17 17:34:23,GPR_Optimization_h_mean_0.0_v_mean_0.2_20260313-043021,1769,3.5824196583010366,21.12906893174369,0.0,0.9999995573020135,0.005877336355645153,0.4928306868605376,2.793397303250309,4.190491503094278e-08,2842.5434378854884,141.13006174407633,0.0030560675710642657,"[[0.00860595863754512, 0.006289455990306381, 0.001493466513928415], [0.006289455990306381, 0.012775988826615514, -0.01746160066202949], [0.001493466513928415, -0.01746160066202949, 0.04617092784313792]]",0.45421996915542123,-0.01674513854353029,-0.39901402974944516
2026-03-17 17:34:23,GPR_Optimization_h_mean_0.0_v_mean_0.2_20260313-043021,87,3.58214398344871,21.129032027813494,0.0,0.9999978159494833,0.007052278181923985,0.49120492524186454,2.17467704773957,1.1776572667124578e-14,7170.187180798995,269.9520553272693,0.03237560365634506,"[[0.008524953448109798, 0.006200186100434578, 0.0015771943122555292], [0.006200186100434578, 0.012775301088762264, -0.017711098672046656], [0.0015771943122555292, -0.017711098672046656, 0.04709061248177627]]",0.4525587724375347,-0.016251430407429303,-0.39438923002998044
2026-03-17 17:34:23,GPR_Optimization_h_mean_0.0_v_mean_0.2_20260313-043021,920,3.581887909122744,21.128965849057998,0.0,0.9999947678089108,0.007377914457842788,0.49106512477175895,2.3138569637096524,1.3958154408751685e-09,2842.5434378854884,64.04492285006536,0.01984868113584163,"[[0.008493447193607695, 0.006103642076299103, 0.0017207159347680367], [0.006103642076299103, 0.012753880997786377, -0.01799660226365332], [0.0017207159347680367, -0.01799660226365332, 0.04856158303338463]]",0.45235864016570765,-0.016530352438324403,-0.39362082761476413
2026-03-17 17:34:23,GPR_Optimization_h_mean_0.0_v_mean_0.2_20260313-043021,340,3.580353634401482,21.086227659994226,0.0020565804453475988,0.9979842444589311,0.005393067655471679,0.48909889948463076,3.140485071934841,2.6764500405696827e-13,42325.78294186793,753.6609981240414,0.0015502941328706726,"[[0.008753273040051053, 0.006510729630965752, 0.001348268651438627], [0.006510729630965752, 0.012919200010924415, -0.0172918900659778], [0.001348268651438627, -0.0172918900659778, 0.04553293794488511]]",0.4548368312257309,-0.017127460368619847,-0.40121091937408954
2026-03-17 17:34:23,GPR_Optimization_h_mean_0.0_v_mean_0.2_20260313-043021,54,3.5793196416266673,21.129076022418207,0.0,0.9999998961592733,0.006435271573285949,0.49737436199450336,2.2587021840753425,1.1375923902284604e-15,4344.421676337959,383.8779612716054,0.0019072703266003446,"[[0.00869174522278898, 0.006354395791347944, 0.0015040087053541991], [0.006354395791347944, 0.012793551299327313, -0.01742539360872108], [0.0015040087053541991, -0.01742539360872108, 0.04627295924632488]]",0.4534842675675273,-0.0173416769262915,-0.3982731913692801
2026-03-17 17:34:23,GPR_Optimization_h_mean_0.0_v_mean_0.2_20260313-043021,233,3.578515000075951,21.084527636461836,0.0019273463612188636,0.9980103406574881,0.00519673012591662,0.49279074873746614,3.140485071934841,1.9648908158878894e-06,42325.78294186793,171.04242096478018,0.004345152911053133,"[[0.008697971839837454, 0.006313826928369817, 0.001645456704907933], [0.006313826928369817, 0.012712190241393646, -0.017251865215819107], [0.001645456704907933, -0.017251865215819107, 0.04617679678119088]]",0.4541469692055344,-0.01729406902222101,-0.3996677440374632
2026-03-17 17:34:23,GPR_Optimization_h_mean_0.0_v_mean_0.2_20260313-043021,399,3.578515000075951,21.084527636461836,0.0019273463612188636,0.9980103406574881,0.00519673012591662,0.49279074873746614,3.140485071934841,1.9648908158878894e-06,42325.78294186793,171.04242096478018,0.004345152911053133,"[[0.008697971839837454, 0.006313826928369817, 0.001645456704907933], [0.006313826928369817, 0.012712190241393646, -0.017251865215819107], [0.001645456704907933, -0.017251865215819107, 0.04617679678119088]]",0.4541469692055344,-0.01729406902222101,-0.3996677440374632
2026-03-17 17:34:23,GPR_Optimization_h_mean_0.0_v_mean_0.2_20260313-043021,548,3.5783824007002236,21.086446445154195,0.00219220791874216,0.9977408555207994,0.007310082532888771,0.4883143138998161,2.5537368731422916,3.953508498404033e-08,2842.5434378854884,60.71348769874126,0.02631059170986138,"[[0.008472853432749509, 0.006148943182207009, 0.0016349027068985273], [0.006148943182207009, 0.01276462241858091, -0.018049404964875303], [0.0016349027068985273, -0.018049404964875303, 0.04887887832002907]]",0.4512797012864338,-0.016498142262011743,-0.3910174568706291
2026-03-17 17:34:26,GPR_Optimization_h_mean_0.0_v_mean_0.5_20260313-052734,711,3.37677919640725,20.41696957098178,0.036835808992124415,0.9640306194075843,0.011289451947418755,0.5094955637523677,2.9866055586462017,7.0206186439830565e-09,10702.419636784232,39.91546996598068,0.015869877330415866,"[[0.008759744262478067, 0.00660462130421535, 0.000590902683420564], [0.00660462130421535, 0.019475450140835716, -0.030362501279699396], [0.000590902683420564, -0.030362501279699396, 0.06817851221863545]]",0.5814377691116087,-0.0231614725416886,-0.6707778805540134
2026-03-17 17:34:26,GPR_Optimization_h_mean_0.0_v_mean_0.5_20260313-052734,1955,3.375753070892808,20.365039989972814,0.03640318170519513,0.9634755531090017,0.010351707625048563,0.5111483967188665,2.93332757842014,1.414446457079952e-06,33017.27594579498,543.7336544729218,0.04424353048742513,"[[0.008810438169648029, 0.0068116704217937455, 0.0003120769645341674], [0.0068116704217937455, 0.019259360808691707, -0.029697562656036545], [0.0003120769645341674, -0.029697562656036545, 0.06682742365945125]]",0.5830390805227732,-0.023012769333127046,-0.6734553828729026
2026-03-17 17:34:26,GPR_Optimization_h_mean_0.0_v_mean_0.5_20260313-052734,1650,3.375753070892808,20.365039989972814,0.03640318170519513,0.9634755531090017,0.010351707625048563,0.5111483967188665,2.93332757842014,1.414446457079952e-06,33017.27594579498,543.7336544729218,0.04424353048742513,"[[0.008810438169648029, 0.0068116704217937455, 0.0003120769645341674], [0.0068116704217937455, 0.019259360808691707, -0.029697562656036545], [0.0003120769645341674, -0.029697562656036545, 0.06682742365945125]]",0.5830390805227732,-0.023012769333127046,-0.6734553828729026
2026-03-17 17:34:26,GPR_Optimization_h_mean_0.0_v_mean_0.5_20260313-052734,63,3.375753070892808,20.365039989972814,0.03640318170519513,0.9634755531090017,0.010351707625048563,0.5111483967188665,2.93332757842014,1.414446457079952e-06,33017.27594579498,543.7336544729218,0.04424353048742513,"[[0.008810438169648029, 0.0068116704217937455, 0.0003120769645341674], [0.0068116704217937455, 0.019259360808691707, -0.029697562656036545], [0.0003120769645341674, -0.029697562656036545, 0.06682742365945125]]",0.5830390805227732,-0.023012769333127046,-0.6734553828729026
2026-03-17 17:34:26,GPR_Optimization_h_mean_0.0_v_mean_0.5_20260313-052734,1350,3.37236732748702,20.379299627524748,0.03816159787743159,0.9629347702313715,0.010605934614971604,0.5132102607337243,3.076277638798056,1.3167123518293624e-11,836.9507749086335,26.342111880974134,0.00396983228641487,"[[0.008660509746822947, 0.006666149489279444, 0.0003705410143959232], [0.006666149489279444, 0.01975719256910583, -0.03071592054180938], [0.0003705410143959232, -0.03071592054180938, 0.06845282600156044]]",0.5794609714049315,-0.02328862351029256,-0.6674970645719104
2026-03-17 17:34:26,GPR_Optimization_h_mean_0.0_v_mean_0.5_20260313-052734,130,3.3714862618186925,20.326084593095437,0.03988791211516286,0.9612019633693272,0.01033973154197589,0.509950279599757,2.9866055586462017,7.0206186439830565e-09,10702.419636784232,817.1768635541584,0.013809677332126812,"[[0.008729391484277515, 0.006742779605661672, 0.00035860370095882764], [0.006742779605661672, 0.018626494045997186, -0.02789023025970542], [0.00035860370095882764, -0.02789023025970542, 0.06160123330014183]]",0.5845993291459523,-0.022825634153221922,-0.6780770011042958
2026-03-17 17:34:26,GPR_Optimization_h_mean_0.0_v_mean_0.5_20260313-052734,502,3.3714862618186925,20.326084593095437,0.03988791211516286,0.9612019633693272,0.01033973154197589,0.509950279599757,2.9866055586462017,7.0206186439830565e-09,10702.419636784232,817.1768635541584,0.013809677332126812,"[[0.008729391484277515, 0.006742779605661672, 0.00035860370095882764], [0.006742779605661672, 0.018626494045997186, -0.02789023025970542], [0.00035860370095882764, -0.02789023025970542, 0.06160123330014183]]",0.5845993291459523,-0.022825634153221922,-0.6780770011042958
2026-03-17 17:34:26,GPR_Optimization_h_mean_0.0_v_mean_0.5_20260313-052734,563,3.3714862618186925,20.326084593095437,0.03988791211516286,0.9612019633693272,0.01033973154197589,0.509950279599757,2.9866055586462017,7.0206186439830565e-09,10702.419636784232,817.1768635541584,0.013809677332126812,"[[0.008729391484277515, 0.006742779605661672, 0.00035860370095882764], [0.006742779605661672, 0.018626494045997186, -0.02789023025970542], [0.00035860370095882764, -0.02789023025970542, 0.06160123330014183]]",0.5845993291459523,-0.022825634153221922,-0.6780770011042958
2026-03-17 17:34:26,GPR_Optimization_h_mean_0.0_v_mean_0.5_20260313-052734,1366,3.3688745235940614,20.441625974731725,0.03516207616585463,0.9648499934830427,0.0125915273099688,0.5170900865069106,2.6252617674780354,2.36851618573926e-12,367.4919011044597,534.2847331915706,0.00396983228641487,"[[0.00856987928115565, 0.006538710222483684, 0.0004216247583818895], [0.006538710222483684, 0.019613166388485148, -0.030917530841394064], [0.0004216247583818895, -0.030917530841394064, 0.06961380883709464]]",0.5754252931082164,-0.02463571396173276,-0.6613132270616409
2026-03-17 17:34:26,GPR_Optimization_h_mean_0.0_v_mean_0.5_20260313-052734,886,3.364823917723596,20.348933129510137,0.038611000398565166,0.961382551789836,0.011676930617936785,0.5144853527301714,2.93332757842014,1.414446457079952e-06,53812.30954617646,156.66867366616572,0.04424353048742513,"[[0.00863993870516767, 0.006543188312370072, 0.0005326358572254297], [0.006543188312370072, 0.01852297404620619, -0.02825559978608254], [0.0005326358572254297, -0.02825559978608254, 0.06305870126825]]",0.5845037143495097,-0.022871779898555426,-0.6774572004993556
2026-03-17 17:34:29,GPR_Optimization_h_mean_0.0_v_mean_0.8_20260313-062510,1813,3.524721756254696,18.018201186321846,0.1564674794620899,0.8467309998805012,0.01737726439795281,0.5439537439171158,2.807593955405271,1.8939642572525083e-10,4283.643160883135,339.62538333313074,0.0012305562943022283,"[[0.009169467426352117, 0.007938196351353509, -0.0009482670037307825], [0.007938196351353509, 0.019645697190807852, -0.024482218375325736], [-0.0009482670037307825, -0.024482218375325736, 0.04453719931927788]]",0.7145575007364211,-0.029819194390931454,-0.9596373493319823
2026-03-17 17:34:29,GPR_Optimization_h_mean_0.0_v_mean_0.8_20260313-062510,243,3.5043117316864674,17.932713024260444,0.16400010372368012,0.8393722944720531,0.017768945323768083,0.5462996577118556,2.0384091283908754,1.97789236602325e-10,11433.768345043136,44.538593844987986,0.06835979917952316,"[[0.009093445432267422, 0.007969875037188046, -0.0010057623066144913], [0.007969875037188046, 0.01935257931668345, -0.023856899210209517], [-0.0010057623066144913, -0.023856899210209517, 0.04341900308882782]]",0.7075404170757458,-0.029463497851588347,-0.9460640899101129
2026-03-17 17:34:29,GPR_Optimization_h_mean_0.0_v_mean_0.8_20260313-062510,46,3.4819466024043226,17.701624323917578,0.1727580742821071,0.8302717058992358,0.016550591820974323,0.5429060974195793,2.807593955405271,5.387597502088906e-08,4283.643160883135,64.9700966758389,0.0012305562943022283,"[[0.009119059349908339, 0.00794229268253682, -0.0009982743422681357], [0.00794229268253682, 0.01923108301278115, -0.02386237450421097], [-0.0009982743422681357, -0.02386237450421097, 0.04381198475927913]]",0.7149695891147005,-0.02890027679212963,-0.9587827066588818
2026-03-17 17:34:29,GPR_Optimization_h_mean_0.0_v_mean_0.8_20260313-062510,1554,3.4819466024043226,17.701624323917578,0.1727580742821071,0.8302717058992358,0.016550591820974323,0.5429060974195793,2.807593955405271,5.387597502088906e-08,4283.643160883135,64.9700966758389,0.0012305562943022283,"[[0.009119059349908339, 0.00794229268253682, -0.0009982743422681357], [0.00794229268253682, 0.01923108301278115, -0.02386237450421097], [-0.0009982743422681357, -0.02386237450421097, 0.04381198475927913]]",0.7149695891147005,-0.02890027679212963,-0.9587827066588818
2026-03-17 17:34:29,GPR_Optimization_h_mean_0.0_v_mean_0.8_20260313-062510,1566,3.4819466024043226,17.701624323917578,0.1727580742821071,0.8302717058992358,0.016550591820974323,0.5429060974195793,2.807593955405271,5.387597502088906e-08,4283.643160883135,64.9700966758389,0.0012305562943022283,"[[0.009119059349908339, 0.00794229268253682, -0.0009982743422681357], [0.00794229268253682, 0.01923108301278115, -0.02386237450421097], [-0.0009982743422681357, -0.02386237450421097, 0.04381198475927913]]",0.7149695891147005,-0.02890027679212963,-0.9587827066588818
2026-03-17 17:34:29,GPR_Optimization_h_mean_0.0_v_mean_0.8_20260313-062510,736,3.4819466024043226,17.701624323917578,0.1727580742821071,0.8302717058992358,0.016550591820974323,0.5429060974195793,2.807593955405271,5.387597502088906e-08,4283.643160883135,64.9700966758389,0.0012305562943022283,"[[0.009119059349908339, 0.00794229268253682, -0.0009982743422681357], [0.00794229268253682, 0.01923108301278115, -0.02386237450421097], [-0.0009982743422681357, -0.02386237450421097, 0.04381198475927913]]",0.7149695891147005,-0.02890027679212963,-0.9587827066588818
2026-03-17 17:34:29,GPR_Optimization_h_mean_0.0_v_mean_0.8_20260313-062510,1996,3.4740280324525608,17.67299903999789,0.17598002625415046,0.8273754126394164,0.01817588132755621,0.540899848137757,2.0064571290878064,2.93002728734924e-11,3894.4486902450662,766.2921543614578,0.00981534793595594,"[[0.009257521144319946, 0.007978966431558024, -0.0008027539398160452], [0.007978966431558024, 0.018241878339050714, -0.021922688241057503], [-0.0008027539398160452, -0.021922688241057503, 0.04039359897632839]]",0.7132614194927742,-0.028330580950998167,-0.9545375021581411
2026-03-17 17:34:29,GPR_Optimization_h_mean_0.0_v_mean_0.8_20260313-062510,1518,3.4665200911642025,17.578522183240853,0.1848670123571447,0.822921129906888,0.015808260442210606,0.5366328715527694,2.807593955405271,1.6298095673103728e-10,568.92776363675,27.900299015984547,0.0012305562943022283,"[[0.009074489608839668, 0.007910095725115382, -0.0010090042729039416], [0.007910095725115382, 0.020873230425128883, -0.027323955680502558], [-0.0010090042729039416, -0.027323955680502558, 0.05109220652793356]]",0.7076872430099334,-0.02918602758836244,-0.945120594120494
2026-03-17 17:34:29,GPR_Optimization_h_mean_0.0_v_mean_0.8_20260313-062510,712,3.466134885902897,17.540437027201925,0.18656754942955966,0.8216679738217673,0.016309452497860047,0.5294383356563935,3.022385273241259,6.01338900306466e-09,52019.101737787416,565.5877639393157,0.020058854196916328,"[[0.009006207832250406, 0.007924640846643719, -0.0011357334085881452], [0.007924640846643719, 0.020760508701196452, -0.02697461662672461], [-0.0011357334085881452, -0.02697461662672461, 0.049936808001947545]]",0.7109173343330056,-0.028565134361951478,-0.9504980609941444
2026-03-17 17:34:29,GPR_Optimization_h_mean_0.0_v_mean_0.8_20260313-062510,492,3.463148604911634,17.56003058284549,0.18361155221606826,0.8230142416700409,0.015839474857145944,0.5429334985863125,2.5648881476342953,2.9808824728957177e-13,517.6625027908261,14.762842979321551,0.003091617117253711,"[[0.009121462811762382, 0.007998599340151022, -0.0010485858614500464], [0.007998599340151022, 0.021590639610649318, -0.02836878338276799], [-0.0010485858614500464, -0.02836878338276799, 0.052668396461816314]]",0.701656275683382,-0.030586895189059084,-0.9360275876523247
2026-03-17 17:34:31,GPR_Optimization_h_mean_0.0_v_mean_1.1_20260313-072306,1714,3.2954295793888715,13.912146813857698,0.39414808970432874,0.6370726067429414,0.02364767122540082,0.5149841533050723,2.5589230502426443,1.889529900200426e-13,11107.721392545485,246.10328265282246,0.010447458582808202,"[[0.009437886850268567, 0.008258782814884812, -0.000568937271655002], [0.008258782814884812, 0.021507147189421084, -0.027009423445020015], [-0.000568937271655002, -0.027009423445020015, 0.0497269763093647]]",0.8341940458215993,-0.029495401595746408,-1.2027515375337494
2026-03-17 17:34:31,GPR_Optimization_h_mean_0.0_v_mean_1.1_20260313-072306,508,3.286773625603,13.925112776498475,0.3956365697015489,0.6351641257626736,0.02527903904189952,0.5154082789141347,2.420858109142991,3.4950574244645777e-15,1686.0384719022315,462.2931545912256,0.0026237012220533466,"[[0.009470666096244976, 0.008382584704350346, -0.0007624552939232486], [0.008382584704350346, 0.02126164374519937, -0.026363389738661064], [-0.0007624552939232486, -0.026363389738661064, 0.048201795383732815]]",0.8344765292689017,-0.029579499818028345,-1.2035080489043775
2026-03-17 17:34:31,GPR_Optimization_h_mean_0.0_v_mean_1.1_20260313-072306,15,3.286773625603,13.925112776498475,0.3956365697015489,0.6351641257626736,0.02527903904189952,0.5154082789141347,2.420858109142991,3.4950574244645777e-15,1686.0384719022315,462.2931545912256,0.0026237012220533466,"[[0.009470666096244976, 0.008382584704350346, -0.0007624552939232486], [0.008382584704350346, 0.02126164374519937, -0.026363389738661064], [-0.0007624552939232486, -0.026363389738661064, 0.048201795383732815]]",0.8344765292689017,-0.029579499818028345,-1.2035080489043775
2026-03-17 17:34:31,GPR_Optimization_h_mean_0.0_v_mean_1.1_20260313-072306,206,3.2852111867312472,13.79789062959304,0.39728350873444096,0.6322798930695203,0.024996527337306933,0.5052486778139857,2.674592338089952,1.7620253501741918e-06,85251.40508905903,113.28407438245675,0.010251522170780788,"[[0.009404793574456422, 0.008624808504211913, -0.0013172886223854665], [0.008624808504211913, 0.022113512340569682, -0.0275460092506053], [-0.0013172886223854665, -0.0275460092506053, 0.04946495894532709]]",0.8378863948126628,-0.028004943914044643,-1.2077338524971812
2026-03-17 17:34:31,GPR_Optimization_h_mean_0.0_v_mean_1.1_20260313-072306,1261,3.266200765114217,13.62412713790299,0.40191156981647325,0.6275420112769496,0.024389946380721502,0.5063785925598704,2.7313453116079756,3.339532665672673e-15,18781.91863285949,762.915496886524,0.004865354066892757,"[[0.009451923441699579, 0.008560216933470166, -0.0011040105561874786], [0.008560216933470166, 0.0225735891937764, -0.028490869659680715], [-0.0011040105561874786, -0.028490869659680715, 0.05159001992867408]]",0.8335609535347099,-0.02870636560427705,-1.2004617520636398
2026-03-17 17:34:31,GPR_Optimization_h_mean_0.0_v_mean_1.1_20260313-072306,186,3.263388649310148,13.563746644274799,0.4085698580181533,0.623572645289692,0.02203599273955283,0.4986793945325593,3.180269085540666,4.848108941639694e-10,1518.9887872684278,889.1223377919317,0.0010274618787320434,"[[0.009284208712089395, 0.008547724710882504, -0.0013599262238386124], [0.008547724710882504, 0.02361584303912851, -0.030461348789313614], [-0.0013599262238386124, -0.030461348789313614, 0.05484693163805454]]",0.831662840798624,-0.028833576199374714,-1.1972113138368357
2026-03-17 17:34:31,GPR_Optimization_h_mean_0.0_v_mean_1.1_20260313-072306,680,3.242462655930666,13.685693187523306,0.4135274314380381,0.6197927405623667,0.023003890363288426,0.5090417958510199,2.535708004035994,3.5987878975350966e-08,6568.560051756233,98.46593966371634,0.039999886767363164,"[[0.009127904722659324, 0.00822932610469989, -0.0008825132517584894], [0.00822932610469989, 0.023377381169810134, -0.030506583472124604], [-0.0008825132517584894, -0.030506583472124604, 0.05585414227969128]]",0.8217325417446791,-0.03034796401985564,-1.181064372833225
2026-03-17 17:34:31,GPR_Optimization_h_mean_0.0_v_mean_1.1_20260313-072306,1158,3.2365466314226947,13.56485256549194,0.41334567801840966,0.6197798775127205,0.02523309912923912,0.5088962241365429,2.7313453116079756,1.6340613135795684e-09,18781.91863285949,762.915496886524,0.004865354066892757,"[[0.009432034947985639, 0.008340065124173209, -0.0007157074799446512], [0.008340065124173209, 0.02181401452234838, -0.027462762247197958], [-0.0007157074799446512, -0.027462762247197958, 0.05037565495616884]]",0.8353511707986148,-0.028530889711779587,-1.203319935970171
2026-03-17 17:34:31,GPR_Optimization_h_mean_0.0_v_mean_1.1_20260313-072306,1277,3.2318122305543384,13.404215386497528,0.41845553759634524,0.6154928806170555,0.023892223887765136,0.49832355966391045,2.7313453116079756,1.889529900200426e-13,18781.91863285949,762.915496886524,0.010447458582808202,"[[0.009480231364565531, 0.008481343134676723, -0.0009071876209591245], [0.008481343134676723, 0.023313874272009007, -0.03005879503518604], [-0.0009071876209591245, -0.03005879503518604, 0.05494596151171253]]",0.8308946805326697,-0.028340782465814167,-1.1944073813994267
2026-03-17 17:34:31,GPR_Optimization_h_mean_0.0_v_mean_1.1_20260313-072306,1430,3.217682537279976,13.449691309622805,0.41589764820577196,0.6153030241194447,0.027217340553812787,0.5080196049626731,2.420858109142991,4.8764136967890524e-09,8755.183769605139,462.2931545912256,0.0026237012220533466,"[[0.009442277939757826, 0.00814915108726887, -0.0002981246244177045], [0.00814915108726887, 0.021023549478603545, -0.026293695272535795], [-0.0002981246244177045, -0.026293695272535795, 0.04892541328888181]]",0.8332890201563329,-0.027583444445628696,-1.197902379857593
2026-03-17 17:34:34,GPR_Optimization_h_mean_0.0_v_mean_1.4_20260313-082112,1696,3.3006787654602214,8.048456882180592,0.6859798954990319,0.3735915043390511,0.032183260562218464,0.42013898098294566,2.9969627011077224,1.039879445439384e-11,18278.996409659932,49.84308113456558,0.011617062982174861,"[[0.009335420183688638, 0.007645015526621993, 0.0011580988046054257], [0.007645015526621993, 0.02406632033311646, -0.032714729200708746], [0.0011580988046054257, -0.032714729200708746, 0.06428527145687334]]",0.9516371646685433,-0.0196984652706578,-1.4253095550145403
2026-03-17 17:34:34,GPR_Optimization_h_mean_0.0_v_mean_1.4_20260313-082112,170,3.278749850625918,7.858547388017227,0.6911807292352244,0.3626883524600642,0.02449529808275451,0.39191786231407133,3.6640243331403317,2.729887363381758e-09,13610.802852429286,516.5729807207601,0.03878760231228706,"[[0.009215850588836713, 0.008208886898292267, 4.9118181872908e-05], [0.008208886898292267, 0.02982966090832863, -0.04270302495062824], [4.9118181872908e-05, -0.04270302495062824, 0.08163036001108064]]",0.9244878377423065,-0.02305384190660759,-1.3791252054872196
2026-03-17 17:34:34,GPR_Optimization_h_mean_0.0_v_mean_1.4_20260313-082112,980,3.272925989465602,7.9523709548083,0.6923529565603996,0.3638570079610694,0.026473928199208945,0.40280356722546223,3.1892425078264126,3.371776344836934e-14,18278.996409659932,212.70881766394157,0.13293152780714274,"[[0.008989791909736746, 0.0076567591195830665, 0.0006566198880221102], [0.0076567591195830665, 0.02637327376829621, -0.03707453755661759], [0.0006566198880221102, -0.03707453755661759, 0.07184901197907564]]",0.9295005621121755,-0.023175016604811728,-1.3892352648691044
2026-03-17 17:34:34,GPR_Optimization_h_mean_0.0_v_mean_1.4_20260313-082112,640,3.272925989465602,7.9523709548083,0.6923529565603996,0.3638570079610694,0.026473928199208945,0.40280356722546223,3.1892425078264126,3.371776344836934e-14,18278.996409659932,212.70881766394157,0.13293152780714274,"[[0.008989791909736746, 0.0076567591195830665, 0.0006566198880221102], [0.0076567591195830665, 0.02637327376829621, -0.03707453755661759], [0.0006566198880221102, -0.03707453755661759, 0.07184901197907564]]",0.9295005621121755,-0.023175016604811728,-1.3892352648691044
2026-03-17 17:34:34,GPR_Optimization_h_mean_0.0_v_mean_1.4_20260313-082112,796,3.272925989465602,7.9523709548083,0.6923529565603996,0.3638570079610694,0.026473928199208945,0.40280356722546223,3.1892425078264126,3.371776344836934e-14,18278.996409659932,212.70881766394157,0.13293152780714274,"[[0.008989791909736746, 0.0076567591195830665, 0.0006566198880221102], [0.0076567591195830665, 0.02637327376829621, -0.03707453755661759], [0.0006566198880221102, -0.03707453755661759, 0.07184901197907564]]",0.9295005621121755,-0.023175016604811728,-1.3892352648691044
2026-03-17 17:34:34,GPR_Optimization_h_mean_0.0_v_mean_1.4_20260313-082112,1140,3.272925989465602,7.9523709548083,0.6923529565603996,0.3638570079610694,0.026473928199208945,0.40280356722546223,3.1892425078264126,3.371776344836934e-14,18278.996409659932,212.70881766394157,0.13293152780714274,"[[0.008989791909736746, 0.0076567591195830665, 0.0006566198880221102], [0.0076567591195830665, 0.02637327376829621, -0.03707453755661759], [0.0006566198880221102, -0.03707453755661759, 0.07184901197907564]]",0.9295005621121755,-0.023175016604811728,-1.3892352648691044
2026-03-17 17:34:34,GPR_Optimization_h_mean_0.0_v_mean_1.4_20260313-082112,1019,3.272925989465602,7.9523709548083,0.6923529565603996,0.3638570079610694,0.026473928199208945,0.40280356722546223,3.1892425078264126,3.371776344836934e-14,18278.996409659932,212.70881766394157,0.13293152780714274,"[[0.008989791909736746, 0.0076567591195830665, 0.0006566198880221102], [0.0076567591195830665, 0.02637327376829621, -0.03707453755661759], [0.0006566198880221102, -0.03707453755661759, 0.07184901197907564]]",0.9295005621121755,-0.023175016604811728,-1.3892352648691044
2026-03-17 17:34:34,GPR_Optimization_h_mean_0.0_v_mean_1.4_20260313-082112,77,3.2661631820533885,7.869103044117877,0.6930858930230732,0.3641231544988548,0.03010063138179489,0.40275360232433355,3.4789313155374155,5.012424178696174e-10,24319.147033096124,226.90052604773203,0.005053564229320013,"[[0.00898780181269182, 0.0073278061175264635, 0.0011725305716937795], [0.0073278061175264635, 0.025798268210877686, -0.036676907142676324], [0.0011725305716937795, -0.036676907142676324, 0.07223516532204488]]",0.9383997103416367,-0.022217995310151048,-1.4040431168317395
2026-03-17 17:34:34,GPR_Optimization_h_mean_0.0_v_mean_1.4_20260313-082112,1737,3.264864825693256,7.862629371267817,0.6926880451177126,0.3601115991842872,0.023235578631663423,0.39348153977309985,3.4897529086937134,3.6349151490657205e-10,13132.056964942027,851.7741712281605,0.06947633397987123,"[[0.009093237329563207, 0.0078518394408252, 0.0004999101962938306], [0.0078518394408252, 0.02869100327148871, -0.041143921613121075], [0.0004999101962938306, -0.041143921613121075, 0.07938577566751204]]",0.9234142324974663,-0.022843370261702176,-1.3763989094387181
2026-03-17 17:34:34,GPR_Optimization_h_mean_0.0_v_mean_1.4_20260313-082112,225,3.253793739486616,7.862883728062588,0.6972724782489598,0.35947427829378753,0.02475399656040562,0.3981059963737396,3.2097313308996487,4.082430929419892e-11,31603.09590998991,303.9057532472127,0.24682822332467114,"[[0.00908118571648271, 0.007568036421914563, 0.0010516979180645704], [0.007568036421914563, 0.02666106574075422, -0.037742840763754816], [0.0010516979180645704, -0.037742840763754816, 0.07385905931883636]]",0.9273533862518099,-0.022277213451890498,-1.3831580370365042
2026-03-17 17:34:37,GPR_Optimization_h_mean_0.05_v_mean_0.2_20260313-091926,1489,3.4761490130390382,21.129012482764168,0.0,0.9999969270049212,0.005594811416774677,0.2880018069209829,2.282023675406113,6.131706488062155e-13,35985.352305109576,190.91432516617414,0.03049103385260663,"[[0.00779880474423184, 0.006858048675212442, -0.00046965288844880263], [0.006858048675212442, 0.015388530477129953, -0.022428033997841792], [-0.00046965288844880263, -0.022428033997841792, 0.055445867497943294]]",0.49023509219841926,0.031278845488342054,-0.385934396165801
2026-03-17 17:34:37,GPR_Optimization_h_mean_0.05_v_mean_0.2_20260313-091926,975,3.4674788761747464,21.083978829640618,0.001824644549763033,0.998099927319736,0.005631778081724139,0.29045023696682465,2.1136902553154457,1.2421944810480184e-06,35985.352305109576,38.15722011393531,0.00521635771341151,"[[0.0077316488870397505, 0.0068070443452754245, -0.00041729403202674553], [0.0068070443452754245, 0.01505307160657837, -0.021693715863434024], [-0.00041729403202674553, -0.021693715863434024, 0.05384647096431205]]",0.49132875265645803,0.030937002517794233,-0.3896946206371447
2026-03-17 17:34:37,GPR_Optimization_h_mean_0.05_v_mean_0.2_20260313-091926,688,3.4670826633222847,21.043674188472192,0.0036696810475271356,0.9962019387000605,0.00608946820998182,0.2871048837735759,2.1136902553154457,9.52621374714132e-06,35985.352305109576,190.91432516617414,0.03049103385260663,"[[0.007748332222166954, 0.006928795571930552, -0.0006838906160318347], [0.006928795571930552, 0.015556095897935794, -0.022918110129991204], [-0.0006838906160318347, -0.022918110129991204, 0.05702727134662627]]",0.49085583963759766,0.0316991929213675,-0.38524720211892227
2026-03-17 17:34:37,GPR_Optimization_h_mean_0.05_v_mean_0.2_20260313-091926,572,3.4656177818741067,20.99340324824153,0.006594915876342367,0.9935159682216815,0.006908276522351833,0.2827052179163855,2.2187391867121633,1.1021466550860511e-14,40133.882216118385,790.4328399546598,0.30316564492754233,"[[0.0076148739675498634, 0.00696277573212731, -0.0009758573766225186], [0.00696277573212731, 0.015846850198872067, -0.023356644517893228], [-0.0009758573766225186, -0.023356644517893228, 0.05704587804974671]]",0.48746873606220253,0.031363632095901706,-0.37963128887829617
2026-03-17 17:34:37,GPR_Optimization_h_mean_0.05_v_mean_0.2_20260313-091926,1678,3.465472814078826,20.950396937390536,0.008636760506878732,0.9916436244952711,0.005677284575101077,0.28205158458597823,2.6636598376964398,1.4251607970213818e-10,580.8964624381925,37.647428264857375,0.002127349419271828,"[[0.0076764549044056034, 0.006920926777131661, -0.0007979070193513046], [0.006920926777131661, 0.015642297290568596, -0.02284008343456081], [-0.0007979070193513046, -0.02284008343456081, 0.055773264006887736]]",0.4889759028184129,0.03162821549812073,-0.38271369008899897
2026-03-17 17:34:37,GPR_Optimization_h_mean_0.05_v_mean_0.2_20260313-091926,1241,3.465183494589952,21.043715070280555,0.0035322617215002568,0.9963721916730106,0.0056864313013526785,0.2891800618145801,2.282023675406113,5.031919478719176e-13,35985.352305109576,732.1583956557994,0.004441044813112122,"[[0.007835109839381097, 0.006964972550953281, -0.0005766824411908658], [0.006964972550953281, 0.015358506560476605, -0.022245015363528662], [-0.0005766824411908658, -0.022245015363528662, 0.055289800349050636]]",0.49037189655443214,0.031098792309769974,-0.386401578451808
2026-03-17 17:34:37,GPR_Optimization_h_mean_0.05_v_mean_0.2_20260313-091926,1178,3.4650768397724496,21.00075761511457,0.00563163198766969,0.9943504824884517,0.007019013627067076,0.28400023712134687,2.1136902553154457,5.465220619289248e-15,2852.469276024733,43.8176087128819,0.03049103385260663,"[[0.007619957345324853, 0.006965438767095182, -0.0009695583029351647], [0.006965438767095182, 0.01578271755686981, -0.023330898840144346], [-0.0009695583029351647, -0.023330898840144346, 0.05730429351139841]]",0.48663611453581657,0.031159017389399433,-0.37782839479256936
2026-03-17 17:34:37,GPR_Optimization_h_mean_0.05_v_mean_0.2_20260313-091926,1532,3.4650768397724496,21.00075761511457,0.00563163198766969,0.9943504824884517,0.007019013627067076,0.28400023712134687,2.1136902553154457,5.465220619289248e-15,2852.469276024733,43.8176087128819,0.03049103385260663,"[[0.007619957345324853, 0.006965438767095182, -0.0009695583029351647], [0.006965438767095182, 0.01578271755686981, -0.023330898840144346], [-0.0009695583029351647, -0.023330898840144346, 0.05730429351139841]]",0.48663611453581657,0.031159017389399433,-0.37782839479256936
2026-03-17 17:34:37,GPR_Optimization_h_mean_0.05_v_mean_0.2_20260313-091926,942,3.4650768397724496,21.00075761511457,0.00563163198766969,0.9943504824884517,0.007019013627067076,0.28400023712134687,2.1136902553154457,5.465220619289248e-15,2852.469276024733,43.8176087128819,0.03049103385260663,"[[0.007619957345324853, 0.006965438767095182, -0.0009695583029351647], [0.006965438767095182, 0.01578271755686981, -0.023330898840144346], [-0.0009695583029351647, -0.023330898840144346, 0.05730429351139841]]",0.48663611453581657,0.031159017389399433,-0.37782839479256936
2026-03-17 17:34:37,GPR_Optimization_h_mean_0.05_v_mean_0.2_20260313-091926,104,3.464930756632541,21.042019572560548,0.004387889425186486,0.9956163045737138,0.006088809116947458,0.28766765888310425,2.101335132302836,1.7886288709893826e-07,32883.179516393655,714.9086119625302,0.014569235293254537,"[[0.007768988092472377, 0.006925489274746509, -0.0005731160758324918], [0.006925489274746509, 0.015436329588679439, -0.022309374035848265], [-0.0005731160758324918, -0.022309374035848265, 0.054914988896493454]]",0.4900857437148931,0.030942269648745982,-0.38687715188153393
2026-03-17 17:34:41,GPR_Optimization_h_mean_0.05_v_mean_0.5_20260313-102049,669,3.6549815866503903,20.642502956222696,0.02288469540103287,0.9767509036723231,0.01138467592025409,0.31717943069731014,2.428870380768966,1.7479333256365814e-14,75896.76764525792,131.209160857671,0.010257719282881576,"[[0.008203442643554677, 0.007908793340071225, -0.0019775409300156186], [0.007908793340071225, 0.021902235451249388, -0.03193034877943316], [-0.0019775409300156186, -0.03193034877943316, 0.06560808276171776]]",0.6228136258101425,0.023900391540374814,-0.6761606564944258
2026-03-17 17:34:41,GPR_Optimization_h_mean_0.05_v_mean_0.5_20260313-102049,1359,3.654136486253905,20.61048212392278,0.02535619121780287,0.9752912768849251,0.011412342637291538,0.31220722967793746,2.732156083683439,3.730262014270169e-14,5179.652447821469,18.75538136405907,0.04049886324756212,"[[0.007971455960064147, 0.007871635723150937, -0.002382611295300146], [0.007871635723150937, 0.023779128205942465, -0.036287219511728835], [-0.002382611295300146, -0.036287219511728835, 0.07509092754727219]]",0.6156044128224177,0.02378861322752516,-0.6609850933975305
2026-03-17 17:34:41,GPR_Optimization_h_mean_0.05_v_mean_0.5_20260313-102049,770,3.652650988290078,20.59373287191152,0.026293593457772563,0.9740992366227507,0.00993304068950203,0.3127482978229247,2.732156083683439,3.420139867589575e-08,75896.76764525792,825.8244054506525,0.17368403342895086,"[[0.008099344569442004, 0.008042244605979573, -0.0025085810592774347], [0.008042244605979573, 0.023769089439444602, -0.03602110446901701], [-0.0025085810592774347, -0.03602110446901701, 0.07437032482833772]]",0.6175485072074931,0.02433221573657476,-0.663627235868602
2026-03-17 17:34:41,GPR_Optimization_h_mean_0.05_v_mean_0.5_20260313-102049,382,3.652650988290078,20.59373287191152,0.026293593457772563,0.9740992366227507,0.00993304068950203,0.3127482978229247,2.732156083683439,3.420139867589575e-08,75896.76764525792,825.8244054506525,0.17368403342895086,"[[0.008099344569442004, 0.008042244605979573, -0.0025085810592774347], [0.008042244605979573, 0.023769089439444602, -0.03602110446901701], [-0.0025085810592774347, -0.03602110446901701, 0.07437032482833772]]",0.6175485072074931,0.02433221573657476,-0.663627235868602
2026-03-17 17:34:41,GPR_Optimization_h_mean_0.05_v_mean_0.5_20260313-102049,1983,3.652650988290078,20.59373287191152,0.026293593457772563,0.9740992366227507,0.00993304068950203,0.3127482978229247,2.732156083683439,3.420139867589575e-08,75896.76764525792,825.8244054506525,0.17368403342895086,"[[0.008099344569442004, 0.008042244605979573, -0.0025085810592774347], [0.008042244605979573, 0.023769089439444602, -0.03602110446901701], [-0.0025085810592774347, -0.03602110446901701, 0.07437032482833772]]",0.6175485072074931,0.02433221573657476,-0.663627235868602
2026-03-17 17:34:41,GPR_Optimization_h_mean_0.05_v_mean_0.5_20260313-102049,1506,3.644912109633105,20.54894957227052,0.028126833561509877,0.9723595077322342,0.011851423034185694,0.3157637394875807,2.4101457493202396,5.623402778066256e-11,86591.49274233308,14.731694146805376,0.04049886324756212,"[[0.00817276369497995, 0.007687393551789397, -0.0015621557894025463], [0.007687393551789397, 0.021475988865038657, -0.031394916174800336], [-0.0015621557894025463, -0.031394916174800336, 0.06516442374510897]]",0.6234806889997072,0.02488259838011491,-0.6758465399865557
2026-03-17 17:34:41,GPR_Optimization_h_mean_0.05_v_mean_0.5_20260313-102049,141,3.6438620105542507,20.52273339371932,0.028931125099309417,0.9712144789880736,0.011372028365466396,0.3135121921408055,2.5415619572486983,1.1539725794574773e-10,69722.76988130365,315.44334565166935,0.006275453950806208,"[[0.008138005995729435, 0.007709866745038135, -0.0016949515681676142], [0.007709866745038135, 0.021559225973748933, -0.03172600744668949], [-0.0016949515681676142, -0.03172600744668949, 0.06623384673329655]]",0.6239722527568797,0.02514570686708586,-0.6759975591921298
2026-03-17 17:34:41,GPR_Optimization_h_mean_0.05_v_mean_0.5_20260313-102049,461,3.6414387735900346,20.493100475191817,0.0318184040680618,0.9700091583137461,0.011065187931178281,0.3131967533737532,2.5013357388406465,4.447286923476187e-13,4343.995466739543,50.97988325152242,0.01077761015503091,"[[0.00816941280887187, 0.00797921703643629, -0.002234243385732101], [0.00797921703643629, 0.02330195821466308, -0.03498548147741979], [-0.002234243385732101, -0.03498548147741979, 0.07221172085748455]]",0.6179259073237954,0.024546528830177168,-0.6643884338163097
2026-03-17 17:34:41,GPR_Optimization_h_mean_0.05_v_mean_0.5_20260313-102049,169,3.640282981368986,20.48232782625934,0.03136963253761186,0.9693491207927241,0.010862657343388841,0.3129160469142425,2.5643587245519073,2.3217025128536922e-09,35153.97858383353,378.83067402579553,0.00933151898493751,"[[0.00814142820322949, 0.007724016263108441, -0.001751384134373308], [0.007724016263108441, 0.022142129797037925, -0.03281804675762791], [-0.001751384134373308, -0.03281804675762791, 0.06794861315020477]]",0.6217693288850815,0.024790509044070298,-0.6723588557288845
2026-03-17 17:34:41,GPR_Optimization_h_mean_0.05_v_mean_0.5_20260313-102049,365,3.637761331306091,20.4822345907513,0.030337078651685393,0.969798305473398,0.011467004067723809,0.31825842696629214,2.5013357388406465,2.0401218712848502e-13,30374.393852594585,13.147400905700453,0.01077761015503091,"[[0.008191708983895969, 0.007640423152392525, -0.0014887900217291123], [0.007640423152392525, 0.021290474137439407, -0.03137218472142827], [-0.0014887900217291123, -0.03137218472142827, 0.0658890114497939]]",0.623681585916333,0.024916358234067244,-0.6755550987119168
2026-03-17 17:34:43,GPR_Optimization_h_mean_0.05_v_mean_0.8_20260313-112838,1981,3.6345595131339206,17.882889164966063,0.16888211769186823,0.8356052624234411,0.01864276314053616,0.3295626229924459,2.5696011822702722,8.042676009040317e-10,65986.93058753446,446.0043319089844,0.003429524098031048,"[[0.00848308158463864, 0.008544945801755044, -0.00215661440293947], [0.008544945801755044, 0.020134286382852553, -0.024266808205747063], [-0.00215661440293947, -0.024266808205747063, 0.043504511197436126]]",0.7623168567146148,0.023380630757869225,-0.9639328485961193
2026-03-17 17:34:43,GPR_Optimization_h_mean_0.05_v_mean_0.8_20260313-112838,1853,3.6158087833854604,17.67890028429493,0.17913347831122206,0.8295984426225235,0.01670479440180843,0.33515628015904675,2.9157160207528636,6.90417327770646e-09,21632.65736152693,52.250161578742144,0.0019122942741097296,"[[0.0086850981339064, 0.008863603624065524, -0.0024369188516650576], [0.008863603624065524, 0.02230177072127364, -0.027735931736095128], [-0.0024369188516650576, -0.027735931736095128, 0.049292086048427775]]",0.7539680789193335,0.020624393104432898,-0.9523092744404648
2026-03-17 17:34:43,GPR_Optimization_h_mean_0.05_v_mean_0.8_20260313-112838,202,3.6158087833854604,17.67890028429493,0.17913347831122206,0.8295984426225235,0.01670479440180843,0.33515628015904675,2.9157160207528636,6.90417327770646e-09,21632.65736152693,52.250161578742144,0.0019122942741097296,"[[0.0086850981339064, 0.008863603624065524, -0.0024369188516650576], [0.008863603624065524, 0.02230177072127364, -0.027735931736095128], [-0.0024369188516650576, -0.027735931736095128, 0.049292086048427775]]",0.7539680789193335,0.020624393104432898,-0.9523092744404648
2026-03-17 17:34:43,GPR_Optimization_h_mean_0.05_v_mean_0.8_20260313-112838,1169,3.6158087833854604,17.67890028429493,0.17913347831122206,0.8295984426225235,0.01670479440180843,0.33515628015904675,2.9157160207528636,6.90417327770646e-09,21632.65736152693,52.250161578742144,0.0019122942741097296,"[[0.0086850981339064, 0.008863603624065524, -0.0024369188516650576], [0.008863603624065524, 0.02230177072127364, -0.027735931736095128], [-0.0024369188516650576, -0.027735931736095128, 0.049292086048427775]]",0.7539680789193335,0.020624393104432898,-0.9523092744404648
2026-03-17 17:34:43,GPR_Optimization_h_mean_0.05_v_mean_0.8_20260313-112838,1646,3.6158087833854604,17.67890028429493,0.17913347831122206,0.8295984426225235,0.01670479440180843,0.33515628015904675,2.9157160207528636,6.90417327770646e-09,21632.65736152693,52.250161578742144,0.0019122942741097296,"[[0.0086850981339064, 0.008863603624065524, -0.0024369188516650576], [0.008863603624065524, 0.02230177072127364, -0.027735931736095128], [-0.0024369188516650576, -0.027735931736095128, 0.049292086048427775]]",0.7539680789193335,0.020624393104432898,-0.9523092744404648
2026-03-17 17:34:43,GPR_Optimization_h_mean_0.05_v_mean_0.8_20260313-112838,1537,3.5935914384516714,17.511960743236465,0.1862294241977839,0.8212500030147726,0.01725243114653415,0.3330045474924742,2.9157160207528636,3.37542573193002e-09,21632.65736152693,52.250161578742144,0.0019122942741097296,"[[0.00859564410636, 0.0088086004520714, -0.002520698858374348], [0.0088086004520714, 0.022080531030183866, -0.027602546864104512], [-0.002520698858374348, -0.027602546864104512, 0.049281878279895865]]",0.7554081079826178,0.021060075508555192,-0.9543021977086072
2026-03-17 17:34:43,GPR_Optimization_h_mean_0.05_v_mean_0.8_20260313-112838,1454,3.590981212907585,17.488422732381824,0.18968907854654823,0.8199774893001325,0.014956088750374399,0.3358568655929872,2.9122891324007956,9.360913575664907e-12,3305.764983165163,650.1490281034818,0.010665311863804107,"[[0.008580144892075545, 0.009303828960241003, -0.0034356871502568835], [0.009303828960241003, 0.025289359749768446, -0.03299393529182924], [-0.0034356871502568835, -0.03299393529182924, 0.058404707180205045]]",0.7439162913689749,0.01952974588957977,-0.9349070178102324
2026-03-17 17:34:43,GPR_Optimization_h_mean_0.05_v_mean_0.8_20260313-112838,517,3.5907070668858534,17.427111482459324,0.19178731582319025,0.8201044513583781,0.016256246358378246,0.3324663677130045,3.3479374805661273,6.90417327770646e-09,15055.30694802602,52.250161578742144,0.0019122942741097296,"[[0.008516618087536749, 0.008887255491412109, -0.002786422399723966], [0.008887255491412109, 0.023808869216053408, -0.030879459388975627], [-0.002786422399723966, -0.030879459388975627, 0.055461462760703316]]",0.7525202022033862,0.020230220819827185,-0.9501285092618714
2026-03-17 17:34:43,GPR_Optimization_h_mean_0.05_v_mean_0.8_20260313-112838,706,3.589871791035624,17.47890127920907,0.18998678419749285,0.8200597916409805,0.017490051394218654,0.3331537010662458,2.9157160207528636,6.90417327770646e-09,21632.65736152693,34.54172621558394,0.0019122942741097296,"[[0.008698620936130991, 0.00891110422103889, -0.002497255717854581], [0.00891110422103889, 0.022557169986931636, -0.028280743135754842], [-0.002497255717854581, -0.028280743135754842, 0.050584248714614526]]",0.7544644421788206,0.021705947746027278,-0.9512570863079296
2026-03-17 17:34:43,GPR_Optimization_h_mean_0.05_v_mean_0.8_20260313-112838,1822,3.589208586364099,17.482557340639236,0.18502468881802284,0.8200521301688942,0.019277574585720672,0.3310487604155951,2.628929173358325,5.981686963527098e-13,81011.1873596382,51.48323782911868,0.010665311863804107,"[[0.008642873234855972, 0.008725022047570542, -0.0022388346232099076], [0.008725022047570542, 0.021081725676110656, -0.0257350761105755], [-0.0022388346232099076, -0.0257350761105755, 0.04600655209968189]]",0.7572038917019979,0.022322467205402634,-0.9556268908309083
2026-03-17 17:34:46,GPR_Optimization_h_mean_0.05_v_mean_1.1_20260313-123557,1482,3.632416709184487,13.104398169720268,0.42856018985931005,0.6076081303772893,0.02256930232743767,0.3086524971481768,3.2709303820003406,9.957723192241815e-13,91537.76625671682,58.34849795871737,0.013393296023047403,"[[0.008640686704508915, 0.009151516440491801, -0.0027008559956532563], [0.009151516440491801, 0.024058723819239302, -0.03023757525174311], [-0.0027008559956532563, -0.03023757525174311, 0.05336356873413714]]",0.8768429829020163,0.02148971174352846,-1.1992031426313396
2026-03-17 17:34:46,GPR_Optimization_h_mean_0.05_v_mean_1.1_20260313-123557,1455,3.62571035351036,13.228166728798428,0.42723097894416434,0.6066242917992893,0.025874426534436258,0.31440822646603406,2.316305394944607,1.2467081098946756e-10,4390.8127115895495,44.122938795518195,0.005294616164428656,"[[0.008787454077699467, 0.008798601099117431, -0.0017341582759843018], [0.008798601099117431, 0.021419275763293485, -0.025730906388579774], [-0.0017341582759843018, -0.025730906388579774, 0.0463561233088015]]",0.8807137189169694,0.022735768368064777,-1.204397207070826
2026-03-17 17:34:46,GPR_Optimization_h_mean_0.05_v_mean_1.1_20260313-123557,1384,3.6238018742122646,13.30425335989384,0.4264548587727291,0.6049479149209734,0.02574651903944416,0.31093768569504415,2.162593811523246,1.6265295930718176e-08,1204.6800447102626,645.7970682225098,0.005150907056179423,"[[0.008759616424688596, 0.008909141663661914, -0.0019663571336007465], [0.008909141663661914, 0.021468813095559414, -0.02565158669635578], [-0.0019663571336007465, -0.02565158669635578, 0.04584951612667224]]",0.8759196293697814,0.022735313426521048,-1.1950896820633785
2026-03-17 17:34:46,GPR_Optimization_h_mean_0.05_v_mean_1.1_20260313-123557,265,3.6149111678976658,13.088053493813193,0.4358596714698936,0.6015722094874656,0.020361786476756884,0.30765862590558074,2.565680580044108,5.065155013896816e-12,4733.874216527441,24.88230157127505,0.01686886625829302,"[[0.008730366550645682, 0.00941899839071759, -0.0029535060696060924], [0.00941899839071759, 0.025007944509067175, -0.031525975166872], [-0.0029535060696060924, -0.031525975166872, 0.05543911858463188]]",0.8677290681959537,0.021069574733579812,-1.1824340864235887
2026-03-17 17:34:46,GPR_Optimization_h_mean_0.05_v_mean_1.1_20260313-123557,14,3.6057664262532985,13.026096282344934,0.4405872216156487,0.5981607490264584,0.019760941440885495,0.30200344650679434,2.689926486250165,5.2667307129678814e-12,1483.3245221329962,337.0667019314139,0.003768743799777564,"[[0.008745474236302455, 0.009396727822675035, -0.002915202746020762], [0.009396727822675035, 0.025208966210039627, -0.03194591017536986], [-0.002915202746020762, -0.03194591017536986, 0.0562513307144915]]",0.8672658106061848,0.02114671080819477,-1.1813308727745886
2026-03-17 17:34:46,GPR_Optimization_h_mean_0.05_v_mean_1.1_20260313-123557,932,3.6042860494634565,13.066871172133277,0.43541233269223223,0.6009245705519297,0.027043571570284,0.3101751906948751,2.30867357762573,1.6265295930718176e-08,9290.885043793116,15.987433131200305,0.005150907056179423,"[[0.008516390395001022, 0.008685379526845173, -0.001988050431974646], [0.008685379526845173, 0.021369978336413183, -0.025854756102295894], [-0.001988050431974646, -0.025854756102295894, 0.0461750680009072]]",0.8808377796200766,0.02354473492305993,-1.2034327893656438
2026-03-17 17:34:46,GPR_Optimization_h_mean_0.05_v_mean_1.1_20260313-123557,1758,3.60210543249679,13.073479088776194,0.43844483915531873,0.6007833700842202,0.027644804441321686,0.312650483520821,2.3011196165356167,1.4106295436827887e-14,7294.172605123125,947.2489930950229,0.002032606150406277,"[[0.008821956181150689, 0.00891299126392479, -0.0019126223463225749], [0.00891299126392479, 0.021613356925700655, -0.025933017369617745], [-0.0019126223463225749, -0.025933017369617745, 0.04648698677994745]]",0.8821891776140836,0.023544057698989946,-1.2057310515621216
2026-03-17 17:34:46,GPR_Optimization_h_mean_0.05_v_mean_1.1_20260313-123557,126,3.5931796966180762,13.109877285887931,0.4387057692560939,0.5953565602385653,0.022548017321017935,0.30679378958873804,2.3797328883468842,1.7279040062101952e-12,349.96981839251816,389.84657900771674,0.0036675955856562154,"[[0.00854664989051971, 0.008790609523214256, -0.002052762415726082], [0.008790609523214256, 0.023427124031985436, -0.029631984922567068], [-0.002052762415726082, -0.029631984922567068, 0.05346893367125713]]",0.8657164535291471,0.02223595752378732,-1.1763398656001698
2026-03-17 17:34:46,GPR_Optimization_h_mean_0.05_v_mean_1.1_20260313-123557,1456,3.589175235392541,12.853792179045229,0.4427553695807622,0.5942091740870737,0.019319954143428304,0.30228554781641465,2.8156497344402722,4.123930628320529e-12,1325.4113621431213,44.122938795518195,0.005294616164428656,"[[0.008674460382059794, 0.009402241730017219, -0.0030177564747416274], [0.009402241730017219, 0.024458907547018592, -0.030456464403655372], [-0.0030177564747416274, -0.030456464403655372, 0.05318480463019143]]",0.8696832686406203,0.02160476137459592,-1.1855180049566356
2026-03-17 17:34:46,GPR_Optimization_h_mean_0.05_v_mean_1.1_20260313-123557,1646,3.5890124165150388,12.879300725325907,0.443884701837895,0.5948499098448088,0.019495279814778155,0.30753669178897264,2.8441027286029374,1.4106295436827887e-14,742.6473548950355,71.75487654844633,0.007109855195094636,"[[0.008628026045841609, 0.00945479009497238, -0.003194942129791125], [0.00945479009497238, 0.025866414930471402, -0.03309335306961555], [-0.003194942129791125, -0.03309335306961555, 0.057993219796706436]]",0.861111448473482,0.019805794894074084,-1.172032214270846
2026-03-17 17:34:49,GPR_Optimization_h_mean_0.05_v_mean_1.4_20260313-134315,1845,3.3400064455046596,7.867348050561072,0.6835179153094463,0.3735469706173189,0.02681588708503433,0.2458501628664495,3.4284657261695064,2.703227557282525e-14,4766.223854869003,10.161273156547793,0.004212269984651049,"[[0.008591296952633849, 0.008912880569909623, -0.0018984352676677846], [0.008912880569909623, 0.02861892709323142, -0.039382282764703], [-0.0018984352676677846, -0.039382282764703, 0.07298995390479454]]",0.980455827104257,0.023783385192061784,-1.4049262364327786
2026-03-17 17:34:49,GPR_Optimization_h_mean_0.05_v_mean_1.4_20260313-134315,1233,3.3329347958116857,7.87141123826245,0.6830241449208426,0.3679440949490791,0.023564855313356604,0.23503451107176762,3.327169267228241,6.438024633038992e-11,463.7319190674036,16.052563987427366,0.003805315963707991,"[[0.008306692089319613, 0.008578087274378582, -0.001684228484587938], [0.008578087274378582, 0.02823898388865617, -0.03927541666384983], [-0.001684228484587938, -0.03927541666384983, 0.07332327430631846]]",0.970009925286354,0.024954565295240216,-1.382527152615253
2026-03-17 17:34:49,GPR_Optimization_h_mean_0.05_v_mean_1.4_20260313-134315,197,3.3247545498555677,7.862527792950467,0.6862411127885522,0.37117127128931643,0.028258875323965146,0.24650640653427786,3.274715123660249,2.6261801999379827e-08,9665.173765673037,298.5806367445744,0.0010177281492067228,"[[0.00852167205872269, 0.00830761381010956, -0.0008301150063970785], [0.00830761381010956, 0.026604774264999978, -0.03659031774158183], [-0.0008301150063970785, -0.03659031774158183, 0.06958171962912638]]",0.987923973916393,0.02777972269210381,-1.4119375057027233
2026-03-17 17:34:49,GPR_Optimization_h_mean_0.05_v_mean_1.4_20260313-134315,491,3.3153868635428267,7.898110400673123,0.6887553825129568,0.3693963028827857,0.025663854142246496,0.24796947116004434,3.3860874527139333,5.7217150681162625e-08,51350.376990099205,12.430196646344516,0.06935004104112456,"[[0.008600394752044278, 0.00854433165841639, -0.0011346338374161522], [0.00854433165841639, 0.027160935621280243, -0.03724332130697505], [-0.0011346338374161522, -0.03724332130697505, 0.07032017493200846]]",0.9830280855669797,0.025738682600546254,-1.4063034650007717
2026-03-17 17:34:49,GPR_Optimization_h_mean_0.05_v_mean_1.4_20260313-134315,370,3.3125033418384646,7.900454026166389,0.6811465450792366,0.3679741012758683,0.026668582025387164,0.24519551101994957,3.1304306738422576,2.906095116143212e-14,518.6260858790541,31.67849806060091,0.008531905820635389,"[[0.008498949944338368, 0.008138846910623148, -0.0004207106878849254], [0.008138846910623148, 0.025797905447966667, -0.035287367274235766], [-0.0004207106878849254, -0.035287367274235766, 0.0679002070971404]]",0.9722285444778744,0.026353506510649858,-1.3841833475454641
2026-03-17 17:34:49,GPR_Optimization_h_mean_0.05_v_mean_1.4_20260313-134315,116,3.304342830322133,7.856799376568393,0.6893351159561886,0.3661876196082483,0.025339003456633633,0.24399650331670694,3.4284657261695064,4.820746625113156e-10,4721.531216132444,359.2487744013673,0.004212269984651049,"[[0.008449274011354422, 0.008410948050065481, -0.0011780226802346873], [0.008410948050065481, 0.027046898196120425, -0.03728838311829593], [-0.0011780226802346873, -0.03728838311829593, 0.07033216990534176]]",0.9833715852093408,0.025502365363104126,-1.4074843799844639
2026-03-17 17:34:49,GPR_Optimization_h_mean_0.05_v_mean_1.4_20260313-134315,683,3.304342830322133,7.856799376568393,0.6893351159561886,0.3661876196082483,0.025339003456633633,0.24399650331670694,3.4284657261695064,4.820746625113156e-10,4721.531216132444,359.2487744013673,0.004212269984651049,"[[0.008449274011354422, 0.008410948050065481, -0.0011780226802346873], [0.008410948050065481, 0.027046898196120425, -0.03728838311829593], [-0.0011780226802346873, -0.03728838311829593, 0.07033216990534176]]",0.9833715852093408,0.025502365363104126,-1.4074843799844639
2026-03-17 17:34:49,GPR_Optimization_h_mean_0.05_v_mean_1.4_20260313-134315,252,3.303473222961221,7.797212658720828,0.6917618575420793,0.36885169520487693,0.024177418373156526,0.2510849828076908,4.199896079643333,1.145415387037715e-09,13649.10442815612,163.41430220214178,0.0011838778597820236,"[[0.008470656545417954, 0.008865406915834153, -0.0020451797189068883], [0.008865406915834153, 0.029650652113607765, -0.041475544334500035], [-0.0020451797189068883, -0.041475544334500035, 0.0767631140267247]]",0.974490912976637,0.021653927878192668,-1.3970751191617314
2026-03-17 17:34:49,GPR_Optimization_h_mean_0.05_v_mean_1.4_20260313-134315,535,3.294409198902754,7.885726001586583,0.6878816682074452,0.3682007641732445,0.03213410100884345,0.2530305594979232,2.8508975647962065,2.5674589840958594e-09,40765.24764247083,10.744709628748913,0.03872664174646764,"[[0.008729857732483226, 0.008160713007346505, -0.00017130879146299693], [0.008160713007346505, 0.024998285658279086, -0.03375087311838307], [-0.00017130879146299693, -0.03375087311838307, 0.06529682423480455]]",0.9907018469000809,0.027647199208189015,-1.4175386507015195
2026-03-17 17:34:49,GPR_Optimization_h_mean_0.05_v_mean_1.4_20260313-134315,380,3.2938160220399015,7.79029690805624,0.68725295166249,0.3718975333095404,0.02904131160264286,0.2627948433099956,3.1356648222656522,1.2649764701222485e-14,6708.200742906799,104.90678598344253,0.001826706982269165,"[[0.008650425041368585, 0.00811433426733234, -0.0002814860821894261], [0.00811433426733234, 0.025046989138051035, -0.033943416819338774], [-0.0002814860821894261, -0.033943416819338774, 0.06539684161373846]]",0.9902325670994773,0.025874119779216487,-1.419772091392642
2026-03-17 17:34:52,GPR_Optimization_h_mean_0.1_v_mean_0.2_20260313-145055,421,3.757057979730145,20.997514146173337,0.00606291615546794,0.9939794492987006,0.007175916863863058,0.1354805665074506,2.0289422338136327,4.759634749006617e-06,13897.76342664618,293.2178998168527,0.23077690858976085,"[[0.007524343518799887, 0.008262503602343445, -0.003579033415526438], [0.008262503602343445, 0.019109373734394763, -0.027803206116835934], [-0.003579033415526438, -0.027803206116835934, 0.06180363215833197]]",0.5240802427158076,0.07573674189830756,-0.37034665157092195
2026-03-17 17:34:52,GPR_Optimization_h_mean_0.1_v_mean_0.2_20260313-145055,963,3.756261294348066,21.000180799004987,0.006284775957187917,0.9938890712042857,0.005259903214335899,0.1403088045930844,2.181342729279949,5.196322483933935e-14,73447.12316064541,452.8250860334772,0.017135283044376795,"[[0.007607288644094217, 0.00804643686325498, -0.0028154465168704376], [0.00804643686325498, 0.01804315561529454, -0.025405644086066412], [-0.0028154465168704376, -0.025405644086066412, 0.05704443595153728]]",0.5287418278579621,0.07644853108493908,-0.38088265809537597
2026-03-17 17:34:52,GPR_Optimization_h_mean_0.1_v_mean_0.2_20260313-145055,469,3.7546318597910235,20.956267999437735,0.00802154901332574,0.992070937704017,0.005515661781147171,0.1348474600405824,2.1747490525892563,3.216847386996718e-09,37075.28116761049,636.5496750205735,0.21193897634835474,"[[0.0075559800410450635, 0.008292804087366113, -0.003531898312926362], [0.008292804087366113, 0.019077096279112412, -0.02746703462047043], [-0.003531898312926362, -0.02746703462047043, 0.06065984040950345]]",0.5243528588454792,0.0759588547532276,-0.37115131471682583
2026-03-17 17:34:52,GPR_Optimization_h_mean_0.1_v_mean_0.2_20260313-145055,116,3.7544832857968213,20.957505821189145,0.007623828014016479,0.9924608430377002,0.005008545660356342,0.1375840515200303,2.181342729279949,7.635939994816222e-07,73447.12316064541,873.6589315530025,0.017135283044376795,"[[0.007640381222279212, 0.007989855158726685, -0.002687817737680737], [0.007989855158726685, 0.018016777427310487, -0.025513461047914566], [-0.002687817737680737, -0.025513461047914566, 0.0574993625281736]]",0.5288845809673701,0.07712846825233258,-0.3796820028715019
2026-03-17 17:34:52,GPR_Optimization_h_mean_0.1_v_mean_0.2_20260313-145055,194,3.7525808286753795,20.953916927794108,0.008067286619676598,0.9918427596775956,0.005520659627613479,0.13775987679914706,2.0822261704129392,6.068630899049127e-09,34116.309897885534,445.4160460640343,0.0875758837105885,"[[0.00762570696092625, 0.008243430006915273, -0.0032395354789466657], [0.008243430006915273, 0.018884627701401833, -0.02695402873318759], [-0.0032395354789466657, -0.02695402873318759, 0.05977261229402688]]",0.5256867111656185,0.07589611643413152,-0.3746288241009635
2026-03-17 17:34:52,GPR_Optimization_h_mean_0.1_v_mean_0.2_20260313-145055,389,3.7523777316679907,20.94439205730699,0.008905490335586387,0.9913000131089141,0.005969611620750578,0.13499347800308312,2.1747490525892563,3.216847386996718e-09,37075.28116761049,636.5496750205735,0.2841843629797706,"[[0.007483145662852033, 0.008218242993759428, -0.003532271800259363], [0.008218242993759428, 0.018996966789364137, -0.027480603776150303], [-0.003532271800259363, -0.027480603776150303, 0.06083673689610174]]",0.5245371898856235,0.07598262031666606,-0.37140826330185805
2026-03-17 17:34:52,GPR_Optimization_h_mean_0.1_v_mean_0.2_20260313-145055,482,3.7523777316679907,20.94439205730699,0.008905490335586387,0.9913000131089141,0.005969611620750578,0.13499347800308312,2.1747490525892563,3.216847386996718e-09,37075.28116761049,636.5496750205735,0.2841843629797706,"[[0.007483145662852033, 0.008218242993759428, -0.003532271800259363], [0.008218242993759428, 0.018996966789364137, -0.027480603776150303], [-0.003532271800259363, -0.027480603776150303, 0.06083673689610174]]",0.5245371898856235,0.07598262031666606,-0.37140826330185805
2026-03-17 17:34:52,GPR_Optimization_h_mean_0.1_v_mean_0.2_20260313-145055,479,3.752253633483807,20.958097850083924,0.008011282160675981,0.9921513597579845,0.005204203504008236,0.14024484184828337,2.181342729279949,5.196322483933935e-14,73447.12316064541,11.06553094712998,0.017135283044376795,"[[0.007632882407699065, 0.008074172492717063, -0.0028361941638515658], [0.008074172492717063, 0.018136801532188888, -0.02560489749315459], [-0.0028361941638515658, -0.02560489749315459, 0.057528960455996536]]",0.5282294103859029,0.0761924433030296,-0.3799808167688229
2026-03-17 17:34:52,GPR_Optimization_h_mean_0.1_v_mean_0.2_20260313-145055,300,3.7514313309323333,20.95666381099743,0.008174386920980926,0.9920170769419321,0.0052495848366841975,0.14115626110650398,2.1747490525892563,6.313060535299064e-10,37075.28116761049,583.2192273290459,0.002665400979750956,"[[0.00767294274799188, 0.008117733161138636, -0.002864209365654966], [0.008117733161138636, 0.01832533575438574, -0.025871235533929785], [-0.002864209365654966, -0.025871235533929785, 0.05772511562333359]]",0.5278613072193946,0.07574127292019135,-0.3804648427276932
2026-03-17 17:34:52,GPR_Optimization_h_mean_0.1_v_mean_0.2_20260313-145055,202,3.7512628672759742,20.954460268799625,0.0077887537993920975,0.9922279553083515,0.005554988574149199,0.14163421352583586,2.0038193379861893,4.73732140802435e-07,45739.56463307218,994.2530480056248,0.031299037607801415,"[[0.007669846775906665, 0.008075601307454763, -0.0027369942241082424], [0.008075601307454763, 0.01816847290752514, -0.02548209421271544], [-0.0027369942241082424, -0.02548209421271544, 0.05692083610341192]]",0.528652650739676,0.07627405506918998,-0.38134162193253845
2026-03-17 17:34:55,GPR_Optimization_h_mean_0.1_v_mean_0.5_20260313-155756,245,3.7283458539835506,20.696027184749624,0.0211266741139932,0.9791399540012674,0.011696211172585257,0.16310872687543732,2.0622297335268582,1.1476103840162107e-11,76040.60327913861,279.2826541451471,0.07383421871014735,"[[0.007965819453343289, 0.008833995879481513, -0.003265904021917407], [0.008833995879481513, 0.023392035946680503, -0.03177351611291818], [-0.003265904021917407, -0.03177351611291818, 0.06091628202618923]]",0.6649924968373523,0.07096284063395347,-0.6775214788357755
2026-03-17 17:34:55,GPR_Optimization_h_mean_0.1_v_mean_0.5_20260313-155756,1595,3.724892966390506,20.645789789530323,0.022983154670750384,0.9776969331096865,0.011205201368343057,0.16362633996937212,2.137228813529622,1.523044638118846e-11,1287.0358135778,848.5974083676226,0.0040167797017392455,"[[0.00803955562903868, 0.009244402780874444, -0.0041029683888198065], [0.009244402780874444, 0.025414437129352895, -0.03575259262836315], [-0.0041029683888198065, -0.03575259262836315, 0.0688707522867579]]",0.6604691343768883,0.07014986180249272,-0.6684717671595148
2026-03-17 17:34:55,GPR_Optimization_h_mean_0.1_v_mean_0.5_20260313-155756,1113,3.722194280115909,20.65453038967617,0.023159093440938743,0.9772723472419962,0.012244252342556654,0.16538142568914085,2.0318457167873336,1.2818221830656352e-09,393.629956310231,26.89340518456532,0.0020008864452958535,"[[0.007999965695519078, 0.009203722441924984, -0.003974859417942437], [0.009203722441924984, 0.024672553650292497, -0.03387066335708786], [-0.003974859417942437, -0.03387066335708786, 0.06428746492619677]]",0.6614838208636014,0.07022337407406261,-0.6714546583597287
2026-03-17 17:34:55,GPR_Optimization_h_mean_0.1_v_mean_0.5_20260313-155756,65,3.722187023250259,20.584014784094986,0.02544970508139265,0.9751191078302359,0.009748049335004868,0.15980558574621123,2.602800967705889,1.7163448209605892e-09,46072.908963397385,324.51610346268586,0.005635540435387497,"[[0.007961961601370193, 0.008793206517795124, -0.003184352975006924], [0.008793206517795124, 0.023552679780937547, -0.03213634428306632], [-0.003184352975006924, -0.03213634428306632, 0.061723360317946924]]",0.6669489916909582,0.07185716354150333,-0.6797413625372815
2026-03-17 17:34:55,GPR_Optimization_h_mean_0.1_v_mean_0.5_20260313-155756,147,3.7211504140568077,20.5281641352776,0.027822026581708962,0.9730154355039554,0.008440980265787145,0.1545168233276992,2.849758177563467,4.986209716739738e-09,57101.08270248853,316.37061989112334,0.0011283625695112688,"[[0.008003006969618644, 0.008962408371056245, -0.003410743719211611], [0.008962408371056245, 0.023693285435206136, -0.03218170400352606], [-0.003410743719211611, -0.03218170400352606, 0.06165869956973279]]",0.6692671484645376,0.07341891570685878,-0.6813503886021063
2026-03-17 17:34:55,GPR_Optimization_h_mean_0.1_v_mean_0.5_20260313-155756,1027,3.718942836751609,20.630807611477145,0.02466489928396224,0.9760327091238509,0.013152125473582013,0.16435420331508138,2.0318457167873336,1.4207223162006898e-15,163.75296435153695,111.35593362201958,0.0020008864452958535,"[[0.007995102742120846, 0.009350283348404025, -0.004344886701640641], [0.009350283348404025, 0.025436883789837886, -0.0352722837023028], [-0.004344886701640641, -0.0352722837023028, 0.06668937502509281]]",0.6571719930672918,0.06935750714353867,-0.6639968473407961
2026-03-17 17:34:55,GPR_Optimization_h_mean_0.1_v_mean_0.5_20260313-155756,381,3.7189297071740293,20.621380794753904,0.02481343743073172,0.976018651970924,0.01144905515701505,0.16733985173509347,2.0318457167873336,3.521429710279698e-10,877.2944970995499,111.35593362201958,0.0020008864452958535,"[[0.00796136653849609, 0.009171809863227402, -0.004016714431324684], [0.009171809863227402, 0.024910070753080025, -0.03463740183378951], [-0.004016714431324684, -0.03463740183378951, 0.06628831440238327]]",0.6610353430667504,0.07009950636919735,-0.670203988955138
2026-03-17 17:34:55,GPR_Optimization_h_mean_0.1_v_mean_0.5_20260313-155756,1629,3.7189297071740293,20.621380794753904,0.02481343743073172,0.976018651970924,0.01144905515701505,0.16733985173509347,2.0318457167873336,3.521429710279698e-10,877.2944970995499,111.35593362201958,0.0020008864452958535,"[[0.00796136653849609, 0.009171809863227402, -0.004016714431324684], [0.009171809863227402, 0.024910070753080025, -0.03463740183378951], [-0.004016714431324684, -0.03463740183378951, 0.06628831440238327]]",0.6610353430667504,0.07009950636919735,-0.670203988955138
2026-03-17 17:34:55,GPR_Optimization_h_mean_0.1_v_mean_0.5_20260313-155756,1973,3.7189297071740293,20.621380794753904,0.02481343743073172,0.976018651970924,0.01144905515701505,0.16733985173509347,2.0318457167873336,3.521429710279698e-10,877.2944970995499,111.35593362201958,0.0020008864452958535,"[[0.00796136653849609, 0.009171809863227402, -0.004016714431324684], [0.009171809863227402, 0.024910070753080025, -0.03463740183378951], [-0.004016714431324684, -0.03463740183378951, 0.06628831440238327]]",0.6610353430667504,0.07009950636919735,-0.670203988955138
2026-03-17 17:34:55,GPR_Optimization_h_mean_0.1_v_mean_0.5_20260313-155756,919,3.7162974716602353,20.560156405420543,0.026861607526156336,0.9736023320723816,0.011412191410223453,0.1612923008990666,2.3108847336641447,5.502731758319613e-07,30493.707323772585,840.9314416789559,0.009162220007685367,"[[0.00794004540961352, 0.008856567062465457, -0.003361068679780275], [0.008856567062465457, 0.023379535529227412, -0.03176405704809668], [-0.003361068679780275, -0.03176405704809668, 0.06084176904763389]]",0.6672166538783997,0.07139817302784976,-0.6811567737762665
2026-03-17 17:34:57,GPR_Optimization_h_mean_0.1_v_mean_0.8_20260313-170409,1889,3.7080541334098305,17.396029210501613,0.18991487426083567,0.826116080473329,0.015221143488326767,0.1686789265059458,3.2645133791650354,5.474123241476379e-09,21138.018567629137,25.578284035669476,0.029858929799656812,"[[0.00835409359786546, 0.010086746923730256, -0.004480885574276038], [0.010086746923730256, 0.02648434426398364, -0.03344699367880502], [-0.004480885574276038, -0.03344699367880502, 0.05773786439761323]]",0.7938009676014577,0.06722362732800438,-0.947309032494611
2026-03-17 17:34:57,GPR_Optimization_h_mean_0.1_v_mean_0.8_20260313-170409,470,3.707861670278283,17.50293600432687,0.18379205686269423,0.8266600331179617,0.017067182656516966,0.1715608705803004,2.76622552957746,4.348498375012426e-08,4179.002460317622,477.87467402583167,0.002185016877360196,"[[0.008470416794754378, 0.009650328822189875, -0.0034143624843013132], [0.009650328822189875, 0.023364633584098623, -0.027883389052705647], [-0.0034143624843013132, -0.027883389052705647, 0.048215126367564295]]",0.800147975410411,0.0680639244119997,-0.9582371953801363
2026-03-17 17:34:57,GPR_Optimization_h_mean_0.1_v_mean_0.8_20260313-170409,676,3.707861670278283,17.50293600432687,0.18379205686269423,0.8266600331179617,0.017067182656516966,0.1715608705803004,2.76622552957746,4.348498375012426e-08,4179.002460317622,477.87467402583167,0.002185016877360196,"[[0.008470416794754378, 0.009650328822189875, -0.0034143624843013132], [0.009650328822189875, 0.023364633584098623, -0.027883389052705647], [-0.0034143624843013132, -0.027883389052705647, 0.048215126367564295]]",0.800147975410411,0.0680639244119997,-0.9582371953801363
2026-03-17 17:34:57,GPR_Optimization_h_mean_0.1_v_mean_0.8_20260313-170409,525,3.7006950970354175,17.478691420176126,0.1839409655030059,0.8246276672473417,0.017987435406768542,0.1733493304435328,2.76622552957746,4.348498375012426e-08,53881.46513293738,54.13073985444019,0.002185016877360196,"[[0.00840026364383011, 0.009795868274891815, -0.0038569124221289625], [0.009795868274891815, 0.02381998073058203, -0.028696131606880983], [-0.0038569124221289625, -0.028696131606880983, 0.04939551915329827]]",0.8003018234826498,0.0692215544257218,-0.9561555085595413
2026-03-17 17:34:57,GPR_Optimization_h_mean_0.1_v_mean_0.8_20260313-170409,152,3.6965406614490552,17.6495080469429,0.1820982482372807,0.8214284654382836,0.018672443624969493,0.1706647417471223,2.0231548601295914,1.217227513706939e-15,10557.39946017512,696.054476498203,0.008332986312506138,"[[0.008314984813714342, 0.009308154472040378, -0.0029994380993045096], [0.009308154472040378, 0.020044300167276624, -0.02204092473121643], [-0.0029994380993045096, -0.02204092473121643, 0.037613190754611794]]",0.8048043727420991,0.0710372962077816,-0.9618858307106484
2026-03-17 17:34:57,GPR_Optimization_h_mean_0.1_v_mean_0.8_20260313-170409,413,3.68932497240618,17.51030024154037,0.18919127581547965,0.8191227808328186,0.01757568831020002,0.17139548349739434,2.28932559828491,3.9311581813160553e-08,953.1862118656991,133.11834667147465,0.0010122330351536714,"[[0.00838812113177313, 0.009470289109111836, -0.0032052487174105905], [0.009470289109111836, 0.02148923482983294, -0.024620496849539205], [-0.0032052487174105905, -0.024620496849539205, 0.04236802103558899]]",0.803326271727612,0.07069437219480071,-0.9595136529708548
2026-03-17 17:34:57,GPR_Optimization_h_mean_0.1_v_mean_0.8_20260313-170409,38,3.688118989820132,17.238067443491637,0.2003851821213453,0.8196067439689841,0.015763692062074227,0.1705529560788977,3.3786376166383296,1.043847880116819e-07,30057.2829460789,282.54692846802146,0.010635246014765488,"[[0.008338333185444639, 0.009912570853022456, -0.0041636864484457595], [0.009912570853022456, 0.025994919291608253, -0.03278758471345564], [-0.0041636864484457595, -0.03278758471345564, 0.05703994385720071]]",0.7977583807409205,0.06851365351458441,-0.9526871708789686
2026-03-17 17:34:57,GPR_Optimization_h_mean_0.1_v_mean_0.8_20260313-170409,22,3.687320126384056,17.405136120701172,0.19839878600769212,0.8181445139107476,0.01549468250984493,0.17128018628502656,2.640737341931194,1.2407857309907375e-13,8214.94828348655,879.5470476188538,0.056502846176642,"[[0.00834555167715403, 0.010145481725498425, -0.0045831202701137495], [0.010145481725498425, 0.025809745276662382, -0.03192214352997845], [-0.0045831202701137495, -0.03192214352997845, 0.05439611026301203]]",0.7892497193104296,0.06810790935966596,-0.9367017061362414
2026-03-17 17:34:57,GPR_Optimization_h_mean_0.1_v_mean_0.8_20260313-170409,1709,3.685021346978532,17.176922682416382,0.20077450104259756,0.8180053267019207,0.013505611804865788,0.17143930269003121,3.2645133791650354,3.2074761102473625e-07,21138.018567629137,25.578284035669476,0.029858929799656812,"[[0.00843028228980569, 0.010226024903332761, -0.004594448778552555], [0.010226024903332761, 0.027270222362389417, -0.03461499629755527], [-0.004594448778552555, -0.03461499629755527, 0.059596277702290354]]",0.7937672366123942,0.0684366481141664,-0.9449815552103703
2026-03-17 17:34:57,GPR_Optimization_h_mean_0.1_v_mean_0.8_20260313-170409,1241,3.685021346978532,17.176922682416382,0.20077450104259756,0.8180053267019207,0.013505611804865788,0.17143930269003121,3.2645133791650354,3.2074761102473625e-07,21138.018567629137,25.578284035669476,0.029858929799656812,"[[0.00843028228980569, 0.010226024903332761, -0.004594448778552555], [0.010226024903332761, 0.027270222362389417, -0.03461499629755527], [-0.004594448778552555, -0.03461499629755527, 0.059596277702290354]]",0.7937672366123942,0.0684366481141664,-0.9449815552103703
2026-03-17 17:35:00,GPR_Optimization_h_mean_0.1_v_mean_1.1_20260313-180630,1041,3.7144965023040024,13.208742343713428,0.4257930961736241,0.6056273228963152,0.022230084982000606,0.15053664196619287,2.398027964686511,5.281197273860041e-09,484.2522865503476,112.8209301011506,0.005042012330183643,"[[0.008264436276290876, 0.009759714296709803, -0.003777334112812932], [0.009759714296709803, 0.024408454500331307, -0.029590614098805167], [-0.003777334112812932, -0.029590614098805167, 0.05093440230257896]]",0.9158972051733235,0.0703510783422577,-1.1867470641718612
2026-03-17 17:35:00,GPR_Optimization_h_mean_0.1_v_mean_1.1_20260313-180630,80,3.6958727368232327,12.947223148151297,0.4312235625881247,0.6033319099698073,0.02435915303635159,0.15669225547025956,2.6919451400182597,4.4494367702174646e-08,69645.46487035393,12.447797420587161,0.0018419955305870954,"[[0.008218568393177314, 0.009443463407983209, -0.0032956816871856105], [0.009443463407983209, 0.023276104454877353, -0.027988378550067115], [-0.0032956816871856105, -0.027988378550067115, 0.048661537653355305]]",0.9256007020440389,0.070342084882351,-1.2057876464466388
2026-03-17 17:35:00,GPR_Optimization_h_mean_0.1_v_mean_1.1_20260313-180630,91,3.691750971907073,12.949261307032254,0.43258330129012584,0.6009419204291979,0.020739590574796657,0.1560349514048184,2.398027964686511,2.8481466066970418e-11,1101.3240438776281,60.791902486718485,0.005042012330183643,"[[0.008291330982144393, 0.009657790481263681, -0.003520335575179477], [0.009657790481263681, 0.02406530740747986, -0.029080157767067752], [-0.003520335575179477, -0.029080157767067752, 0.050379638933058406]]",0.918102016780487,0.06965783906117949,-1.192464799812813
2026-03-17 17:35:00,GPR_Optimization_h_mean_0.1_v_mean_1.1_20260313-180630,312,3.6886717067880563,13.073194776517035,0.4353254275762201,0.6003357590161226,0.024699287541236153,0.15639309616061994,2.3906125085947285,5.24975001382009e-15,4482.553156372315,60.98822374655942,0.001754063277306436,"[[0.008374512764997672, 0.009275620616448564, -0.0026511527844785307], [0.009275620616448564, 0.022264117451563932, -0.0262829778920473], [-0.0026511527844785307, -0.0262829778920473, 0.046507448221503274]]",0.9270208384957526,0.07188542995701863,-1.2055913503652378
2026-03-17 17:35:00,GPR_Optimization_h_mean_0.1_v_mean_1.1_20260313-180630,1682,3.6811620128751117,12.931141467492283,0.4356665737088828,0.5974322064471326,0.02015430124923698,0.15432320093488971,2.3776771911990924,7.364598027628879e-14,38546.19594338274,121.67549312575869,0.25607803863959194,"[[0.008320116510750628, 0.009651193439380132, -0.003457105335508381], [0.009651193439380132, 0.024288905572508887, -0.0295654081051064], [-0.003457105335508381, -0.0295654081051064, 0.051505680333525775]]",0.9144131992789578,0.07027174509396301,-1.1838805504124021
2026-03-17 17:35:00,GPR_Optimization_h_mean_0.1_v_mean_1.1_20260313-180630,731,3.668000808068654,12.890650356846693,0.4405047137871764,0.5955105449169791,0.02531760332326118,0.15641439658315537,2.3906125085947285,5.24975001382009e-15,50707.08697601445,107.24629070546018,0.001754063277306436,"[[0.008293610207150885, 0.00928972920894681, -0.002839958402299932], [0.00928972920894681, 0.022419302367715062, -0.02659195244015916], [-0.002839958402299932, -0.02659195244015916, 0.046794255622935786]]",0.9252895036533534,0.07161301119527982,-1.2026685181272763
2026-03-17 17:35:00,GPR_Optimization_h_mean_0.1_v_mean_1.1_20260313-180630,399,3.6621929467978958,12.753569595519227,0.4410808961860783,0.5957072451405785,0.028036337165134456,0.15799029087895172,2.3906125085947285,5.764520913292935e-11,50707.08697601445,884.8467447281428,0.001754063277306436,"[[0.008349680586711154, 0.00937000158563691, -0.002865242209778214], [0.00937000158563691, 0.022727167401009715, -0.02714143789497283], [-0.002865242209778214, -0.02714143789497283, 0.04832620926020249]]",0.9269881073612125,0.07149362351657086,-1.2060806999286908
2026-03-17 17:35:00,GPR_Optimization_h_mean_0.1_v_mean_1.1_20260313-180630,689,3.6467334540813785,12.70310014090494,0.4476465934293978,0.5891128588138574,0.02365215144618185,0.15134693454040804,2.3906125085947285,5.24975001382009e-15,70825.85824388538,259.3127876112308,0.0020671172592388685,"[[0.008276985462905603, 0.009213357836430012, -0.00268573849339496], [0.009213357836430012, 0.021997536321416555, -0.025868097222731538], [-0.00268573849339496, -0.025868097222731538, 0.04565145389561353]]",0.9277651498387197,0.07278007310083696,-1.2054623189058797
2026-03-17 17:35:00,GPR_Optimization_h_mean_0.1_v_mean_1.1_20260313-180630,777,3.6465801427680993,12.789390070319984,0.44460516799263594,0.5911336642701959,0.029258920622835385,0.15834045630876456,2.3906125085947285,3.553711005695827e-05,70825.85824388538,259.3127876112308,0.0020671172592388685,"[[0.008310840343466457, 0.009562546328142353, -0.0033082251793158345], [0.009562546328142353, 0.023139744103793027, -0.027485174330004844], [-0.0033082251793158345, -0.027485174330004844, 0.04770170163584667]]",0.9241098981023557,0.07094686812209955,-1.2017706691836008
2026-03-17 17:35:00,GPR_Optimization_h_mean_0.1_v_mean_1.1_20260313-180630,496,3.64515860165544,12.607782993213776,0.44493107502293194,0.5904356288832476,0.027152115452861142,0.15233259692776766,2.3906125085947285,5.24975001382009e-15,50707.08697601445,884.8467447281428,0.001754063277306436,"[[0.008203237703516003, 0.009425835589909282, -0.0032630742560928916], [0.009425835589909282, 0.02282746578045986, -0.02716908748376677], [-0.0032630742560928916, -0.02716908748376677, 0.047255369901986415]]",0.9278148225482156,0.07329222109117335,-1.204534452539777
2026-03-17 17:35:02,GPR_Optimization_h_mean_0.1_v_mean_1.4_20260313-190625,1718,3.3216510340566865,7.847344184707499,0.6781721077370355,0.37684706519499783,0.02498455671118804,0.12942020261529988,3.544127326373677,7.610352285908766e-08,8340.292586091064,853.0829809305732,0.008246118695405046,"[[0.007981277006910878, 0.009363716216422662, -0.0033244663236198396], [0.009363716216422662, 0.028417534140178287, -0.03815819506654915], [-0.0033244663236198396, -0.03815819506654915, 0.06886264799728894]]",1.026324288078565,0.0685481056198714,-1.412267054734043
2026-03-17 17:35:02,GPR_Optimization_h_mean_0.1_v_mean_1.4_20260313-190625,1441,3.3165815559344907,7.870545160498088,0.682023742227247,0.3720910177334882,0.023752834682276142,0.12467238809805231,3.46838522031084,1.1150523890223131e-09,3723.0554535437905,117.7747956383598,0.0039006802425193194,"[[0.008157842646065954, 0.009418047467233214, -0.003117068088257516], [0.009418047467233214, 0.0285515292989503, -0.03828199610985111], [-0.003117068088257516, -0.03828199610985111, 0.06944706613476416]]",1.0252932254781981,0.07113047716989819,-1.405021259560923
2026-03-17 17:35:02,GPR_Optimization_h_mean_0.1_v_mean_1.4_20260313-190625,613,3.3165815559344907,7.870545160498088,0.682023742227247,0.3720910177334882,0.023752834682276142,0.12467238809805231,3.46838522031084,1.1150523890223131e-09,3723.0554535437905,117.7747956383598,0.0039006802425193194,"[[0.008157842646065954, 0.009418047467233214, -0.003117068088257516], [0.009418047467233214, 0.0285515292989503, -0.03828199610985111], [-0.003117068088257516, -0.03828199610985111, 0.06944706613476416]]",1.0252932254781981,0.07113047716989819,-1.405021259560923
2026-03-17 17:35:02,GPR_Optimization_h_mean_0.1_v_mean_1.4_20260313-190625,91,3.3165815559344907,7.870545160498088,0.682023742227247,0.3720910177334882,0.023752834682276142,0.12467238809805231,3.46838522031084,1.1150523890223131e-09,3723.0554535437905,117.7747956383598,0.0039006802425193194,"[[0.008157842646065954, 0.009418047467233214, -0.003117068088257516], [0.009418047467233214, 0.0285515292989503, -0.03828199610985111], [-0.003117068088257516, -0.03828199610985111, 0.06944706613476416]]",1.0252932254781981,0.07113047716989819,-1.405021259560923
2026-03-17 17:35:02,GPR_Optimization_h_mean_0.1_v_mean_1.4_20260313-190625,1444,3.3165815559344907,7.870545160498088,0.682023742227247,0.3720910177334882,0.023752834682276142,0.12467238809805231,3.46838522031084,1.1150523890223131e-09,3723.0554535437905,117.7747956383598,0.0039006802425193194,"[[0.008157842646065954, 0.009418047467233214, -0.003117068088257516], [0.009418047467233214, 0.0285515292989503, -0.03828199610985111], [-0.003117068088257516, -0.03828199610985111, 0.06944706613476416]]",1.0252932254781981,0.07113047716989819,-1.405021259560923
2026-03-17 17:35:02,GPR_Optimization_h_mean_0.1_v_mean_1.4_20260313-190625,1615,3.3165815559344907,7.870545160498088,0.682023742227247,0.3720910177334882,0.023752834682276142,0.12467238809805231,3.46838522031084,1.1150523890223131e-09,3723.0554535437905,117.7747956383598,0.0039006802425193194,"[[0.008157842646065954, 0.009418047467233214, -0.003117068088257516], [0.009418047467233214, 0.0285515292989503, -0.03828199610985111], [-0.003117068088257516, -0.03828199610985111, 0.06944706613476416]]",1.0252932254781981,0.07113047716989819,-1.405021259560923
2026-03-17 17:35:02,GPR_Optimization_h_mean_0.1_v_mean_1.4_20260313-190625,465,3.3165815559344907,7.870545160498088,0.682023742227247,0.3720910177334882,0.023752834682276142,0.12467238809805231,3.46838522031084,1.1150523890223131e-09,3723.0554535437905,117.7747956383598,0.0039006802425193194,"[[0.008157842646065954, 0.009418047467233214, -0.003117068088257516], [0.009418047467233214, 0.0285515292989503, -0.03828199610985111], [-0.003117068088257516, -0.03828199610985111, 0.06944706613476416]]",1.0252932254781981,0.07113047716989819,-1.405021259560923
2026-03-17 17:35:02,GPR_Optimization_h_mean_0.1_v_mean_1.4_20260313-190625,43,3.3063485919533706,7.866480495019983,0.6819118619917561,0.3743914557188033,0.028336572362880414,0.1292682306243957,2.8713657140050657,1.8564084730423087e-11,43821.6071364615,79.57542921080913,0.036592287763604174,"[[0.008123785858265514, 0.008932989138444048, -0.002266315879438057], [0.008932989138444048, 0.02623009235200523, -0.03476001927274595], [-0.002266315879438057, -0.03476001927274595, 0.06432844344108136]]",1.0339788844613513,0.07203705594209288,-1.4203052364473079
2026-03-17 17:35:02,GPR_Optimization_h_mean_0.1_v_mean_1.4_20260313-190625,554,3.2721868852827574,7.618968010809825,0.690881009073943,0.36717494177080434,0.02600956756680918,0.1262629512838664,3.2848248987215585,2.65070808085395e-15,97110.67927555337,112.9614056916724,0.01821850263333473,"[[0.008157504069870794, 0.009374265865616856, -0.0030559934425260886], [0.009374265865616856, 0.028337668171908723, -0.03800238623014662], [-0.0030559934425260886, -0.03800238623014662, 0.06904141859088408]]",1.0293084093403557,0.070724503179548,-1.4136658561887023
2026-03-17 17:35:02,GPR_Optimization_h_mean_0.1_v_mean_1.4_20260313-190625,294,3.2382140962750676,7.661162395098181,0.6942016448685009,0.35820791275288677,0.025854373979345424,0.1230940053968213,2.8466286606114606,2.5384568589424307e-08,8517.595251604282,95.78174607700244,0.035431744040804534,"[[0.008101113912440039, 0.00879247949646742, -0.001982412458032991], [0.00879247949646742, 0.025709721191749302, -0.033938125126958055], [-0.001982412458032991, -0.033938125126958055, 0.06313863430767042]]",1.0263281221569918,0.07207285982848584,-1.405215278329824
2026-03-17 17:35:05,GPR_Optimization_h_mean_0.15_v_mean_0.2_20260313-200546,193,3.7871567754676954,21.001200975953427,0.005301532227735385,0.9946364702744976,0.00482204880539356,0.058729330696720816,2.057482766076987,3.3819024075859097e-15,89622.56150926636,99.50206162033196,0.001721451301887418,"[[0.007972158048849657, 0.009348776740287015, -0.004502400363128194], [0.009348776740287015, 0.020373623584970385, -0.026887506941087626], [-0.004502400363128194, -0.026887506941087626, 0.05467955943648898]]",0.5719610636797641,0.12170494124268526,-0.3830757913506497
2026-03-17 17:35:05,GPR_Optimization_h_mean_0.15_v_mean_0.2_20260313-200546,1027,3.783031944357391,20.95311300346452,0.0077033017611007485,0.9924586597488212,0.004855918809494111,0.056854242872023446,2.0380387785634784,7.590894724041576e-11,81459.68703219814,718.3197397717926,0.015437289010885097,"[[0.008034641345287608, 0.009417255546793016, -0.004578491562278159], [0.009417255546793016, 0.02052001672425557, -0.027216992104955717], [-0.004578491562278159, -0.027216992104955717, 0.05566214314636426]]",0.5713956599837559,0.12202440756523644,-0.3806064419813521
2026-03-17 17:35:05,GPR_Optimization_h_mean_0.15_v_mean_0.2_20260313-200546,246,3.782931998028189,20.95513760219688,0.007018902630878331,0.9929112407064085,0.004624688904297869,0.059297625674661764,2.073213288667338,4.76197318717654e-15,78645.51969121378,89.4870797403098,0.0026124082720584405,"[[0.007992876883069048, 0.009239297903024066, -0.004173176561356062], [0.009239297903024066, 0.01998631922495525, -0.026133086444460524], [-0.004173176561356062, -0.026133086444460524, 0.053372031572835134]]",0.5721486788182933,0.12194036818674314,-0.3836390703868273
2026-03-17 17:35:05,GPR_Optimization_h_mean_0.15_v_mean_0.2_20260313-200546,898,3.782931998028189,20.95513760219688,0.007018902630878331,0.9929112407064085,0.004624688904297869,0.059297625674661764,2.073213288667338,4.76197318717654e-15,78645.51969121378,89.4870797403098,0.0026124082720584405,"[[0.007992876883069048, 0.009239297903024066, -0.004173176561356062], [0.009239297903024066, 0.01998631922495525, -0.026133086444460524], [-0.004173176561356062, -0.026133086444460524, 0.053372031572835134]]",0.5721486788182933,0.12194036818674314,-0.3836390703868273
2026-03-17 17:35:05,GPR_Optimization_h_mean_0.15_v_mean_0.2_20260313-200546,1513,3.782931998028189,20.95513760219688,0.007018902630878331,0.9929112407064085,0.004624688904297869,0.059297625674661764,2.073213288667338,4.76197318717654e-15,78645.51969121378,89.4870797403098,0.0026124082720584405,"[[0.007992876883069048, 0.009239297903024066, -0.004173176561356062], [0.009239297903024066, 0.01998631922495525, -0.026133086444460524], [-0.004173176561356062, -0.026133086444460524, 0.053372031572835134]]",0.5721486788182933,0.12194036818674314,-0.3836390703868273
2026-03-17 17:35:05,GPR_Optimization_h_mean_0.15_v_mean_0.2_20260313-200546,1362,3.7828116201939355,20.9558151691258,0.00736800009694737,0.9928137402377933,0.0047171624305152645,0.0589924744604273,2.0380387785634784,6.8733479653038544e-09,81459.68703219814,718.3197397717926,0.015437289010885097,"[[0.00805193605109403, 0.009396787549465734, -0.004491001119584409], [0.009396787549465734, 0.020491963343288563, -0.02716944270553086], [-0.004491001119584409, -0.02716944270553086, 0.05559418218514148]]",0.5713281856653565,0.12172789752894288,-0.38120692500350956
2026-03-17 17:35:05,GPR_Optimization_h_mean_0.15_v_mean_0.2_20260313-200546,1400,3.7822433930646886,20.9567926165562,0.007778021602906395,0.9924776868224413,0.00482571173456571,0.0586033696632775,2.073213288667338,4.76197318717654e-15,78645.51969121378,13.199536372003594,0.0026124082720584405,"[[0.008038719973394556, 0.009370972974839598, -0.00446744246827786], [0.009370972974839598, 0.02033323121034837, -0.02691757953729989], [-0.00446744246827786, -0.02691757953729989, 0.05524026401899027]]",0.5721328168204656,0.12193352015194568,-0.38229658903143643
2026-03-17 17:35:05,GPR_Optimization_h_mean_0.15_v_mean_0.2_20260313-200546,1593,3.7822433930646886,20.9567926165562,0.007778021602906395,0.9924776868224413,0.00482571173456571,0.0586033696632775,2.073213288667338,4.76197318717654e-15,78645.51969121378,13.199536372003594,0.0026124082720584405,"[[0.008038719973394556, 0.009370972974839598, -0.00446744246827786], [0.009370972974839598, 0.02033323121034837, -0.02691757953729989], [-0.00446744246827786, -0.02691757953729989, 0.05524026401899027]]",0.5721328168204656,0.12193352015194568,-0.38229658903143643
2026-03-17 17:35:05,GPR_Optimization_h_mean_0.15_v_mean_0.2_20260313-200546,270,3.7817273301005,20.954114136847366,0.007830085925208763,0.9924185652545671,0.0047530298025881155,0.059433619750695874,2.0344585329365907,3.0595083725812438e-15,62318.610667954075,191.03388914947757,0.010044677354122922,"[[0.007994443636037359, 0.009301252371943954, -0.004311928198280963], [0.009301252371943954, 0.020271147605332274, -0.026701808842139456], [-0.004311928198280963, -0.026701808842139456, 0.05462333363186461]]",0.5716262625915266,0.12201656404919317,-0.3819287061942893
2026-03-17 17:35:05,GPR_Optimization_h_mean_0.15_v_mean_0.2_20260313-200546,238,3.7811064249472723,20.95495368986815,0.007809847198641765,0.9922670533065735,0.004897360637093441,0.05978656318214892,2.070639774334982,6.338990182858536e-14,63775.09055063201,103.663909861444,0.011301927163197301,"[[0.008025598023619643, 0.009415651298143658, -0.004563253006090359], [0.009415651298143658, 0.020483053684327502, -0.02707295045376153], [-0.004563253006090359, -0.02707295045376153, 0.055192076844810936]]",0.5715710133445286,0.12189498052088267,-0.38151341030762337
2026-03-17 17:35:08,GPR_Optimization_h_mean_0.15_v_mean_0.5_20260313-210442,607,3.4648957705625687,20.824394163044996,0.013588958970836196,0.9867151653566588,0.01071345277329762,0.06831949041403859,2.0193299413376344,3.49390873786755e-14,9190.633963722621,168.19226693912154,0.0016797332077385136,"[[0.00823214643844883, 0.009888377392920677, -0.004153664641290367], [0.009888377392920677, 0.024350024690779907, -0.03058025743589571], [-0.004153664641290367, -0.03058025743589571, 0.05534135293451756]]",0.7157728746376885,0.1196620686978053,-0.6873662132880716
2026-03-17 17:35:08,GPR_Optimization_h_mean_0.15_v_mean_0.5_20260313-210442,433,3.4577141239330307,20.747186338716403,0.018851178198637415,0.9822088100175321,0.009273191081853696,0.06825426589161823,2.052315159038506,9.000295288059734e-07,5776.234975514169,38.8392079763723,0.003630760583889767,"[[0.008282355564834375, 0.01012044999064576, -0.004506278931665139], [0.01012044999064576, 0.0245739110904521, -0.030574956128064643], [-0.004506278931665139, -0.030574956128064643, 0.05468363560064247]]",0.7149734987834104,0.1194617352894937,-0.6861736307027023
2026-03-17 17:35:08,GPR_Optimization_h_mean_0.15_v_mean_0.5_20260313-210442,109,3.4481140093945486,20.595567546705787,0.025289580140204528,0.9761085638674694,0.008048282080414849,0.06782833739541194,2.368892930533352,2.3201367949444317e-10,49315.33687633308,63.69131266926516,0.08322767140110728,"[[0.00834408868698321, 0.010580448127679472, -0.005439803333285744], [0.010580448127679472, 0.02665880673229906, -0.034233845888162084], [-0.005439803333285744, -0.034233845888162084, 0.06092456964549526]]",0.7095353381642872,0.11846014230986723,-0.6765185951168087
2026-03-17 17:35:08,GPR_Optimization_h_mean_0.15_v_mean_0.5_20260313-210442,58,3.4473299789034813,20.65367070417092,0.021975688067663632,0.9788811975743158,0.010167806324162863,0.06830078832627463,2.0560434034739585,1.493257893650836e-06,50263.49884191989,83.89195785532382,0.004921772782779715,"[[0.008180148966973312, 0.009755459666985055, -0.004015963355459494], [0.009755459666985055, 0.02418020505692324, -0.030582770972304513], [-0.004015963355459494, -0.030582770972304513, 0.05578562206184905]]",0.7140611354495962,0.11878292500209733,-0.6855781255488538
2026-03-17 17:35:08,GPR_Optimization_h_mean_0.15_v_mean_0.5_20260313-210442,1604,3.443144886958861,20.602155605125397,0.025548591310464372,0.9765349096203174,0.010483120817574158,0.06799140843832037,2.052315159038506,6.848382749185647e-08,7555.443269411908,553.3624733466826,0.0012862840348389533,"[[0.008262969929401223, 0.009982034894505717, -0.004283165358020819], [0.009982034894505717, 0.024587379596805018, -0.030862121040472073], [-0.004283165358020819, -0.030862121040472073, 0.055655114638571916]]",0.7141166570157971,0.11887394317745606,-0.6856672195324385
2026-03-17 17:35:08,GPR_Optimization_h_mean_0.15_v_mean_0.5_20260313-210442,922,3.44108682107639,20.5981812368005,0.025196179206257677,0.9763308099471414,0.0095857029039042,0.06849349412089152,2.052315159038506,9.000295288059734e-07,5776.234975514169,46.169117963123966,0.003630760583889767,"[[0.008234857693722657, 0.01004063463614362, -0.004489900266190218], [0.01004063463614362, 0.024878382327441297, -0.03149997661401854], [-0.004489900266190218, -0.03149997661401854, 0.05687845444569504]]",0.7136118534059194,0.11898588214175602,-0.6840597160201716
2026-03-17 17:35:08,GPR_Optimization_h_mean_0.15_v_mean_0.5_20260313-210442,98,3.44108682107639,20.5981812368005,0.025196179206257677,0.9763308099471414,0.0095857029039042,0.06849349412089152,2.052315159038506,9.000295288059734e-07,5776.234975514169,46.169117963123966,0.003630760583889767,"[[0.008234857693722657, 0.01004063463614362, -0.004489900266190218], [0.01004063463614362, 0.024878382327441297, -0.03149997661401854], [-0.004489900266190218, -0.03149997661401854, 0.05687845444569504]]",0.7136118534059194,0.11898588214175602,-0.6840597160201716
2026-03-17 17:35:08,GPR_Optimization_h_mean_0.15_v_mean_0.5_20260313-210442,867,3.44108682107639,20.5981812368005,0.025196179206257677,0.9763308099471414,0.0095857029039042,0.06849349412089152,2.052315159038506,9.000295288059734e-07,5776.234975514169,46.169117963123966,0.003630760583889767,"[[0.008234857693722657, 0.01004063463614362, -0.004489900266190218], [0.01004063463614362, 0.024878382327441297, -0.03149997661401854], [-0.004489900266190218, -0.03149997661401854, 0.05687845444569504]]",0.7136118534059194,0.11898588214175602,-0.6840597160201716
2026-03-17 17:35:08,GPR_Optimization_h_mean_0.15_v_mean_0.5_20260313-210442,214,3.439833103827465,20.456763397477275,0.03206232676604989,0.9692052190101365,0.008716497702311381,0.06642195420381053,2.3108915733305997,7.15470812928755e-08,39915.235092299554,154.42428722453016,0.007613487646998888,"[[0.008156048134953938, 0.010035562004579298, -0.0046018192158389214], [0.010035562004579298, 0.025007813099381097, -0.03177785659298457], [-0.0046018192158389214, -0.03177785659298457, 0.057297817704111347]]",0.7145536288718682,0.11980119130317775,-0.6844946210597949
2026-03-17 17:35:08,GPR_Optimization_h_mean_0.15_v_mean_0.5_20260313-210442,1829,3.4394945871511444,20.501141937600647,0.028103485032793668,0.9735262392627246,0.010319056110149742,0.06743080723843443,2.052315159038506,3.6378205441293523e-09,1347.8846440436882,25.683387740184354,0.0012862840348389533,"[[0.008174569024169128, 0.010007219265587558, -0.004493569542294175], [0.010007219265587558, 0.024909241869049626, -0.031501579346737994], [-0.004493569542294175, -0.031501579346737994, 0.05658965091172804]]",0.7131217766735768,0.11886021555352777,-0.6837091875062896
2026-03-17 17:35:10,GPR_Optimization_h_mean_0.15_v_mean_0.8_20260313-220329,137,3.3903001007264137,17.77870112505715,0.1648390091629553,0.8508812596708621,0.012854503883057153,0.07171593493090782,2.786141834405605,6.820183481959518e-08,900.9922942787297,45.536566802153,0.0029399284224556226,"[[0.00850299120250134, 0.010845017557497729, -0.005090868651537085], [0.010845017557497729, 0.026857664716121433, -0.032284731032913856], [-0.005090868651537085, -0.032284731032913856, 0.054271778425836824]]",0.8449803465938803,0.11637200954183859,-0.9553122973609723
2026-03-17 17:35:10,GPR_Optimization_h_mean_0.15_v_mean_0.8_20260313-220329,262,3.378701952545352,18.290601999997723,0.14718398335652433,0.8613324262802362,0.015687725603816118,0.0780973481215298,2.4365805563674883,6.11581575229495e-10,788.4803617726242,61.997143494196386,0.006024997160268439,"[[0.00847489864491955, 0.010545474204890791, -0.0045616547154165915], [0.010545474204890791, 0.024875036931521495, -0.028867317773624855], [-0.0045616547154165915, -0.028867317773624855, 0.048337934749495964]]",0.8464424098176986,0.11658814705651746,-0.9577565221524009
2026-03-17 17:35:10,GPR_Optimization_h_mean_0.15_v_mean_0.8_20260313-220329,1456,3.3683997980362324,17.758001852695696,0.16484066439430828,0.8514115648825169,0.013513611073377651,0.07512308607909972,2.8528817635266637,1.288248069269625e-11,867.2218333535435,818.578210839423,0.00496137579852617,"[[0.00859367482776517, 0.010942885083207154, -0.005119530396617603], [0.010942885083207154, 0.02655585735220318, -0.031492359741161415], [-0.005119530396617603, -0.031492359741161415, 0.05260854186668826]]",0.8436784708475422,0.11598526410599917,-0.9534362180447864
2026-03-17 17:35:10,GPR_Optimization_h_mean_0.15_v_mean_0.8_20260313-220329,1790,3.3640229921583797,17.579680952698094,0.17714519492174097,0.8411728311081458,0.013363276990962831,0.07156808403938027,3.115822502985561,5.13418254546419e-12,10583.228911149097,456.07215835364195,0.0030552007366483015,"[[0.008398743429027931, 0.010481220441778492, -0.004594122739718895], [0.010481220441778492, 0.02554495558148913, -0.03035123894334489], [-0.004594122739718895, -0.03035123894334489, 0.051269476512141615]]",0.8502774424244818,0.11731893275013518,-0.963937794157305
2026-03-17 17:35:10,GPR_Optimization_h_mean_0.15_v_mean_0.8_20260313-220329,87,3.36246284664801,17.689959882073197,0.17433256142031994,0.842853400316369,0.01442473841215568,0.07247997018818707,2.8657793279505683,2.6073478784930548e-08,1160.7382225646538,51.14525363952436,0.001331777179659203,"[[0.008431165096149985, 0.010399378737803527, -0.004354254493382273], [0.010399378737803527, 0.02511964875456461, -0.029671717991417976], [-0.004354254493382273, -0.029671717991417976, 0.05041598402216138]]",0.8491904037368931,0.11781192750858809,-0.960828594064047
2026-03-17 17:35:10,GPR_Optimization_h_mean_0.15_v_mean_0.8_20260313-220329,263,3.349810531494729,17.38874062729688,0.18724362583447277,0.8328562134947903,0.01309251909853658,0.07025657524330411,3.007956953540548,5.949423112886511e-07,1449.3714356197145,42.40783915552294,0.0045469180049343885,"[[0.008493071963711915, 0.011078517775816145, -0.005579205694746582], [0.011078517775816145, 0.027173629641762353, -0.03245074860890457], [-0.005579205694746582, -0.03245074860890457, 0.05363009684612474]]",0.8459501971936185,0.11696340091090668,-0.9561050948027313
2026-03-17 17:35:10,GPR_Optimization_h_mean_0.15_v_mean_0.8_20260313-220329,7,3.344159625305494,17.53829707828669,0.17730778405025047,0.8390198430286546,0.014106109447013836,0.07358670589170709,2.8906106864139565,1.5105995915624403e-07,1503.170446843263,88.07222421108548,0.002298195167511769,"[[0.008513131625076891, 0.010685340524981345, -0.0047650698048666415], [0.010685340524981345, 0.025847203915567506, -0.030558548774494838], [-0.0047650698048666415, -0.030558548774494838, 0.051388088505465106]]",0.8483529079276617,0.11679009904611895,-0.9611727418807192
2026-03-17 17:35:10,GPR_Optimization_h_mean_0.15_v_mean_0.8_20260313-220329,1639,3.342179275359085,17.40408341014473,0.18213634413216048,0.8367624932509218,0.012599427064817153,0.07305299291997426,3.115822502985561,1.2735180631716592e-09,10583.228911149097,456.07215835364195,0.019477304580418544,"[[0.008590027109590816, 0.011039785961921554, -0.005332650290028945], [0.011039785961921554, 0.02742581782237128, -0.03305633870307591], [-0.005332650290028945, -0.03305633870307591, 0.05536076964178484]]",0.8447186799168386,0.11650663745665125,-0.9544301779574138
2026-03-17 17:35:10,GPR_Optimization_h_mean_0.15_v_mean_0.8_20260313-220329,835,3.340131525311466,17.47834428885336,0.18007943701018286,0.83652317898485,0.013057132548781795,0.07337260755984433,2.8772834721135356,7.333606698557494e-09,8059.186948263534,14.786048974891864,0.01289633176447406,"[[0.00851576079990032, 0.010826964330859166, -0.005011491603427555], [0.010826964330859166, 0.026212728105682582, -0.03097955616877631], [-0.005011491603427555, -0.03097955616877631, 0.0517402343976437]]",0.8470264324670513,0.11640510063154229,-0.9594215520647879
2026-03-17 17:35:10,GPR_Optimization_h_mean_0.15_v_mean_0.8_20260313-220329,1855,3.340131525311466,17.47834428885336,0.18007943701018286,0.83652317898485,0.013057132548781795,0.07337260755984433,2.8772834721135356,7.333606698557494e-09,8059.186948263534,14.786048974891864,0.01289633176447406,"[[0.00851576079990032, 0.010826964330859166, -0.005011491603427555], [0.010826964330859166, 0.026212728105682582, -0.03097955616877631], [-0.005011491603427555, -0.03097955616877631, 0.0517402343976437]]",0.8470264324670513,0.11640510063154229,-0.9594215520647879
2026-03-17 17:35:13,GPR_Optimization_h_mean_0.15_v_mean_1.1_20260313-230217,50,3.370530923478616,13.06890139567076,0.42159988358710465,0.6159547883105901,0.021672421934926567,0.06355085788366648,2.8233935850512855,5.68317191108088e-12,20555.541290458616,389.9249381825364,0.001994273856447714,"[[0.00816919634714894, 0.010052103480839708, -0.004094606825994585], [0.010052103480839708, 0.02396591568663491, -0.02797060517282031], [-0.004094606825994585, -0.02797060517282031, 0.04748465080540229]]",0.975084268089192,0.11792395486908656,-1.2127925396020738
2026-03-17 17:35:13,GPR_Optimization_h_mean_0.15_v_mean_1.1_20260313-230217,339,3.370530923478616,13.06890139567076,0.42159988358710465,0.6159547883105901,0.021672421934926567,0.06355085788366648,2.8233935850512855,5.68317191108088e-12,20555.541290458616,389.9249381825364,0.001994273856447714,"[[0.00816919634714894, 0.010052103480839708, -0.004094606825994585], [0.010052103480839708, 0.02396591568663491, -0.02797060517282031], [-0.004094606825994585, -0.02797060517282031, 0.04748465080540229]]",0.975084268089192,0.11792395486908656,-1.2127925396020738
2026-03-17 17:35:13,GPR_Optimization_h_mean_0.15_v_mean_1.1_20260313-230217,250,3.364749510443135,12.987022320135976,0.41911597631554326,0.6168490006163208,0.021651478685335804,0.06454415440341099,2.8952676038024667,9.783959489899316e-11,44139.277578338006,771.6790169555212,0.007930106591818373,"[[0.00838143004352864, 0.010607733898037265, -0.004802933193948274], [0.010607733898037265, 0.025344708844267424, -0.02962407434398473], [-0.004802933193948274, -0.02962407434398473, 0.04935570555596524]]",0.9747301078904738,0.11687489586006995,-1.214097143015959
2026-03-17 17:35:13,GPR_Optimization_h_mean_0.15_v_mean_1.1_20260313-230217,444,3.3479875741852165,12.827784786962953,0.4272250747389165,0.6101067787757511,0.018684449210128705,0.06382636440416661,2.813058830819905,1.7060327351860595e-11,22108.977460624392,103.12946581569507,0.05154433481070083,"[[0.008253597262634865, 0.010514784741817215, -0.004841497219059002], [0.010514784741817215, 0.02524539891962309, -0.02959938174813563], [-0.004841497219059002, -0.02959938174813563, 0.049254034048854124]]",0.9685448620494147,0.11631653415303556,-1.2029660574759864
2026-03-17 17:35:13,GPR_Optimization_h_mean_0.15_v_mean_1.1_20260313-230217,111,3.3423964498795145,13.029349201893409,0.4239228920725382,0.60666571880265,0.025569448823845656,0.06221685291452733,2.270453635825831,6.7279286383271005e-09,27443.42510499839,811.1541872059539,0.0021186666032628493,"[[0.00808399168306528, 0.009417803941474788, -0.003016327601551309], [0.009417803941474788, 0.020961354829554305, -0.02326702640722493], [-0.003016327601551309, -0.02326702640722493, 0.04027062563140033]]",0.9817525103310378,0.1209959542465848,-1.219933244085723
2026-03-17 17:35:13,GPR_Optimization_h_mean_0.15_v_mean_1.1_20260313-230217,382,3.327993358570235,12.635156661277785,0.43492493660866416,0.6044929030952569,0.021037246528178837,0.06288152192870655,3.190248151916628,2.312879386153581e-13,62943.649870557725,824.1094459691295,0.013800950435827847,"[[0.00826472830559373, 0.010681287450843931, -0.005167893104155083], [0.010681287450843931, 0.026925995707039616, -0.032628514436525397], [-0.005167893104155083, -0.032628514436525397, 0.05463878451861169]]",0.9700242618097877,0.11617458989626415,-1.2061423301469494
2026-03-17 17:35:13,GPR_Optimization_h_mean_0.15_v_mean_1.1_20260313-230217,1671,3.3145692437142853,12.29829387228333,0.44121136094029095,0.607062228105479,0.01676725168368767,0.06581764136407642,4.25696995784102,2.523571601951781e-08,95744.31991993249,347.9746679706839,0.0091050757589731,"[[0.008404743188896032, 0.011214246866710003, -0.005950278981624203], [0.011214246866710003, 0.029033348213653574, -0.035748144706657325], [-0.005950278981624203, -0.035748144706657325, 0.05926570002776822]]",0.9657368555427949,0.11238767738664632,-1.205124275621058
2026-03-17 17:35:13,GPR_Optimization_h_mean_0.15_v_mean_1.1_20260313-230217,154,3.3082129108861222,12.211960097851644,0.44661047903786577,0.6025320641135823,0.018050352667326,0.06400248921116357,4.014834466117488,8.067167037092044e-14,32677.755520062638,203.56051257012328,0.004218632029661534,"[[0.008310052407707064, 0.011155347564361776, -0.005982166016461929], [0.011155347564361776, 0.029657730494522073, -0.03709689871683016], [-0.005982166016461929, -0.03709689871683016, 0.06192763283614031]]",0.9651528317799645,0.1132511837262473,-1.202394553713178
2026-03-17 17:35:13,GPR_Optimization_h_mean_0.15_v_mean_1.1_20260313-230217,82,3.3069667838684973,12.591976246210402,0.4426209934196561,0.6025167307244323,0.019465894889453307,0.06516663128847379,3.3986081302523363,2.354744238754932e-12,48223.72399103719,789.3806556250674,0.001296095664448823,"[[0.008304193099680042, 0.010660863806015036, -0.0050308589695024315], [0.010660863806015036, 0.0262264648326217, -0.03126171455892228], [-0.0050308589695024315, -0.03126171455892228, 0.052187709999453505]]",0.9703281649959947,0.11628449619270181,-1.2065880282030883
2026-03-17 17:35:13,GPR_Optimization_h_mean_0.15_v_mean_1.1_20260313-230217,865,3.299969920272702,12.561777352831474,0.4396781413194074,0.6033039495668013,0.020439734240469586,0.06625013321965256,3.2197146608726976,7.350590319317752e-12,22108.977460624392,103.12946581569507,0.0012911968661461423,"[[0.00846485096738166, 0.010775650476438262, -0.00497838330113463], [0.010775650476438262, 0.026344322004314125, -0.03128071218533003], [-0.00497838330113463, -0.03128071218533003, 0.052293874509838134]]",0.972200846719058,0.11687914949233386,-1.2089986319524237
2026-03-17 17:35:16,GPR_Optimization_h_mean_0.15_v_mean_1.4_20260314-000123,1294,3.7623703676344893,7.878366487052308,0.658309220942294,0.4031470633154491,0.020060910214387013,0.05414369165256319,4.471690063886814,1.0846859332721755e-15,9046.574024393503,79.92786364331532,0.0038541136851773274,"[[0.008137645369730542, 0.011477370909624113, -0.00691988759760388], [0.011477370909624113, 0.032220993779662005, -0.04153520406839153], [-0.00691988759760388, -0.04153520406839153, 0.06892300138078525]]",1.0731679462377928,0.10926743693508108,-1.4266213442997728
2026-03-17 17:35:16,GPR_Optimization_h_mean_0.15_v_mean_1.4_20260314-000123,559,3.7362311880022405,7.893539407917297,0.6585801838610827,0.39790371922074447,0.02096950523602302,0.054230955324982524,3.929929606687014,1.3475438670646636e-08,5044.669072693412,17.66139255046069,0.0038541136851773274,"[[0.008200868407440685, 0.01098214154730933, -0.005813933296787964], [0.01098214154730933, 0.031020383878960705, -0.04012357906738475], [-0.005813933296787964, -0.04012357906738475, 0.06829355579658884]]",1.0745199783437984,0.11113808351660363,-1.425548098754541
2026-03-17 17:35:16,GPR_Optimization_h_mean_0.15_v_mean_1.4_20260314-000123,438,3.72454373633758,7.704791620620602,0.6656258559298822,0.39667050651449043,0.01855566728612868,0.054669953437414404,4.85658544912155,8.559534585027884e-09,28575.630195518188,151.5088501048228,0.0027865397435114037,"[[0.008247542288845545, 0.011780578149599239, -0.007297383102549851], [0.011780578149599239, 0.032981848950954434, -0.04244516069514026], [-0.007297383102549851, -0.04244516069514026, 0.06999632634186417]]",1.0706784715374003,0.1068490031637085,-1.4265169343676751
2026-03-17 17:35:16,GPR_Optimization_h_mean_0.15_v_mean_1.4_20260314-000123,930,3.72454373633758,7.704791620620602,0.6656258559298822,0.39667050651449043,0.01855566728612868,0.054669953437414404,4.85658544912155,8.559534585027884e-09,28575.630195518188,151.5088501048228,0.0027865397435114037,"[[0.008247542288845545, 0.011780578149599239, -0.007297383102549851], [0.011780578149599239, 0.032981848950954434, -0.04244516069514026], [-0.007297383102549851, -0.04244516069514026, 0.06999632634186417]]",1.0706784715374003,0.1068490031637085,-1.4265169343676751
2026-03-17 17:35:16,GPR_Optimization_h_mean_0.15_v_mean_1.4_20260314-000123,1388,3.72454373633758,7.704791620620602,0.6656258559298822,0.39667050651449043,0.01855566728612868,0.054669953437414404,4.85658544912155,8.559534585027884e-09,28575.630195518188,151.5088501048228,0.0027865397435114037,"[[0.008247542288845545, 0.011780578149599239, -0.007297383102549851], [0.011780578149599239, 0.032981848950954434, -0.04244516069514026], [-0.007297383102549851, -0.04244516069514026, 0.06999632634186417]]",1.0706784715374003,0.1068490031637085,-1.4265169343676751
2026-03-17 17:35:16,GPR_Optimization_h_mean_0.15_v_mean_1.4_20260314-000123,786,3.72454373633758,7.704791620620602,0.6656258559298822,0.39667050651449043,0.01855566728612868,0.054669953437414404,4.85658544912155,8.559534585027884e-09,28575.630195518188,151.5088501048228,0.0027865397435114037,"[[0.008247542288845545, 0.011780578149599239, -0.007297383102549851], [0.011780578149599239, 0.032981848950954434, -0.04244516069514026], [-0.007297383102549851, -0.04244516069514026, 0.06999632634186417]]",1.0706784715374003,0.1068490031637085,-1.4265169343676751
2026-03-17 17:35:16,GPR_Optimization_h_mean_0.15_v_mean_1.4_20260314-000123,691,3.72454373633758,7.704791620620602,0.6656258559298822,0.39667050651449043,0.01855566728612868,0.054669953437414404,4.85658544912155,8.559534585027884e-09,28575.630195518188,151.5088501048228,0.0027865397435114037,"[[0.008247542288845545, 0.011780578149599239, -0.007297383102549851], [0.011780578149599239, 0.032981848950954434, -0.04244516069514026], [-0.007297383102549851, -0.04244516069514026, 0.06999632634186417]]",1.0706784715374003,0.1068490031637085,-1.4265169343676751
2026-03-17 17:35:16,GPR_Optimization_h_mean_0.15_v_mean_1.4_20260314-000123,1867,3.700338289993737,7.605515680680779,0.6743533895997822,0.3926347010389286,0.019574728032676618,0.05412469371086306,4.85658544912155,4.963272529472986e-10,54520.57618419386,275.1416594509654,0.00211658378329897,"[[0.00829093680653885, 0.011899575459548964, -0.007449281387599596], [0.011899575459548964, 0.03334672969830032, -0.042934024266605315], [-0.007449281387599596, -0.042934024266605315, 0.07066079372654899]]",1.0723344655397706,0.10731169797487104,-1.4288930803105642
2026-03-17 17:35:16,GPR_Optimization_h_mean_0.15_v_mean_1.4_20260314-000123,73,3.6971544522785758,7.884321600327911,0.6662442473154139,0.3901165709140691,0.02191286446403714,0.053078103114786904,3.7743349984463346,5.481662957193861e-09,56674.275721318685,81.0550784915369,0.0016480720405390853,"[[0.007980059330086744, 0.010600551884052303, -0.005488256510856783], [0.010600551884052303, 0.030156511749701527, -0.039168177578127746], [-0.005488256510856783, -0.039168177578127746, 0.06705402278135786]]",1.0744267424166034,0.11240393722098022,-1.4228399315650029
2026-03-17 17:35:16,GPR_Optimization_h_mean_0.15_v_mean_1.4_20260314-000123,908,3.691584693681089,7.730395166668064,0.6617798493306596,0.38992381170910456,0.02151881998420374,0.05132513142919083,3.609518961996883,2.8017407935824267e-08,9372.37414930529,175.635783280206,0.03360800441300125,"[[0.008162780541621392, 0.010914853370818637, -0.005719900897653656], [0.010914853370818637, 0.03158303425878571, -0.04136346663289923], [-0.005719900897653656, -0.04136346663289923, 0.0709802899609068]]",1.0680621524983045,0.11184783528944041,-1.411370760049547
2026-03-17 17:35:19,GPR_Optimization_h_mean_0.2_v_mean_0.2_20260314-010023,338,3.7944121125852606,20.99883432762126,0.005486032107192517,0.9944721617778223,0.004167352062887617,0.021653394008342815,2.0246391224068994,2.1368617856304983e-06,64149.672275328085,137.90379909355633,0.0023498462204949834,"[[0.0086062721245838, 0.01050938152474153, -0.005292459961828891], [0.01050938152474153, 0.02183444882482551, -0.026488463766630485], [-0.005292459961828891, -0.026488463766630485, 0.049676313363360945]]",0.6196420313169236,0.16961385366399453,-0.38779380638536626
2026-03-17 17:35:19,GPR_Optimization_h_mean_0.2_v_mean_0.2_20260314-010023,493,3.7941331576392265,20.998831999503537,0.0058042163668673855,0.9943371682238782,0.004276417897908857,0.021452588245822628,2.0550312184976787,1.0459400404547871e-14,16877.91513258752,889.9552823559426,0.050962050966962644,"[[0.008758244906824211, 0.011228622915669654, -0.006572226800009761], [0.011228622915669654, 0.023407572428697405, -0.028469717715758475], [-0.006572226800009761, -0.028469717715758475, 0.05134950085113263]]",0.6172235462499874,0.16844569970650453,-0.3845802228248139
2026-03-17 17:35:19,GPR_Optimization_h_mean_0.2_v_mean_0.2_20260314-010023,1871,3.7939912529620146,21.000722902660293,0.006197218871039431,0.9943673993151002,0.0042631627600663215,0.021931551209600608,2.003735902831514,8.215167063195148e-12,14304.562046430949,20.407992928238926,0.01796563487871623,"[[0.008670048899975608, 0.0108260871671109, -0.005850280311311453], [0.0108260871671109, 0.022605374500631565, -0.027519410047120746], [-0.005850280311311453, -0.027519410047120746, 0.05083186789950633]]",0.6190253965787177,0.16945292110467053,-0.38656244139775886
2026-03-17 17:35:19,GPR_Optimization_h_mean_0.2_v_mean_0.2_20260314-010023,777,3.7920114396109312,20.955311492784148,0.0068038542360719595,0.993274560823629,0.004187271400852007,0.020373122853774794,2.1514968808128914,6.8928674297419715e-15,141.51959447278284,41.505536212284625,0.0010388628107301718,"[[0.008769812501932057, 0.011255564216082897, -0.00665591886495504], [0.011255564216082897, 0.023391394100579693, -0.02846847806311315], [-0.00665591886495504, -0.02846847806311315, 0.05133288484535226]]",0.6184921683158796,0.16910945037059738,-0.38587429210075447
2026-03-17 17:35:19,GPR_Optimization_h_mean_0.2_v_mean_0.2_20260314-010023,459,3.783489037205686,20.867918906751243,0.010650161005375199,0.9896946648781866,0.004204406569536739,0.020485897933868766,2.0818515632056034,1.0459400404547871e-14,16877.91513258752,55.548281626983794,0.0014593477983345104,"[[0.008607114712441263, 0.010480809902448374, -0.0052100027353887265], [0.010480809902448374, 0.021667118503968325, -0.02614484717027986], [-0.0052100027353887265, -0.02614484717027986, 0.049013731504050646]]",0.619787349327195,0.16982526797749284,-0.38787432233377
2026-03-17 17:35:19,GPR_Optimization_h_mean_0.2_v_mean_0.2_20260314-010023,827,3.7834315981683813,20.8700433035895,0.009866139102284115,0.9903068159239256,0.004815821779218892,0.021877649597903445,2.0550312184976787,1.5650738617264058e-15,10516.171746406544,109.7430141456767,0.14059896439815384,"[[0.008906528104833401, 0.011386613256894504, -0.006609774549388745], [0.011386613256894504, 0.023584901152938997, -0.02852656990391096], [-0.006609774549388745, -0.02852656990391096, 0.05138928824889326]]",0.6161456177964623,0.16799499749399818,-0.3833798802668245
2026-03-17 17:35:19,GPR_Optimization_h_mean_0.2_v_mean_0.2_20260314-010023,824,3.7828699232223535,20.872503483202912,0.010331423895253683,0.9896850494383835,0.0042866916494318655,0.021634615384615384,2.0550312184976787,5.868871984128502e-10,16877.91513258752,190.1777120276503,0.06007071964303487,"[[0.00890431379983836, 0.01130826640106758, -0.006464596260327455], [0.01130826640106758, 0.023406389471165034, -0.028334986266858278], [-0.006464596260327455, -0.028334986266858278, 0.05137905140154446]]",0.6172070354541095,0.16857330383446464,-0.38435320847710663
2026-03-17 17:35:19,GPR_Optimization_h_mean_0.2_v_mean_0.2_20260314-010023,472,3.782866513482067,20.881947490189965,0.01080555128796026,0.9895434374015236,0.004269099511642875,0.021380652429968762,2.0550312184976787,5.868871984128502e-10,16877.91513258752,564.5093089982299,0.050962050966962644,"[[0.008881554734077321, 0.011206249759532622, -0.00624739630599503], [0.011206249759532622, 0.02316412931485016, -0.02798950364963162], [-0.00624739630599503, -0.02798950364963162, 0.05106413853307854]]",0.6179650331071601,0.16894310055290962,-0.385220828795565
2026-03-17 17:35:19,GPR_Optimization_h_mean_0.2_v_mean_0.2_20260314-010023,545,3.782866513482067,20.881947490189965,0.01080555128796026,0.9895434374015236,0.004269099511642875,0.021380652429968762,2.0550312184976787,5.868871984128502e-10,16877.91513258752,564.5093089982299,0.050962050966962644,"[[0.008881554734077321, 0.011206249759532622, -0.00624739630599503], [0.011206249759532622, 0.02316412931485016, -0.02798950364963162], [-0.00624739630599503, -0.02798950364963162, 0.05106413853307854]]",0.6179650331071601,0.16894310055290962,-0.385220828795565
2026-03-17 17:35:19,GPR_Optimization_h_mean_0.2_v_mean_0.2_20260314-010023,687,3.782815720034413,20.868694655544076,0.010773688711880417,0.9894723095421141,0.004349621874713408,0.020666590076462554,2.0550312184976787,5.868871984128502e-10,16877.91513258752,28.976493943721202,0.050962050966962644,"[[0.008833740318001746, 0.011202423597147734, -0.006323998806535837], [0.011202423597147734, 0.023208036673406908, -0.02800691672966327], [-0.006323998806535837, -0.02800691672966327, 0.05070131703505706]]",0.6176620865570998,0.16879366140537624,-0.38522934445239204
2026-03-17 17:35:22,GPR_Optimization_h_mean_0.2_v_mean_0.5_20260314-015902,115,3.486933072086728,20.60681979867231,0.024715075676938654,0.9765582943976432,0.008514822728957695,0.023858355616708637,2.0528118612978155,5.019940632852241e-13,1440.3471926369587,530.6993873358151,0.0010932019345027493,"[[0.00853945700077406, 0.01063788241321481, -0.004567762281298954], [0.01063788241321481, 0.02445369264755333, -0.02840181463202483], [-0.004567762281298954, -0.02840181463202483, 0.048798507929909196]]",0.7674063109515477,0.16922278007848876,-0.6945693415405497
2026-03-17 17:35:22,GPR_Optimization_h_mean_0.2_v_mean_0.5_20260314-015902,401,3.471063080394056,20.48553407780864,0.027408755825813032,0.9737203097415884,0.007694624519055608,0.02437481441315827,2.3989186028781817,2.0756821742540397e-09,29809.261686432812,114.42849371041436,0.0012827542033374566,"[[0.008601575404694545, 0.010750240001596833, -0.0046888811638814325], [0.010750240001596833, 0.02487504178713607, -0.02909050020231244], [-0.0046888811638814325, -0.02909050020231244, 0.05007489098499286]]",0.7655729136159477,0.16873965307238675,-0.6917452771371652
2026-03-17 17:35:22,GPR_Optimization_h_mean_0.2_v_mean_0.5_20260314-015902,1604,3.4682728338354747,20.462596814759753,0.02965138186873871,0.9717773664405099,0.00829303980487908,0.024207065916503165,2.119724828300621,1.906486468849988e-08,99850.8284520246,10.600384368598073,0.04442028112684195,"[[0.008608799673690886, 0.010795909860404254, -0.00477677201191888], [0.010795909860404254, 0.02519439585960415, -0.0296505977438405], [-0.00477677201191888, -0.0296505977438405, 0.05101771620916022]]",0.7631730728881423,0.16758689223360257,-0.689150819899432
2026-03-17 17:35:22,GPR_Optimization_h_mean_0.2_v_mean_0.5_20260314-015902,1861,3.4658731982715314,20.406260830889682,0.032324450445018284,0.969395050460663,0.00736937264973974,0.024158135511017316,2.228834547930468,9.39889679690705e-08,16877.92070943786,417.41285111248783,0.022496107674481472,"[[0.008621434400603617, 0.010991126273473376, -0.00517653108061195], [0.010991126273473376, 0.02545050222552453, -0.02988204566802482], [-0.00517653108061195, -0.02988204566802482, 0.050899309861164525]]",0.7640599504686268,0.16853719158849537,-0.688876269568904
2026-03-17 17:35:22,GPR_Optimization_h_mean_0.2_v_mean_0.5_20260314-015902,106,3.4649410964514655,20.58737675108323,0.025244792135771174,0.9764250528697574,0.00832772340485019,0.02496172107206732,2.212864641654208,5.3641951940699994e-08,97792.41446506327,54.95670173718175,0.0015554841458686253,"[[0.00857276093235474, 0.010585675644780584, -0.004434404162282295], [0.010585675644780584, 0.024573527849447867, -0.02883742812224334], [-0.004434404162282295, -0.02883742812224334, 0.05009960124936336]]",0.7651386643897475,0.16801104614949078,-0.6922167525815118
2026-03-17 17:35:22,GPR_Optimization_h_mean_0.2_v_mean_0.5_20260314-015902,57,3.4615898179758298,20.513051844695486,0.028592194577476672,0.9736952684044777,0.007242825252084808,0.024932186011499175,2.228834547930468,6.379647737999097e-07,10461.319502073558,663.756891660646,0.00363382668136541,"[[0.008637624556863437, 0.010770638814536708, -0.004666085999295517], [0.010770638814536708, 0.024886677188690566, -0.029089898806783723], [-0.004666085999295517, -0.029089898806783723, 0.05016109656492029]]",0.7649251163397308,0.1693201844916504,-0.6891912176035524
2026-03-17 17:35:22,GPR_Optimization_h_mean_0.2_v_mean_0.5_20260314-015902,102,3.459071796133366,20.27790464514541,0.04008712337291915,0.9625423730602417,0.00809069655094303,0.02356998392366333,2.1394651044314172,1.8655276436213056e-12,13445.695070673728,288.04124937574613,0.0013896619173570262,"[[0.008634056255779895, 0.010764167638021429, -0.004659917482594405], [0.010764167638021429, 0.024846979293465066, -0.029044687384853326], [-0.004659917482594405, -0.029044687384853326, 0.05011992875007757]]",0.7654212789262562,0.1691606691653754,-0.6905059345400362
2026-03-17 17:35:22,GPR_Optimization_h_mean_0.2_v_mean_0.5_20260314-015902,459,3.459071796133366,20.27790464514541,0.04008712337291915,0.9625423730602417,0.00809069655094303,0.02356998392366333,2.1394651044314172,1.8655276436213056e-12,13445.695070673728,288.04124937574613,0.0013896619173570262,"[[0.008634056255779895, 0.010764167638021429, -0.004659917482594405], [0.010764167638021429, 0.024846979293465066, -0.029044687384853326], [-0.004659917482594405, -0.029044687384853326, 0.05011992875007757]]",0.7654212789262562,0.1691606691653754,-0.6905059345400362
2026-03-17 17:35:22,GPR_Optimization_h_mean_0.2_v_mean_0.5_20260314-015902,366,3.4589520122436728,20.289265518407426,0.03813279030856431,0.9636832413067211,0.008536591016224936,0.023644924058677803,2.228834547930468,1.9308869207011226e-05,71538.12671514007,663.756891660646,0.00363382668136541,"[[0.008645880856742507, 0.010914547356084828, -0.004970328739433729], [0.010914547356084828, 0.02519668789662447, -0.029567432152166836], [-0.004970328739433729, -0.029567432152166836, 0.05080827538697184]]",0.767705156356782,0.16985124294966286,-0.693512814206887
2026-03-17 17:35:22,GPR_Optimization_h_mean_0.2_v_mean_0.5_20260314-015902,69,3.458794667083281,20.67679542544557,0.02057148786593512,0.9813935849478722,0.007252830302233853,0.026019170655148707,2.2256156119475254,1.0192247404760763e-13,1959.070918958289,803.9123362780656,0.001658447828513047,"[[0.008528695205833336, 0.010599571600326587, -0.004588603103373748], [0.010599571600326587, 0.024457633546021932, -0.028702442444695133], [-0.004588603103373748, -0.028702442444695133, 0.04976424430876071]]",0.7673426344504483,0.17030093981830507,-0.6918458750975276
2026-03-17 17:35:25,GPR_Optimization_h_mean_0.2_v_mean_0.8_20260314-025750,1242,3.778462906692501,18.336203903070338,0.13580145569966617,0.8801428186987654,0.014356122477775452,0.0264050785311662,2.6629453837049555,6.218245214715536e-12,5954.159427807173,234.22064911399124,0.0023270797853701536,"[[0.008554456470549296, 0.010618832456354229, -0.004269237469267795], [0.010618832456354229, 0.024272342483237713, -0.027393250767511312], [-0.004269237469267795, -0.027393250767511312, 0.046178180631336684]]",0.9089088323676917,0.16703274210688993,-0.9832044748839148
2026-03-17 17:35:25,GPR_Optimization_h_mean_0.2_v_mean_0.8_20260314-025750,105,3.7544463970777313,18.068108238669044,0.1441702550513415,0.870955966284625,0.012902616447605063,0.026830076184166943,2.660169174926163,7.18015705962675e-15,11427.445738309163,700.6238440305254,0.018729376947832006,"[[0.008634688435497232, 0.010824897528439138, -0.004518027899693025], [0.010824897528439138, 0.024745013306254154, -0.02790991907754643], [-0.004518027899693025, -0.02790991907754643, 0.04669183285417596]]",0.9039639734033648,0.1672267074894931,-0.9729327683039706
2026-03-17 17:35:25,GPR_Optimization_h_mean_0.2_v_mean_0.8_20260314-025750,20,3.7521251227892516,18.07342642233731,0.1452353148847188,0.8702209557915932,0.013263698917102126,0.027577872525323847,2.692340951302338,8.139879632414453e-07,45998.101642430905,21.975840319970708,0.01682036632413969,"[[0.00861455179370146, 0.010590258823420632, -0.004104949435694512], [0.010590258823420632, 0.024047217020654658, -0.027002478156483028], [-0.004104949435694512, -0.027002478156483028, 0.04570844236024105]]",0.9058560673411511,0.16664011049740862,-0.9778342729992354
2026-03-17 17:35:25,GPR_Optimization_h_mean_0.2_v_mean_0.8_20260314-025750,1730,3.7515457834090675,17.962244461834576,0.14700274186140377,0.8694023479519692,0.010513073036768275,0.026903645144678422,2.8296112357644234,5.638780703124828e-12,5477.361681424401,289.24674481667375,0.019825238802508024,"[[0.008674383027400047, 0.01141722386053877, -0.005617496372980806], [0.01141722386053877, 0.026326999793158647, -0.029897113634479285], [-0.005617496372980806, -0.029897113634479285, 0.04848873202486708]]",0.9023224422393888,0.1672661536731751,-0.9696046385601285
2026-03-17 17:35:25,GPR_Optimization_h_mean_0.2_v_mean_0.8_20260314-025750,1880,3.748624428786675,17.936498613313532,0.14695285868691627,0.8685673381409684,0.010853638409788851,0.02742288612365934,2.8296112357644234,7.046390425108386e-11,5477.361681424401,641.6493243286761,0.019825238802508024,"[[0.008695126976770903, 0.011196272629106916, -0.0051447239734767536], [0.011196272629106916, 0.02580034209085099, -0.02929587075577328], [-0.0051447239734767536, -0.02929587075577328, 0.04824552121640738]]",0.9026354395807862,0.16763706003306894,-0.9694459397076637
2026-03-17 17:35:25,GPR_Optimization_h_mean_0.2_v_mean_0.8_20260314-025750,909,3.748624428786675,17.936498613313532,0.14695285868691627,0.8685673381409684,0.010853638409788851,0.02742288612365934,2.8296112357644234,7.046390425108386e-11,5477.361681424401,641.6493243286761,0.019825238802508024,"[[0.008695126976770903, 0.011196272629106916, -0.0051447239734767536], [0.011196272629106916, 0.02580034209085099, -0.02929587075577328], [-0.0051447239734767536, -0.02929587075577328, 0.04824552121640738]]",0.9026354395807862,0.16763706003306894,-0.9694459397076637
2026-03-17 17:35:25,GPR_Optimization_h_mean_0.2_v_mean_0.8_20260314-025750,785,3.748624428786675,17.936498613313532,0.14695285868691627,0.8685673381409684,0.010853638409788851,0.02742288612365934,2.8296112357644234,7.046390425108386e-11,5477.361681424401,641.6493243286761,0.019825238802508024,"[[0.008695126976770903, 0.011196272629106916, -0.0051447239734767536], [0.011196272629106916, 0.02580034209085099, -0.02929587075577328], [-0.0051447239734767536, -0.02929587075577328, 0.04824552121640738]]",0.9026354395807862,0.16763706003306894,-0.9694459397076637
2026-03-17 17:35:25,GPR_Optimization_h_mean_0.2_v_mean_0.8_20260314-025750,135,3.741066829859818,17.90016605660898,0.1497048112999338,0.8660057181738745,0.012385231136149548,0.026635952328404326,2.7331247787171375,1.434788611102709e-14,13113.019409302626,854.2153077119734,0.029130078866135854,"[[0.0087641587771229, 0.011070287065800362, -0.004763961609732748], [0.011070287065800362, 0.025272034055966446, -0.028510244927393038], [-0.004763961609732748, -0.028510244927393038, 0.04745649609760942]]",0.9038058618305373,0.16678031810566807,-0.9734663706883003
2026-03-17 17:35:25,GPR_Optimization_h_mean_0.2_v_mean_0.8_20260314-025750,246,3.73998881440103,18.086808044427542,0.14865397956823964,0.8652869837830132,0.014724952948065646,0.026934011671405057,2.5855791721616805,8.073435089778046e-12,72277.6958974134,858.5079535412578,0.012255921773817239,"[[0.00857659886379996, 0.010435525130582613, -0.003874495000395378], [0.010435525130582613, 0.023527183458925623, -0.026267811020078375], [-0.003874495000395378, -0.026267811020078375, 0.04468898601699548]]",0.9070220360328024,0.16681414144084708,-0.979812697315136
2026-03-17 17:35:25,GPR_Optimization_h_mean_0.2_v_mean_0.8_20260314-025750,240,3.7366204548483624,17.82891966206671,0.15090940044831597,0.8648112749525924,0.012633400734843158,0.02726782623499702,2.706456461000567,3.120620497874105e-13,11006.551677409543,950.4344173504768,0.16294615570655757,"[[0.008903750501608397, 0.011760852045466652, -0.005870036514694057], [0.011760852045466652, 0.02702318562839249, -0.03063436367088344], [-0.005870036514694057, -0.03063436367088344, 0.04949855458019316]]",0.897962728273196,0.1667070508076018,-0.9619170736802642
2026-03-17 17:35:28,GPR_Optimization_h_mean_0.2_v_mean_1.1_20260314-035645,259,3.356639425043096,13.091643735217787,0.40617985125084516,0.6320399225994153,0.02115234197193524,0.019810682893847194,2.8864789660756234,1.0067242548450146e-15,32245.06004350099,123.1675615090239,0.0018837562905933188,"[[0.008260177462827223, 0.010634828632504938, -0.004852680126173051], [0.010634828632504938, 0.02451633872923658, -0.027807697158551584], [-0.004852680126173051, -0.027807697158551584, 0.04582227355773655]]",1.030467315429009,0.16591647787944142,-1.2286991134129257
2026-03-17 17:35:28,GPR_Optimization_h_mean_0.2_v_mean_1.1_20260314-035645,1955,3.3418307498869444,13.116162439397318,0.39381001727115716,0.6492512220490055,0.01759711839886915,0.023778929188255613,3.4019842563871276,1.577087910581436e-12,3232.06665508678,89.47419005246222,0.0011586126774012094,"[[0.0086475818336282, 0.011345731613467146, -0.005512862458322162], [0.011345731613467146, 0.026739902197957976, -0.030844687116079655], [-0.005512862458322162, -0.030844687116079655, 0.050574537392936485]]",1.0256960597338756,0.16322907163039435,-1.224477115300918
2026-03-17 17:35:28,GPR_Optimization_h_mean_0.2_v_mean_1.1_20260314-035645,1781,3.3395022400344825,13.257252478044668,0.3921914497624934,0.6460696143115886,0.019046919729779423,0.02340342787299647,3.1294320159749813,2.407083269069087e-05,40494.72371065562,616.5554384354973,0.13655977415383272,"[[0.00864117703974094, 0.011559324396453437, -0.005949362266850213], [0.011559324396453437, 0.027363197246274854, -0.031659899929179565], [-0.005949362266850213, -0.031659899929179565, 0.051330507165363366]]",1.0217508174414591,0.1630379458030188,-1.216987449023054
2026-03-17 17:35:28,GPR_Optimization_h_mean_0.2_v_mean_1.1_20260314-035645,133,3.3341992183691724,13.161508785107735,0.40763777602737866,0.631619253657695,0.021538576413090902,0.020954993617079067,2.8067239425362573,1.7484666855187106e-12,30587.107240265676,58.87649534997063,0.012235647644929461,"[[0.008357743442288929, 0.01064250997738264, -0.004679299220933169], [0.01064250997738264, 0.02441915453785062, -0.02760245535657178], [-0.004679299220933169, -0.02760245535657178, 0.04575653301713998]]",1.0295967799602768,0.16523571885194982,-1.2283012918514031
2026-03-17 17:35:28,GPR_Optimization_h_mean_0.2_v_mean_1.1_20260314-035645,205,3.333041893212533,12.956168923410745,0.405598091433644,0.64092968032613,0.018507939158160753,0.022594873501997337,3.3944968693501956,1.893195334395405e-13,81756.28730751331,49.67737158284878,0.008840065876589042,"[[0.00874875246039581, 0.011286668162930174, -0.005181713568468338], [0.011286668162930174, 0.02668414858784142, -0.030836261663139356], [-0.005181713568468338, -0.030836261663139356, 0.051212669902411335]]",1.0269570753166406,0.16398175692363742,-1.2255317241829868
2026-03-17 17:35:28,GPR_Optimization_h_mean_0.2_v_mean_1.1_20260314-035645,301,3.291054092425953,13.203004954906175,0.4029795918367347,0.6366663942599978,0.019454626460074863,0.024285714285714285,2.923609068527328,4.2292821670385714e-10,46497.34999371244,31.53173392860086,0.013627810357484496,"[[0.008474571177092759, 0.010932581508654747, -0.005035043620094817], [0.010932581508654747, 0.02519664296020644, -0.02858841451285363], [-0.005035043620094817, -0.02858841451285363, 0.04702056686063572]]",1.027301529239516,0.16449629651418138,-1.2251385223810485
2026-03-17 17:35:28,GPR_Optimization_h_mean_0.2_v_mean_1.1_20260314-035645,1054,3.291054092425953,13.203004954906175,0.4029795918367347,0.6366663942599978,0.019454626460074863,0.024285714285714285,2.923609068527328,4.2292821670385714e-10,46497.34999371244,31.53173392860086,0.013627810357484496,"[[0.008474571177092759, 0.010932581508654747, -0.005035043620094817], [0.010932581508654747, 0.02519664296020644, -0.02858841451285363], [-0.005035043620094817, -0.02858841451285363, 0.04702056686063572]]",1.027301529239516,0.16449629651418138,-1.2251385223810485
2026-03-17 17:35:28,GPR_Optimization_h_mean_0.2_v_mean_1.1_20260314-035645,1321,3.291054092425953,13.203004954906175,0.4029795918367347,0.6366663942599978,0.019454626460074863,0.024285714285714285,2.923609068527328,4.2292821670385714e-10,46497.34999371244,31.53173392860086,0.013627810357484496,"[[0.008474571177092759, 0.010932581508654747, -0.005035043620094817], [0.010932581508654747, 0.02519664296020644, -0.02858841451285363], [-0.005035043620094817, -0.02858841451285363, 0.04702056686063572]]",1.027301529239516,0.16449629651418138,-1.2251385223810485
2026-03-17 17:35:28,GPR_Optimization_h_mean_0.2_v_mean_1.1_20260314-035645,965,3.2798342700180485,12.883176528602696,0.4187972778786975,0.624400012511255,0.01900969842997487,0.022530705202939025,2.987343202484175,1.663434144457035e-12,87553.6814370272,221.8854315214182,0.0011682954487539853,"[[0.008353794784911524, 0.010848704411305402, -0.005100343850186093], [0.010848704411305402, 0.024946547700054122, -0.028253372422203597], [-0.005100343850186093, -0.028253372422203597, 0.04622863135410113]]",1.0254682694305945,0.16385118935184576,-1.222796799382233
2026-03-17 17:35:28,GPR_Optimization_h_mean_0.2_v_mean_1.1_20260314-035645,250,3.2742077974909196,12.70470165389886,0.4202520763716532,0.6274298491389713,0.018497437644905926,0.0231555302893748,3.2370680957987155,2.8361869943462747e-13,62277.90742828059,113.52898011130443,0.008769737051426927,"[[0.008743865826989774, 0.011456795958079422, -0.005541729178801399], [0.011456795958079422, 0.026855269441549805, -0.03085091691063214], [-0.005541729178801399, -0.03085091691063214, 0.05052564984280788]]",1.024200801802891,0.1633318751788434,-1.2212809088068073
2026-03-17 17:35:30,GPR_Optimization_h_mean_0.2_v_mean_1.4_20260314-045552,312,3.375216375254893,8.190724057415702,0.6224153731599747,0.44215020713853903,0.018987402272511906,0.019187811443954407,5.088654740732897,9.661903790208427e-05,87177.7916569658,14.328861093931275,0.07303644769734616,"[[0.008736521881760263, 0.01347947881351508, -0.0095623135280396], [0.01347947881351508, 0.03577688843137743, -0.044613174314461615], [-0.0095623135280396, -0.044613174314461615, 0.07000828543569713]]",1.1242950215442116,0.15165209117993034,-1.4449681291838345
2026-03-17 17:35:30,GPR_Optimization_h_mean_0.2_v_mean_1.4_20260314-045552,1655,3.34406174387663,8.244467695374054,0.6231560253215319,0.44117518877479145,0.018074911704563084,0.020552261464867806,5.013626861341381,1.253057195135392e-09,97798.68779544579,98.90012666793797,0.0037149379272874397,"[[0.008688056518023537, 0.01318111799150945, -0.009075832094499548], [0.01318111799150945, 0.03524931132643237, -0.044189222826295685], [-0.009075832094499548, -0.044189222826295685, 0.07018791264214276]]",1.1300805694666334,0.15269269253777878,-1.4544029792490578
2026-03-17 17:35:30,GPR_Optimization_h_mean_0.2_v_mean_1.4_20260314-045552,267,3.34398081853898,7.8616702919678705,0.6294245686821615,0.4364262195285944,0.02192336816670023,0.018684352767592362,5.742922992714315,6.945315245555994e-05,38535.76135384087,855.0835367302078,0.004693820947107553,"[[0.008855292086924762, 0.01388967466466501, -0.010134903157712446], [0.01388967466466501, 0.03589431676210816, -0.044026687180646326], [-0.010134903157712446, -0.044026687180646326, 0.06770497616035842]]",1.1237039513132248,0.1515294294315272,-1.4440721922578432
2026-03-17 17:35:30,GPR_Optimization_h_mean_0.2_v_mean_1.4_20260314-045552,192,3.343294046934621,7.879630594139146,0.628007138958951,0.43930659571427877,0.016241473089966818,0.019691136775963538,5.074993500895304,3.5811500718836967e-06,55866.658073119994,996.014367470158,0.00724945622118853,"[[0.008914087366992486, 0.013693756155572287, -0.00964334312636114], [0.013693756155572287, 0.03544785993997808, -0.04353696149322818], [-0.00964334312636114, -0.04353696149322818, 0.06769953997218665]]",1.1297946763254667,0.15261503985197558,-1.4540206980635129
2026-03-17 17:35:30,GPR_Optimization_h_mean_0.2_v_mean_1.4_20260314-045552,371,3.3430531932109933,8.124370315275621,0.620544124304511,0.44513101161845003,0.016618820550914484,0.02130642405479212,5.293191606885263,1.8955145488348414e-07,69976.51410004991,64.25905522968888,0.021644172841219642,"[[0.008993622595734512, 0.01370029270757526, -0.009502575691447135], [0.01370029270757526, 0.035882668882395656, -0.0443882007122012], [-0.009502575691447135, -0.0443882007122012, 0.06966605354832214]]",1.1259924405625565,0.1510891763330906,-1.4494403461206005
2026-03-17 17:35:30,GPR_Optimization_h_mean_0.2_v_mean_1.4_20260314-045552,870,3.3288180460843275,8.179547624172683,0.62254622107066,0.444196675869155,0.016850030425252644,0.021840645265176466,5.013626861341381,4.2745747743792035e-14,14940.312902814068,15.077900380772874,0.009200033094354642,"[[0.008990841088770879, 0.013306768932691962, -0.008726529631919767], [0.013306768932691962, 0.034787139360049554, -0.042991441107626906], [-0.008726529631919767, -0.042991441107626906, 0.06842820008396032]]",1.1269679807536808,0.15128931406077425,-1.4509623282587591
2026-03-17 17:35:30,GPR_Optimization_h_mean_0.2_v_mean_1.4_20260314-045552,48,3.3288180460843275,8.179547624172683,0.62254622107066,0.444196675869155,0.016850030425252644,0.021840645265176466,5.013626861341381,4.2745747743792035e-14,14940.312902814068,15.077900380772874,0.009200033094354642,"[[0.008990841088770879, 0.013306768932691962, -0.008726529631919767], [0.013306768932691962, 0.034787139360049554, -0.042991441107626906], [-0.008726529631919767, -0.042991441107626906, 0.06842820008396032]]",1.1269679807536808,0.15128931406077425,-1.4509623282587591
2026-03-17 17:35:30,GPR_Optimization_h_mean_0.2_v_mean_1.4_20260314-045552,452,3.3282703316843096,7.636555417837316,0.6288692595566734,0.4384484096712502,0.0139635959307576,0.019923940546355358,5.996359073782114,6.529219448634952e-09,12106.620987046565,17.986815820940183,0.012600837045976497,"[[0.00913736809027451, 0.014395795080133219, -0.01059389657617871], [0.014395795080133219, 0.037697179459891005, -0.046625288422659394], [-0.01059389657617871, -0.046625288422659394, 0.07197439266808893]]",1.1214537609877524,0.15000341746528337,-1.442581002118438
2026-03-17 17:35:30,GPR_Optimization_h_mean_0.2_v_mean_1.4_20260314-045552,517,3.3282703316843096,7.636555417837316,0.6288692595566734,0.4384484096712502,0.0139635959307576,0.019923940546355358,5.996359073782114,6.529219448634952e-09,12106.620987046565,17.986815820940183,0.012600837045976497,"[[0.00913736809027451, 0.014395795080133219, -0.01059389657617871], [0.014395795080133219, 0.037697179459891005, -0.046625288422659394], [-0.01059389657617871, -0.046625288422659394, 0.07197439266808893]]",1.1214537609877524,0.15000341746528337,-1.442581002118438
2026-03-17 17:35:30,GPR_Optimization_h_mean_0.2_v_mean_1.4_20260314-045552,1561,3.3265293910457703,8.185539414643339,0.6246248845798708,0.4434639113365692,0.015470875385263688,0.021886542012927054,5.013626861341381,6.694779889581015e-14,97798.68779544579,25.567188767578557,0.009200033094354642,"[[0.008909589786995024, 0.013370034778412638, -0.009015011320704461], [0.013370034778412638, 0.03487061210415919, -0.043028614074954376], [-0.009015011320704461, -0.043028614074954376, 0.06792246561429263]]",1.1331123521384867,0.15336368331715255,-1.4591178073324746
2026-03-17 17:35:33,GPR_Optimization_h_mean_0.25_v_mean_0.2_20260314-055458,636,3.7964480810909134,20.952288437815675,0.0071898546110580495,0.9931322441077811,0.003814273447288544,0.007282712511938873,2.004372306064406,8.299564533157106e-07,3407.46501151783,793.1841667651161,0.0010333162448113791,"[[0.009133885479408703, 0.011336860989892237, -0.005559266874253118], [0.011336860989892237, 0.022503663721565904, -0.025065731475708546], [-0.005559266874253118, -0.025065731475708546, 0.04371118829204418]]",0.6750816558004362,0.22099392427542847,-0.40040262943515714
2026-03-17 17:35:33,GPR_Optimization_h_mean_0.25_v_mean_0.2_20260314-055458,175,3.79255424682849,20.91250189013271,0.00916006212911705,0.9915501269119331,0.0037366081437397443,0.007713037821763777,2.1000251724090937,1.4630750926288994e-07,6520.937634147003,24.446311405306638,0.0028999403119519627,"[[0.009154856630190422, 0.01143929560000931, -0.005702635617980916], [0.01143929560000931, 0.02268071025874746, -0.025188647726253188], [-0.005702635617980916, -0.025188647726253188, 0.04369055917162263]]",0.6728298678225609,0.21989754622712268,-0.3980888006418042
2026-03-17 17:35:33,GPR_Optimization_h_mean_0.25_v_mean_0.2_20260314-055458,194,3.7903595948457993,20.867887054838516,0.009825997952917094,0.9908177767166407,0.0036956630815240888,0.007956328897987036,2.208009593374525,2.119185344936111e-08,36319.083684903264,56.80038567762655,0.5527104011741487,"[[0.00955411127898141, 0.012367006353463486, -0.00688579591666856], [0.012367006353463486, 0.024211317526077084, -0.026540821287330083], [-0.00688579591666856, -0.026540821287330083, 0.04404844643538091]]",0.6716088892907893,0.21892514227655974,-0.3974577881648814
2026-03-17 17:35:33,GPR_Optimization_h_mean_0.25_v_mean_0.2_20260314-055458,583,3.7903595948457993,20.867887054838516,0.009825997952917094,0.9908177767166407,0.0036956630815240888,0.007956328897987036,2.208009593374525,2.119185344936111e-08,36319.083684903264,56.80038567762655,0.5527104011741487,"[[0.00955411127898141, 0.012367006353463486, -0.00688579591666856], [0.012367006353463486, 0.024211317526077084, -0.026540821287330083], [-0.00688579591666856, -0.026540821287330083, 0.04404844643538091]]",0.6716088892907893,0.21892514227655974,-0.3974577881648814
2026-03-17 17:35:33,GPR_Optimization_h_mean_0.25_v_mean_0.2_20260314-055458,801,3.7896240054032595,20.867924753423402,0.010390734928022513,0.9902826432299934,0.0034366189582481044,0.007793051196016885,2.1049034290409154,1.6428921173983234e-09,47918.10162485237,100.00780493565124,0.17905832674054223,"[[0.009487344476993186, 0.012202492296430452, -0.0066469723148111955], [0.012202492296430452, 0.02386254548661261, -0.026092031503752278], [-0.0066469723148111955, -0.026092031503752278, 0.04351758036567954]]",0.6725914497709299,0.21915855558107883,-0.39917946389604586
2026-03-17 17:35:33,GPR_Optimization_h_mean_0.25_v_mean_0.2_20260314-055458,1561,3.7878903366010355,20.8718093168549,0.011801585838096994,0.989046109845207,0.003262534800446233,0.0067437633360554255,2.1049034290409154,7.583644284865079e-06,53685.836110730765,669.6935894951746,0.010741345988378802,"[[0.009153727159704673, 0.011421550540950964, -0.00568101942202625], [0.011421550540950964, 0.022443597923540424, -0.024751229900552264], [-0.00568101942202625, -0.024751229900552264, 0.04285611240957992]]",0.6731383650511635,0.21992976030697264,-0.39869274908948693
2026-03-17 17:35:33,GPR_Optimization_h_mean_0.25_v_mean_0.2_20260314-055458,59,3.7877073105169274,20.85809887822497,0.010508955101818282,0.9905243319477016,0.005631128415823654,0.007919199629256059,2.005087545952176,8.912530544561619e-10,430.5836163649059,377.88215581202303,0.016263355094305296,"[[0.00942176148663272, 0.012240890031810253, -0.006846319084583508], [0.012240890031810253, 0.02417734936952915, -0.02665590460409146], [-0.006846319084583508, -0.02665590460409146, 0.04427988294265392]]",0.6711601052270298,0.21840084441244284,-0.39771746361403554
2026-03-17 17:35:33,GPR_Optimization_h_mean_0.25_v_mean_0.2_20260314-055458,625,3.7863687165744047,20.870457170336543,0.012015055008685582,0.9886404433541939,0.0037055177178246107,0.007224824972364058,2.1049034290409154,3.042450916428665e-12,47918.10162485237,767.2012601298071,0.01646064685514408,"[[0.009095743664722405, 0.011383584124989053, -0.0057294235405266234], [0.011383584124989053, 0.022652115448649007, -0.02523363015250891], [-0.0057294235405266234, -0.02523363015250891, 0.04364647972146002]]",0.6723205820724516,0.21982622619357955,-0.3973358716856699
2026-03-17 17:35:33,GPR_Optimization_h_mean_0.25_v_mean_0.2_20260314-055458,877,3.7863687165744047,20.870457170336543,0.012015055008685582,0.9886404433541939,0.0037055177178246107,0.007224824972364058,2.1049034290409154,3.042450916428665e-12,47918.10162485237,767.2012601298071,0.01646064685514408,"[[0.009095743664722405, 0.011383584124989053, -0.0057294235405266234], [0.011383584124989053, 0.022652115448649007, -0.02523363015250891], [-0.0057294235405266234, -0.02523363015250891, 0.04364647972146002]]",0.6723205820724516,0.21982622619357955,-0.3973358716856699
2026-03-17 17:35:33,GPR_Optimization_h_mean_0.25_v_mean_0.2_20260314-055458,260,3.7843868448590285,20.839797779502778,0.013457597990614053,0.9878364850681831,0.0036528405470787964,0.007178266904620266,2.1324559993426178,6.939050874741856e-08,3003.2121507865413,39.7843562391059,0.0022057681951592055,"[[0.00916009434439462, 0.011558493462517883, -0.0059563356606885005], [0.011558493462517883, 0.022809642061534404, -0.025255827119656394], [-0.0059563356606885005, -0.025255827119656394, 0.04343992859618937]]",0.6731600065209684,0.22009962173748837,-0.39824513797984457
2026-03-17 17:35:36,GPR_Optimization_h_mean_0.25_v_mean_0.5_20260314-065351,59,3.794174259791514,20.652359708921324,0.020885412466736555,0.9806034507771438,0.006452487961986437,0.008346101120877348,2.4440421352335795,1.4788793946850877e-14,51675.08685337924,621.2021350474672,0.004845360876687499,"[[0.008987275597493587, 0.011160014978086389, -0.0045237065509493146], [0.011160014978086389, 0.023837015330252617, -0.025743942214441727], [-0.0045237065509493146, -0.025743942214441727, 0.04301884733644119]]",0.8214576086049249,0.2200857707104822,-0.7019713019443103
2026-03-17 17:35:36,GPR_Optimization_h_mean_0.25_v_mean_0.5_20260314-065351,80,3.7883463520422844,20.647081604068372,0.022076838166007053,0.9786026418087967,0.008199153044229829,0.008184583905446517,2.1205858842538063,7.311914196820041e-13,55420.18467566399,836.2052814433806,0.00143587068330433,"[[0.008785574619972116, 0.01081813129042262, -0.00421040549970657], [0.01081813129042262, 0.023306223870182254, -0.025282241344631178], [-0.00421040549970657, -0.025282241344631178, 0.04258690453542784]]",0.8210109030961599,0.2190926012321366,-0.7032186129497893
2026-03-17 17:35:36,GPR_Optimization_h_mean_0.25_v_mean_0.5_20260314-065351,327,3.7883463520422844,20.647081604068372,0.022076838166007053,0.9786026418087967,0.008199153044229829,0.008184583905446517,2.1205858842538063,7.311914196820041e-13,55420.18467566399,836.2052814433806,0.00143587068330433,"[[0.008785574619972116, 0.01081813129042262, -0.00421040549970657], [0.01081813129042262, 0.023306223870182254, -0.025282241344631178], [-0.00421040549970657, -0.025282241344631178, 0.04258690453542784]]",0.8210109030961599,0.2190926012321366,-0.7032186129497893
2026-03-17 17:35:36,GPR_Optimization_h_mean_0.25_v_mean_0.5_20260314-065351,1863,3.78752556707131,20.56682741188902,0.02229137199434229,0.9795913612965835,0.008645608968794098,0.010622347949080622,2.036276395472316,2.3746157291736284e-12,40303.92274269664,104.8939620120367,0.672440229224288,"[[0.009234496210877349, 0.012007877444962338, -0.005726800961761214], [0.012007877444962338, 0.025838426926442466, -0.028035866537148714], [-0.005726800961761214, -0.028035866537148714, 0.04513411127883543]]",0.8156860702514155,0.21751811827357354,-0.6955982904624827
2026-03-17 17:35:36,GPR_Optimization_h_mean_0.25_v_mean_0.5_20260314-065351,1501,3.78752556707131,20.56682741188902,0.02229137199434229,0.9795913612965835,0.008645608968794098,0.010622347949080622,2.036276395472316,2.3746157291736284e-12,40303.92274269664,104.8939620120367,0.672440229224288,"[[0.009234496210877349, 0.012007877444962338, -0.005726800961761214], [0.012007877444962338, 0.025838426926442466, -0.028035866537148714], [-0.005726800961761214, -0.028035866537148714, 0.04513411127883543]]",0.8156860702514155,0.21751811827357354,-0.6955982904624827
2026-03-17 17:35:36,GPR_Optimization_h_mean_0.25_v_mean_0.5_20260314-065351,268,3.7859079303851964,20.52902293675257,0.023723715201906977,0.9784709385595975,0.007912805153649536,0.009662589744317376,2.0569723948625787,4.3482037702445927e-14,664.478094885062,426.5125944621691,0.008929705872781605,"[[0.009301486905984572, 0.012218329728992429, -0.006024616399077604], [0.012218329728992429, 0.02615567957725134, -0.028283970685162012], [-0.006024616399077604, -0.028283970685162012, 0.04512028830658926]]",0.816337069877452,0.21781905773556187,-0.6962573032433231
2026-03-17 17:35:36,GPR_Optimization_h_mean_0.25_v_mean_0.5_20260314-065351,162,3.7832027704872426,20.527190153280316,0.02552912634895848,0.9768358563400267,0.007056039716030993,0.010066646217339171,2.0377180811549045,2.8934909246859236e-14,1178.028694784891,30.959403034327924,0.006240331242132066,"[[0.009125699915067812, 0.011816328863643455, -0.005551089009366259], [0.011816328863643455, 0.025512048916291167, -0.027748048950974966], [-0.005551089009366259, -0.027748048950974966, 0.044894152626160776]]",0.817386155846384,0.2184214126936898,-0.6972113270762892
2026-03-17 17:35:36,GPR_Optimization_h_mean_0.25_v_mean_0.5_20260314-065351,36,3.776688655716422,20.43260633543459,0.028816091636001438,0.9735240020198458,0.005997818785702895,0.008964391445093102,2.315713942836443,3.853940413458993e-15,1526.1484448542242,484.72442373750124,0.004826918281229456,"[[0.009157555937738617, 0.011814151487890787, -0.0055204288335709145], [0.011814151487890787, 0.025676572360337276, -0.028181651877860908], [-0.0055204288335709145, -0.028181651877860908, 0.046006064811106966]]",0.8163169696209162,0.21865526209946537,-0.6944277976204845
2026-03-17 17:35:36,GPR_Optimization_h_mean_0.25_v_mean_0.5_20260314-065351,442,3.776688655716422,20.43260633543459,0.028816091636001438,0.9735240020198458,0.005997818785702895,0.008964391445093102,2.315713942836443,3.853940413458993e-15,1526.1484448542242,484.72442373750124,0.004826918281229456,"[[0.009157555937738617, 0.011814151487890787, -0.0055204288335709145], [0.011814151487890787, 0.025676572360337276, -0.028181651877860908], [-0.0055204288335709145, -0.028181651877860908, 0.046006064811106966]]",0.8163169696209162,0.21865526209946537,-0.6944277976204845
2026-03-17 17:35:36,GPR_Optimization_h_mean_0.25_v_mean_0.5_20260314-065351,138,3.7765458192884966,20.47806861962091,0.028639971966521557,0.9733487808735852,0.006504040207850965,0.008841327816488538,2.2137632297068732,1.016514774549343e-15,4324.289562630076,106.82208562073424,0.0018082422757735377,"[[0.008958130225470382, 0.011143650721694005, -0.004544490122355434], [0.011143650721694005, 0.023969103065665597, -0.026025979255796763], [-0.004544490122355434, -0.026025979255796763, 0.043504221702559555]]",0.8194362278588663,0.21971996065494243,-0.69864645460592
2026-03-17 17:35:39,GPR_Optimization_h_mean_0.25_v_mean_0.8_20260314-075258,306,3.4263065219216817,18.037502423541216,0.14662012059663598,0.8674007923086361,0.014671006067320426,0.007313068315096657,2.368085254618812,1.083814244682618e-07,93142.70761313694,423.92557854973336,0.002722154995946836,"[[0.008575393073944032, 0.010455103219550286, -0.0037943083727887228], [0.010455103219550286, 0.022440900304751554, -0.02399028787457154], [-0.0037943083727887228, -0.02399028787457154, 0.040367547848665614]]",0.9619504425731309,0.21788196596645115,-0.9880206974656864
2026-03-17 17:35:39,GPR_Optimization_h_mean_0.25_v_mean_0.8_20260314-075258,797,3.4256948918318857,18.19604324540014,0.13367003367003366,0.8806223667841513,0.00892540903928036,0.00819304152637486,3.1968630850863327,2.081060557917295e-14,83381.74357790509,57.7273490017672,0.055169143915205936,"[[0.008863331582422064, 0.011150405540662288, -0.0046241845542266905], [0.011150405540662288, 0.024255430561249073, -0.026251020198492122], [-0.0046241845542266905, -0.026251020198492122, 0.0432577188698011]]",0.9608670393804203,0.21853900751714905,-0.9844998470057212
2026-03-17 17:35:39,GPR_Optimization_h_mean_0.25_v_mean_0.8_20260314-075258,1365,3.4228852946391584,18.479791050244547,0.1260115124718445,0.8854526652483092,0.014686541891575158,0.008342370901810295,2.341966804307707,1.1505894402442115e-15,54836.09526916309,316.53194829193586,0.00271058150920044,"[[0.008741114352197038, 0.010701526257176658, -0.003962883459601511], [0.010701526257176658, 0.022638602298278066, -0.02389707172253411], [-0.003962883459601511, -0.02389707172253411, 0.039842385078898854]]",0.967007792691026,0.21941830967477643,-0.9950384981807489
2026-03-17 17:35:39,GPR_Optimization_h_mean_0.25_v_mean_0.8_20260314-075258,951,3.4170589649518064,18.326161531552767,0.12956011977563156,0.8836229207478065,0.013986273453341492,0.008350554594913753,2.525947992661329,1.1853302850748883e-11,90166.40501109515,25.661253064695103,0.00271058150920044,"[[0.008803489990748441, 0.010826921263518545, -0.004098414119020932], [0.010826921263518545, 0.023217698006538744, -0.02481578458813706], [-0.004098414119020932, -0.02481578458813706, 0.04141414140679783]]",0.9663469414062422,0.21927045503619402,-0.9939833576009678
2026-03-17 17:35:39,GPR_Optimization_h_mean_0.25_v_mean_0.8_20260314-075258,1025,3.4093848914934006,18.160316545549932,0.1400710963735229,0.8750511746536345,0.01643662303386839,0.007966728021244608,2.525947992661329,5.646844251425802e-05,90166.40501109515,25.661253064695103,0.030037259179542846,"[[0.008758666892245427, 0.010936594903242518, -0.00439783709980392], [0.010936594903242518, 0.02360738234432628, -0.025361946354377257], [-0.00439783709980392, -0.025361946354377257, 0.04189962451576352]]",0.9657744329384846,0.21840390607876367,-0.9946109779152222
2026-03-17 17:35:39,GPR_Optimization_h_mean_0.25_v_mean_0.8_20260314-075258,477,3.4035341278560645,17.796815098351576,0.1472905362553731,0.8707796867098999,0.011325735590900868,0.007962793319709675,3.0880476332356706,5.986226318096336e-05,89984.89482939035,10.6472786470321,0.055169143915205936,"[[0.008708063243750544, 0.011202157461442708, -0.0050255738451146234], [0.011202157461442708, 0.024647310626782874, -0.02691047289988141], [-0.0050255738451146234, -0.02691047289988141, 0.04374463157718968]]",0.9622236274108071,0.21945426817329733,-0.985418764432852
2026-03-17 17:35:39,GPR_Optimization_h_mean_0.25_v_mean_0.8_20260314-075258,316,3.395280459690621,17.9632578110282,0.1486769093494688,0.866092524944272,0.012245910151110088,0.00793296712489195,2.528102596869861,8.122420976172337e-07,21520.204003137973,88.06983111397632,0.0036003642801581514,"[[0.00872459524200291, 0.010740935715279525, -0.004082891999224106], [0.010740935715279525, 0.023099140762272416, -0.02475285991369526], [-0.004082891999224106, -0.02475285991369526, 0.04132413305908313]]",0.9604949950973497,0.21799027832739148,-0.9848482252392626
2026-03-17 17:35:39,GPR_Optimization_h_mean_0.25_v_mean_0.8_20260314-075258,1376,3.394422206508345,17.988452870678113,0.14108585646789118,0.8743256493405266,0.010021711804023208,0.008415108054460567,3.15744397526532,1.321856336277234e-10,32165.027504133384,10.6472786470321,0.0036003642801581514,"[[0.008827505076208596, 0.010965060828252873, -0.0043205862269863095], [0.010965060828252873, 0.02352777990431093, -0.02516202318663216], [-0.0043205862269863095, -0.02516202318663216, 0.04167982583977167]]",0.9619287336145363,0.21862954072842777,-0.986452448396852
2026-03-17 17:35:39,GPR_Optimization_h_mean_0.25_v_mean_0.8_20260314-075258,871,3.3914892529869114,18.406352686824814,0.12454007128895021,0.8895188952301073,0.014931469365538021,0.009112337587673911,2.525947992661329,1.489165606815116e-06,2152.0909812370255,11.626858214860858,0.0036003642801581514,"[[0.008881904111272784, 0.011395528157828802, -0.005070524646836615], [0.011395528157828802, 0.024878166117478565, -0.02698597497131014], [-0.005070524646836615, -0.02698597497131014, 0.04379752373578506]]",0.96335877355124,0.21771857908802553,-0.9911416878160635
2026-03-17 17:35:39,GPR_Optimization_h_mean_0.25_v_mean_0.8_20260314-075258,1286,3.382995606416487,18.193459608262355,0.14135876042908224,0.8727752492672097,0.017430824244410736,0.008357288088060015,2.3769453615527776,6.778239230271228e-05,99353.0875203561,287.00983961306343,0.01123164484752656,"[[0.008831363607266704, 0.010847254279291299, -0.004078962502357215], [0.010847254279291299, 0.02307993778947898, -0.024492137133067266], [-0.004078962502357215, -0.024492137133067266, 0.04079783794865409]]",0.9648865894840164,0.21885950461563164,-0.9919038484018831
2026-03-17 17:35:41,GPR_Optimization_h_mean_0.25_v_mean_1.1_20260314-085146,1815,3.781944436274463,14.03647488226663,0.3237575409365125,0.7148103537889513,0.015655876966663547,0.008216029876472278,4.020635862717057,3.1908475932326916e-06,6413.413522467101,220.32311215692997,0.0011673620362457151,"[[0.008979936190210331, 0.01220334564608563, -0.006482253527972056], [0.01220334564608563, 0.027637027602650376, -0.030885680231788212], [-0.006482253527972056, -0.030885680231788212, 0.048781567167603075]]",1.089223333113152,0.21373879200903792,-1.2508502977774927
2026-03-17 17:35:41,GPR_Optimization_h_mean_0.25_v_mean_1.1_20260314-085146,1510,3.772356959325937,14.23044260959117,0.3252228343958231,0.7118940872667315,0.021239699039508998,0.008019153661984019,3.493097285972153,3.1908475932326916e-06,2697.7402627808365,286.84833299996455,0.0011673620362457151,"[[0.008927548558471204, 0.01210858452671513, -0.006399947090229287], [0.01210858452671513, 0.02757160861908925, -0.03094729750495684], [-0.006399947090229287, -0.03094729750495684, 0.0490702566388345]]",1.0905082762879115,0.21416433644018604,-1.2525638162976005
2026-03-17 17:35:41,GPR_Optimization_h_mean_0.25_v_mean_1.1_20260314-085146,1155,3.7616852786013175,14.217511289986481,0.3226939173307344,0.7091788920864146,0.024029623521755344,0.008011809895086854,3.493097285972153,9.632305658063977e-06,6846.202552113324,14.473181227614695,0.0011673620362457151,"[[0.008755640264273154, 0.011664594642288983, -0.005854604911054166], [0.011664594642288983, 0.026158999147642286, -0.029008220739987267], [-0.005854604911054166, -0.029008220739987267, 0.04628187350803941]]",1.0897895899577603,0.2139427013921397,-1.2515731181478142
2026-03-17 17:35:41,GPR_Optimization_h_mean_0.25_v_mean_1.1_20260314-085146,886,3.761373594042528,13.91017949306526,0.3330827176380435,0.7078878005313752,0.014377901482976144,0.007865477206020561,3.782370850146734,1.9737937891360807e-14,65801.78918934449,98.65861328657992,0.0011673620362457151,"[[0.009129408862799563, 0.012154397182698473, -0.0060853179339152635], [0.012154397182698473, 0.027420935021504448, -0.03055385224473951], [-0.0060853179339152635, -0.03055385224473951, 0.04891564528050708]]",1.0865724998728192,0.21298225231280607,-1.2470620236424343
2026-03-17 17:35:41,GPR_Optimization_h_mean_0.25_v_mean_1.1_20260314-085146,1638,3.7478960722922667,13.782155236534026,0.34135081549660634,0.7038120716860141,0.013471989043626821,0.008437169857740344,3.493097285972153,1.4196732473816486e-09,11989.747678294656,215.4012219153171,0.009647794305259359,"[[0.009175883878553852, 0.012358571831184901, -0.006408875678692507], [0.012358571831184901, 0.027669632587618613, -0.030651784666725603], [-0.006408875678692507, -0.030651784666725603, 0.04846681703439579]]",1.0864038305898591,0.2139578930181759,-1.2447469531664737
2026-03-17 17:35:41,GPR_Optimization_h_mean_0.25_v_mean_1.1_20260314-085146,1585,3.7478960722922667,13.782155236534026,0.34135081549660634,0.7038120716860141,0.013471989043626821,0.008437169857740344,3.493097285972153,1.4196732473816486e-09,11989.747678294656,215.4012219153171,0.009647794305259359,"[[0.009175883878553852, 0.012358571831184901, -0.006408875678692507], [0.012358571831184901, 0.027669632587618613, -0.030651784666725603], [-0.006408875678692507, -0.030651784666725603, 0.04846681703439579]]",1.0864038305898591,0.2139578930181759,-1.2447469531664737
2026-03-17 17:35:41,GPR_Optimization_h_mean_0.25_v_mean_1.1_20260314-085146,1195,3.7472752304508306,13.92824894007213,0.33718505399074444,0.7034180303841957,0.01657203020101662,0.007398731646003542,3.493097285972153,5.72866879185308e-06,9942.836616384922,155.18721019377404,0.001987132288842856,"[[0.008790452434984032, 0.011844363361354656, -0.00614052173927503], [0.011844363361354656, 0.02688264781530572, -0.03009470863923486], [-0.00614052173927503, -0.03009470863923486, 0.04788726639412849]]",1.0910677669311433,0.21504427377530003,-1.2519392154868294
2026-03-17 17:35:41,GPR_Optimization_h_mean_0.25_v_mean_1.1_20260314-085146,1670,3.7461236970913867,13.688100023223004,0.33854098096868096,0.7034091927807352,0.012605859395575961,0.007504278755430728,4.020635862717057,3.1908475932326916e-06,6413.413522467101,15.804577759832547,0.006967214137055353,"[[0.009293182291183479, 0.012763717374150017, -0.00697103682389683], [0.012763717374150017, 0.02861895074072894, -0.031725899811722545], [-0.00697103682389683, -0.031725899811722545, 0.04948767908752739]]",1.0881978971372896,0.21417804402662644,-1.2479415891694983
2026-03-17 17:35:41,GPR_Optimization_h_mean_0.25_v_mean_1.1_20260314-085146,1472,3.741031207622015,13.859610670832312,0.3416472147776721,0.7010087368012875,0.014233951248150113,0.008213019797700354,3.493097285972153,1.4196732473816486e-09,40261.89744257017,116.49482859314358,0.009647794305259359,"[[0.009027892100471021, 0.012051490140057535, -0.00608403711738171], [0.012051490140057535, 0.027159151568043362, -0.030238676188757727], [-0.00608403711738171, -0.030238676188757727, 0.048290256509906725]]",1.0888256045193283,0.2142627230025297,-1.2490040587821662
2026-03-17 17:35:41,GPR_Optimization_h_mean_0.25_v_mean_1.1_20260314-085146,1372,3.734442175379853,13.903155863801441,0.3389849827600946,0.6994657285341744,0.017720634167175574,0.007579859231185706,3.8161317735490496,6.895632625046887e-05,81823.2202016629,10.120925694301324,0.0103787240360581,"[[0.008880982019790519, 0.012331304929140169, -0.006935086690110358], [0.012331304929140169, 0.028536295877881028, -0.03243044740247496], [-0.006935086690110358, -0.03243044740247496, 0.05097041551905236]]",1.0876077982442849,0.21381348345429552,-1.2474763423703983
2026-03-17 17:35:44,GPR_Optimization_h_mean_0.25_v_mean_1.4_20260314-095040,976,3.3854310807238153,8.876252756073532,0.5351432456510526,0.5339923763322482,0.025137112737181607,0.0065644488207436584,8.064743729877463,7.272097264988248e-05,13161.51625414829,508.09939134343614,0.005847161516364701,"[[0.009891106737974402, 0.014765246672945409, -0.009769465722880668], [0.014765246672945409, 0.033657030622920574, -0.03779297848981486], [-0.009769465722880668, -0.03779297848981486, 0.05602869254057515]]",1.217089092114157,0.2091822490190118,-1.5157441189981462
2026-03-17 17:35:44,GPR_Optimization_h_mean_0.25_v_mean_1.4_20260314-095040,1771,3.362502266611218,9.23486960647687,0.527235499148158,0.5395780402300424,0.0264783428716791,0.007502461745260164,6.582883066323875,5.52614632880817e-05,13161.51625414829,23.412835592634643,0.0013308195176502354,"[[0.00976915409676851, 0.014604133286455339, -0.00973083615309002], [0.014604133286455339, 0.03361872008970206, -0.03821472241087033], [-0.00973083615309002, -0.03821472241087033, 0.0573872000986322]]",1.2105073659628358,0.20596464129858974,-1.5088115847762171
2026-03-17 17:35:44,GPR_Optimization_h_mean_0.25_v_mean_1.4_20260314-095040,1758,3.318802475822694,8.888788228373167,0.5481417729442141,0.514160112739497,0.022839731553624076,0.006462718097175495,5.68522867683499,9.430523743740102e-05,35535.266718392,74.18595174697394,0.20041485711938814,"[[0.009762638925225331, 0.015031859355833226, -0.010559943852618936], [0.015031859355833226, 0.03530191300057829, -0.04054632912115309], [-0.010559943852618936, -0.04054632912115309, 0.05994833777426228]]",1.1949248749856918,0.20225639282510252,-1.485265013245185
2026-03-17 17:35:44,GPR_Optimization_h_mean_0.25_v_mean_1.4_20260314-095040,1508,3.3091235034952833,8.695516786631622,0.5437710696858211,0.520623746243952,0.03228105563888991,0.006834659729384419,8.844200383445749,9.9008264000741e-06,989.7076106701629,129.1412178431272,0.0013308195176502354,"[[0.010018383514877126, 0.014996755765150747, -0.009977016763917069], [0.014996755765150747, 0.03364469605260284, -0.03730759636291158], [-0.009977016763917069, -0.03730759636291158, 0.05464824179248916]]",1.2203707770593313,0.21036251204882078,-1.519946638267766
2026-03-17 17:35:44,GPR_Optimization_h_mean_0.25_v_mean_1.4_20260314-095040,856,3.3053682093849326,9.35123993756379,0.5489591480657,0.5130753159515921,0.017900125480790507,0.006933999157692076,4.498705149508239,4.571466454780792e-07,39462.35958099114,34.881152040385416,0.002176470733100228,"[[0.009350659702545486, 0.013625998386093885, -0.008581845880824973], [0.013625998386093885, 0.032770663579091475, -0.03830280346653994], [-0.008581845880824973, -0.03830280346653994, 0.05941450404043307]]",1.2006911951337207,0.20344006972943476,-1.494395666298318
2026-03-17 17:35:44,GPR_Optimization_h_mean_0.25_v_mean_1.4_20260314-095040,1412,3.282498221885144,9.248892834034876,0.5525185297231886,0.5139488397261717,0.015757288795530712,0.007351384056874906,5.036118563396871,2.4183663382423238e-08,36956.29085000573,129.1412178431272,0.0013308195176502354,"[[0.009525680019179588, 0.013981596133310834, -0.00894065802636545], [0.013981596133310834, 0.0331330617464888, -0.038318513999714074], [-0.00894065802636545, -0.038318513999714074, 0.058735634869394024]]",1.2038803380959877,0.20500138507110155,-1.4976568513478183
2026-03-17 17:35:44,GPR_Optimization_h_mean_0.25_v_mean_1.4_20260314-095040,1271,3.2806410097465664,9.309613932446373,0.5608422403359629,0.501741037889604,0.01781495479962882,0.006605520640429286,4.49251789617192,6.63264835916285e-06,18890.786654398813,818.798438073668,0.0013308195176502354,"[[0.009153891487250196, 0.013271517826872069, -0.00826577568790247], [0.013271517826872069, 0.03172738767201366, -0.0369277819665424], [-0.00826577568790247, -0.0369277819665424, 0.05730185944000421]]",1.2034175403574714,0.20543762516827635,-1.495855372668135
2026-03-17 17:35:44,GPR_Optimization_h_mean_0.25_v_mean_1.4_20260314-095040,411,3.280415306143384,9.286434437068122,0.5576065725319457,0.5027925595736799,0.01910998859782938,0.006650066351558889,4.394263266591854,1.4390005277958944e-10,13129.368562980268,145.7543325258664,0.0013345208425775247,"[[0.009283088470866965, 0.013429457865557489, -0.00832464026761735], [0.013429457865557489, 0.03259151538726914, -0.03833828221061033], [-0.00832464026761735, -0.03833828221061033, 0.05999943894214229]]",1.1985493356804144,0.20375250856009253,-1.489484444194667
2026-03-17 17:35:44,GPR_Optimization_h_mean_0.25_v_mean_1.4_20260314-095040,1441,3.279536217148635,9.243262945850226,0.5575701409545448,0.5081908878008968,0.018624104422694136,0.006995411129878477,4.498705149508239,6.63264835916285e-06,79838.80374450941,42.043591691465146,0.0143040450665327,"[[0.009154437507861435, 0.013433214949736668, -0.008584902608721122], [0.013433214949736668, 0.032986315480206835, -0.03911922401631643], [-0.008584902608721122, -0.03911922401631643, 0.061046169405063196]]",1.2026691972245815,0.20489898629932965,-1.4954460358050052
2026-03-17 17:35:44,GPR_Optimization_h_mean_0.25_v_mean_1.4_20260314-095040,1040,3.2719424235286176,9.21554068146392,0.5547613314873894,0.508016238541226,0.018322296163351882,0.007102871245410221,4.498705149508239,4.571466454780792e-07,22293.29735132796,34.881152040385416,0.0013308195176502354,"[[0.009386865686673856, 0.013737838579600786, -0.008734248830770059], [0.013737838579600786, 0.03321352455988869, -0.03896772375797281], [-0.008734248830770059, -0.03896772375797281, 0.0604424086790907]]",1.203906204773224,0.20438893847349898,-1.4989257362684085
2026-03-17 17:35:47,GPR_Optimization_h_mean_0.3_v_mean_0.2_20260314-104944,1761,3.798321056282707,20.920984384664955,0.007347232207045291,0.9933737044586771,0.003084807659782554,0.0022861250898634075,2.0047905982672227,1.3720881902360118e-14,48255.60451735346,162.42941941044165,0.5068704724449904,"[[0.00970964067902398, 0.012280164468414966, -0.005904309561497138], [0.012280164468414966, 0.023027755853014156, -0.023131392514130465], [-0.005904309561497138, -0.023131392514130465, 0.03699264846199077]]",0.7294578587971563,0.27165201494806757,-0.4114396953809494
2026-03-17 17:35:47,GPR_Optimization_h_mean_0.3_v_mean_0.2_20260314-104944,1472,3.7975693657810545,20.90782180474874,0.0069103238226589665,0.9932578142974477,0.003120504754312866,0.0028733155187771167,2.0047905982672227,6.662231009320211e-12,27816.236114032617,11.140823456576438,0.334741695019284,"[[0.009754679721617011, 0.012460474656253268, -0.006203432158177045], [0.012460474656253268, 0.023516253298684914, -0.023796758115758588], [-0.006203432158177045, -0.023796758115758588, 0.03779858797236016]]",0.7282462026041183,0.271289626186743,-0.4096062040872819
2026-03-17 17:35:47,GPR_Optimization_h_mean_0.3_v_mean_0.2_20260314-104944,146,3.79745083852168,20.91377147523733,0.007523969216217378,0.9930163342925125,0.003064135037754733,0.0024220015191252133,2.102172483944474,3.904429630862584e-08,1034.0690182648311,13.73171652601555,0.016322824078868745,"[[0.009667523708729172, 0.012362769002233492, -0.0061512282786141325], [0.012362769002233492, 0.023380160133373063, -0.023657102196435142], [-0.0061512282786141325, -0.023657102196435142, 0.03751206372194375]]",0.7296185300493953,0.2721404639511659,-0.41082429794040115
2026-03-17 17:35:47,GPR_Optimization_h_mean_0.3_v_mean_0.2_20260314-104944,1442,3.7973035138656486,20.90780531510329,0.0071401890641611355,0.9931291317007936,0.0031270243596933233,0.0028733155187771167,2.0047905982672227,1.3720881902360118e-14,27816.236114032617,11.140823456576438,0.334741695019284,"[[0.009749060031809028, 0.012451396228821824, -0.006196373872869163], [0.012451396228821824, 0.023503726411499233, -0.02378682338632414], [-0.006196373872869163, -0.02378682338632414, 0.03778318594584227]]",0.728304436495472,0.2712973514282016,-0.409727629691446
2026-03-17 17:35:47,GPR_Optimization_h_mean_0.3_v_mean_0.2_20260314-104944,1317,3.7973035138656486,20.90780531510329,0.0071401890641611355,0.9931291317007936,0.0031270243596933233,0.0028733155187771167,2.0047905982672227,1.3720881902360118e-14,27816.236114032617,11.140823456576438,0.334741695019284,"[[0.009749060031809028, 0.012451396228821824, -0.006196373872869163], [0.012451396228821824, 0.023503726411499233, -0.02378682338632414], [-0.006196373872869163, -0.02378682338632414, 0.03778318594584227]]",0.728304436495472,0.2712973514282016,-0.409727629691446
2026-03-17 17:35:47,GPR_Optimization_h_mean_0.3_v_mean_0.2_20260314-104944,1256,3.7973035138656486,20.90780531510329,0.0071401890641611355,0.9931291317007936,0.0031270243596933233,0.0028733155187771167,2.0047905982672227,1.3720881902360118e-14,27816.236114032617,11.140823456576438,0.334741695019284,"[[0.009749060031809028, 0.012451396228821824, -0.006196373872869163], [0.012451396228821824, 0.023503726411499233, -0.02378682338632414], [-0.006196373872869163, -0.02378682338632414, 0.03778318594584227]]",0.728304436495472,0.2712973514282016,-0.409727629691446
2026-03-17 17:35:47,GPR_Optimization_h_mean_0.3_v_mean_0.2_20260314-104944,1002,3.7971713827806473,20.90447552105679,0.007396874640928416,0.9930061736521019,0.003215596549150547,0.0023698724577731816,2.0047905982672227,3.2907700195195955e-10,22415.07716493134,612.4674974014923,0.334741695019284,"[[0.009641530382582393, 0.012379333984054657, -0.006224504919087484], [0.012379333984054657, 0.023497562720864163, -0.023847269524064282], [-0.006224504919087484, -0.023847269524064282, 0.037725371643471006]]",0.7291380430330997,0.27168180876192954,-0.4107772141264704
2026-03-17 17:35:47,GPR_Optimization_h_mean_0.3_v_mean_0.2_20260314-104944,1517,3.7971380203367593,20.912844362442243,0.0067399583243515125,0.9929097935360588,0.003116932831721225,0.002486167995976144,2.0188609708635155,3.111248799528686e-11,285.16830434027,612.4674974014923,0.0034710167937366024,"[[0.00976639245584473, 0.012480571541213797, -0.006240807013110459], [0.012480571541213797, 0.023464688834913625, -0.02370022845374508], [-0.006240807013110459, -0.02370022845374508, 0.03760713724681375]]",0.728815543671049,0.27168836920615025,-0.4098404382586159
2026-03-17 17:35:47,GPR_Optimization_h_mean_0.3_v_mean_0.2_20260314-104944,1131,3.797130823945267,20.914502352658555,0.0070519239021599196,0.9927046137058936,0.0027342492781277598,0.0024889143184093836,2.1552263283386472,1.6883001396360108e-10,307.42752397038333,11.055127178548721,0.0027068604626879467,"[[0.009720758174406856, 0.012447049393846258, -0.0062078590472885425], [0.012447049393846258, 0.023530253360385982, -0.023795190172334557], [-0.0062078590472885425, -0.023795190172334557, 0.03766299862017115]]",0.729225865888746,0.27192422262229426,-0.4104129962988347
2026-03-17 17:35:47,GPR_Optimization_h_mean_0.3_v_mean_0.2_20260314-104944,1533,3.7970901934398036,20.916094360831263,0.008080463204017469,0.9927150243177493,0.002725805604348557,0.002674519511188881,2.0047905982672227,1.1052415619708556e-05,74724.91241233295,162.42941941044165,0.334741695019284,"[[0.00963850544254073, 0.012309459511273924, -0.0060894202430951455], [0.012309459511273924, 0.023253973411745336, -0.02348942017303694], [-0.0060894202430951455, -0.02348942017303694, 0.0372687086834733]]",0.7281559449283813,0.2712368247346119,-0.4097492802413184
2026-03-17 17:35:50,GPR_Optimization_h_mean_0.3_v_mean_0.5_20260314-114839,390,3.664943084926394,20.732101939880884,0.014399930602744084,0.9865971252134824,0.0056382587833561735,0.002255410817297266,2.1911117520277954,6.250309008451158e-15,2815.036388238598,214.04797254176015,0.014906206842767932,"[[0.009128057528437082, 0.011640018582581676, -0.005097540835033722], [0.011640018582581676, 0.023564829797395357, -0.02400953154815618], [-0.005097540835033722, -0.02400953154815618, 0.03805266387161528]]",0.8771145759600383,0.2724498741505021,-0.7090588214140112
2026-03-17 17:35:50,GPR_Optimization_h_mean_0.3_v_mean_0.5_20260314-114839,656,3.657485496967123,20.61262162821625,0.019085618806176537,0.9823169888279039,0.0045276404947996295,0.0022470615349158792,2.561936365092937,6.274004724405807e-15,257.43703237160423,118.54089590787446,0.0010901834741100555,"[[0.00925478661579913, 0.011965387894981002, -0.005480201082951911], [0.011965387894981002, 0.024392344386213943, -0.024979988062577462], [-0.005480201082951911, -0.024979988062577462, 0.03917183126579798]]",0.8760191179620204,0.2722345549264664,-0.7073581288341482
2026-03-17 17:35:50,GPR_Optimization_h_mean_0.3_v_mean_0.5_20260314-114839,1296,3.654532826123051,20.265534933408848,0.037532877798961826,0.9655299268009367,0.005683234518301885,0.0017673991399585287,2.6014400852831825,6.250309008451158e-15,37493.576566772994,140.22411381429455,0.0028051021128743803,"[[0.009087715891389085, 0.011349208724674363, -0.004591601376315432], [0.011349208724674363, 0.023216861475700738, -0.023890451787174912], [-0.004591601376315432, -0.023890451787174912, 0.03882121834524527]]",0.8763755203513546,0.27246329935265046,-0.7075442303972186
2026-03-17 17:35:50,GPR_Optimization_h_mean_0.3_v_mean_0.5_20260314-114839,1646,3.651674935499612,20.648061791179487,0.020873106783759705,0.9808894996985715,0.006191596356925359,0.002220242388245443,2.4507034832655927,7.620344728768512e-07,1446.8283029613708,61.712106432769176,0.0011835335909122036,"[[0.00903541984611795, 0.011347342675155749, -0.004690250063371923], [0.011347342675155749, 0.023215436763106747, -0.023883365847985775], [-0.004690250063371923, -0.023883365847985775, 0.03859186851646937]]",0.8814724682570654,0.2737432251948812,-0.7152052278546874
2026-03-17 17:35:50,GPR_Optimization_h_mean_0.3_v_mean_0.5_20260314-114839,668,3.6512663331706845,20.536664241141295,0.02363767074047448,0.9787597335010498,0.004872102579336879,0.0021998562185478075,2.561936365092937,6.274004724405807e-15,364.64658968411806,118.54089590787446,0.0015057337907984879,"[[0.00926755449696551, 0.011814580851148183, -0.005154539434895013], [0.011814580851148183, 0.023959736415465685, -0.024423929642940573], [-0.005154539434895013, -0.024423929642940573, 0.03872772148974762]]",0.8761126719905983,0.2722251214300599,-0.7075409717145256
2026-03-17 17:35:50,GPR_Optimization_h_mean_0.3_v_mean_0.5_20260314-114839,207,3.650818451189462,20.468209539787747,0.02642992490701102,0.9753294263797153,0.0053726466497172965,0.0020913748333216365,2.561936365092937,6.274004724405807e-15,1637.344715354646,118.54089590787446,0.0010901834741100555,"[[0.00903571655268624, 0.011328315428475861, -0.004662561378287525], [0.011328315428475861, 0.023117079662340015, -0.0237500770657978], [-0.004662561378287525, -0.0237500770657978, 0.038419924642212486]]",0.8767713509270849,0.27197191452164704,-0.7092992271247286
2026-03-17 17:35:50,GPR_Optimization_h_mean_0.3_v_mean_0.5_20260314-114839,818,3.650818451189462,20.468209539787747,0.02642992490701102,0.9753294263797153,0.0053726466497172965,0.0020913748333216365,2.561936365092937,6.274004724405807e-15,1637.344715354646,118.54089590787446,0.0010901834741100555,"[[0.00903571655268624, 0.011328315428475861, -0.004662561378287525], [0.011328315428475861, 0.023117079662340015, -0.0237500770657978], [-0.004662561378287525, -0.0237500770657978, 0.038419924642212486]]",0.8767713509270849,0.27197191452164704,-0.7092992271247286
2026-03-17 17:35:50,GPR_Optimization_h_mean_0.3_v_mean_0.5_20260314-114839,736,3.650818451189462,20.468209539787747,0.02642992490701102,0.9753294263797153,0.0053726466497172965,0.0020913748333216365,2.561936365092937,6.274004724405807e-15,1637.344715354646,118.54089590787446,0.0010901834741100555,"[[0.00903571655268624, 0.011328315428475861, -0.004662561378287525], [0.011328315428475861, 0.023117079662340015, -0.0237500770657978], [-0.004662561378287525, -0.0237500770657978, 0.038419924642212486]]",0.8767713509270849,0.27197191452164704,-0.7092992271247286
2026-03-17 17:35:50,GPR_Optimization_h_mean_0.3_v_mean_0.5_20260314-114839,392,3.650818451189462,20.468209539787747,0.02642992490701102,0.9753294263797153,0.0053726466497172965,0.0020913748333216365,2.561936365092937,6.274004724405807e-15,1637.344715354646,118.54089590787446,0.0010901834741100555,"[[0.00903571655268624, 0.011328315428475861, -0.004662561378287525], [0.011328315428475861, 0.023117079662340015, -0.0237500770657978], [-0.004662561378287525, -0.0237500770657978, 0.038419924642212486]]",0.8767713509270849,0.27197191452164704,-0.7092992271247286
2026-03-17 17:35:50,GPR_Optimization_h_mean_0.3_v_mean_0.5_20260314-114839,83,3.635251613946206,20.37895532102584,0.03408120704858147,0.968450989662343,0.007327799013573448,0.0020014836172267555,2.023696041912697,1.0608843184849163e-15,2214.578961670024,281.24971001777186,0.001176394216045267,"[[0.009051685690855994, 0.0111494996317263, -0.004267868463903467], [0.0111494996317263, 0.023056455202703583, -0.023983852647175796], [-0.004267868463903467, -0.023983852647175796, 0.03967930166249074]]",0.8733078995553315,0.27066526799226764,-0.7049849463115117
2026-03-17 17:35:52,GPR_Optimization_h_mean_0.3_v_mean_0.8_20260314-124735,350,3.5054281937032865,19.056227059617015,0.08950019372336304,0.9209551894284088,0.010403395534883722,0.002511228780116808,3.0665698927965064,4.902156212885414e-05,92547.4282227057,263.40809337222043,0.007256479849938783,"[[0.008861263201056508, 0.010973364327322403, -0.004233162303965882], [0.010973364327322403, 0.022627489447625646, -0.02331496134893501], [-0.004233162303965882, -0.02331496134893501, 0.038160598993509154]]",1.0266841415210448,0.2724705480955178,-1.0084012368650328
2026-03-17 17:35:52,GPR_Optimization_h_mean_0.3_v_mean_0.8_20260314-124735,141,3.500296491450648,19.039787709445317,0.09385266480166415,0.9151268524592521,0.010891367483507788,0.0024388494369127034,2.632623921496577,2.115728644385202e-15,4003.8438720836084,260.5564518238764,0.0031230686637852907,"[[0.00900494258956629, 0.010950786117381168, -0.003902519550926618], [0.010950786117381168, 0.02284002753909251, -0.02378516988865065], [-0.003902519550926618, -0.02378516988865065, 0.03975918629659502]]",1.0195372037241632,0.27070760994892595,-0.9976283868990926
2026-03-17 17:35:52,GPR_Optimization_h_mean_0.3_v_mean_0.8_20260314-124735,706,3.500296491450648,19.039787709445317,0.09385266480166415,0.9151268524592521,0.010891367483507788,0.0024388494369127034,2.632623921496577,2.115728644385202e-15,4003.8438720836084,260.5564518238764,0.0031230686637852907,"[[0.00900494258956629, 0.010950786117381168, -0.003902519550926618], [0.010950786117381168, 0.02284002753909251, -0.02378516988865065], [-0.003902519550926618, -0.02378516988865065, 0.03975918629659502]]",1.0195372037241632,0.27070760994892595,-0.9976283868990926
2026-03-17 17:35:52,GPR_Optimization_h_mean_0.3_v_mean_0.8_20260314-124735,578,3.500296491450648,19.039787709445317,0.09385266480166415,0.9151268524592521,0.010891367483507788,0.0024388494369127034,2.632623921496577,2.115728644385202e-15,4003.8438720836084,260.5564518238764,0.0031230686637852907,"[[0.00900494258956629, 0.010950786117381168, -0.003902519550926618], [0.010950786117381168, 0.02284002753909251, -0.02378516988865065], [-0.003902519550926618, -0.02378516988865065, 0.03975918629659502]]",1.0195372037241632,0.27070760994892595,-0.9976283868990926
2026-03-17 17:35:52,GPR_Optimization_h_mean_0.3_v_mean_0.8_20260314-124735,557,3.4904379173795226,18.783050461678208,0.10049106825137001,0.9101062245503238,0.009271879529957897,0.0024339904633122198,3.0288635572920093,4.1926261258341006e-10,28068.36590380892,19.040014684481527,0.003657427596082732,"[[0.008715924657885454, 0.010765098461212019, -0.0041111025611964575], [0.010765098461212019, 0.022375700975162362, -0.023232860768258763], [-0.0041111025611964575, -0.023232860768258763, 0.038243652069564836]]",1.019195676165494,0.27069262937103594,-0.9969696792576284
2026-03-17 17:35:52,GPR_Optimization_h_mean_0.3_v_mean_0.8_20260314-124735,224,3.489165640839907,19.316837463564436,0.07718738673432403,0.930395625796463,0.010600010048836152,0.0028271112722000726,2.5080228276125553,1.1282529745249858e-15,8260.392572284365,90.55971776681257,0.016879759817752672,"[[0.008838055510640883, 0.010842482954474821, -0.004023278357910043], [0.010842482954474821, 0.022390349142197508, -0.023110480623026276], [-0.004023278357910043, -0.023110480623026276, 0.03818024501326086]]",1.0214262748059255,0.27020951721221664,-1.002391605240032
2026-03-17 17:35:52,GPR_Optimization_h_mean_0.3_v_mean_0.8_20260314-124735,1222,3.4843128197351767,18.873619333468383,0.09144128322210514,0.9190279900519753,0.00844402127170978,0.002663622526636225,2.888520662576927,1.687472227293368e-12,1557.0224099111597,905.8485801200922,0.0042478909568132075,"[[0.008970135613357898, 0.011363641595940284, -0.004798859374299842], [0.011363641595940284, 0.02368403105740696, -0.024648326311647418], [-0.004798859374299842, -0.024648326311647418, 0.0396924062938731]]",1.018677294066607,0.2712078275276096,-0.9949051057814132
2026-03-17 17:35:52,GPR_Optimization_h_mean_0.3_v_mean_0.8_20260314-124735,3,3.4617808072700234,18.262113703667094,0.12429566754059418,0.8912764155914387,0.009146400894811708,0.002274142850935006,3.490125886926273,3.9491129113432075e-05,69795.31108431541,242.14787494149695,0.009880090943396438,"[[0.00892417873591147, 0.01123301514643523, -0.004626989240497272], [0.01123301514643523, 0.023420543156717145, -0.024379943414090333], [-0.004626989240497272, -0.024379943414090333, 0.03949925903944489]]",1.024862542358149,0.2729830662654465,-1.0037329214074302
2026-03-17 17:35:52,GPR_Optimization_h_mean_0.3_v_mean_0.8_20260314-124735,712,3.4583538171742587,18.242228128720452,0.12221950623319482,0.8909690881010194,0.007506422000693548,0.002329360001150301,3.496463174786902,3.887750493662888e-15,12520.684049231028,22.34793628615174,0.0042478909568132075,"[[0.008981763538243795, 0.011283634466228822, -0.004612512016083836], [0.011283634466228822, 0.02337688170112614, -0.02419253071265218], [-0.004612512016083836, -0.02419253071265218, 0.03915632112791551]]",1.0200352050939478,0.27165303501218785,-0.9967398346252805
2026-03-17 17:35:52,GPR_Optimization_h_mean_0.3_v_mean_0.8_20260314-124735,54,3.4540388668130313,18.222853168928047,0.12744718385611634,0.8876282181330384,0.011799472492317373,0.00220874030090501,3.151549724889632,3.942280779060458e-05,96405.27693113971,417.97601086206623,0.0010530483895947258,"[[0.0088884879638699, 0.011188104080546641, -0.004606860176841872], [0.011188104080546641, 0.023372473004323442, -0.024371926682144402], [-0.004606860176841872, -0.024371926682144402, 0.039523126131724984]]",1.0208325601825954,0.27053880764193794,-1.0005658105682411
2026-03-17 17:35:55,GPR_Optimization_h_mean_0.3_v_mean_1.1_20260314-134614,1707,3.788629291732482,15.315629766035189,0.25425246195165624,0.7766853604624017,0.015491900036944728,0.002304181281829256,3.2825441828488446,8.534105952803663e-14,61929.12948348617,12.480881801329202,0.0018777039041233078,"[[0.008912558377165114, 0.011415542367230129, -0.005017682133221869], [0.011415542367230129, 0.024879371788901056, -0.026935463207658408], [-0.005017682133221869, -0.026935463207658408, 0.04383024460463569]]",1.152151758178331,0.26534073664537206,-1.2735895547268834
2026-03-17 17:35:55,GPR_Optimization_h_mean_0.3_v_mean_1.1_20260314-134614,326,3.733585188258827,14.736644296205801,0.27373110910463444,0.7584581709014355,0.012273678768665135,0.002309092792966148,3.9048833453579936,6.05876281331666e-06,18793.128342066942,789.577734844132,0.003463437482744128,"[[0.00924742564228945, 0.012097823514284393, -0.00570899016065737], [0.012097823514284393, 0.025456964658320383, -0.02672510653217803], [-0.00570899016065737, -0.02672510653217803, 0.04203067278353813]]",1.1550483716803646,0.26773041986279933,-1.274611555694972
2026-03-17 17:35:55,GPR_Optimization_h_mean_0.3_v_mean_1.1_20260314-134614,114,3.730213347208026,14.828662303078097,0.2751269035532995,0.7568497075898435,0.013263597446054242,0.0023835797837122048,3.6194161545269585,2.7471113582686334e-08,3016.1874771872467,53.505496317992815,0.001020054385809461,"[[0.009207360122249578, 0.011945281470499856, -0.005485601614213358], [0.011945281470499856, 0.025218423290940366, -0.02655155379953153], [-0.005485601614213358, -0.02655155379953153, 0.04212544785858583]]",1.1530553803776604,0.2676002894317646,-1.270882524521361
2026-03-17 17:35:55,GPR_Optimization_h_mean_0.3_v_mean_1.1_20260314-134614,68,3.7256065478100373,14.889552196004146,0.2801941661363603,0.7545910110808278,0.013482957441928059,0.0019091030175667075,3.647780880920105,7.185881425184671e-08,12807.780631158681,81.46444817320999,0.0015392013336993288,"[[0.009247495255803614, 0.011982371395584562, -0.005478143209156271], [0.011982371395584562, 0.025785085181306275, -0.027609444588665225], [-0.005478143209156271, -0.027609444588665225, 0.04425571538404817]]",1.1500488383337264,0.26675917175357733,-1.2665550845173648
2026-03-17 17:35:55,GPR_Optimization_h_mean_0.3_v_mean_1.1_20260314-134614,222,3.7229217786725695,14.717112963677808,0.28109813538286704,0.754504259543453,0.012204578005305156,0.0026466498198184727,3.6862470032784276,8.499690348970395e-07,13619.644716757897,99.67672865944593,0.003005859598449941,"[[0.009444549076330732, 0.01237059562793365, -0.005862101738899002], [0.01237059562793365, 0.026271046456008515, -0.027807236814625665], [-0.005862101738899002, -0.027807236814625665, 0.043884783078005356]]",1.151882117602184,0.2677092830010557,-1.268316324799197
2026-03-17 17:35:55,GPR_Optimization_h_mean_0.3_v_mean_1.1_20260314-134614,179,3.722255067426014,14.544659051986432,0.2815236493083197,0.7552726446439579,0.011484787025130347,0.002628535380086216,4.171543720623302,1.4096802580567032e-07,1644.5183895988757,23.42652773338135,0.001404634530006874,"[[0.009242904527608405, 0.01220087803455845, -0.005927344625031781], [0.01220087803455845, 0.026100892351593522, -0.0278089001118707], [-0.005927344625031781, -0.0278089001118707, 0.043759965428025634]]",1.150812157498978,0.266267456421145,-1.2690573420734892
2026-03-17 17:35:55,GPR_Optimization_h_mean_0.3_v_mean_1.1_20260314-134614,1746,3.7210432038618295,14.81565775419282,0.2755021161409963,0.7534214433872564,0.013316266096548283,0.002452629847308837,3.264918314578449,5.749332711557109e-14,4968.901126334651,101.16836022002214,0.017159920246237376,"[[0.009344222469360662, 0.012295127624677092, -0.005913267579162407], [0.012295127624677092, 0.026335519963347875, -0.02808931672107024], [-0.005913267579162407, -0.02808931672107024, 0.04434843294130523]]",1.1467452865484478,0.26623390438568273,-1.2609910533942708
2026-03-17 17:35:55,GPR_Optimization_h_mean_0.3_v_mean_1.1_20260314-134614,465,3.710433088419587,14.379261736777703,0.2883426353557083,0.751803638268008,0.01112646058193473,0.0026476915439351315,4.564240966331501,2.7411724846136624e-07,4188.893835385858,252.40269626787222,0.0015878805670088887,"[[0.009448208492837477, 0.0124570506365347, -0.006029771557294143], [0.0124570506365347, 0.026215953319404215, -0.027528637991003965], [-0.006029771557294143, -0.027528637991003965, 0.04299685324358691]]",1.1525460309131086,0.26713415337127894,-1.2707890902534158
2026-03-17 17:35:55,GPR_Optimization_h_mean_0.3_v_mean_1.1_20260314-134614,163,3.710433088419587,14.379261736777703,0.2883426353557083,0.751803638268008,0.01112646058193473,0.0026476915439351315,4.564240966331501,2.7411724846136624e-07,4188.893835385858,252.40269626787222,0.0015878805670088887,"[[0.009448208492837477, 0.0124570506365347, -0.006029771557294143], [0.0124570506365347, 0.026215953319404215, -0.027528637991003965], [-0.006029771557294143, -0.027528637991003965, 0.04299685324358691]]",1.1525460309131086,0.26713415337127894,-1.2707890902534158
2026-03-17 17:35:55,GPR_Optimization_h_mean_0.3_v_mean_1.1_20260314-134614,249,3.71018344489182,14.643413146697672,0.2821604993048777,0.7516815428503933,0.016422447096527855,0.002218475463661372,3.696364640027588,4.00508244928275e-06,3972.1516004085947,14.012706915936407,0.0019996777590962165,"[[0.009158199012176429, 0.012113902114744286, -0.00592168327301485], [0.012113902114744286, 0.025739995744253515, -0.02725859748842751], [-0.00592168327301485, -0.02725859748842751, 0.042668476286337166]]",1.153032814495101,0.2673775470942884,-1.2712822201004694
2026-03-17 17:35:58,GPR_Optimization_h_mean_0.3_v_mean_1.4_20260314-144519,370,3.79459462113541,10.878644792526238,0.4430222306190566,0.6151137061397484,0.013545317574422575,0.0020624724478871467,5.049985403927139,3.836669670308343e-15,16291.569000657322,56.367449136490556,0.0015501651917359104,"[[0.009822273440043952, 0.013794830060800355, -0.007952556249219754], [0.013794830060800355, 0.03014636512362647, -0.032708541804154403], [-0.007952556249219754, -0.032708541804154403, 0.04950926720810958]]",1.2760407543576664,0.25929797386854425,-1.5334635112725439
2026-03-17 17:35:58,GPR_Optimization_h_mean_0.3_v_mean_1.4_20260314-144519,274,3.769442613750148,10.866065124503415,0.4448279078444175,0.6084510673309107,0.017561434168331575,0.0022541429593010602,5.039415238554299,9.374671338480966e-05,68262.40269671557,304.6186917794951,0.03971574323199428,"[[0.009763504600333078, 0.014065427667966686, -0.008610644045062397], [0.014065427667966686, 0.03089706747532783, -0.03366727474907216], [-0.008610644045062397, -0.03366727474907216, 0.05010911817831116]]",1.274682589618354,0.2591525356529735,-1.5310398285508868
2026-03-17 17:35:58,GPR_Optimization_h_mean_0.3_v_mean_1.4_20260314-144519,1565,3.7683740895394595,10.866861508848018,0.44299114605906753,0.608426966120107,0.019055309625168295,0.0020122593028295463,4.751058423920195,3.501377070820391e-06,2562.1760620649748,10.023812081576894,0.0015501651917359104,"[[0.009663305150948702, 0.013680413432449872, -0.00804132110198027], [0.013680413432449872, 0.030285732996810383, -0.033214533344375956], [-0.00804132110198027, -0.033214533344375956, 0.05034130808007443]]",1.2786532229946164,0.26185994520125355,-1.53356549969712
2026-03-17 17:35:58,GPR_Optimization_h_mean_0.3_v_mean_1.4_20260314-144519,169,3.765037172928472,10.86197589247727,0.44727822266537876,0.6064088536235019,0.014411901422605466,0.0023369582151871126,4.641568427125649,1.7612466419920437e-05,70138.35340690443,133.02952462261058,0.07552121994200675,"[[0.009708636578144155, 0.01377292889983981, -0.008138253607678812], [0.01377292889983981, 0.030217158181280748, -0.0328970320296824], [-0.008138253607678812, -0.0328970320296824, 0.04951659309616526]]",1.276210464540792,0.2600862414489775,-1.5322199970713153
2026-03-17 17:35:58,GPR_Optimization_h_mean_0.3_v_mean_1.4_20260314-144519,1436,3.742514431685943,10.475654815294533,0.45507892822118884,0.6038847134232848,0.019456473303703144,0.002008794407010218,6.102082473844104,8.603929813296956e-05,37166.776398330294,56.367449136490556,0.0015501651917359104,"[[0.009859509694628144, 0.01412489211321016, -0.008538975623784566], [0.01412489211321016, 0.030845569331084864, -0.033447063417283325], [-0.008538975623784566, -0.033447063417283325, 0.04981263711233218]]",1.283124225865028,0.26162801757761683,-1.5429695630310067
2026-03-17 17:35:58,GPR_Optimization_h_mean_0.3_v_mean_1.4_20260314-144519,1884,3.7375506983408764,10.198477090766183,0.4584628472335831,0.6032139683046172,0.012808225462284687,0.002372149330890292,6.102082473844104,4.451835397223838e-09,24953.512390139535,38.99516061916762,0.004441287921687155,"[[0.010375492533069467, 0.014656743371440777, -0.00857175759171597], [0.014656743371440777, 0.03155070028181487, -0.033793178214357976], [-0.00857175759171597, -0.033793178214357976, 0.050436803715379626]]",1.28201288131739,0.2619724638949645,-1.5400532185056093
2026-03-17 17:35:58,GPR_Optimization_h_mean_0.3_v_mean_1.4_20260314-144519,1596,3.6906975889501545,10.719447793732078,0.4690221259711348,0.5859251336518367,0.019594911050388544,0.002089927458315034,4.175701720981699,2.2028006318906016e-13,24953.512390139535,20.65904442258649,0.004441287921687155,"[[0.009644948653728221, 0.01337652387690843, -0.007528231945470434], [0.01337652387690843, 0.030684738508082794, -0.03517385795170759], [-0.007528231945470434, -0.03517385795170759, 0.05667668220493239]]",1.273448233582457,0.25937202946596866,-1.5274767574606736
2026-03-17 17:35:58,GPR_Optimization_h_mean_0.3_v_mean_1.4_20260314-144519,691,3.6894549122030513,10.249183742625787,0.4709125741787767,0.5900287726534071,0.021697744040226702,0.002133856673364173,6.102082473844104,8.603929813296956e-05,24953.512390139535,31.93882664921558,0.0015501651917359104,"[[0.009755454764473823, 0.014168219305958725, -0.008835228237705295], [0.014168219305958725, 0.031092112890725256, -0.0338546312903389], [-0.008835228237705295, -0.0338546312903389, 0.05003492178435337]]",1.2802930640669603,0.2616128922439376,-1.5373328960429165
2026-03-17 17:35:58,GPR_Optimization_h_mean_0.3_v_mean_1.4_20260314-144519,103,3.68835770581434,9.865864200564957,0.4722021185604316,0.5908849043075457,0.012722817274360015,0.0023685768800578984,6.102082473844104,2.7576979836665795e-15,9250.14830350368,196.8740532570149,0.001890325851386802,"[[0.010368526394458516, 0.01454309242149851, -0.00835979246926676], [0.01454309242149851, 0.030808362935268004, -0.0325387358743488], [-0.00835979246926676, -0.0325387358743488, 0.048354817485851166]]",1.277888383985059,0.2605982993949113,-1.534550213620487
2026-03-17 17:35:58,GPR_Optimization_h_mean_0.3_v_mean_1.4_20260314-144519,1831,3.6866173881003887,10.242288287506465,0.46794136592876556,0.59033985893538,0.026260830094633234,0.002529497714025358,6.102082473844104,8.603929813296956e-05,19281.02536927984,57.630113351450376,0.0015501651917359104,"[[0.009659367884628635, 0.013734425261798197, -0.008158841639438677], [0.013734425261798197, 0.030345086163255586, -0.03322643766261148], [-0.008158841639438677, -0.03322643766261148, 0.0501295942710008]]",1.281682125857181,0.2617118074398497,-1.539914331097857
2026-03-17 17:36:01,GPR_Optimization_h_mean_0.35_v_mean_0.2_20260314-154432,619,3.7147942926317317,20.804478469518052,0.012810154103803382,0.9882503119882692,0.002718064861912744,0.0003966446798196001,2.0448818586156854,2.214848563302398e-15,2652.6678136275464,540.4266797448195,0.003950664142754773,"[[0.00952359698858164, 0.011747660945356014, -0.00489315930353041], [0.011747660945356014, 0.021374901067749162, -0.02018649277289147], [-0.00489315930353041, -0.02018649277289147, 0.03200494969365887]]",0.7859165629041575,0.32521705298605,-0.41910581724842455
2026-03-17 17:36:01,GPR_Optimization_h_mean_0.35_v_mean_0.2_20260314-154432,1592,3.7147942926317317,20.804478469518052,0.012810154103803382,0.9882503119882692,0.002718064861912744,0.0003966446798196001,2.0448818586156854,2.214848563302398e-15,2652.6678136275464,540.4266797448195,0.003950664142754773,"[[0.00952359698858164, 0.011747660945356014, -0.00489315930353041], [0.011747660945356014, 0.021374901067749162, -0.02018649277289147], [-0.00489315930353041, -0.02018649277289147, 0.03200494969365887]]",0.7859165629041575,0.32521705298605,-0.41910581724842455
2026-03-17 17:36:01,GPR_Optimization_h_mean_0.35_v_mean_0.2_20260314-154432,1158,3.7147942926317317,20.804478469518052,0.012810154103803382,0.9882503119882692,0.002718064861912744,0.0003966446798196001,2.0448818586156854,2.214848563302398e-15,2652.6678136275464,540.4266797448195,0.003950664142754773,"[[0.00952359698858164, 0.011747660945356014, -0.00489315930353041], [0.011747660945356014, 0.021374901067749162, -0.02018649277289147], [-0.00489315930353041, -0.02018649277289147, 0.03200494969365887]]",0.7859165629041575,0.32521705298605,-0.41910581724842455
2026-03-17 17:36:01,GPR_Optimization_h_mean_0.35_v_mean_0.2_20260314-154432,1090,3.7147942926317317,20.804478469518052,0.012810154103803382,0.9882503119882692,0.002718064861912744,0.0003966446798196001,2.0448818586156854,2.214848563302398e-15,2652.6678136275464,540.4266797448195,0.003950664142754773,"[[0.00952359698858164, 0.011747660945356014, -0.00489315930353041], [0.011747660945356014, 0.021374901067749162, -0.02018649277289147], [-0.00489315930353041, -0.02018649277289147, 0.03200494969365887]]",0.7859165629041575,0.32521705298605,-0.41910581724842455
2026-03-17 17:36:01,GPR_Optimization_h_mean_0.35_v_mean_0.2_20260314-154432,1788,3.7147942926317317,20.804478469518052,0.012810154103803382,0.9882503119882692,0.002718064861912744,0.0003966446798196001,2.0448818586156854,2.214848563302398e-15,2652.6678136275464,540.4266797448195,0.003950664142754773,"[[0.00952359698858164, 0.011747660945356014, -0.00489315930353041], [0.011747660945356014, 0.021374901067749162, -0.02018649277289147], [-0.00489315930353041, -0.02018649277289147, 0.03200494969365887]]",0.7859165629041575,0.32521705298605,-0.41910581724842455
2026-03-17 17:36:01,GPR_Optimization_h_mean_0.35_v_mean_0.2_20260314-154432,158,3.7147942926317317,20.804478469518052,0.012810154103803382,0.9882503119882692,0.002718064861912744,0.0003966446798196001,2.0448818586156854,2.214848563302398e-15,2652.6678136275464,540.4266797448195,0.003950664142754773,"[[0.00952359698858164, 0.011747660945356014, -0.00489315930353041], [0.011747660945356014, 0.021374901067749162, -0.02018649277289147], [-0.00489315930353041, -0.02018649277289147, 0.03200494969365887]]",0.7859165629041575,0.32521705298605,-0.41910581724842455
2026-03-17 17:36:01,GPR_Optimization_h_mean_0.35_v_mean_0.2_20260314-154432,1437,3.7106799674499085,20.867089898391,0.010945374207615554,0.9899926103167825,0.002811518184876548,0.00043319422985285834,2.155107611801518,1.2906669008117576e-14,1522.726466953505,868.837555043613,0.0011223206683912642,"[[0.009439563790809829, 0.011640021497044831, -0.004839585137928389], [0.011640021497044831, 0.02137414917748395, -0.02040229396426696], [-0.004839585137928389, -0.02040229396426696, 0.032536945135398176]]",0.7851626524893053,0.32481915019099367,-0.4183467912102199
2026-03-17 17:36:01,GPR_Optimization_h_mean_0.35_v_mean_0.2_20260314-154432,576,3.7091634982103074,20.73732837607009,0.01433211167724442,0.9871564888902409,0.002395611070704165,0.00040225261464199515,2.1279998511620324,1.5280152912969836e-15,1120.8874854883459,462.9146755502397,0.00503172149953872,"[[0.009520270378471503, 0.011989336728135853, -0.005381380435883866], [0.011989336728135853, 0.021970050967943813, -0.02087544849433452], [-0.005381380435883866, -0.02087544849433452, 0.032335930831688287]]",0.7857315799101938,0.3251583975538925,-0.41892753281662587
2026-03-17 17:36:01,GPR_Optimization_h_mean_0.35_v_mean_0.2_20260314-154432,1771,3.703571810465213,20.782744515643106,0.015640273704789834,0.9862903422658256,0.0027598903039599827,0.00040851461169227177,2.122987487100757,1.5150543722748816e-15,1484.7071945915113,26.606263382887672,0.001832864180425096,"[[0.009534906824317275, 0.011707753778782599, -0.0047680291344603005], [0.011707753778782599, 0.021450139590107626, -0.02044667737408341], [-0.0047680291344603005, -0.02044667737408341, 0.03287661854116275]]",0.7858970946002632,0.3253324273376818,-0.4185737458093804
2026-03-17 17:36:01,GPR_Optimization_h_mean_0.35_v_mean_0.2_20260314-154432,973,3.698954037445801,20.6663577229849,0.018594610689295816,0.9837928717336971,0.002741426180544291,0.0003870775643888641,2.0448818586156854,2.3351423354323455e-11,1435.1202448101706,540.4266797448195,0.0041235473566607565,"[[0.009630745436738692, 0.012089644645278199, -0.005360187788580087], [0.012089644645278199, 0.02218187338212144, -0.02112408445752142], [-0.005360187788580087, -0.02112408445752142, 0.032944879981984365]]",0.7852328223024737,0.32461486550275664,-0.41888774425249853
2026-03-17 17:36:04,GPR_Optimization_h_mean_0.35_v_mean_0.5_20260314-164332,1992,3.722477182296276,20.91781234656491,0.008487767629005258,0.9926946010590618,0.005208293659006717,0.0005139651678463391,2.1486348350056454,4.1855672041188495e-09,20361.150047398653,883.178770523232,0.059743793466207305,"[[0.009162158038006992, 0.011501268594485966, -0.004706091337042115], [0.011501268594485966, 0.022452727592503906, -0.02196501331606059], [-0.004706091337042115, -0.02196501331606059, 0.034604921962145326]]",0.9323602059981885,0.3243930237252688,-0.7158383614027073
2026-03-17 17:36:04,GPR_Optimization_h_mean_0.35_v_mean_0.5_20260314-164332,791,3.722477182296276,20.91781234656491,0.008487767629005258,0.9926946010590618,0.005208293659006717,0.0005139651678463391,2.1486348350056454,4.1855672041188495e-09,20361.150047398653,883.178770523232,0.059743793466207305,"[[0.009162158038006992, 0.011501268594485966, -0.004706091337042115], [0.011501268594485966, 0.022452727592503906, -0.02196501331606059], [-0.004706091337042115, -0.02196501331606059, 0.034604921962145326]]",0.9323602059981885,0.3243930237252688,-0.7158383614027073
2026-03-17 17:36:04,GPR_Optimization_h_mean_0.35_v_mean_0.5_20260314-164332,1092,3.7141178985510774,20.716146984673554,0.014510384451903205,0.9869417629000604,0.003716354868513471,0.0004983364357219283,2.9878684047915987,7.0947573462448105e-09,1118.1165913943596,884.8281595485313,0.0018635456079206995,"[[0.009192150046448681, 0.011514345807406162, -0.004676576802631677], [0.011514345807406162, 0.022396913845445843, -0.02183615415848959], [-0.004676576802631677, -0.02183615415848959, 0.03441932890846667]]",0.933860944235386,0.3254854571418313,-0.7166403673538161
2026-03-17 17:36:04,GPR_Optimization_h_mean_0.35_v_mean_0.5_20260314-164332,1451,3.694927039690137,20.60388835165512,0.018510975333785925,0.9829911212491064,0.0035385453446308505,0.0005431093007467753,2.6819013675752923,3.817997033422386e-09,231.05416265390573,946.8359991312722,0.0018635456079206995,"[[0.009268521796737029, 0.011697564008116279, -0.004890905929699052], [0.011697564008116279, 0.022503575556516577, -0.021683373445944617], [-0.004890905929699052, -0.021683373445944617, 0.03368000402518218]]",0.9353338529375465,0.32618062085899624,-0.7181968382346642
2026-03-17 17:36:04,GPR_Optimization_h_mean_0.35_v_mean_0.5_20260314-164332,209,3.694927039690137,20.60388835165512,0.018510975333785925,0.9829911212491064,0.0035385453446308505,0.0005431093007467753,2.6819013675752923,3.817997033422386e-09,231.05416265390573,946.8359991312722,0.0018635456079206995,"[[0.009268521796737029, 0.011697564008116279, -0.004890905929699052], [0.011697564008116279, 0.022503575556516577, -0.021683373445944617], [-0.004890905929699052, -0.021683373445944617, 0.03368000402518218]]",0.9353338529375465,0.32618062085899624,-0.7181968382346642
2026-03-17 17:36:04,GPR_Optimization_h_mean_0.35_v_mean_0.5_20260314-164332,832,3.694927039690137,20.60388835165512,0.018510975333785925,0.9829911212491064,0.0035385453446308505,0.0005431093007467753,2.6819013675752923,3.817997033422386e-09,231.05416265390573,946.8359991312722,0.0018635456079206995,"[[0.009268521796737029, 0.011697564008116279, -0.004890905929699052], [0.011697564008116279, 0.022503575556516577, -0.021683373445944617], [-0.004890905929699052, -0.021683373445944617, 0.03368000402518218]]",0.9353338529375465,0.32618062085899624,-0.7181968382346642
2026-03-17 17:36:04,GPR_Optimization_h_mean_0.35_v_mean_0.5_20260314-164332,414,3.690111787392338,20.776814668573742,0.012358816107504979,0.9890664796697632,0.0045725236868240605,0.0006384628247419546,2.4678913497708153,2.0049072687556434e-13,172.01356843653934,804.462143278631,0.0038388869790175967,"[[0.009300522776245964, 0.011731470441491008, -0.0048839150164193155], [0.011731470441491008, 0.02249732043128587, -0.021577890041951767], [-0.0048839150164193155, -0.021577890041951767, 0.03344536961747281]]",0.9350592875450002,0.3261116691346369,-0.7178224595294822
2026-03-17 17:36:04,GPR_Optimization_h_mean_0.35_v_mean_0.5_20260314-164332,1840,3.688839828215955,20.509445228566126,0.02425709883337002,0.9785330533419456,0.0041359645875002765,0.0004989360921564311,2.846586712879283,7.0947573462448105e-09,1118.1165913943596,60.15251166249298,0.0018635456079206995,"[[0.009260598740328889, 0.011558602150646177, -0.004611266435966874], [0.011558602150646177, 0.022467845121391498, -0.02185299126784741], [-0.004611266435966874, -0.02185299126784741, 0.03452973656576367]]",0.9343278525670213,0.32576619565366083,-0.7170653760041242
2026-03-17 17:36:04,GPR_Optimization_h_mean_0.35_v_mean_0.5_20260314-164332,1677,3.688466859847043,20.56769560533571,0.01839308921336289,0.9829621658942302,0.00469141994450645,0.0005504166348138522,2.385946941601857,1.1211067160048112e-11,4125.196119700458,142.53793292264902,0.08146204022303784,"[[0.009255632362491863, 0.011656436926453975, -0.00482377276293213], [0.011656436926453975, 0.022385691370810937, -0.02150750372358302], [-0.00482377276293213, -0.02150750372358302, 0.03343674822025882]]",0.9351186791607679,0.32582193803981685,-0.7185193434699717
2026-03-17 17:36:04,GPR_Optimization_h_mean_0.35_v_mean_0.5_20260314-164332,239,3.6869894415124387,20.572530003325493,0.019939911212089507,0.9818855070970813,0.0035415484481893106,0.0005680034678106456,2.7614921820234066,2.1482211413058824e-09,278.4414627931793,846.4704886272183,0.0011583345566537546,"[[0.009244199778369091, 0.01166538126845417, -0.0048676965069651525], [0.01166538126845417, 0.02254850688213273, -0.021823920601589053], [-0.0048676965069651525, -0.021823920601589053, 0.03399258751722351]]",0.933482763879467,0.3254121276376923,-0.7160516076630252
2026-03-17 17:36:07,GPR_Optimization_h_mean_0.35_v_mean_0.8_20260314-174234,958,3.6256879368532475,19.917225333721127,0.04691166141108604,0.958055411791035,0.006954384275737272,0.0005977911616576748,3.7167405225280845,2.0232796373450383e-06,2276.8397061607593,145.948357643673,0.016170495327699166,"[[0.008817164736501135, 0.010935096682773314, -0.004237663285339046], [0.010935096682773314, 0.02147270176079319, -0.02107627359150839], [-0.004237663285339046, -0.02107627359150839, 0.033676074611874586]]",1.086090208229658,0.32718982828845306,-1.0177962192695507
2026-03-17 17:36:07,GPR_Optimization_h_mean_0.35_v_mean_0.8_20260314-174234,1561,3.5678701789224,19.70847444761549,0.05985544457471913,0.9441788856025246,0.012062148355704672,0.0006381810356342481,2.3420304876154145,2.0232796373450383e-06,2774.02701257615,475.55459311098645,0.016170495327699166,"[[0.008745663356576606, 0.010629523645617023, -0.0037714330499499706], [0.010629523645617023, 0.020947647876790203, -0.020638258988221594], [-0.0037714330499499706, -0.020638258988221594, 0.03373100858445157]]",1.0812188522557138,0.32450936997045265,-1.013409767471243
2026-03-17 17:36:07,GPR_Optimization_h_mean_0.35_v_mean_0.8_20260314-174234,1007,3.5678463879526627,19.125398889900655,0.07635726795096322,0.9329935506441981,0.006447257312872366,0.0005786948907332673,3.7167405225280845,2.0232796373450383e-06,2276.8397061607593,475.55459311098645,0.016170495327699166,"[[0.009093301568191313, 0.011452478426196224, -0.004719631187234391], [0.011452478426196224, 0.02268300821382549, -0.022460659820469436], [-0.004719631187234391, -0.022460659820469436, 0.03547926150949885]]",1.0830291587347818,0.3263795209286522,-1.0132959194855757
2026-03-17 17:36:07,GPR_Optimization_h_mean_0.35_v_mean_0.8_20260314-174234,1292,3.5678463879526627,19.125398889900655,0.07635726795096322,0.9329935506441981,0.006447257312872366,0.0005786948907332673,3.7167405225280845,2.0232796373450383e-06,2276.8397061607593,475.55459311098645,0.016170495327699166,"[[0.009093301568191313, 0.011452478426196224, -0.004719631187234391], [0.011452478426196224, 0.02268300821382549, -0.022460659820469436], [-0.004719631187234391, -0.022460659820469436, 0.03547926150949885]]",1.0830291587347818,0.3263795209286522,-1.0132959194855757
2026-03-17 17:36:07,GPR_Optimization_h_mean_0.35_v_mean_0.8_20260314-174234,569,3.5650435640871976,18.71597763260253,0.08161165078820576,0.925418658557403,0.005075783121491752,0.000530148285594,3.5456198924077236,1.1831239303533849e-09,16311.765500742831,441.3064914012357,0.1871792558640082,"[[0.009266435585324004, 0.011902092425219427, -0.005273068440632756], [0.011902092425219427, 0.02323473692485056, -0.022666272826485527], [-0.005273068440632756, -0.022666272826485527, 0.034785111837106794]]",1.0774432815326267,0.3257268077973458,-1.0034283292039974
2026-03-17 17:36:07,GPR_Optimization_h_mean_0.35_v_mean_0.8_20260314-174234,123,3.5650435640871976,18.71597763260253,0.08161165078820576,0.925418658557403,0.005075783121491752,0.000530148285594,3.5456198924077236,1.1831239303533849e-09,16311.765500742831,441.3064914012357,0.1871792558640082,"[[0.009266435585324004, 0.011902092425219427, -0.005273068440632756], [0.011902092425219427, 0.02323473692485056, -0.022666272826485527], [-0.005273068440632756, -0.022666272826485527, 0.034785111837106794]]",1.0774432815326267,0.3257268077973458,-1.0034283292039974
2026-03-17 17:36:07,GPR_Optimization_h_mean_0.35_v_mean_0.8_20260314-174234,285,3.5650435640871976,18.71597763260253,0.08161165078820576,0.925418658557403,0.005075783121491752,0.000530148285594,3.5456198924077236,1.1831239303533849e-09,16311.765500742831,441.3064914012357,0.1871792558640082,"[[0.009266435585324004, 0.011902092425219427, -0.005273068440632756], [0.011902092425219427, 0.02323473692485056, -0.022666272826485527], [-0.005273068440632756, -0.022666272826485527, 0.034785111837106794]]",1.0774432815326267,0.3257268077973458,-1.0034283292039974
2026-03-17 17:36:07,GPR_Optimization_h_mean_0.35_v_mean_0.8_20260314-174234,986,3.5650435640871976,18.71597763260253,0.08161165078820576,0.925418658557403,0.005075783121491752,0.000530148285594,3.5456198924077236,1.1831239303533849e-09,16311.765500742831,441.3064914012357,0.1871792558640082,"[[0.009266435585324004, 0.011902092425219427, -0.005273068440632756], [0.011902092425219427, 0.02323473692485056, -0.022666272826485527], [-0.005273068440632756, -0.022666272826485527, 0.034785111837106794]]",1.0774432815326267,0.3257268077973458,-1.0034283292039974
2026-03-17 17:36:07,GPR_Optimization_h_mean_0.35_v_mean_0.8_20260314-174234,553,3.5631667047181987,19.36411475649395,0.07625386816138262,0.9326566426252465,0.011342429523463052,0.0005692765808372745,2.3420304876154145,1.3210166214150012e-14,61484.17712863678,858.1286413199929,0.00165706400318115,"[[0.008729003537026844, 0.010402771182717778, -0.003351170851722433], [0.010402771182717778, 0.021137074884343163, -0.021471302648169644], [-0.003351170851722433, -0.021471302648169644, 0.036239092240460374]]",1.0767191554224231,0.3212099465193471,-1.0110096481558062
2026-03-17 17:36:07,GPR_Optimization_h_mean_0.35_v_mean_0.8_20260314-174234,496,3.55549700973007,18.957161064636853,0.08514222964333529,0.9235122607888367,0.007470991355727113,0.0005415406832438287,3.0667998504142937,1.2732129004164393e-10,303.9213175459175,193.28235742236862,0.0010030257696331763,"[[0.008999465593038351, 0.011272796537126204, -0.004549303901038521], [0.011272796537126204, 0.022437542043798938, -0.02233103923467222], [-0.004549303901038521, -0.02233103923467222, 0.03556186982960099]]",1.0756855864226427,0.32394379015807095,-1.0034772783692563
2026-03-17 17:36:10,GPR_Optimization_h_mean_0.35_v_mean_1.1_20260314-184143,1035,3.794757231025768,16.194863001236424,0.18853865537124925,0.831847594555832,0.009929306711229706,0.0006801984942878786,3.8454336676511747,1.5928463878718009e-12,5097.922424689452,116.83615838427097,0.016028801848838304,"[[0.009390026128805094, 0.011987046403973935, -0.005196659805114402], [0.011987046403973935, 0.024248474111003955, -0.024525461462168253], [-0.005196659805114402, -0.024525461462168253, 0.03865783949541733]]",1.2156160527826068,0.32195093131905606,-1.287323740294212
2026-03-17 17:36:10,GPR_Optimization_h_mean_0.35_v_mean_1.1_20260314-184143,216,3.781791328104288,16.21659338890739,0.19783029716153241,0.826714471231471,0.010957341620176126,0.0006657386673122314,4.6560551006600654,3.583677796008694e-06,67857.75900333234,92.00080288384478,0.0016211276440285664,"[[0.00925780553579468, 0.011455809188122251, -0.004398836607607], [0.011455809188122251, 0.02321070352594723, -0.023511590769306], [-0.004398836607607, -0.023511590769306, 0.03822383855917589]]",1.2215737388567398,0.3224967149540734,-1.298146750493673
2026-03-17 17:36:10,GPR_Optimization_h_mean_0.35_v_mean_1.1_20260314-184143,1146,3.781791328104288,16.21659338890739,0.19783029716153241,0.826714471231471,0.010957341620176126,0.0006657386673122314,4.6560551006600654,3.583677796008694e-06,67857.75900333234,92.00080288384478,0.0016211276440285664,"[[0.00925780553579468, 0.011455809188122251, -0.004398836607607], [0.011455809188122251, 0.02321070352594723, -0.023511590769306], [-0.004398836607607, -0.023511590769306, 0.03822383855917589]]",1.2215737388567398,0.3224967149540734,-1.298146750493673
2026-03-17 17:36:10,GPR_Optimization_h_mean_0.35_v_mean_1.1_20260314-184143,246,3.7659917465762613,16.043621517935556,0.20477523018595414,0.821779914640501,0.011683334082768776,0.0006770175121863152,5.173224695022119,4.444512703775405e-05,56647.58209952916,61.12189925866216,0.006894998161732103,"[[0.009062216188562807, 0.011379529069604667, -0.004635682901155466], [0.011379529069604667, 0.02325412950114552, -0.023749721241927254], [-0.004635682901155466, -0.023749721241927254, 0.03822725777819573]]",1.2207591521435572,0.3224087761899922,-1.2966979928336158
2026-03-17 17:36:10,GPR_Optimization_h_mean_0.35_v_mean_1.1_20260314-184143,307,3.7637732187713095,15.90208147202525,0.20285718717523152,0.8209078585479788,0.009128136053104566,0.0008221005444477191,3.8454336676511747,2.833779864372761e-07,5097.922424689452,368.853605703958,0.016028801848838304,"[[0.00923742828840122, 0.011963881589212782, -0.00545437272954061], [0.011963881589212782, 0.02429733334148082, -0.02466792683611482], [-0.00545437272954061, -0.02466792683611482, 0.038426410857982665]]",1.2125760700542425,0.32135994255925043,-1.2824282244247907
2026-03-17 17:36:10,GPR_Optimization_h_mean_0.35_v_mean_1.1_20260314-184143,1300,3.763204237189708,16.14733088406681,0.20130056710775046,0.8201523350234413,0.012402521908967113,0.0008166351606805293,3.590670426605024,3.583677796008694e-06,6035.718456730059,236.41917309379676,0.011146794158113857,"[[0.009161004561788031, 0.011737612341243995, -0.0051545817572467715], [0.011737612341243995, 0.023915089239442692, -0.024355574800183695], [-0.0051545817572467715, -0.024355574800183695, 0.0384010285517549]]",1.216510207938229,0.32045415391030724,-1.2921080539785221
2026-03-17 17:36:10,GPR_Optimization_h_mean_0.35_v_mean_1.1_20260314-184143,1471,3.756644608692766,16.12885482728455,0.2083591191076361,0.8177902436170191,0.012976592987235318,0.0007396114775626028,3.9752166935627855,2.2887928302673303e-05,31763.458132253025,187.60784349386122,0.0015646865448618685,"[[0.009248277154969087, 0.011697160073458184, -0.004899283094024738], [0.011697160073458184, 0.02395481329680936, -0.02451665454616864], [-0.004899283094024738, -0.02451665454616864, 0.03923463149876576]]",1.218548174225578,0.3218128803400001,-1.2934668463233174
2026-03-17 17:36:10,GPR_Optimization_h_mean_0.35_v_mean_1.1_20260314-184143,425,3.750345760074141,15.983545664340967,0.20515760188327373,0.8158957525436109,0.01207843204696805,0.0006573114433336391,3.5379028036645743,6.504222438520108e-08,7139.502497402444,10.240689093598126,0.016289127839119868,"[[0.009224885313976269, 0.011806038774650153, -0.005164035406435373], [0.011806038774650153, 0.02416385028522553, -0.024715368700363345], [-0.005164035406435373, -0.024715368700363345, 0.03909926676235676]]",1.2134832616169002,0.3209910952517949,-1.2849800235236737
2026-03-17 17:36:10,GPR_Optimization_h_mean_0.35_v_mean_1.1_20260314-184143,955,3.743068036834676,15.427373804934632,0.20885696216899902,0.8165229142336177,0.010506915297676308,0.0008107801326436297,5.073693356421411,2.3617162829789948e-07,107.90782660055099,10.485689493811563,0.0019257675496398945,"[[0.00947620027395733, 0.012595787922932113, -0.006241387680322634], [0.012595787922932113, 0.025598493497828133, -0.026007199888794543], [-0.006241387680322634, -0.026007199888794543, 0.03953102111156391]]",1.212977217765034,0.3224047238627109,-1.281139193822544
2026-03-17 17:36:10,GPR_Optimization_h_mean_0.35_v_mean_1.1_20260314-184143,1111,3.7405953563209997,15.228489272448405,0.20505261100433267,0.8162210136668895,0.008656033559411556,0.0006678177020555755,4.256640769105522,5.6619567822066705e-12,1492.9478001917075,368.853605703958,0.016028801848838304,"[[0.009663014974682128, 0.012994158719701424, -0.006663990984878189], [0.012994158719701424, 0.026460690397574295, -0.02693433613165587], [-0.006663990984878189, -0.02693433613165587, 0.040540124638648506]]",1.2089348998707736,0.3197961438370201,-1.2782736312714054
2026-03-17 17:36:13,GPR_Optimization_h_mean_0.35_v_mean_1.4_20260314-194055,269,3.5959881978761383,12.323178909414716,0.3533688880347219,0.6939296442245334,0.017189043388696822,0.0004644533064270728,6.017502188992131,5.1629252366979416e-05,20908.077709591824,13.969078414790685,0.013583831622872992,"[[0.009629469292548433, 0.012940755505418181, -0.006623554002640006], [0.012940755505418181, 0.026963870100725578, -0.028046695819440207], [-0.006623554002640006, -0.028046695819440207, 0.04284548293893214]]",1.3536738800802885,0.3173786446479579,-1.572588039536596
2026-03-17 17:36:13,GPR_Optimization_h_mean_0.35_v_mean_1.4_20260314-194055,15,3.5234186168099852,12.07907359465831,0.3496267679413305,0.6923719509412991,0.012916608348932206,0.0006384232582503929,5.965407860051732,8.08748148315455e-08,3064.2697729875135,297.30380202703014,0.0012862244411361993,"[[0.009968429844722109, 0.01296629445526607, -0.005997606561604848], [0.01296629445526607, 0.0260277779673454, -0.02612448578187322], [-0.005997606561604848, -0.02612448578187322, 0.04025325727840546]]",1.3555252328476755,0.3190435806677078,-1.5729584199175894
2026-03-17 17:36:13,GPR_Optimization_h_mean_0.35_v_mean_1.4_20260314-194055,1913,3.514089731271341,12.245986046577176,0.36027993432064914,0.6867901095614526,0.01861496835303636,0.0006057804205391446,5.92757299760861,9.612202437353123e-05,35708.420497677726,254.60798669355202,0.04760585124113505,"[[0.009660270984192967, 0.012827453297735106, -0.006336049282126168], [0.012827453297735106, 0.02645745189495833, -0.027261210801868975], [-0.006336049282126168, -0.027261210801868975, 0.041849585408212556]]",1.357377736853134,0.31930036974537346,-1.5761504303002398
2026-03-17 17:36:13,GPR_Optimization_h_mean_0.35_v_mean_1.4_20260314-194055,1191,3.5056284432001608,11.89015227569942,0.36883116883116884,0.6800611440926605,0.01214324699606739,0.0005844155844155844,5.965407860051732,3.516610407822551e-08,63867.285972364836,982.4956999735651,0.0016954083244810395,"[[0.009827367180656268, 0.01268337560537872, -0.005713691522390024], [0.01268337560537872, 0.02561962056126246, -0.0258740911422026], [-0.005713691522390024, -0.0258740911422026, 0.04032081961578814]]",1.3521790008688117,0.31773866295922404,-1.5688763729376465
2026-03-17 17:36:13,GPR_Optimization_h_mean_0.35_v_mean_1.4_20260314-194055,1461,3.5056284432001608,11.89015227569942,0.36883116883116884,0.6800611440926605,0.01214324699606739,0.0005844155844155844,5.965407860051732,3.516610407822551e-08,63867.285972364836,982.4956999735651,0.0016954083244810395,"[[0.009827367180656268, 0.01268337560537872, -0.005713691522390024], [0.01268337560537872, 0.02561962056126246, -0.0258740911422026], [-0.005713691522390024, -0.0258740911422026, 0.04032081961578814]]",1.3521790008688117,0.31773866295922404,-1.5688763729376465
2026-03-17 17:36:13,GPR_Optimization_h_mean_0.35_v_mean_1.4_20260314-194055,186,3.4884009213817126,11.901671002017032,0.37928521691253864,0.672870679373894,0.014100040148798024,0.0005667740838501773,5.041531912902224,1.9410389634697715e-05,63867.285972364836,938.3098093343289,0.030315753841488366,"[[0.009998030903621535, 0.013304949024274483, -0.006617141905892021], [0.013304949024274483, 0.027465363763671594, -0.028323660091504835], [-0.006617141905892021, -0.028323660091504835, 0.04341259835150404]]",1.3453998785238386,0.31489316355789015,-1.5610054942843479
2026-03-17 17:36:13,GPR_Optimization_h_mean_0.35_v_mean_1.4_20260314-194055,469,3.4743551318108516,12.258258739486235,0.36107035784907826,0.6819568396834517,0.015177929286934405,0.000685717930726542,4.655923786816093,9.352566721488283e-15,3370.9425151827177,942.3909465439756,0.0014097706004206282,"[[0.009544614538211841, 0.012804182485638263, -0.006522958171613359], [0.012804182485638263, 0.027420889881009616, -0.029233409204597667], [-0.006522958171613359, -0.029233409204597667, 0.04541454414835025]]",1.3463157665843941,0.31442002463735513,-1.5637824125159767
2026-03-17 17:36:13,GPR_Optimization_h_mean_0.35_v_mean_1.4_20260314-194055,443,3.473867746125144,11.823419848422898,0.38323220481297826,0.6671896586964162,0.02171120168651377,0.000522805405491041,5.155209674847328,8.208528517892877e-06,2115.7607320764932,12.657068939334101,0.001695310931945116,"[[0.009723690479392961, 0.013398161998066288, -0.0073512276186949435], [0.013398161998066288, 0.027988099887130743, -0.029181995442392476], [-0.0073512276186949435, -0.029181995442392476, 0.04366138815884954]]",1.3427230714004537,0.3140066887510919,-1.5574267224045917
2026-03-17 17:36:13,GPR_Optimization_h_mean_0.35_v_mean_1.4_20260314-194055,1518,3.4577734945539507,11.221808399004471,0.39624455161669897,0.6573767952356411,0.011992228999314375,0.0004971908715755978,5.92757299760861,5.692142020592185e-07,3370.9425151827177,182.1733147825666,0.0012862244411361993,"[[0.009920898715196125, 0.013104359005588612, -0.006368539544203751], [0.013104359005588612, 0.02666517561164746, -0.027123166401820994], [-0.006368539544203751, -0.027123166401820994, 0.04150924903669613]]",1.3480298729482958,0.31632137098336266,-1.5634129421823624
2026-03-17 17:36:13,GPR_Optimization_h_mean_0.35_v_mean_1.4_20260314-194055,1092,3.4570671666218824,11.999644944504137,0.37911863554983194,0.6729988408562688,0.019478443811560213,0.0006281998932060181,5.861885316787701,8.208528517892877e-06,2124.110525649163,20.73346819281684,0.004316889872039668,"[[0.009873682411653916, 0.01343700069413622, -0.00712706192775762], [0.01343700069413622, 0.027978564856919828, -0.0290827818134285], [-0.00712706192775762, -0.0290827818134285, 0.04391006326386773]]",1.3507901978661723,0.31766733466492936,-1.566244250502915
2026-03-17 17:36:16,GPR_Optimization_h_mean_0.4_v_mean_0.2_20260314-204007,300,3.7994576585448576,21.04000129926275,0.003089486431099795,0.9971795595857534,0.0020997418878646755,0.00013972551698441285,2.0753108465956074,1.6774740083737147e-08,3430.0163366675847,78.78621762535735,0.016382337437426262,"[[0.009485460478717707, 0.011685421904384376, -0.004656257141839721], [0.011685421904384376, 0.020763739923768964, -0.018669835431212718], [-0.004656257141839721, -0.018669835431212718, 0.028739466740161045]]",0.8427387501287869,0.3775729667888737,-0.4291456379779821
2026-03-17 17:36:16,GPR_Optimization_h_mean_0.4_v_mean_0.2_20260314-204007,1925,3.7993311369917233,21.043040763356714,0.003249529673336754,0.9970959115572566,0.002078455886092412,0.00018657586641167965,2.124346072801372,6.41038587385995e-13,430.85349036160756,14.136054619644803,0.0018384847027320015,"[[0.009580952093393633, 0.011753791743732915, -0.004604570378040098], [0.011753791743732915, 0.020769632803047288, -0.018539537788985594], [-0.004604570378040098, -0.018539537788985594, 0.02856256664407373]]",0.8424544781948827,0.3775803204514596,-0.4285952654612792
2026-03-17 17:36:16,GPR_Optimization_h_mean_0.4_v_mean_0.2_20260314-204007,965,3.799270396579857,21.009327239033073,0.002904238618524333,0.997275807375209,0.002049896725187007,0.00012558869701726844,2.1135702935980087,3.490199996755203e-15,14085.21404004027,368.25724809760067,0.2242590999569022,"[[0.009489938409123006, 0.011683078642086, -0.0046194903692183854], [0.011683078642086, 0.020669736771605805, -0.018438440348421695], [-0.0046194903692183854, -0.018438440348421695, 0.028272573917436414]]",0.8441245563278934,0.37797013037613053,-0.43124062666758733
2026-03-17 17:36:16,GPR_Optimization_h_mean_0.4_v_mean_0.2_20260314-204007,529,3.799162875944409,21.042872050531397,0.0032161403178487943,0.9972513164761704,0.0025542344766703107,0.00018826187226431967,2.0019345465074294,2.0708580250303585e-14,515.1771463134187,995.5056123686575,0.016382337437426262,"[[0.009568796628939705, 0.011641064426320636, -0.004374053368413562], [0.011641064426320636, 0.02048692776328036, -0.018143795726619193], [-0.004374053368413562, -0.018143795726619193, 0.02814705072653104]]",0.8442874139108725,0.3780117405974654,-0.4315334412345481
2026-03-17 17:36:16,GPR_Optimization_h_mean_0.4_v_mean_0.2_20260314-204007,725,3.7991615960189336,21.042873981346858,0.0032162412337815153,0.9972512408767682,0.002555385202310429,0.00018826777953843016,2.0019345465074294,7.084560414079368e-14,515.1771463134187,192.74051775599952,0.016382337437426262,"[[0.009568956104520077, 0.011640555062084931, -0.00437272897838017], [0.011640555062084931, 0.02048476400384461, -0.01814050253567026], [-0.00437272897838017, -0.01814050253567026, 0.02814312014178161]]",0.8442829448098439,0.3780111962697393,-0.4315255439855259
2026-03-17 17:36:16,GPR_Optimization_h_mean_0.4_v_mean_0.2_20260314-204007,1791,3.799129864195162,21.043717576579873,0.003445132784377945,0.9970084182216155,0.0021606991534983857,9.26941556334873e-05,2.1135702935980087,3.490199996755203e-15,630.5765729910237,17.517807734027535,0.0018384847027320015,"[[0.00945811785284835, 0.01158849494506673, -0.00452440842637888], [0.01158849494506673, 0.020599880512171948, -0.01855597407224153], [-0.00452440842637888, -0.01855597407224153, 0.028819899790527764]]",0.842629833391826,0.37762885407867824,-0.4287576054621915
2026-03-17 17:36:16,GPR_Optimization_h_mean_0.4_v_mean_0.2_20260314-204007,1919,3.798435495258538,21.00926294320709,0.003402747287210688,0.9968766390434685,0.0020833720718301755,0.00012544690459762904,2.1135702935980087,2.8748344875570595e-14,14085.21404004027,318.2894669901433,0.2242590999569022,"[[0.009487122605765227, 0.011695535874045251, -0.0046512694983285655], [0.011695535874045251, 0.020707997434343643, -0.018492719494599557], [-0.0046512694983285655, -0.018492719494599557, 0.028320453671780575]]",0.8441070172268874,0.3778898075935893,-0.4313599117836877
2026-03-17 17:36:16,GPR_Optimization_h_mean_0.4_v_mean_0.2_20260314-204007,592,3.7977662979102504,21.04213580603041,0.004212870318824008,0.9965083274708567,0.0024768487842683393,0.0001354136888193431,2.024266203535041,6.430023983440076e-11,7050.5669016791235,12.14949351902987,0.007102614201533435,"[[0.009389424221222669, 0.011491861069811248, -0.0044645479535262425], [0.011491861069811248, 0.020658472148942637, -0.018889928288049057], [-0.0044645479535262425, -0.018889928288049057, 0.02967154429989774]]",0.839465728670832,0.376196786079139,-0.4251550516511662
2026-03-17 17:36:16,GPR_Optimization_h_mean_0.4_v_mean_0.2_20260314-204007,1567,3.7973363255787227,21.01392499594858,0.004374316513044837,0.9963059598198011,0.0020657378454068814,0.0002030932666770817,2.1135702935980087,1.3738568378826388e-12,991.9159786840278,13.396960048803871,0.013486162055033085,"[[0.009508093996083416, 0.011707019685697853, -0.004628132706445129], [0.011707019685697853, 0.020756508271630558, -0.01856577701500665], [-0.004628132706445129, -0.01856577701500665, 0.028512513345656236]]",0.8429575193819724,0.3774510089785632,-0.4299215007953755
2026-03-17 17:36:16,GPR_Optimization_h_mean_0.4_v_mean_0.2_20260314-204007,108,3.7943940597876047,20.995669162016924,0.005810346653754786,0.995095147212933,0.0022995663993875047,0.00024209777723978272,2.028405303631169,1.1597379818066476e-12,11400.462100822557,764.728381246618,0.013008281872965348,"[[0.009320110772031856, 0.01148721434089568, -0.0045942628740391865], [0.01148721434089568, 0.020706560058606202, -0.018999431021230636], [-0.0045942628740391865, -0.018999431021230636, 0.029637781934284214]]",0.8405300453059326,0.3767911393962295,-0.42607784360412526
2026-03-17 17:36:19,GPR_Optimization_h_mean_0.4_v_mean_0.5_20260314-213905,818,3.798125260853611,21.043715324791773,0.0024047094829874613,0.9978527208801636,0.0029913921769355563,0.00012491997314220576,2.6920311487749222,5.3660857056514496e-12,278.5589449335648,63.82693650312871,0.003507792750932045,"[[0.009197972699387696, 0.011194416984048624, -0.003998186464916066], [0.011194416984048624, 0.020394268594783254, -0.01841061956006273], [-0.003998186464916066, -0.01841061956006273, 0.028838865924681583]]",0.9935917761260116,0.37898996714066,-0.7291887015766086
2026-03-17 17:36:19,GPR_Optimization_h_mean_0.4_v_mean_0.5_20260314-213905,599,3.798125260853611,21.043715324791773,0.0024047094829874613,0.9978527208801636,0.0029913921769355563,0.00012491997314220576,2.6920311487749222,5.3660857056514496e-12,278.5589449335648,63.82693650312871,0.003507792750932045,"[[0.009197972699387696, 0.011194416984048624, -0.003998186464916066], [0.011194416984048624, 0.020394268594783254, -0.01841061956006273], [-0.003998186464916066, -0.01841061956006273, 0.028838865924681583]]",0.9935917761260116,0.37898996714066,-0.7291887015766086
2026-03-17 17:36:19,GPR_Optimization_h_mean_0.4_v_mean_0.5_20260314-213905,889,3.798125260853611,21.043715324791773,0.0024047094829874613,0.9978527208801636,0.0029913921769355563,0.00012491997314220576,2.6920311487749222,5.3660857056514496e-12,278.5589449335648,63.82693650312871,0.003507792750932045,"[[0.009197972699387696, 0.011194416984048624, -0.003998186464916066], [0.011194416984048624, 0.020394268594783254, -0.01841061956006273], [-0.003998186464916066, -0.01841061956006273, 0.028838865924681583]]",0.9935917761260116,0.37898996714066,-0.7291887015766086
2026-03-17 17:36:19,GPR_Optimization_h_mean_0.4_v_mean_0.5_20260314-213905,258,3.7965626688880154,21.03684046043004,0.0029416294470968737,0.9973756852726824,0.0034769372119292288,0.00016941321423071,2.377504819415017,2.192116993003863e-12,9031.21540133609,10.858850261441138,0.06279004437973441,"[[0.009116456429150445, 0.011225899701774485, -0.0042302402289107685], [0.011225899701774485, 0.02087582133869455, -0.01932451555860186], [-0.0042302402289107685, -0.01932451555860186, 0.030222376432930208]]",0.9910756967799944,0.3778214912489725,-0.7264716341718762
2026-03-17 17:36:19,GPR_Optimization_h_mean_0.4_v_mean_0.5_20260314-213905,1843,3.7963217875989925,21.084254562876048,0.002395358603848128,0.9975038106978752,0.004676778313190578,0.00010887993653855127,2.1028907498393288,2.0444156735570832e-14,2475.1045857193517,79.82021375250221,0.04221634425128752,"[[0.009159911628266505, 0.011138401697292603, -0.003960124188350726], [0.011138401697292603, 0.02052162679629866, -0.01877263246161263], [-0.003960124188350726, -0.01877263246161263, 0.029632190001831486]]",0.9923785009099877,0.3780129487050339,-0.7287222557042865
2026-03-17 17:36:19,GPR_Optimization_h_mean_0.4_v_mean_0.5_20260314-213905,1852,3.796134276382903,21.04180522411203,0.0019956002514142047,0.9980936531837007,0.005432127738030637,0.0001257071024512885,2.1028907498393288,2.0356215587016746e-09,2325.7780654571834,43.91920459707236,0.06906896318759438,"[[0.009214001356641046, 0.011405404312265006, -0.004384479325835332], [0.011405404312265006, 0.02098697299574437, -0.019167097070852176], [-0.004384479325835332, -0.019167097070852176, 0.029570557842906582]]",0.9921155304960411,0.37790358940543956,-0.7284174476757836
2026-03-17 17:36:19,GPR_Optimization_h_mean_0.4_v_mean_0.5_20260314-213905,941,3.796134276382903,21.04180522411203,0.0019956002514142047,0.9980936531837007,0.005432127738030637,0.0001257071024512885,2.1028907498393288,2.0356215587016746e-09,2325.7780654571834,43.91920459707236,0.06906896318759438,"[[0.009214001356641046, 0.011405404312265006, -0.004384479325835332], [0.011405404312265006, 0.02098697299574437, -0.019167097070852176], [-0.004384479325835332, -0.019167097070852176, 0.029570557842906582]]",0.9921155304960411,0.37790358940543956,-0.7284174476757836
2026-03-17 17:36:19,GPR_Optimization_h_mean_0.4_v_mean_0.5_20260314-213905,1193,3.794335142762204,20.993595912030315,0.004086681489368365,0.9964344046329714,0.00318657639293376,0.00020355118529420975,2.563085950576206,1.4254043619118505e-07,561.2986169909725,287.64795254206854,0.007978752356136903,"[[0.00923246935545687, 0.011395077269754007, -0.004327394168498451], [0.011395077269754007, 0.021040498157322656, -0.019294989473976794], [-0.004327394168498451, -0.019294989473976794, 0.02993960690109118]]",0.9932587595092349,0.37938905349383706,-0.7277327345071126
2026-03-17 17:36:19,GPR_Optimization_h_mean_0.4_v_mean_0.5_20260314-213905,1972,3.794193024729902,20.998666860486487,0.003665393097878421,0.9966768397776562,0.00393239102585425,0.00010871928680147858,2.1879617054612748,1.9922391697073218e-13,791.6813028731668,286.6998556383405,0.007978752356136903,"[[0.009142076613879068, 0.01125181279370624, -0.004222198525403402], [0.01125181279370624, 0.020868908231407773, -0.019239245415603474], [-0.004222198525403402, -0.019239245415603474, 0.03004019107042701]]",0.9904321806701206,0.3776819854776398,-0.7254920550255066
2026-03-17 17:36:19,GPR_Optimization_h_mean_0.4_v_mean_0.5_20260314-213905,80,3.7933759629204467,20.997315346438853,0.002931499586783303,0.9967296167489386,0.004787069387286825,0.00020271007780948373,2.0111659686232346,9.844054318099122e-13,127.80218204597708,149.65627179867965,0.002099727827633163,"[[0.009119848548633647, 0.011226651535319395, -0.004215804737133422], [0.011226651535319395, 0.020838989704304308, -0.01922862446413333], [-0.004215804737133422, -0.01922862446413333, 0.03003009769624768]]",0.9908058922160534,0.377896575011841,-0.7258118720097352
2026-03-17 17:36:21,GPR_Optimization_h_mean_0.4_v_mean_0.8_20260314-223809,16,3.7973130255707845,20.271948130370273,0.025429916269243315,0.9761247381994714,0.005808375501016533,0.00015534463206623894,3.0201320699806744,1.437553651440727e-10,10889.430981127638,13.943861468254067,0.14311508565117298,"[[0.009055961928865715, 0.011212791879680101, -0.004314464674676431], [0.011212791879680101, 0.02134728149241407, -0.020269644869435218], [-0.004314464674676431, -0.020269644869435218, 0.031910204360195614]]",1.1383403500396687,0.3779179002312487,-1.020843214512678
2026-03-17 17:36:21,GPR_Optimization_h_mean_0.4_v_mean_0.8_20260314-223809,1416,3.790772577819126,20.1449154367202,0.02919605077574048,0.9729420309634995,0.003960882622118335,0.00014104372355430183,3.9062024300124434,1.3290796859298316e-11,12866.639570071315,37.25959657472534,0.18651037609549118,"[[0.009136123597997871, 0.011375185076126526, -0.004478873376189404], [0.011375185076126526, 0.02132026479608025, -0.019890790903310324], [-0.004478873376189404, -0.019890790903310324, 0.030823688578835055]]",1.1418372306532476,0.38038543017658794,-1.022901893772035
2026-03-17 17:36:21,GPR_Optimization_h_mean_0.4_v_mean_0.8_20260314-223809,1205,3.789979625873231,20.14271294308731,0.029860806320145462,0.9729642575183196,0.004709494054547057,0.00025079942316132673,3.4019028186718603,1.3290796859298316e-11,3151.199497890475,16.03126320790875,0.04643936151734497,"[[0.009156374540565454, 0.011495576426961373, -0.004678907214177895], [0.011495576426961373, 0.021821638900823625, -0.020652745591308086], [-0.004678907214177895, -0.020652745591308086, 0.03194793190682535]]",1.139901917202418,0.37925538207705123,-1.0212918876073396
2026-03-17 17:36:21,GPR_Optimization_h_mean_0.4_v_mean_0.8_20260314-223809,760,3.78540481343014,20.206058238660553,0.03092002535442079,0.9712032406833224,0.006624576706727345,0.00021644017748094553,2.9573477053683894,1.0107305017056932e-14,11322.916668338567,154.916126068561,0.15407375492706843,"[[0.009122426091730878, 0.011239717142822101, -0.004234989006480832], [0.011239717142822101, 0.021330731733564732, -0.02018251603970477], [-0.004234989006480832, -0.02018251603970477, 0.03189523015690193]]",1.1400446512906082,0.37931995044253414,-1.021448442412738
2026-03-17 17:36:21,GPR_Optimization_h_mean_0.4_v_mean_0.8_20260314-223809,200,3.7830519260405455,20.22169001229948,0.033207134060119506,0.9695728447973763,0.005880032063390587,0.00019766151226261613,3.0053286568113644,5.686983683349526e-11,22326.21147308833,17.835841344763303,0.09245211613581361,"[[0.00895574643333454, 0.010932081543179852, -0.003953507968722897], [0.010932081543179852, 0.020790563746056086, -0.019717838453793678], [-0.003953507968722897, -0.019717838453793678, 0.03152882286407601]]",1.1397074587599152,0.37855978267374457,-1.0222935007185963
2026-03-17 17:36:21,GPR_Optimization_h_mean_0.4_v_mean_0.8_20260314-223809,613,3.7826606787819133,20.089923478682014,0.032799663273418864,0.9698992296712026,0.004959317280915953,0.00026501629070728173,3.4019028186718603,2.4389433152346636e-15,7581.290096621054,16.232347505072564,0.10972935339617411,"[[0.009129659809653497, 0.011441909197199437, -0.004625904747574882], [0.011441909197199437, 0.02161847992583364, -0.020354668678166078], [-0.004625904747574882, -0.020354668678166078, 0.03145786240363097]]",1.138782948275833,0.37890385116528896,-1.0197549453208905
2026-03-17 17:36:21,GPR_Optimization_h_mean_0.4_v_mean_0.8_20260314-223809,1428,3.7826606787819133,20.089923478682014,0.032799663273418864,0.9698992296712026,0.004959317280915953,0.00026501629070728173,3.4019028186718603,2.4389433152346636e-15,7581.290096621054,16.232347505072564,0.10972935339617411,"[[0.009129659809653497, 0.011441909197199437, -0.004625904747574882], [0.011441909197199437, 0.02161847992583364, -0.020354668678166078], [-0.004625904747574882, -0.020354668678166078, 0.03145786240363097]]",1.138782948275833,0.37890385116528896,-1.0197549453208905
2026-03-17 17:36:21,GPR_Optimization_h_mean_0.4_v_mean_0.8_20260314-223809,1114,3.7826606787819133,20.089923478682014,0.032799663273418864,0.9698992296712026,0.004959317280915953,0.00026501629070728173,3.4019028186718603,2.4389433152346636e-15,7581.290096621054,16.232347505072564,0.10972935339617411,"[[0.009129659809653497, 0.011441909197199437, -0.004625904747574882], [0.011441909197199437, 0.02161847992583364, -0.020354668678166078], [-0.004625904747574882, -0.020354668678166078, 0.03145786240363097]]",1.138782948275833,0.37890385116528896,-1.0197549453208905
2026-03-17 17:36:21,GPR_Optimization_h_mean_0.4_v_mean_0.8_20260314-223809,793,3.7826606787819133,20.089923478682014,0.032799663273418864,0.9698992296712026,0.004959317280915953,0.00026501629070728173,3.4019028186718603,2.4389433152346636e-15,7581.290096621054,16.232347505072564,0.10972935339617411,"[[0.009129659809653497, 0.011441909197199437, -0.004625904747574882], [0.011441909197199437, 0.02161847992583364, -0.020354668678166078], [-0.004625904747574882, -0.020354668678166078, 0.03145786240363097]]",1.138782948275833,0.37890385116528896,-1.0197549453208905
2026-03-17 17:36:21,GPR_Optimization_h_mean_0.4_v_mean_0.8_20260314-223809,1394,3.7775032054980375,19.946455624380604,0.03491071005636872,0.9681043617619463,0.004340077876186806,0.0002210537950199738,3.9062024300124434,1.9674493118067512e-11,2076.1133604207726,16.71116055788746,0.04338537776709678,"[[0.009153999323118167, 0.011332973366895326, -0.004358417593196381], [0.011332973366895326, 0.02124823316639517, -0.019830661688931526], [-0.004358417593196381, -0.019830661688931526, 0.030943955083493627]]",1.1408094479824462,0.38064973929250046,-1.0203184035060746
2026-03-17 17:36:24,GPR_Optimization_h_mean_0.4_v_mean_1.1_20260314-233712,790,3.6916096070207383,17.31868315630856,0.14252559097476253,0.8708021462644183,0.009246609806867525,3.07399096246657e-05,5.02435571219929,9.40345648766748e-08,11502.471274401873,15.790972268971604,0.010572265747902007,"[[0.008963719863830506, 0.01093609430063319, -0.003947324587043398], [0.01093609430063319, 0.021247678238798265, -0.020629673593050405], [-0.003947324587043398, -0.020629673593050405, 0.03337527330235614]]",1.282792785579237,0.3754133231993785,-1.3147522945737675
2026-03-17 17:36:24,GPR_Optimization_h_mean_0.4_v_mean_1.1_20260314-233712,390,3.6698703542465982,17.251357563080223,0.12116345759934453,0.8905462196228054,0.006523457597830336,0.00011470708725931995,4.9561629258170425,1.1676859680115192e-09,372.0358511517088,12.908127573308839,0.008877281066024551,"[[0.009203661063796283, 0.011486506733121774, -0.00456523306055038], [0.011486506733121774, 0.022221693555905208, -0.02146949945869393], [-0.00456523306055038, -0.02146949945869393, 0.033807790203710025]]",1.2774898510386772,0.37742225347754266,-1.3001361582479904
2026-03-17 17:36:24,GPR_Optimization_h_mean_0.4_v_mean_1.1_20260314-233712,1917,3.6606400378863273,17.258979047880576,0.12438495403340671,0.8858935621910972,0.006522417732074552,0.00011329794121455392,4.965779285300256,1.2315038090462897e-15,158.06275402263523,19.22857133527201,0.0015397033461774009,"[[0.00919173662207273, 0.011537768399568944, -0.00469224956632654], [0.011537768399568944, 0.02240339074215276, -0.02173130455154831], [-0.00469224956632654, -0.02173130455154831, 0.034077888760061105]]",1.2779201132406595,0.37698289544351854,-1.301874004110739
2026-03-17 17:36:24,GPR_Optimization_h_mean_0.4_v_mean_1.1_20260314-233712,706,3.656572640756073,17.711442230277203,0.11340450396386721,0.8982585897336127,0.007190773156280431,0.00015792299674678627,4.606535289319921,1.0493963904016068e-15,30606.58070563776,12.133592571385467,0.12573142531790785,"[[0.00910921011958215, 0.01120035339730193, -0.004182655316166477], [0.01120035339730193, 0.021519139541563963, -0.020637975964053847], [-0.004182655316166477, -0.020637975964053847, 0.03291072968633812]]",1.2816630035303795,0.37726953224983895,-1.308786058867864
2026-03-17 17:36:24,GPR_Optimization_h_mean_0.4_v_mean_1.1_20260314-233712,726,3.656572640756073,17.711442230277203,0.11340450396386721,0.8982585897336127,0.007190773156280431,0.00015792299674678627,4.606535289319921,1.0493963904016068e-15,30606.58070563776,12.133592571385467,0.12573142531790785,"[[0.00910921011958215, 0.01120035339730193, -0.004182655316166477], [0.01120035339730193, 0.021519139541563963, -0.020637975964053847], [-0.004182655316166477, -0.020637975964053847, 0.03291072968633812]]",1.2816630035303795,0.37726953224983895,-1.308786058867864
2026-03-17 17:36:24,GPR_Optimization_h_mean_0.4_v_mean_1.1_20260314-233712,1348,3.656572640756073,17.711442230277203,0.11340450396386721,0.8982585897336127,0.007190773156280431,0.00015792299674678627,4.606535289319921,1.0493963904016068e-15,30606.58070563776,12.133592571385467,0.12573142531790785,"[[0.00910921011958215, 0.01120035339730193, -0.004182655316166477], [0.01120035339730193, 0.021519139541563963, -0.020637975964053847], [-0.004182655316166477, -0.020637975964053847, 0.03291072968633812]]",1.2816630035303795,0.37726953224983895,-1.308786058867864
2026-03-17 17:36:24,GPR_Optimization_h_mean_0.4_v_mean_1.1_20260314-233712,398,3.656572640756073,17.711442230277203,0.11340450396386721,0.8982585897336127,0.007190773156280431,0.00015792299674678627,4.606535289319921,1.0493963904016068e-15,30606.58070563776,12.133592571385467,0.12573142531790785,"[[0.00910921011958215, 0.01120035339730193, -0.004182655316166477], [0.01120035339730193, 0.021519139541563963, -0.020637975964053847], [-0.004182655316166477, -0.020637975964053847, 0.03291072968633812]]",1.2816630035303795,0.37726953224983895,-1.308786058867864
2026-03-17 17:36:24,GPR_Optimization_h_mean_0.4_v_mean_1.1_20260314-233712,1339,3.6511235159355637,17.59875552549713,0.14089686098654708,0.8742574294142901,0.010290721416669603,8.968609865470852e-05,4.606535289319921,1.0503345361433301e-12,30606.58070563776,41.599213646575684,0.0015397033461774009,"[[0.00895752309118117, 0.010744559927831432, -0.003574265539872835], [0.010744559927831432, 0.020909873551276485, -0.02033083156383566], [-0.003574265539872835, -0.02033083156383566, 0.03351316074826581]]",1.2825576769469103,0.3757025597991262,-1.3137097405728997
2026-03-17 17:36:24,GPR_Optimization_h_mean_0.4_v_mean_1.1_20260314-233712,1106,3.6511235159355637,17.59875552549713,0.14089686098654708,0.8742574294142901,0.010290721416669603,8.968609865470852e-05,4.606535289319921,1.0503345361433301e-12,30606.58070563776,41.599213646575684,0.0015397033461774009,"[[0.00895752309118117, 0.010744559927831432, -0.003574265539872835], [0.010744559927831432, 0.020909873551276485, -0.02033083156383566], [-0.003574265539872835, -0.02033083156383566, 0.03351316074826581]]",1.2825576769469103,0.3757025597991262,-1.3137097405728997
2026-03-17 17:36:24,GPR_Optimization_h_mean_0.4_v_mean_1.1_20260314-233712,333,3.6504301563643597,17.000339602961464,0.15064624742044097,0.8663028407771319,0.008669742913937092,6.206457819361046e-05,4.9561629258170425,6.6612585364347434e-12,9235.623976292902,98.22601038202802,0.008877281066024551,"[[0.008952200877723611, 0.010885275259411294, -0.003865889232043062], [0.010885275259411294, 0.02105658116833932, -0.020342100098848057], [-0.003865889232043062, -0.020342100098848057, 0.03295195081462013]]",1.2806702438867936,0.3761334306588072,-1.3090743112632777
2026-03-17 17:36:27,GPR_Optimization_h_mean_0.4_v_mean_1.4_20260315-003604,1302,3.699278696742928,13.977359952051184,0.26814073595868304,0.7648326166292888,0.012113557991621723,4.841833440929632e-05,4.751594321665089,1.5612884304818186e-13,1881.5116551014003,466.7354858195522,0.0013536059521086156,"[[0.00949668246173072, 0.011994996640173245, -0.0049966756094710785], [0.011994996640173245, 0.023591467364088386, -0.023192993291422815], [-0.0049966756094710785, -0.023192993291422815, 0.03639264654742327]]",1.4141889528396843,0.3712550260272777,-1.5858677432090955
2026-03-17 17:36:27,GPR_Optimization_h_mean_0.4_v_mean_1.4_20260315-003604,877,3.699278696742928,13.977359952051184,0.26814073595868304,0.7648326166292888,0.012113557991621723,4.841833440929632e-05,4.751594321665089,1.5612884304818186e-13,1881.5116551014003,466.7354858195522,0.0013536059521086156,"[[0.00949668246173072, 0.011994996640173245, -0.0049966756094710785], [0.011994996640173245, 0.023591467364088386, -0.023192993291422815], [-0.0049966756094710785, -0.023192993291422815, 0.03639264654742327]]",1.4141889528396843,0.3712550260272777,-1.5858677432090955
2026-03-17 17:36:27,GPR_Optimization_h_mean_0.4_v_mean_1.4_20260315-003604,1710,3.6764545791703584,14.24684267147296,0.26461699961827206,0.7674955891086821,0.01358515631955253,7.952665733553888e-05,4.903389444684826,3.3379990510571777e-09,41645.15717209505,254.12271869221,0.002510253069705318,"[[0.009274471834874072, 0.011621504695904504, -0.004694050487525816], [0.011621504695904504, 0.023002067413243163, -0.022760918517848387], [-0.004694050487525816, -0.022760918517848387, 0.03613338231589425]]",1.4189258153180004,0.3716930678731686,-1.5944655557940557
2026-03-17 17:36:27,GPR_Optimization_h_mean_0.4_v_mean_1.4_20260315-003604,465,3.663020025939323,14.240332849946153,0.2618551412356921,0.773323884060449,0.011361495481945566,0.00011221905158870114,5.390228323045372,3.3379990510571777e-09,53837.47824067678,105.401107460211,0.0023066106145243773,"[[0.009412127656480442, 0.011863593049338544, -0.004903471919006509], [0.011863593049338544, 0.023382869670646487, -0.02303918032423775], [-0.004903471919006509, -0.02303918032423775, 0.036271631277441235]]",1.4196296452890491,0.3713224201039383,-1.5966132244016606
2026-03-17 17:36:27,GPR_Optimization_h_mean_0.4_v_mean_1.4_20260315-003604,763,3.663020025939323,14.240332849946153,0.2618551412356921,0.773323884060449,0.011361495481945566,0.00011221905158870114,5.390228323045372,3.3379990510571777e-09,53837.47824067678,105.401107460211,0.0023066106145243773,"[[0.009412127656480442, 0.011863593049338544, -0.004903471919006509], [0.011863593049338544, 0.023382869670646487, -0.02303918032423775], [-0.004903471919006509, -0.02303918032423775, 0.036271631277441235]]",1.4196296452890491,0.3713224201039383,-1.5966132244016606
2026-03-17 17:36:27,GPR_Optimization_h_mean_0.4_v_mean_1.4_20260315-003604,1200,3.6366968119793586,14.176924407309798,0.2571557286052162,0.776936818285736,0.011686154215139096,0.00014480395153894423,5.409998654849123,3.3379990510571777e-09,9339.163588212969,41.087197927944985,0.0034654071465897544,"[[0.009307894224384572, 0.01171574539405913, -0.004816505652899424], [0.01171574539405913, 0.02390862367357856, -0.0243890204102852], [-0.004816505652899424, -0.0243890204102852, 0.03915011003438255]]",1.417977562729172,0.37237587013510426,-1.5911996390639211
2026-03-17 17:36:27,GPR_Optimization_h_mean_0.4_v_mean_1.4_20260315-003604,1049,3.629676170543217,13.539135416658855,0.29073322226355885,0.7489867662107227,0.012765205010499856,6.470083949339243e-05,6.703472452648039,1.4114231121344733e-05,34623.91362732676,52.97082285424508,0.003439668553540948,"[[0.0094178001854718, 0.011540926855807461, -0.004246447474137089], [0.011540926855807461, 0.022894329709543602, -0.022706989526153434], [-0.004246447474137089, -0.022706989526153434, 0.03692107242261656]]",1.424171870868732,0.3741398421913288,-1.6000635705356805
2026-03-17 17:36:27,GPR_Optimization_h_mean_0.4_v_mean_1.4_20260315-003604,1418,3.6279781507002173,13.592984871449847,0.2593407337214025,0.7679792827986377,0.01161322253930893,0.00011845133342358197,5.029806483359491,9.628994965012077e-13,7535.0435375597035,325.8632218865938,0.039094175267867806,"[[0.00942194617578533, 0.012166131064491268, -0.005488884170396807], [0.012166131064491268, 0.02400026565704841, -0.0236687405081671], [-0.005488884170396807, -0.0236687405081671, 0.03635967090607385]]",1.414360368038296,0.37170058507978976,-1.5853184210069549
2026-03-17 17:36:27,GPR_Optimization_h_mean_0.4_v_mean_1.4_20260315-003604,1192,3.6213130093571637,13.703146663523563,0.2861328434322638,0.7518355536666782,0.014656570908438618,7.918659529314877e-05,5.6662976795089275,1.3680795683421355e-05,8814.782171050912,15.69389446343419,0.0034654071465897544,"[[0.00941771394428672, 0.011965185180898627, -0.005095231965014419], [0.011965185180898627, 0.024248609272361346, -0.024567184507847194], [-0.005095231965014419, -0.024567184507847194, 0.03894401313566822]]",1.4223148366341427,0.37425979176509283,-1.5961094126726485
2026-03-17 17:36:27,GPR_Optimization_h_mean_0.4_v_mean_1.4_20260315-003604,136,3.619993890102082,13.503373670138894,0.29277987749250617,0.7455234292738019,0.012462617269826835,6.516356053694774e-05,4.751594321665089,2.0372109376533522e-14,8393.754487141647,466.7354858195522,0.01066130535798389,"[[0.009568489425916015, 0.012083187312432438, -0.005029195641904369], [0.012083187312432438, 0.023763150530556987, -0.0233594180956483], [-0.005029195641904369, -0.0233594180956483, 0.036659881029491186]]",1.4131682288705436,0.3713011712989651,-1.5837345791283253
2026-03-17 17:36:29,GPR_Optimization_h_mean_0.45_v_mean_0.2_20260315-013504,1714,3.789871731416713,21.083524512417227,0.0024359961652705526,0.9980521296993967,0.002996876213063243,0.0,2.0448420106704113,8.879033070429267e-07,996.9140834266129,782.3847769882441,0.0018108553140188325,"[[0.009208709557810174, 0.011064305691078807, -0.003838096571885113], [0.011064305691078807, 0.019589297473363947, -0.017308153740157643], [-0.003838096571885113, -0.017308153740157643, 0.02727672964052595]]",0.898236577459117,0.4296590846740753,-0.43655639897219156
2026-03-17 17:36:29,GPR_Optimization_h_mean_0.45_v_mean_0.2_20260315-013504,1332,3.789871731416713,21.083524512417227,0.0024359961652705526,0.9980521296993967,0.002996876213063243,0.0,2.0448420106704113,8.879033070429267e-07,996.9140834266129,782.3847769882441,0.0018108553140188325,"[[0.009208709557810174, 0.011064305691078807, -0.003838096571885113], [0.011064305691078807, 0.019589297473363947, -0.017308153740157643], [-0.003838096571885113, -0.017308153740157643, 0.02727672964052595]]",0.898236577459117,0.4296590846740753,-0.43655639897219156
2026-03-17 17:36:29,GPR_Optimization_h_mean_0.45_v_mean_0.2_20260315-013504,1787,3.789871731416713,21.083524512417227,0.0024359961652705526,0.9980521296993967,0.002996876213063243,0.0,2.0448420106704113,8.879033070429267e-07,996.9140834266129,782.3847769882441,0.0018108553140188325,"[[0.009208709557810174, 0.011064305691078807, -0.003838096571885113], [0.011064305691078807, 0.019589297473363947, -0.017308153740157643], [-0.003838096571885113, -0.017308153740157643, 0.02727672964052595]]",0.898236577459117,0.4296590846740753,-0.43655639897219156
2026-03-17 17:36:29,GPR_Optimization_h_mean_0.45_v_mean_0.2_20260315-013504,1218,3.7801868940906544,20.99883843911949,0.005425807973578675,0.9948727008232305,0.002184737141845774,0.0,2.0448420106704113,3.3208445304982324e-09,1852.057471429266,151.6872723350641,0.0030999583063672778,"[[0.009263361605436227, 0.01104757615860805, -0.003706169339489869], [0.01104757615860805, 0.01924640172053058, -0.016674033296096662], [-0.003706169339489869, -0.016674033296096662, 0.026301920138621437]]",0.8970034768326601,0.4297690357249641,-0.43383114470154904
2026-03-17 17:36:29,GPR_Optimization_h_mean_0.45_v_mean_0.2_20260315-013504,1889,3.7793043000826825,20.99885715244421,0.005357861810523707,0.9952555974570624,0.002607637031819549,0.0,2.0816214524911354,3.3208445304982324e-09,1852.057471429266,802.5337790602288,0.0012115765536838813,"[[0.009232760192742405, 0.011039305899365255, -0.0037532405631539216], [0.011039305899365255, 0.019450567956516566, -0.017117845674369848], [-0.0037532405631539216, -0.017117845674369848, 0.02713291573286407]]",0.8945769803236194,0.42887492838072894,-0.43068616296564893
2026-03-17 17:36:29,GPR_Optimization_h_mean_0.45_v_mean_0.2_20260315-013504,1666,3.7793043000826825,20.99885715244421,0.005357861810523707,0.9952555974570624,0.002607637031819549,0.0,2.0816214524911354,3.3208445304982324e-09,1852.057471429266,802.5337790602288,0.0012115765536838813,"[[0.009232760192742405, 0.011039305899365255, -0.0037532405631539216], [0.011039305899365255, 0.019450567956516566, -0.017117845674369848], [-0.0037532405631539216, -0.017117845674369848, 0.02713291573286407]]",0.8945769803236194,0.42887492838072894,-0.43068616296564893
2026-03-17 17:36:29,GPR_Optimization_h_mean_0.45_v_mean_0.2_20260315-013504,1743,3.7783750488391235,20.999852730197222,0.005373799673297406,0.9951519807785952,0.0027073523322867295,0.0,2.0448420106704113,2.8828378458459636e-09,8246.780152542964,341.6755894952185,0.0012115765536838813,"[[0.009182094839881446, 0.0110800017065986, -0.003957165999955648], [0.0110800017065986, 0.019707363344082903, -0.017617668087602754], [-0.003957165999955648, -0.017617668087602754, 0.02785632488562101]]",0.893170298340853,0.42817994482152827,-0.42904303953308476
2026-03-17 17:36:29,GPR_Optimization_h_mean_0.45_v_mean_0.2_20260315-013504,1138,3.7768929266411906,20.95228225425322,0.007176351308535581,0.9941402638146936,0.0020740924008456124,0.0,2.0323704871458674,3.3208445304982324e-09,5962.094921015999,69.50167923934147,0.015179900274762853,"[[0.00930468441919659, 0.011180294142897894, -0.0038970638858331014], [0.011180294142897894, 0.01951342834546235, -0.01696284009682024], [-0.0038970638858331014, -0.01696284009682024, 0.02652509682897325]]",0.897450218471882,0.43038981069097415,-0.4334264243363572
2026-03-17 17:36:29,GPR_Optimization_h_mean_0.45_v_mean_0.2_20260315-013504,276,3.7768206752487608,20.99934518028726,0.0055363216252078025,0.9949652918771816,0.002855719773974842,0.0,2.1335388341726707,2.653102961556698e-07,80070.97452370403,403.73574024731056,0.002356695790177039,"[[0.0091725384492676, 0.010964297979376425, -0.003748202615319912], [0.010964297979376425, 0.019541663151180257, -0.017554593280692955], [-0.003748202615319912, -0.017554593280692955, 0.028253880026856307]]",0.8927074736084512,0.42809057786700905,-0.42813802843089277
2026-03-17 17:36:29,GPR_Optimization_h_mean_0.45_v_mean_0.2_20260315-013504,458,3.7741586664573656,20.958526561943792,0.007606888547319552,0.993373162201625,0.002062597692023755,0.0,2.351151729911708,3.114780437347517e-08,996.9140834266129,111.6806173608361,0.0018108553140188325,"[[0.009386324019422927, 0.011250137827893268, -0.003863534536469332], [0.011250137827893268, 0.019531155989080458, -0.01685640485857502], [-0.003863534536469332, -0.01685640485857502, 0.02640307397868927]]",0.8968572867489221,0.4297850254200492,-0.4334145393317263
2026-03-17 17:36:32,GPR_Optimization_h_mean_0.45_v_mean_0.5_20260315-023327,1840,3.79908117755357,21.129052907673838,0.0,0.9999994772312107,0.002865812114660146,1.6038749619079698e-05,2.475760009543341,5.195573147943371e-14,4838.864408937529,524.4363787735608,0.10107413894608654,"[[0.009110774030121034, 0.01094717632007226, -0.0036736219180606784], [0.01094717632007226, 0.019543332283820783, -0.017193901720064353], [-0.0036736219180606784, -0.017193901720064353, 0.027042242703719566]]",1.0485234405122572,0.4308884289318225,-0.7352677752957423
2026-03-17 17:36:32,GPR_Optimization_h_mean_0.45_v_mean_0.5_20260315-023327,258,3.798971362536671,21.129067938699563,0.0,0.9999997753854553,0.0029682001742334396,3.211045998233925e-05,2.430987592167798,9.963729884619107e-14,1448.090093345101,447.48008631398034,0.033654560303243354,"[[0.009091906520847095, 0.01093537468754312, -0.003687882378717703], [0.01093537468754312, 0.01950544712405172, -0.017141663239797916], [-0.003687882378717703, -0.017141663239797916, 0.02690886918001872]]",1.0485667036208124,0.43094708120753716,-0.7352369378388443
2026-03-17 17:36:32,GPR_Optimization_h_mean_0.45_v_mean_0.5_20260315-023327,1774,3.797268142391854,21.08017928103452,0.0009525347110106555,0.999133497368395,0.0022621608519815444,0.0,3.1871916899906436,1.4671651072067514e-05,61649.762882725154,762.3892763348247,1.3236692744732208,"[[0.009109199318119727, 0.010867281254892237, -0.003517245988867057], [0.010867281254892237, 0.01917946106346877, -0.016626600582868557], [-0.003517245988867057, -0.016626600582868557, 0.026221312880881902]]",1.050234706830319,0.4318532387476463,-0.73675979042707
2026-03-17 17:36:32,GPR_Optimization_h_mean_0.45_v_mean_0.5_20260315-023327,687,3.7969209500072325,21.08341114229234,0.0010667091227511542,0.9990030604106733,0.0023861629423076996,1.592103168285305e-05,2.865674231040928,2.6245971318649855e-07,14316.732308472236,19.134585714247265,0.15334856457045704,"[[0.009157647307224605, 0.011048231040944937, -0.003781763801555729], [0.011048231040944937, 0.019620450779169442, -0.01714600073507399], [-0.003781763801555729, -0.01714600073507399, 0.02673049632184591]]",1.0479471866198165,0.43069269158072354,-0.7345061279012622
2026-03-17 17:36:32,GPR_Optimization_h_mean_0.45_v_mean_0.5_20260315-023327,1826,3.7966792992165863,21.08520211758079,0.0010266281681103626,0.9990523391451852,0.002751024624975724,1.6041065126724415e-05,2.531073960073267,2.2352755918896085e-07,6036.773530787373,948.4918728151341,0.11933086161700433,"[[0.009167766459503566, 0.011079190700883838, -0.003823747448499379], [0.011079190700883838, 0.019774615302768174, -0.017392627078955804], [-0.003823747448499379, -0.017392627078955804, 0.027139704376065228]]",1.047343458841505,0.4305933879189689,-0.7334974085658725
2026-03-17 17:36:32,GPR_Optimization_h_mean_0.45_v_mean_0.5_20260315-023327,1828,3.7966792992165863,21.08520211758079,0.0010266281681103626,0.9990523391451852,0.002751024624975724,1.6041065126724415e-05,2.531073960073267,2.2352755918896085e-07,6036.773530787373,948.4918728151341,0.11933086161700433,"[[0.009167766459503566, 0.011079190700883838, -0.003823747448499379], [0.011079190700883838, 0.019774615302768174, -0.017392627078955804], [-0.003823747448499379, -0.017392627078955804, 0.027139704376065228]]",1.047343458841505,0.4305933879189689,-0.7334974085658725
2026-03-17 17:36:32,GPR_Optimization_h_mean_0.45_v_mean_0.5_20260315-023327,1621,3.7966792992165863,21.08520211758079,0.0010266281681103626,0.9990523391451852,0.002751024624975724,1.6041065126724415e-05,2.531073960073267,2.2352755918896085e-07,6036.773530787373,948.4918728151341,0.11933086161700433,"[[0.009167766459503566, 0.011079190700883838, -0.003823747448499379], [0.011079190700883838, 0.019774615302768174, -0.017392627078955804], [-0.003823747448499379, -0.017392627078955804, 0.027139704376065228]]",1.047343458841505,0.4305933879189689,-0.7334974085658725
2026-03-17 17:36:32,GPR_Optimization_h_mean_0.45_v_mean_0.5_20260315-023327,1047,3.7966710741371252,21.0851964231636,0.0011679252527838219,0.9989614873128114,0.002577825910380133,1.5998976065531807e-05,3.049654639917473,7.0148427912516705e-06,11894.71395800647,884.1722877295817,0.16500249035656334,"[[0.00912369811783394, 0.010971335725410378, -0.0036991669774887946], [0.010971335725410378, 0.019589668085665292, -0.017243652717834766], [-0.0036991669774887946, -0.017243652717834766, 0.027097306971549898]]",1.048489292391899,0.4310283214477007,-0.7349127785723493
2026-03-17 17:36:32,GPR_Optimization_h_mean_0.45_v_mean_0.5_20260315-023327,860,3.7966441548868506,21.083738784602808,0.0011931275851097677,0.9988887678356319,0.002430989098228825,3.181673560292714e-05,2.865674231040928,5.195573147943371e-14,14316.732308472236,19.134585714247265,0.15334856457045704,"[[0.009129985153390446, 0.010985350129886853, -0.0037112486577216917], [0.010985350129886853, 0.019553936580376928, -0.017137873550013647], [-0.0037112486577216917, -0.017137873550013647, 0.026853646382486083]]",1.0482608832282316,0.4308931450870358,-0.734734321102728
2026-03-17 17:36:32,GPR_Optimization_h_mean_0.45_v_mean_0.5_20260315-023327,1066,3.7966294796141655,21.083736713113474,0.0011919140550505371,0.9988898031146373,0.0024476889421137173,3.178437480134766e-05,2.865674231040928,3.9445748022862934e-11,14316.732308472236,19.134585714247265,0.15334856457045704,"[[0.009140511791263146, 0.011001664578672637, -0.0037228235323602146], [0.011001664578672637, 0.019598109199933062, -0.017193589117318494], [-0.0037228235323602146, -0.017193589117318494, 0.02694192763592545]]",1.0481154572732942,0.43081609991865005,-0.7345975607212559
2026-03-17 17:36:35,GPR_Optimization_h_mean_0.45_v_mean_0.8_20260315-033219,820,3.7848663069710855,20.53492275310831,0.015310182385332782,0.9858082627803609,0.0037256470357937862,0.0,3.663709795555379,1.8240274752156597e-07,94660.50793638961,23.128968263886833,1.3843190779028152,"[[0.008899496000834001, 0.010772643332018656, -0.0037462687343935994], [0.010772643332018656, 0.019673023918554713, -0.01780072034600331], [-0.0037462687343935994, -0.01780072034600331, 0.02810887349943385]]",1.1962853956790849,0.43186803277876057,-1.0288347815199905
2026-03-17 17:36:35,GPR_Optimization_h_mean_0.45_v_mean_0.8_20260315-033219,1425,3.7767785185097944,20.541221004588444,0.018831595754672678,0.982943547928196,0.004173035631860478,0.0,3.5235594791986404,6.128494317045502e-15,274.7708740698673,946.3590540140283,0.001774161930400747,"[[0.009032519147209542, 0.01096977219363803, -0.0038743403055932417], [0.01096977219363803, 0.02021525128897958, -0.0184906372986255], [-0.0038743403055932417, -0.0184906372986255, 0.029232290618898763]]",1.1934108961377556,0.42981595833247244,-1.027190243926204
2026-03-17 17:36:35,GPR_Optimization_h_mean_0.45_v_mean_0.8_20260315-033219,1625,3.769957836208048,20.383647514762245,0.020765009838583245,0.9807968548841515,0.004103459684094107,0.0,3.34655109065799,6.128494317045502e-15,2420.147369670661,38.110438254500416,0.03400819966214197,"[[0.009060356082541188, 0.01097561230201976, -0.0038305124389571375], [0.01097561230201976, 0.020144263817099963, -0.018337303030160384], [-0.0038305124389571375, -0.018337303030160384, 0.029013581182406493]]",1.1948871121117834,0.43091337083407927,-1.0279474825554085
2026-03-17 17:36:35,GPR_Optimization_h_mean_0.45_v_mean_0.8_20260315-033219,1565,3.7662037811577216,20.6909504778318,0.011025058405606938,0.9894629150897399,0.0037592528231453546,1.6001536147470158e-05,3.622830817868592,1.2556513390294329e-12,6755.632593292694,23.128968263886833,0.16762405265455338,"[[0.009016300548873757, 0.010993673478255583, -0.003954637090748708], [0.010993673478255583, 0.019967110358632446, -0.01794671241452017], [-0.003954637090748708, -0.01794671241452017, 0.027984050059007712]]",1.195954478096729,0.43121663649079645,-1.0294758930552819
2026-03-17 17:36:35,GPR_Optimization_h_mean_0.45_v_mean_0.8_20260315-033219,677,3.7662037811577216,20.6909504778318,0.011025058405606938,0.9894629150897399,0.0037592528231453546,1.6001536147470158e-05,3.622830817868592,1.2556513390294329e-12,6755.632593292694,23.128968263886833,0.16762405265455338,"[[0.009016300548873757, 0.010993673478255583, -0.003954637090748708], [0.010993673478255583, 0.019967110358632446, -0.01794671241452017], [-0.003954637090748708, -0.01794671241452017, 0.027984050059007712]]",1.195954478096729,0.43121663649079645,-1.0294758930552819
2026-03-17 17:36:35,GPR_Optimization_h_mean_0.45_v_mean_0.8_20260315-033219,1212,3.7659515558228738,20.354292422850413,0.02401134495761756,0.9777287847713205,0.003345542075331236,0.0,4.298714511002297,1.2556513390294329e-12,9748.288385607362,88.62136764709477,0.16762405265455338,"[[0.009080315975092092, 0.011032631844364864, -0.0039045243277417165], [0.011032631844364864, 0.02014409765353746, -0.018222770461454783], [-0.0039045243277417165, -0.018222770461454783, 0.028636387995426803]]",1.196380998247067,0.432372942097563,-1.0280163400995586
2026-03-17 17:36:35,GPR_Optimization_h_mean_0.45_v_mean_0.8_20260315-033219,1466,3.765371487038993,20.714561208610718,0.012086403584896729,0.9889668029530415,0.0038786787259135107,1.5778594758350822e-05,3.5235594791986404,6.128494317045502e-15,2420.147369670661,38.110438254500416,0.03400819966214197,"[[0.008940034278372913, 0.010796588403069627, -0.0037131025997779047], [0.010796588403069627, 0.019773471436143015, -0.01795375846424516], [-0.0037131025997779047, -0.01795375846424516, 0.028481307860173166]]",1.1944300338476945,0.4307136017714993,-1.0274328746425225
2026-03-17 17:36:35,GPR_Optimization_h_mean_0.45_v_mean_0.8_20260315-033219,724,3.763809825031559,20.324604192607158,0.02354820672577682,0.978101772219448,0.003942659222538141,0.0,3.622830817868592,1.8240274752156597e-07,94660.50793638961,103.56025680869863,0.8771584607753129,"[[0.0090167190851514, 0.010996923627119168, -0.003960409083935534], [0.010996923627119168, 0.020320819514455017, -0.018647791774671716], [-0.003960409083935534, -0.018647791774671716, 0.02937476538147234]]",1.1939019581723407,0.43035998151683275,-1.027083953311016
2026-03-17 17:36:35,GPR_Optimization_h_mean_0.45_v_mean_0.8_20260315-033219,261,3.7624543326257993,20.383238290760833,0.025159660891527113,0.9762453781198706,0.003505644883782057,0.0,4.488027711016011,6.563018920965903e-10,76269.87939749674,338.0542160112057,1.8035906170092098,"[[0.009148075012805724, 0.011125624362276935, -0.003955098698942422], [0.011125624362276935, 0.02031464263556019, -0.018378036546566535], [-0.003955098698942422, -0.018378036546566535, 0.028845875695248255]]",1.1943117486457084,0.43047901260048843,-1.0276654720904397
2026-03-17 17:36:35,GPR_Optimization_h_mean_0.45_v_mean_0.8_20260315-033219,187,3.7615495701823383,20.325507544166687,0.023974385262062112,0.977402123711014,0.004117384171786501,0.0,3.5235594791986404,6.128494317045502e-15,274.7708740698673,946.3590540140283,0.0014930140129965459,"[[0.009070432948552181, 0.010974031655734701, -0.003807182199173006], [0.010974031655734701, 0.02015409592582913, -0.018360106475629034], [-0.003807182199173006, -0.018360106475629034, 0.029105834915114183]]",1.194214078042906,0.43052713496608075,-1.0273739171560574
2026-03-17 17:36:37,GPR_Optimization_h_mean_0.45_v_mean_1.1_20260315-043112,1253,3.7976096386589924,19.08463358583039,0.059061994263647874,0.9463224820181421,0.005435002834400181,4.806998990530212e-05,5.0385278342983195,2.369091332036663e-12,3800.9917724899824,131.08636389646793,0.03058547134949362,"[[0.008953681919324526, 0.010784475901490542, -0.00366168395534362], [0.010784475901490542, 0.020095391222259867, -0.018621913300302974], [-0.00366168395534362, -0.018621913300302974, 0.029920437889536813]]",1.3393343820625108,0.4292913427403356,-1.3200858737437322
2026-03-17 17:36:37,GPR_Optimization_h_mean_0.45_v_mean_1.1_20260315-043112,1609,3.7804845527571396,18.835226808592353,0.06568710774058577,0.9398863068132297,0.005059651908579868,3.268828451882845e-05,5.591121811253467,2.2249209485844513e-11,683.6650471749775,37.83515741353932,0.013069296882289425,"[[0.009026528737501645, 0.010944309804257132, -0.0038358213156797155], [0.010944309804257132, 0.020296999968079366, -0.01870566030613189], [-0.0038358213156797155, -0.01870566030613189, 0.029739737119277597]]",1.3408294944027785,0.4307764555854883,-1.3201055721504227
2026-03-17 17:36:37,GPR_Optimization_h_mean_0.45_v_mean_1.1_20260315-043112,1190,3.7736233638647145,18.89306886811463,0.06917782268249557,0.9370368250752237,0.00677458766029699,7.893407426117707e-05,5.0385278342983195,2.9405487004448533e-13,6123.552980012198,131.08636389646793,0.031085352200526457,"[[0.00891049245481055, 0.010768389970338672, -0.0037160613011873018], [0.010768389970338672, 0.02032152558192695, -0.01910657713007665], [-0.0037160613011873018, -0.01910657713007665, 0.03078111874932247]]",1.3391720474627105,0.4291914619004623,-1.3199606065131435
2026-03-17 17:36:37,GPR_Optimization_h_mean_0.45_v_mean_1.1_20260315-043112,211,3.7736233638647145,18.89306886811463,0.06917782268249557,0.9370368250752237,0.00677458766029699,7.893407426117707e-05,5.0385278342983195,2.9405487004448533e-13,6123.552980012198,131.08636389646793,0.031085352200526457,"[[0.00891049245481055, 0.010768389970338672, -0.0037160613011873018], [0.010768389970338672, 0.02032152558192695, -0.01910657713007665], [-0.0037160613011873018, -0.01910657713007665, 0.03078111874932247]]",1.3391720474627105,0.4291914619004623,-1.3199606065131435
2026-03-17 17:36:37,GPR_Optimization_h_mean_0.45_v_mean_1.1_20260315-043112,774,3.7736233638647145,18.89306886811463,0.06917782268249557,0.9370368250752237,0.00677458766029699,7.893407426117707e-05,5.0385278342983195,2.9405487004448533e-13,6123.552980012198,131.08636389646793,0.031085352200526457,"[[0.00891049245481055, 0.010768389970338672, -0.0037160613011873018], [0.010768389970338672, 0.02032152558192695, -0.01910657713007665], [-0.0037160613011873018, -0.01910657713007665, 0.03078111874932247]]",1.3391720474627105,0.4291914619004623,-1.3199606065131435
2026-03-17 17:36:37,GPR_Optimization_h_mean_0.45_v_mean_1.1_20260315-043112,853,3.7693075212558043,18.64592567536663,0.07134583068213336,0.9360719759425563,0.005209154975228674,3.263015352487234e-05,5.4041636856714,2.375117817860312e-08,410.18803820837985,268.89788534876976,0.005275142620572833,"[[0.008989898698078695, 0.010865982982693779, -0.0037525379514464813], [0.010865982982693779, 0.020124959143497257, -0.018518358234085253], [-0.0037525379514464813, -0.018518358234085253, 0.029531737900983117]]",1.3408070003166526,0.43102408697036654,-1.3195650917312376
2026-03-17 17:36:37,GPR_Optimization_h_mean_0.45_v_mean_1.1_20260315-043112,1461,3.7687815094104598,19.14991563791712,0.07292321371085186,0.9333550516186762,0.007886174771087289,1.5329664433645546e-05,5.0385278342983195,1.3236577711624349e-12,8627.911276640029,25.811074884543682,0.006056414004984462,"[[0.008961847340560918, 0.010705202923467308, -0.003486904139778218], [0.010705202923467308, 0.0203000962609461, -0.019190011843335478], [-0.003486904139778218, -0.019190011843335478, 0.03140629260818721]]",1.3419083729150008,0.4285874329263559,-1.3266415359328931
2026-03-17 17:36:37,GPR_Optimization_h_mean_0.45_v_mean_1.1_20260315-043112,1632,3.763675923382131,18.678173905468583,0.072941785754746,0.9331441375500742,0.005174582768627792,0.0,5.4041636856714,4.1874357173618355e-11,229.83316116451985,64.20153696813694,0.0022571210395094066,"[[0.008930902454986341, 0.010860342378714739, -0.003858879847456805], [0.010860342378714739, 0.020342929915746943, -0.018965175074064405], [-0.003858879847456805, -0.018965175074064405, 0.030212590453215196]]",1.3388070687099902,0.43045492419467135,-1.3167042890306382
2026-03-17 17:36:37,GPR_Optimization_h_mean_0.45_v_mean_1.1_20260315-043112,979,3.755436996731056,18.64541555833649,0.0749909708769741,0.9295582013255638,0.005288343387461351,6.566634927931182e-05,5.3220100236165795,2.3690017971455878e-08,171.59329713930808,184.18445534573124,0.004911035303363782,"[[0.009158250045593603, 0.011147395036465835, -0.003978636256795998], [0.011147395036465835, 0.02068237471782597, -0.019070360687603257], [-0.003978636256795998, -0.019070360687603257, 0.030183582597330696]]",1.3366986539658166,0.42958571983912086,-1.3142252133481658
2026-03-17 17:36:37,GPR_Optimization_h_mean_0.45_v_mean_1.1_20260315-043112,587,3.753932654363129,18.546129781689675,0.07674866795147943,0.9298945621959478,0.005921712906902705,0.00011336583153837434,5.053647766618996,1.4859269670947432e-09,3800.9917724899824,778.987324710998,0.03058547134949362,"[[0.009105017176896319, 0.011054710087484819, -0.003899706282165631], [0.011054710087484819, 0.020584188758504193, -0.019059322628909293], [-0.003899706282165631, -0.019059322628909293, 0.030319329033853933]]",1.3381648118258913,0.4291374860200913,-1.3180539383185828
2026-03-17 17:36:40,GPR_Optimization_h_mean_0.45_v_mean_1.4_20260315-053009,1313,3.7851530143630376,15.712066145482368,0.1689572223997847,0.849363304009992,0.009298736131716239,3.364341346072973e-05,4.983364556308027,1.803878330321999e-13,51115.61992207667,153.79424345847337,0.36911942401139,"[[0.009275347996697882, 0.011375359345159724, -0.00420028510611267], [0.011375359345159724, 0.021677374820846734, -0.020604331131100478], [-0.00420028510611267, -0.020604331131100478, 0.03280817723673636]]",1.4791544788411273,0.4268658271277008,-1.604576754499001
2026-03-17 17:36:40,GPR_Optimization_h_mean_0.45_v_mean_1.4_20260315-053009,838,3.7851530143630376,15.712066145482368,0.1689572223997847,0.849363304009992,0.009298736131716239,3.364341346072973e-05,4.983364556308027,1.803878330321999e-13,51115.61992207667,153.79424345847337,0.36911942401139,"[[0.009275347996697882, 0.011375359345159724, -0.00420028510611267], [0.011375359345159724, 0.021677374820846734, -0.020604331131100478], [-0.00420028510611267, -0.020604331131100478, 0.03280817723673636]]",1.4791544788411273,0.4268658271277008,-1.604576754499001
2026-03-17 17:36:40,GPR_Optimization_h_mean_0.45_v_mean_1.4_20260315-053009,784,3.7786579573821353,16.252748179041983,0.17917183080687704,0.8431619850674024,0.011097586288890989,4.766898655734579e-05,6.078682063574623,4.402082690294578e-13,89868.93469494127,731.978295501047,0.05288892285668068,"[[0.009076739427527042, 0.010795957737848944, -0.003438916025690697], [0.010795957737848944, 0.020881521217111162, -0.02017161447014333], [-0.003438916025690697, -0.02017161447014333, 0.033465441533035524]]",1.4843694485898544,0.42731579879610604,-1.6141063304957766
2026-03-17 17:36:40,GPR_Optimization_h_mean_0.45_v_mean_1.4_20260315-053009,1790,3.7774454015802017,15.753947577032225,0.17274043984217624,0.8455506532356196,0.008775815786108851,8.324038157390913e-05,5.942147234582343,4.484054402441168e-12,63288.20700701664,272.18789271682516,0.3792313472924954,"[[0.009206214820456688, 0.011151175456566657, -0.0038900999815282404], [0.011151175456566657, 0.020985435966341306, -0.019668728299111152], [-0.0038900999815282404, -0.019668728299111152, 0.03155732125717196]]",1.4799989234672042,0.4270783977457214,-1.6058406945431825
2026-03-17 17:36:40,GPR_Optimization_h_mean_0.45_v_mean_1.4_20260315-053009,1309,3.7697187408317077,16.344489520922373,0.1825844466851525,0.8388819789041994,0.011639424519089421,4.726493571968742e-05,5.356847807757296,4.402082690294578e-13,30350.40487652437,143.8029784581039,0.0015933093023199419,"[[0.009077972786613002, 0.010945636589592519, -0.0037352873839799406], [0.010945636589592519, 0.02113929265517297, -0.020387058168674393], [-0.0037352873839799406, -0.020387058168674393, 0.03330316734997822]]",1.4800444803146091,0.4245864140453556,-1.6109162041485416
2026-03-17 17:36:40,GPR_Optimization_h_mean_0.45_v_mean_1.4_20260315-053009,1324,3.7692038160020105,16.10197013948752,0.18135761695578287,0.8399298861880896,0.010179006308142918,4.80969634783724e-05,5.452503795922921,3.0000080779105275e-07,62537.2775167984,171.23225417240977,0.0813260897619009,"[[0.009237934243688494, 0.011126823811992002, -0.0037778716204160206], [0.011126823811992002, 0.02109406733866386, -0.019934595171404883], [-0.0037778716204160206, -0.019934595171404883, 0.0323134799789778]]",1.4808063705286634,0.42661563196427305,-1.6083812703485498
2026-03-17 17:36:40,GPR_Optimization_h_mean_0.45_v_mean_1.4_20260315-053009,807,3.763270716868414,15.904521886889057,0.1827955243029053,0.8391684008694515,0.010675311765617831,8.119914903291813e-05,5.356847807757296,2.2233867879064783e-05,15147.470096571355,113.33160329223027,0.05288892285668068,"[[0.009243984727785847, 0.0113081853654225, -0.004128807200163755], [0.0113081853654225, 0.021632509368729545, -0.02064909904894177], [-0.004128807200163755, -0.02064909904894177, 0.03304068521371274]]",1.4810685788586635,0.4266519426640987,-1.6088323994401295
2026-03-17 17:36:40,GPR_Optimization_h_mean_0.45_v_mean_1.4_20260315-053009,1464,3.7489020158787922,15.356893840163062,0.18091634281039068,0.8366981391188247,0.009199748868985273,5.1135201472693805e-05,4.827337911803148,4.482424360771865e-15,33970.14637519305,735.0048970790474,0.3423220070294184,"[[0.009309628242394724, 0.01160177767949886, -0.004584430324541862], [0.01160177767949886, 0.022375232406386603, -0.021547049990818128], [-0.004584430324541862, -0.021547049990818128, 0.03392526142385477]]",1.4742868455295022,0.4260301592147218,-1.596513098077402
2026-03-17 17:36:40,GPR_Optimization_h_mean_0.45_v_mean_1.4_20260315-053009,891,3.747144629601586,15.866345215976494,0.18615524068508182,0.8328427630213241,0.011203267484195598,7.951274589316667e-05,5.9805011912403385,3.029296769286354e-07,89868.93469494127,731.978295501047,0.05288892285668068,"[[0.00909789740399573, 0.01081841398453388, -0.003441320406375126], [0.01081841398453388, 0.021047547310243702, -0.0204586017309149], [-0.003441320406375126, -0.0204586017309149, 0.03403466551490386]]",1.4817130936630285,0.42649871435511694,-1.6104281314859095
2026-03-17 17:36:40,GPR_Optimization_h_mean_0.45_v_mean_1.4_20260315-053009,79,3.7379683179151284,15.316774110521008,0.18624524536476367,0.832408949363583,0.009296668003946806,5.117096218465895e-05,4.983364556308027,1.803878330321999e-13,51115.61992207667,295.4730655745508,0.36911942401139,"[[0.00935740968889034, 0.011626992381332427, -0.004539339982105384], [0.011626992381332427, 0.02245806903857395, -0.0216623426290961], [-0.004539339982105384, -0.0216623426290961, 0.034246038152197664]]",1.476887711012001,0.4261709735459982,-1.6014330818184144
2026-03-17 17:36:43,GPR_Optimization_h_mean_0.5_v_mean_0.2_20260315-062908,721,3.7990530213557787,21.12906130512252,0.0,0.9999994682883131,0.0025587128743485344,0.0,2.035283759310032,8.492665253210807e-12,17293.354413052817,75.67161958898818,0.0076433729119234385,"[[0.009126724810076646, 0.010707312619594065, -0.0032572893162857277], [0.010707312619594065, 0.018539472503298644, -0.015875050570120723], [-0.0032572893162857277, -0.015875050570120723, 0.025537191035728195]]",0.9491797346920959,0.4803525622938823,-0.43713057392873333
2026-03-17 17:36:43,GPR_Optimization_h_mean_0.5_v_mean_0.2_20260315-062908,1732,3.7972750033444767,21.077105837167796,0.0009744656955042447,0.9990846796411116,0.0017707385720111947,0.0,2.3669011909572113,4.344739121722807e-11,13339.6462590155,61.87914326362794,0.24024188665970625,"[[0.009158235511295229, 0.010714208562793672, -0.003177352366901772], [0.010714208562793672, 0.017968343311537807, -0.014631532925262071], [-0.003177352366901772, -0.014631532925262071, 0.02305151471500201]]",0.9553796902409064,0.4831036990391946,-0.44429169244603367
2026-03-17 17:36:43,GPR_Optimization_h_mean_0.5_v_mean_0.2_20260315-062908,1583,3.797244385459143,21.077087332885142,0.0009907856930545923,0.9990678452035622,0.001767430178072233,0.0,2.3685851385051913,3.174801933294608e-11,6237.33274536366,366.8430259362244,0.10501246928488817,"[[0.009173054266614904, 0.010732642363658961, -0.0031847965929926976], [0.010732642363658961, 0.01799405135190615, -0.014646498318016907], [-0.0031847965929926976, -0.014646498318016907, 0.02306696994207552]]",0.9554038634407676,0.4830968505229231,-0.444352860058206
2026-03-17 17:36:43,GPR_Optimization_h_mean_0.5_v_mean_0.2_20260315-062908,1444,3.79724047910186,21.0770904998001,0.000991129391942118,0.9990675634850986,0.0017708125978774536,0.0,2.3669011909572113,9.26617554451907e-09,6237.33274536366,501.88898097616686,0.10501246928488817,"[[0.009173791585206046, 0.010736883967107548, -0.0031916122563071378], [0.010736883967107548, 0.017994937388424746, -0.01463946677455397], [-0.0031916122563071378, -0.01463946677455397, 0.023039003224179688]]",0.9553975569547192,0.48309226800188243,-0.4443499836449044
2026-03-17 17:36:43,GPR_Optimization_h_mean_0.5_v_mean_0.2_20260315-062908,1009,3.7972385232287187,21.077251719938676,0.0010231698461944682,0.9990658832811555,0.0017716957110340532,0.0,2.3669011909572113,4.344739121722807e-11,33425.02417580234,880.3482273191247,0.5765294560442582,"[[0.009154840498414925, 0.010725600853350259, -0.003207084865147322], [0.010725600853350259, 0.01800522028261795, -0.014682948567359532], [-0.003207084865147322, -0.014682948567359532, 0.02309550845940851]]",0.9552593029314209,0.48306545116911354,-0.444126019443235
2026-03-17 17:36:43,GPR_Optimization_h_mean_0.5_v_mean_0.2_20260315-062908,1369,3.7972115830318516,21.084683218694313,0.0008057487708220282,0.9992658700981328,0.002303266597203143,0.0,2.018285019888178,1.545040934477489e-05,17293.354413052817,501.88898097616686,0.1903904781789873,"[[0.009107736404529965, 0.010627299881461223, -0.0031021419235129485], [0.010627299881461223, 0.01807147862263492, -0.015009562700927882], [-0.0031021419235129485, -0.015009562700927882, 0.023956785193560023]]",0.9550662486314082,0.4826742117229602,-0.44452242194811914
2026-03-17 17:36:43,GPR_Optimization_h_mean_0.5_v_mean_0.2_20260315-062908,919,3.7972104887812628,21.07723748001608,0.0010399643440796315,0.999052263839389,0.0017722881183394278,0.0,2.3698659836203224,3.174801933294608e-11,13339.6462590155,240.53883804235207,0.24024188665970625,"[[0.009146491304205265, 0.010700550927296023, -0.0031737196155587526], [0.010700550927296023, 0.01796281134845287, -0.014648305994786056], [-0.0031737196155587526, -0.014648305994786056, 0.02309304948276855]]",0.9553195002121537,0.4830948410707381,-0.44418749395225426
2026-03-17 17:36:43,GPR_Optimization_h_mean_0.5_v_mean_0.2_20260315-062908,337,3.7971633774057723,21.076636326006792,0.0010242177949582054,0.9990361547907943,0.0017703891696286467,1.65196418541646e-05,2.3698659836203224,2.8180103230254053e-14,33797.20339599857,58.15488662670353,0.6406874196236687,"[[0.009172214271115694, 0.010733959989891032, -0.003188003213112792], [0.010733959989891032, 0.01798505370887298, -0.01462365004504853], [-0.003188003213112792, -0.01462365004504853, 0.02301222611943944]]",0.9552979490104538,0.483096588893305,-0.44414641252303033
2026-03-17 17:36:43,GPR_Optimization_h_mean_0.5_v_mean_0.2_20260315-062908,1185,3.797147275615524,21.076778598744664,0.0010403936981867425,0.9990278175567596,0.0017718369245346567,1.6514185685503846e-05,2.3669011909572113,1.2384713680269215e-07,6237.33274536366,949.0357956933606,0.10501246928488817,"[[0.009164716179136358, 0.010733038015895223, -0.003202136302254493], [0.010733038015895223, 0.018007098192022872, -0.014671478236994436], [-0.003202136302254493, -0.014671478236994436, 0.023082102441340534]]",0.9553120238862995,0.4831673861650508,-0.44402879293099246
2026-03-17 17:36:43,GPR_Optimization_h_mean_0.5_v_mean_0.2_20260315-062908,752,3.7971399764724887,21.07723370169382,0.0010561927551778199,0.9990154775455372,0.001769179177595892,0.0,2.3698659836203224,3.174801933294608e-11,33425.02417580234,695.6091363447075,0.5765294560442582,"[[0.00914939503149999, 0.01071502429769165, -0.0031968299556555586], [0.01071502429769165, 0.017992584176785658, -0.014678859022585034], [-0.0031968299556555586, -0.014678859022585034, 0.02310788856949216]]",0.9553217033797635,0.48308118528483274,-0.4442193067731068
2026-03-17 17:36:46,GPR_Optimization_h_mean_0.5_v_mean_0.5_20260315-072744,1818,3.799440881806683,21.12905951946457,0.0,0.9999997389625838,0.0023306170757051224,0.0,2.629009926805072,2.7271888217879053e-13,560.3909135847662,38.01513398748483,0.006322563207462571,"[[0.00902794988492329, 0.010668758056084995, -0.0032819572971636486], [0.010668758056084995, 0.01856664224638361, -0.01579641153386386], [-0.0032819572971636486, -0.01579641153386386, 0.02502955401938398]]",1.1024436259193464,0.4826656891284215,-0.7395550563521249
2026-03-17 17:36:46,GPR_Optimization_h_mean_0.5_v_mean_0.5_20260315-072744,1941,3.799429588863961,21.12907288055451,0.0,0.9999999252225972,0.002342451222902497,0.0,2.629009926805072,2.7271888217879053e-13,560.3909135847662,132.65112850700822,0.006318371708443492,"[[0.009008474411196966, 0.010637846168990196, -0.0032590841965710136], [0.010637846168990196, 0.01851403451107114, -0.015753019265648222], [-0.0032590841965710136, -0.015753019265648222, 0.024988515038362635]]",1.1024154110654836,0.4826877324353168,-0.7394545407252952
2026-03-17 17:36:46,GPR_Optimization_h_mean_0.5_v_mean_0.5_20260315-072744,1470,3.799422013968942,21.129077157243287,0.0,0.9999999853042773,0.0023501932506352417,0.0,2.629009926805072,4.5229460991358044e-11,560.3909135847662,661.0479167742719,0.006322563207462571,"[[0.008982683187780952, 0.010608246354197194, -0.00325146711000206], [0.010608246354197194, 0.01851411819141823, -0.01581238633254964], [-0.00325146711000206, -0.01581238633254964, 0.025122483313714698]]",1.102333003534545,0.4827111682015746,-0.7392428539500159
2026-03-17 17:36:46,GPR_Optimization_h_mean_0.5_v_mean_0.5_20260315-072744,824,3.7989764064235865,21.129064225628298,0.0,0.999999750439715,0.0027862192192934813,1.6307361142819868e-05,2.25611542318873,5.867333566608125e-10,342.37403996619275,66.98740225529502,0.007326053224590546,"[[0.008995250652410048, 0.010650570558216358, -0.003311064363060012], [0.010650570558216358, 0.018635680634362713, -0.01597099181737727], [-0.003311064363060012, -0.01597099181737727, 0.02532060204463645]]",1.1021908306576038,0.4823600047239031,-0.7396606452014547
2026-03-17 17:36:46,GPR_Optimization_h_mean_0.5_v_mean_0.5_20260315-072744,1162,3.7989049478982224,21.129073510177577,0.0,0.9999999136729859,0.002857984281941091,1.635590448151783e-05,2.25611542318873,5.867333566608125e-10,132.97452301216737,95.40460226671726,0.0034815370144870563,"[[0.008985990892105927, 0.01061664958241573, -0.0032613657235971275], [0.01061664958241573, 0.018504115223941332, -0.01577498549008966], [-0.0032613657235971275, -0.01577498549008966, 0.025027251844212044]]",1.1026002653442004,0.4825564357259017,-0.7400875615779545
2026-03-17 17:36:46,GPR_Optimization_h_mean_0.5_v_mean_0.5_20260315-072744,1354,3.7989049478982224,21.129073510177577,0.0,0.9999999136729859,0.002857984281941091,1.635590448151783e-05,2.25611542318873,5.867333566608125e-10,132.97452301216737,95.40460226671726,0.0034815370144870563,"[[0.008985990892105927, 0.01061664958241573, -0.0032613657235971275], [0.01061664958241573, 0.018504115223941332, -0.01577498549008966], [-0.0032613657235971275, -0.01577498549008966, 0.025027251844212044]]",1.1026002653442004,0.4825564357259017,-0.7400875615779545
2026-03-17 17:36:46,GPR_Optimization_h_mean_0.5_v_mean_0.5_20260315-072744,1069,3.7989016602672865,21.12907777525571,0.0,0.9999999917780574,0.002861485135840041,1.6350555918901242e-05,2.25611542318873,5.867333566608125e-10,132.97452301216737,999.2412671984343,0.0034815370144870563,"[[0.008988513423838624, 0.010618638883238272, -0.0032602992604053734], [0.010618638883238272, 0.018509304881392113, -0.015781386202537207], [-0.0032602992604053734, -0.015781386202537207, 0.025042186196807766]]",1.1025903095718854,0.48253788289198735,-0.7401047557010338
2026-03-17 17:36:46,GPR_Optimization_h_mean_0.5_v_mean_0.5_20260315-072744,465,3.7989016602672865,21.12907777525571,0.0,0.9999999917780574,0.002861485135840041,1.6350555918901242e-05,2.25611542318873,5.867333566608125e-10,132.97452301216737,999.2412671984343,0.0034815370144870563,"[[0.008988513423838624, 0.010618638883238272, -0.0032602992604053734], [0.010618638883238272, 0.018509304881392113, -0.015781386202537207], [-0.0032602992604053734, -0.015781386202537207, 0.025042186196807766]]",1.1025903095718854,0.48253788289198735,-0.7401047557010338
2026-03-17 17:36:46,GPR_Optimization_h_mean_0.5_v_mean_0.5_20260315-072744,1878,3.7989016602672865,21.12907777525571,0.0,0.9999999917780574,0.002861485135840041,1.6350555918901242e-05,2.25611542318873,5.867333566608125e-10,132.97452301216737,999.2412671984343,0.0034815370144870563,"[[0.008988513423838624, 0.010618638883238272, -0.0032602992604053734], [0.010618638883238272, 0.018509304881392113, -0.015781386202537207], [-0.0032602992604053734, -0.015781386202537207, 0.025042186196807766]]",1.1025903095718854,0.48253788289198735,-0.7401047557010338
2026-03-17 17:36:46,GPR_Optimization_h_mean_0.5_v_mean_0.5_20260315-072744,1638,3.7989016602672865,21.12907777525571,0.0,0.9999999917780574,0.002861485135840041,1.6350555918901242e-05,2.25611542318873,5.867333566608125e-10,132.97452301216737,999.2412671984343,0.0034815370144870563,"[[0.008988513423838624, 0.010618638883238272, -0.0032602992604053734], [0.010618638883238272, 0.018509304881392113, -0.015781386202537207], [-0.0032602992604053734, -0.015781386202537207, 0.025042186196807766]]",1.1025903095718854,0.48253788289198735,-0.7401047557010338
2026-03-17 17:36:49,GPR_Optimization_h_mean_0.5_v_mean_0.8_20260315-082625,1909,3.7951041362055156,20.88692896911012,0.005329087393783814,0.9950802636667907,0.003095083994075703,0.0,3.798954743226187,8.800106266165044e-12,1765.8556854757499,386.38307736191564,0.029669673832358228,"[[0.008948909417768531, 0.010744080984215667, -0.003590343132894264], [0.010744080984215667, 0.018986695476503637, -0.016485228984575953], [-0.003590343132894264, -0.016485228984575953, 0.02578977170336339]]",1.249942038752482,0.48274236180743835,-1.034399353890087
2026-03-17 17:36:49,GPR_Optimization_h_mean_0.5_v_mean_0.8_20260315-082625,553,3.7926086166178044,20.949855212338047,0.005948944904111346,0.9940266589336653,0.003352889958569204,0.0,3.6690311176347086,1.5900439145114314e-13,27989.135919239263,48.772923063001585,0.33585227934211637,"[[0.008833076184451753, 0.010602678583509217, -0.003539204798114933], [0.010602678583509217, 0.018947648956170075, -0.0166899407453217], [-0.003539204798114933, -0.0166899407453217, 0.02630147189441355]]",1.2490023993990218,0.48241909741016326,-1.0331666039777174
2026-03-17 17:36:49,GPR_Optimization_h_mean_0.5_v_mean_0.8_20260315-082625,683,3.7903515151713063,20.874792733166156,0.0076492415858342554,0.9922192268919584,0.0026623357724758503,0.0,4.589300392986284,3.3172726780572167e-12,8818.61138956658,236.06606469988503,0.13462047878660646,"[[0.009041533376942868, 0.010721637095314289, -0.003360207436742861], [0.010721637095314289, 0.01878029920153947, -0.01611732421245036], [-0.003360207436742861, -0.01611732421245036, 0.02551423355141502]]",1.2499462299740682,0.48272274395711606,-1.0344469720339042
2026-03-17 17:36:49,GPR_Optimization_h_mean_0.5_v_mean_0.8_20260315-082625,302,3.7874130672271353,20.879558035976856,0.008308688917053936,0.992378200151709,0.003460593632181177,0.0,4.239568330956915,3.6316724720908815e-13,44418.81419499946,608.5878674079884,0.06837387673781682,"[[0.008940587781698232, 0.010668023224792688, -0.003454870886188935], [0.010668023224792688, 0.019265412833893797, -0.017194779218202172], [-0.003454870886188935, -0.017194779218202172, 0.027479816664026463]]",1.2470157415534493,0.4815687631868278,-1.0308939567332427
2026-03-17 17:36:49,GPR_Optimization_h_mean_0.5_v_mean_0.8_20260315-082625,284,3.7873834487836833,20.75078836237444,0.008301738789384233,0.992464939831498,0.003054312085232182,0.0,3.9721455030354966,2.8475528587449003e-11,3461.531741881248,122.07149457704114,0.07635589375208596,"[[0.008960377204613994, 0.010798667861892288, -0.003676581314556596], [0.010798667861892288, 0.01909484632515747, -0.016592356926530286], [-0.003676581314556596, -0.016592356926530286, 0.025831551223947397]]",1.249837015286696,0.4825493807332164,-1.0345752691069596
2026-03-17 17:36:49,GPR_Optimization_h_mean_0.5_v_mean_0.8_20260315-082625,1996,3.7873834487836833,20.75078836237444,0.008301738789384233,0.992464939831498,0.003054312085232182,0.0,3.9721455030354966,2.8475528587449003e-11,3461.531741881248,122.07149457704114,0.07635589375208596,"[[0.008960377204613994, 0.010798667861892288, -0.003676581314556596], [0.010798667861892288, 0.01909484632515747, -0.016592356926530286], [-0.003676581314556596, -0.016592356926530286, 0.025831551223947397]]",1.249837015286696,0.4825493807332164,-1.0345752691069596
2026-03-17 17:36:49,GPR_Optimization_h_mean_0.5_v_mean_0.8_20260315-082625,1889,3.7873834487836833,20.75078836237444,0.008301738789384233,0.992464939831498,0.003054312085232182,0.0,3.9721455030354966,2.8475528587449003e-11,3461.531741881248,122.07149457704114,0.07635589375208596,"[[0.008960377204613994, 0.010798667861892288, -0.003676581314556596], [0.010798667861892288, 0.01909484632515747, -0.016592356926530286], [-0.003676581314556596, -0.016592356926530286, 0.025831551223947397]]",1.249837015286696,0.4825493807332164,-1.0345752691069596
2026-03-17 17:36:49,GPR_Optimization_h_mean_0.5_v_mean_0.8_20260315-082625,453,3.7858948769489347,20.85168897996713,0.008791138532359381,0.9915013240517973,0.0032564284817148317,0.0,3.85053147135602,6.9837838803782e-10,780.6654931615973,123.2032764470595,0.0073463670033602,"[[0.008967171859140722, 0.010678193275568858, -0.0034220428328562507], [0.010678193275568858, 0.018912722647148487, -0.01646905874315933], [-0.0034220428328562507, -0.01646905874315933, 0.026094031820606146]]",1.2489983975037406,0.4825311245257386,-1.0329345459560044
2026-03-17 17:36:49,GPR_Optimization_h_mean_0.5_v_mean_0.8_20260315-082625,611,3.7858948769489347,20.85168897996713,0.008791138532359381,0.9915013240517973,0.0032564284817148317,0.0,3.85053147135602,6.9837838803782e-10,780.6654931615973,123.2032764470595,0.0073463670033602,"[[0.008967171859140722, 0.010678193275568858, -0.0034220428328562507], [0.010678193275568858, 0.018912722647148487, -0.01646905874315933], [-0.0034220428328562507, -0.01646905874315933, 0.026094031820606146]]",1.2489983975037406,0.4825311245257386,-1.0329345459560044
2026-03-17 17:36:49,GPR_Optimization_h_mean_0.5_v_mean_0.8_20260315-082625,569,3.783278980158825,20.68357277048345,0.010552788599043345,0.9902456464251898,0.002611585733469937,0.0,4.656145326690518,8.517143320793586e-15,3461.531741881248,86.33476677420927,0.07635589375208596,"[[0.00886022884831162, 0.01057875311297074, -0.0034370485293182293], [0.01057875311297074, 0.01855253562628739, -0.015947565026633297], [-0.0034370485293182293, -0.015947565026633297, 0.025021032994630172]]",1.2512537418266054,0.4832968994664993,-1.035913684720212
2026-03-17 17:36:52,GPR_Optimization_h_mean_0.5_v_mean_1.1_20260315-092503,316,3.7985398447377943,20.080159883789403,0.0318100430693788,0.9691988183269538,0.004470877380250394,0.0,5.0654889033176795,1.9883155989522806e-10,15907.093990351588,63.575961235064476,0.17374291295371855,"[[0.008973888514217262, 0.010747229454611932, -0.0035466818807893393], [0.010747229454611932, 0.019278759733958685, -0.017063060558693548], [-0.0035466818807893393, -0.017063060558693548, 0.027032757355808394]]",1.397155582418141,0.4828852070126698,-1.3285407508109424
2026-03-17 17:36:52,GPR_Optimization_h_mean_0.5_v_mean_1.1_20260315-092503,1537,3.7985398447377943,20.080159883789403,0.0318100430693788,0.9691988183269538,0.004470877380250394,0.0,5.0654889033176795,1.9883155989522806e-10,15907.093990351588,63.575961235064476,0.17374291295371855,"[[0.008973888514217262, 0.010747229454611932, -0.0035466818807893393], [0.010747229454611932, 0.019278759733958685, -0.017063060558693548], [-0.0035466818807893393, -0.017063060558693548, 0.027032757355808394]]",1.397155582418141,0.4828852070126698,-1.3285407508109424
2026-03-17 17:36:52,GPR_Optimization_h_mean_0.5_v_mean_1.1_20260315-092503,1678,3.7985398447377943,20.080159883789403,0.0318100430693788,0.9691988183269538,0.004470877380250394,0.0,5.0654889033176795,1.9883155989522806e-10,15907.093990351588,63.575961235064476,0.17374291295371855,"[[0.008973888514217262, 0.010747229454611932, -0.0035466818807893393], [0.010747229454611932, 0.019278759733958685, -0.017063060558693548], [-0.0035466818807893393, -0.017063060558693548, 0.027032757355808394]]",1.397155582418141,0.4828852070126698,-1.3285407508109424
2026-03-17 17:36:52,GPR_Optimization_h_mean_0.5_v_mean_1.1_20260315-092503,586,3.7985398447377943,20.080159883789403,0.0318100430693788,0.9691988183269538,0.004470877380250394,0.0,5.0654889033176795,1.9883155989522806e-10,15907.093990351588,63.575961235064476,0.17374291295371855,"[[0.008973888514217262, 0.010747229454611932, -0.0035466818807893393], [0.010747229454611932, 0.019278759733958685, -0.017063060558693548], [-0.0035466818807893393, -0.017063060558693548, 0.027032757355808394]]",1.397155582418141,0.4828852070126698,-1.3285407508109424
2026-03-17 17:36:52,GPR_Optimization_h_mean_0.5_v_mean_1.1_20260315-092503,1841,3.7985398447377943,20.080159883789403,0.0318100430693788,0.9691988183269538,0.004470877380250394,0.0,5.0654889033176795,1.9883155989522806e-10,15907.093990351588,63.575961235064476,0.17374291295371855,"[[0.008973888514217262, 0.010747229454611932, -0.0035466818807893393], [0.010747229454611932, 0.019278759733958685, -0.017063060558693548], [-0.0035466818807893393, -0.017063060558693548, 0.027032757355808394]]",1.397155582418141,0.4828852070126698,-1.3285407508109424
2026-03-17 17:36:52,GPR_Optimization_h_mean_0.5_v_mean_1.1_20260315-092503,1650,3.7985398447377943,20.080159883789403,0.0318100430693788,0.9691988183269538,0.004470877380250394,0.0,5.0654889033176795,1.9883155989522806e-10,15907.093990351588,63.575961235064476,0.17374291295371855,"[[0.008973888514217262, 0.010747229454611932, -0.0035466818807893393], [0.010747229454611932, 0.019278759733958685, -0.017063060558693548], [-0.0035466818807893393, -0.017063060558693548, 0.027032757355808394]]",1.397155582418141,0.4828852070126698,-1.3285407508109424
2026-03-17 17:36:52,GPR_Optimization_h_mean_0.5_v_mean_1.1_20260315-092503,1891,3.7985398447377943,20.080159883789403,0.0318100430693788,0.9691988183269538,0.004470877380250394,0.0,5.0654889033176795,1.9883155989522806e-10,15907.093990351588,63.575961235064476,0.17374291295371855,"[[0.008973888514217262, 0.010747229454611932, -0.0035466818807893393], [0.010747229454611932, 0.019278759733958685, -0.017063060558693548], [-0.0035466818807893393, -0.017063060558693548, 0.027032757355808394]]",1.397155582418141,0.4828852070126698,-1.3285407508109424
2026-03-17 17:36:52,GPR_Optimization_h_mean_0.5_v_mean_1.1_20260315-092503,1632,3.7985398447377943,20.080159883789403,0.0318100430693788,0.9691988183269538,0.004470877380250394,0.0,5.0654889033176795,1.9883155989522806e-10,15907.093990351588,63.575961235064476,0.17374291295371855,"[[0.008973888514217262, 0.010747229454611932, -0.0035466818807893393], [0.010747229454611932, 0.019278759733958685, -0.017063060558693548], [-0.0035466818807893393, -0.017063060558693548, 0.027032757355808394]]",1.397155582418141,0.4828852070126698,-1.3285407508109424
2026-03-17 17:36:52,GPR_Optimization_h_mean_0.5_v_mean_1.1_20260315-092503,1621,3.7985398447377943,20.080159883789403,0.0318100430693788,0.9691988183269538,0.004470877380250394,0.0,5.0654889033176795,1.9883155989522806e-10,15907.093990351588,63.575961235064476,0.17374291295371855,"[[0.008973888514217262, 0.010747229454611932, -0.0035466818807893393], [0.010747229454611932, 0.019278759733958685, -0.017063060558693548], [-0.0035466818807893393, -0.017063060558693548, 0.027032757355808394]]",1.397155582418141,0.4828852070126698,-1.3285407508109424
2026-03-17 17:36:52,GPR_Optimization_h_mean_0.5_v_mean_1.1_20260315-092503,1730,3.7985398447377943,20.080159883789403,0.0318100430693788,0.9691988183269538,0.004470877380250394,0.0,5.0654889033176795,1.9883155989522806e-10,15907.093990351588,63.575961235064476,0.17374291295371855,"[[0.008973888514217262, 0.010747229454611932, -0.0035466818807893393], [0.010747229454611932, 0.019278759733958685, -0.017063060558693548], [-0.0035466818807893393, -0.017063060558693548, 0.027032757355808394]]",1.397155582418141,0.4828852070126698,-1.3285407508109424
2026-03-17 17:36:55,GPR_Optimization_h_mean_0.5_v_mean_1.4_20260315-102314,1435,3.7938262963824503,17.700515615529593,0.10951783185271019,0.900612493435446,0.008000086606697454,1.6093729882837647e-05,5.350361443125421,9.690524936983195e-09,1646.3969026267107,59.62398347611374,0.0036335380850838414,"[[0.008913002357980853, 0.010663789302738329, -0.003501607926015278], [0.010663789302738329, 0.020032514159951907, -0.018737491563666022], [-0.003501607926015278, -0.018737491563666022, 0.03047178319830898]]",1.538850900199786,0.4795560119276533,-1.6185897073461704
2026-03-17 17:36:55,GPR_Optimization_h_mean_0.5_v_mean_1.4_20260315-102314,1987,3.783402383218836,17.87914648223879,0.1150856821799794,0.895508415713484,0.010076752471196663,1.5606954458906888e-05,6.422813941223341,6.111786856381809e-12,14386.180741204302,632.9337554077858,0.00527856984933314,"[[0.008818955769267904, 0.010191977908387693, -0.0027460616951458625], [0.010191977908387693, 0.019471989789206907, -0.018560044554242247], [-0.0027460616951458625, -0.018560044554242247, 0.03162797254985422]]",1.5420922874914853,0.47926744802092613,-1.6256496435474515
2026-03-17 17:36:55,GPR_Optimization_h_mean_0.5_v_mean_1.4_20260315-102314,1139,3.7783001833896637,16.982308377069643,0.11052925569054602,0.8983421014301698,0.006440199766161938,1.745566261695294e-05,6.064531614924588,3.9128791194238463e-10,136.93754235977036,103.40794206559505,0.004273432213877774,"[[0.009207874494568561, 0.01120597388929645, -0.003996211468412977], [0.01120597388929645, 0.020482004984557805, -0.0185520781706223], [-0.003996211468412977, -0.0185520781706223, 0.02911174004349611]]",1.5340886317815121,0.4797709285423543,-1.608635381135843
2026-03-17 17:36:55,GPR_Optimization_h_mean_0.5_v_mean_1.4_20260315-102314,1132,3.7783001833896637,16.982308377069643,0.11052925569054602,0.8983421014301698,0.006440199766161938,1.745566261695294e-05,6.064531614924588,3.9128791194238463e-10,136.93754235977036,103.40794206559505,0.004273432213877774,"[[0.009207874494568561, 0.01120597388929645, -0.003996211468412977], [0.01120597388929645, 0.020482004984557805, -0.0185520781706223], [-0.003996211468412977, -0.0185520781706223, 0.02911174004349611]]",1.5340886317815121,0.4797709285423543,-1.608635381135843
2026-03-17 17:36:55,GPR_Optimization_h_mean_0.5_v_mean_1.4_20260315-102314,466,3.7783001833896637,16.982308377069643,0.11052925569054602,0.8983421014301698,0.006440199766161938,1.745566261695294e-05,6.064531614924588,3.9128791194238463e-10,136.93754235977036,103.40794206559505,0.004273432213877774,"[[0.009207874494568561, 0.01120597388929645, -0.003996211468412977], [0.01120597388929645, 0.020482004984557805, -0.0185520781706223], [-0.003996211468412977, -0.0185520781706223, 0.02911174004349611]]",1.5340886317815121,0.4797709285423543,-1.608635381135843
2026-03-17 17:36:55,GPR_Optimization_h_mean_0.5_v_mean_1.4_20260315-102314,530,3.7755277356982027,17.209127772455663,0.11167839877872954,0.8954888565498338,0.006681363769824852,1.696208972945467e-05,5.640676195360803,1.1395053845101022e-09,123.37841432443476,294.1736969440579,0.00211387776308519,"[[0.009133350550734698, 0.011025925921349126, -0.0037851575411370223], [0.011025925921349126, 0.020536385529181, -0.0190209279650991], [-0.0037851575411370223, -0.0190209279650991, 0.030471544756483462]]",1.535903904993297,0.4803780615701894,-1.6110516741488738
2026-03-17 17:36:55,GPR_Optimization_h_mean_0.5_v_mean_1.4_20260315-102314,1678,3.773949895476874,17.204947358778597,0.11784948381626852,0.8950517014479723,0.007224101894327165,0.0,5.341051882788242,1.6577810119484565e-07,333.43916020954094,389.8339145803365,0.0019395536549777802,"[[0.00896754361690334, 0.010604476483787146, -0.0032738657337676056], [0.010604476483787146, 0.019722257399707118, -0.018235561831839935], [-0.0032738657337676056, -0.018235561831839935, 0.029923392196144656]]",1.5381299978779286,0.480019107588244,-1.6162217805793693
2026-03-17 17:36:55,GPR_Optimization_h_mean_0.5_v_mean_1.4_20260315-102314,1420,3.7730792653520915,16.91742775203436,0.11336759115866535,0.8965183920083526,0.006522063313927968,1.759819794453048e-05,6.108277702206281,5.8617554489943814e-08,196.83447417266166,355.87678485904485,0.005084349384960579,"[[0.009321216968290982, 0.011305939679856153, -0.003969536596428922], [0.011305939679856153, 0.020786808876046958, -0.018961844325622614], [-0.003969536596428922, -0.018961844325622614, 0.02998464676116924]]",1.5339109321115896,0.4796253104673721,-1.6085710661563466
2026-03-17 17:36:55,GPR_Optimization_h_mean_0.5_v_mean_1.4_20260315-102314,349,3.7725678279360135,17.204730430948143,0.11301202792497267,0.8941465531622685,0.006595518491216843,0.0,5.799393777756966,2.3399722224774068e-07,13858.328975566428,208.4046230284671,0.14239363932808505,"[[0.009119322492193832, 0.010903775714837307, -0.0035689064452869555], [0.010903775714837307, 0.01999805384439444, -0.018188556259114252], [-0.0035689064452869555, -0.018188556259114252, 0.02923929962765462]]",1.5364731312702369,0.4799737884395656,-1.612998685661343
2026-03-17 17:36:55,GPR_Optimization_h_mean_0.5_v_mean_1.4_20260315-102314,113,3.7720253704420523,17.22672613385346,0.11419525596354865,0.8939384035381971,0.007042631125624637,0.0,5.367640963677298,5.937299105955022e-08,106.43525656578535,714.288009447474,0.0014335186158786184,"[[0.009095070992933675, 0.01109153551666124, -0.003992929047455106], [0.01109153551666124, 0.02070050065260758, -0.01921793027189266], [-0.003992929047455106, -0.01921793027189266, 0.030450002448875118]]",1.5355091943937063,0.47908593611164696,-1.6128465165641181
2026-03-17 17:36:57,GPR_Optimization_h_mean_0.55_v_mean_0.2_20260315-112134,979,3.799852599080715,21.129077795715364,0.0,0.999999997028784,0.0016144349128400547,0.0,2.598487624907023,2.1368741518984837e-08,183.1160409316802,107.10128616759506,0.0012847739495708767,"[[0.008969524613706386, 0.010256424412325275, -0.0026012993296092098], [0.010256424412325275, 0.016940355385998623, -0.013419779642573234], [-0.0026012993296092098, -0.013419779642573234, 0.021694601881216902]]",1.0083644546196115,0.5345942712583993,-0.447431247830445
2026-03-17 17:36:57,GPR_Optimization_h_mean_0.55_v_mean_0.2_20260315-112134,1911,3.799826006289436,21.129075284139894,0.0,0.9999999813676551,0.0016206127857370815,0.0,2.598487624907023,2.1368741518984837e-08,115.75421733454291,14.060384240332132,0.0012847739495708767,"[[0.009000164769044637, 0.010263780583286204, -0.0025552299522169073], [0.010263780583286204, 0.016902492525800054, -0.013329649855457705], [-0.0025552299522169073, -0.013329649855457705, 0.021605821409781675]]",1.0087784054035613,0.5346920152592806,-0.4480646646607065
2026-03-17 17:36:57,GPR_Optimization_h_mean_0.55_v_mean_0.2_20260315-112134,1658,3.799826006289436,21.129075284139894,0.0,0.9999999813676551,0.0016206127857370815,0.0,2.598487624907023,2.1368741518984837e-08,115.75421733454291,14.060384240332132,0.0012847739495708767,"[[0.009000164769044637, 0.010263780583286204, -0.0025552299522169073], [0.010263780583286204, 0.016902492525800054, -0.013329649855457705], [-0.0025552299522169073, -0.013329649855457705, 0.021605821409781675]]",1.0087784054035613,0.5346920152592806,-0.4480646646607065
2026-03-17 17:36:57,GPR_Optimization_h_mean_0.55_v_mean_0.2_20260315-112134,1784,3.799826006289436,21.129075284139894,0.0,0.9999999813676551,0.0016206127857370815,0.0,2.598487624907023,2.1368741518984837e-08,115.75421733454291,14.060384240332132,0.0012847739495708767,"[[0.009000164769044637, 0.010263780583286204, -0.0025552299522169073], [0.010263780583286204, 0.016902492525800054, -0.013329649855457705], [-0.0025552299522169073, -0.013329649855457705, 0.021605821409781675]]",1.0087784054035613,0.5346920152592806,-0.4480646646607065
2026-03-17 17:36:57,GPR_Optimization_h_mean_0.55_v_mean_0.2_20260315-112134,1961,3.799826006289436,21.129075284139894,0.0,0.9999999813676551,0.0016206127857370815,0.0,2.598487624907023,2.1368741518984837e-08,115.75421733454291,14.060384240332132,0.0012847739495708767,"[[0.009000164769044637, 0.010263780583286204, -0.0025552299522169073], [0.010263780583286204, 0.016902492525800054, -0.013329649855457705], [-0.0025552299522169073, -0.013329649855457705, 0.021605821409781675]]",1.0087784054035613,0.5346920152592806,-0.4480646646607065
2026-03-17 17:36:57,GPR_Optimization_h_mean_0.55_v_mean_0.2_20260315-112134,400,3.799826006289436,21.129075284139894,0.0,0.9999999813676551,0.0016206127857370815,0.0,2.598487624907023,2.1368741518984837e-08,115.75421733454291,14.060384240332132,0.0012847739495708767,"[[0.009000164769044637, 0.010263780583286204, -0.0025552299522169073], [0.010263780583286204, 0.016902492525800054, -0.013329649855457705], [-0.0025552299522169073, -0.013329649855457705, 0.021605821409781675]]",1.0087784054035613,0.5346920152592806,-0.4480646646607065
2026-03-17 17:36:57,GPR_Optimization_h_mean_0.55_v_mean_0.2_20260315-112134,1582,3.799826006289436,21.129075284139894,0.0,0.9999999813676551,0.0016206127857370815,0.0,2.598487624907023,2.1368741518984837e-08,115.75421733454291,14.060384240332132,0.0012847739495708767,"[[0.009000164769044637, 0.010263780583286204, -0.0025552299522169073], [0.010263780583286204, 0.016902492525800054, -0.013329649855457705], [-0.0025552299522169073, -0.013329649855457705, 0.021605821409781675]]",1.0087784054035613,0.5346920152592806,-0.4480646646607065
2026-03-17 17:36:57,GPR_Optimization_h_mean_0.55_v_mean_0.2_20260315-112134,1659,3.7998255730969293,21.12907788998766,0.0,0.9999999978718719,0.0016207431466428862,0.0,2.598487624907023,2.1368741518984837e-08,115.75421733454291,123.23872920857801,0.0012847739495708767,"[[0.009000564260510319, 0.010264304407858745, -0.002555478464988977], [0.010264304407858745, 0.016903331401778018, -0.013330279878133476], [-0.002555478464988977, -0.013330279878133476, 0.02160658463294533]]",1.0087779519613445,0.5346906042344896,-0.4480665799607319
2026-03-17 17:36:57,GPR_Optimization_h_mean_0.55_v_mean_0.2_20260315-112134,1290,3.7998255730969293,21.12907788998766,0.0,0.9999999978718719,0.0016207431466428862,0.0,2.598487624907023,2.1368741518984837e-08,115.75421733454291,123.23872920857801,0.0012847739495708767,"[[0.009000564260510319, 0.010264304407858745, -0.002555478464988977], [0.010264304407858745, 0.016903331401778018, -0.013330279878133476], [-0.002555478464988977, -0.013330279878133476, 0.02160658463294533]]",1.0087779519613445,0.5346906042344896,-0.4480665799607319
2026-03-17 17:36:57,GPR_Optimization_h_mean_0.55_v_mean_0.2_20260315-112134,1754,3.7998255730969293,21.12907788998766,0.0,0.9999999978718719,0.0016207431466428862,0.0,2.598487624907023,2.1368741518984837e-08,115.75421733454291,123.23872920857801,0.0012847739495708767,"[[0.009000564260510319, 0.010264304407858745, -0.002555478464988977], [0.010264304407858745, 0.016903331401778018, -0.013330279878133476], [-0.002555478464988977, -0.013330279878133476, 0.02160658463294533]]",1.0087779519613445,0.5346906042344896,-0.4480665799607319
2026-03-17 17:37:00,GPR_Optimization_h_mean_0.55_v_mean_0.5_20260315-121933,1827,3.7999804706595905,21.129073740824527,0.0,0.9999999812292296,0.0016632107937715158,0.0,4.82092281735035,3.12785010578927e-10,4842.846412152611,984.4974508776851,0.06411169781274964,"[[0.00887798289460955, 0.010173268541378514, -0.0025905712935379356], [0.010173268541378514, 0.017059333362562094, -0.013772129642367138], [-0.0025905712935379356, -0.013772129642367138, 0.022363116697658374]]",1.157954395198849,0.5351456157614409,-0.7456175588748166
2026-03-17 17:37:00,GPR_Optimization_h_mean_0.55_v_mean_0.5_20260315-121933,1573,3.7999804412554945,21.129073741525193,0.0,0.9999999812185892,0.0016632401382192538,0.0,4.82092281735035,5.364103518484441e-15,4842.846412152611,984.4974508776851,0.06411169781274964,"[[0.008878184558507777, 0.010173545731837338, -0.002590722346659106], [0.010173545731837338, 0.017060925637271136, -0.01377475981086759], [-0.002590722346659106, -0.01377475981086759, 0.022368074928416967]]",1.1579496838720968,0.5351464928151854,-0.7456063821138224
2026-03-17 17:37:00,GPR_Optimization_h_mean_0.55_v_mean_0.5_20260315-121933,1591,3.7999804410460607,21.129068118597235,0.0,0.999999957823204,0.0016631139278696385,0.0,4.82092281735035,1.7368598188246526e-09,4842.846412152611,436.92416206076837,0.06411169781274964,"[[0.00887776560467959, 0.010175077076130091, -0.0025946229429009964], [0.010175077076130091, 0.01706098149790534, -0.013771808843550507], [-0.0025946229429009964, -0.013771808843550507, 0.02235437180129898]]",1.157965705477291,0.5351401698021624,-0.7456510713502571
2026-03-17 17:37:00,GPR_Optimization_h_mean_0.55_v_mean_0.5_20260315-121933,1792,3.799980349850525,21.129073798707005,0.0,0.9999999814564895,0.0016633326785131372,0.0,4.82092281735035,3.12785010578927e-10,4842.846412152611,997.3687777564104,0.06411169781274964,"[[0.008877838652231376, 0.010173092568168968, -0.002590507831875175], [0.010173092568168968, 0.017059592870148445, -0.01377300060395897], [-0.002590507831875175, -0.01377300060395897, 0.022364985544167562]]",1.1579513465157354,0.5351456420373121,-0.7456114089568461
2026-03-17 17:37:00,GPR_Optimization_h_mean_0.55_v_mean_0.5_20260315-121933,1911,3.799980349850525,21.129073798707005,0.0,0.9999999814564895,0.0016633326785131372,0.0,4.82092281735035,3.12785010578927e-10,4842.846412152611,997.3687777564104,0.06411169781274964,"[[0.008877838652231376, 0.010173092568168968, -0.002590507831875175], [0.010173092568168968, 0.017059592870148445, -0.01377300060395897], [-0.002590507831875175, -0.01377300060395897, 0.022364985544167562]]",1.1579513465157354,0.5351456420373121,-0.7456114089568461
2026-03-17 17:37:00,GPR_Optimization_h_mean_0.55_v_mean_0.5_20260315-121933,1806,3.7999803430515238,21.129064436573906,0.0,0.9999999424520524,0.0016631288764938639,0.0,4.82092281735035,3.12785010578927e-10,4842.846412152611,320.2448690611559,0.06411169781274964,"[[0.008878456450408832, 0.01017639124296873, -0.0025958695851198217], [0.01017639124296873, 0.017064080698982985, -0.013775378912028501], [-0.0025958695851198217, -0.013775378912028501, 0.022359018653817335]]",1.157957946260086,0.5351377549082026,-0.7456403827037666
2026-03-17 17:37:00,GPR_Optimization_h_mean_0.55_v_mean_0.5_20260315-121933,1602,3.7999801647743663,21.129068120831136,0.0,0.9999999577083473,0.0016633895477565176,0.0,4.82092281735035,2.5639019598445325e-11,4842.846412152611,436.92416206076837,0.06411169781274964,"[[0.008878255276792923, 0.010175450139762735, -0.0025943897259396304], [0.010175450139762735, 0.017064655304493827, -0.013778410329462181], [-0.0025943897259396304, -0.013778410329462181, 0.022368041207045133]]",1.1579471652865392,0.5351404506086731,-0.7456134293557322
2026-03-17 17:37:00,GPR_Optimization_h_mean_0.55_v_mean_0.5_20260315-121933,1610,3.799980087725313,21.12907142241538,0.0,0.9999999714643136,0.0016635407371616763,0.0,4.82092281735035,3.12785010578927e-10,4842.846412152611,649.0213073292723,0.06411169781274964,"[[0.008877694789862953, 0.010173484342937932, -0.0025915791061499665], [0.010173484342937932, 0.017060317214349044, -0.013773665742822253], [-0.0025915791061499665, -0.013773665742822253, 0.02236417327334454]]",1.1579522218896419,0.5351438544403198,-0.7456167348986443
2026-03-17 17:37:00,GPR_Optimization_h_mean_0.55_v_mean_0.5_20260315-121933,1927,3.7999800707025027,21.129068777100162,0.0,0.9999999604111647,0.0016634981644147032,0.0,4.82092281735035,8.610003682386088e-15,4842.846412152611,467.26356263885714,0.06411169781274964,"[[0.008878137613386282, 0.010175196696276959, -0.0025941181657813616], [0.010175196696276959, 0.017064838771112822, -0.013779284149671722], [-0.0025941181657813616, -0.013779284149671722, 0.02237033196778073]]",1.157944153253984,0.5351408270347819,-0.7456066524384037
2026-03-17 17:37:00,GPR_Optimization_h_mean_0.55_v_mean_0.5_20260315-121933,1533,3.7999799213414573,21.129057446507318,0.0,0.9999999131504422,0.0016633923015472454,0.0,4.82092281735035,4.688726778476544e-14,4842.846412152611,212.50785108289404,0.06411169781274964,"[[0.008879229002304121, 0.010178819035383818, -0.002599180066159395], [0.010178819035383818, 0.017067987981076692, -0.013778337891385729], [-0.002599180066159395, -0.013778337891385729, 0.022358315650452657]]",1.1579432695509313,0.535126988013737,-0.7456325630743881
2026-03-17 17:37:03,GPR_Optimization_h_mean_0.55_v_mean_0.8_20260315-131736,1509,3.798421281090489,21.028929404822843,0.001999966102269453,0.9981117908165624,0.0020273553140948072,0.0,6.0588241708857735,1.451952275796956e-13,1398.771676835874,34.38842259850588,0.06893026558163087,"[[0.008740742835021957, 0.010203289349303778, -0.002925093028563645], [0.010203289349303778, 0.017336208351226217, -0.014265838003844879], [-0.002925093028563645, -0.014265838003844879, 0.022681489950562485]]",1.3070528392248189,0.5353634502869088,-1.0433787778758206
2026-03-17 17:37:03,GPR_Optimization_h_mean_0.55_v_mean_0.8_20260315-131736,1841,3.798421281090489,21.028929404822843,0.001999966102269453,0.9981117908165624,0.0020273553140948072,0.0,6.0588241708857735,1.451952275796956e-13,1398.771676835874,34.38842259850588,0.06893026558163087,"[[0.008740742835021957, 0.010203289349303778, -0.002925093028563645], [0.010203289349303778, 0.017336208351226217, -0.014265838003844879], [-0.002925093028563645, -0.014265838003844879, 0.022681489950562485]]",1.3070528392248189,0.5353634502869088,-1.0433787778758206
2026-03-17 17:37:03,GPR_Optimization_h_mean_0.55_v_mean_0.8_20260315-131736,1691,3.798421281090489,21.028929404822843,0.001999966102269453,0.9981117908165624,0.0020273553140948072,0.0,6.0588241708857735,1.451952275796956e-13,1398.771676835874,34.38842259850588,0.06893026558163087,"[[0.008740742835021957, 0.010203289349303778, -0.002925093028563645], [0.010203289349303778, 0.017336208351226217, -0.014265838003844879], [-0.002925093028563645, -0.014265838003844879, 0.022681489950562485]]",1.3070528392248189,0.5353634502869088,-1.0433787778758206
2026-03-17 17:37:03,GPR_Optimization_h_mean_0.55_v_mean_0.8_20260315-131736,1665,3.798421281084028,21.028929404822268,0.001999966102269453,0.9981117908165386,0.0020273553150074075,0.0,6.0588241708857735,8.868176975871571e-14,1398.771676835874,34.38842259850588,0.06893026558163087,"[[0.008740742829591893, 0.010203289344728908, -0.0029250930302740217], [0.010203289344728908, 0.017336208344778448, -0.01426583800009907], [-0.0029250930302740217, -0.01426583800009907, 0.022681489939650062]]",1.3070528392072804,0.5353634502733439,-1.0433787778678736
2026-03-17 17:37:03,GPR_Optimization_h_mean_0.55_v_mean_0.8_20260315-131736,342,3.795135806849233,21.03812981411572,0.002151455928000131,0.9981911947153528,0.002545767850952097,0.0,3.971865982471131,4.233214113841767e-14,917.1601602204784,151.01480797888445,0.011117095850294304,"[[0.00883586372168378, 0.010379541821940832, -0.003087356200514116], [0.010379541821940832, 0.01790701256273599, -0.015054941481590303], [-0.003087356200514116, -0.015054941481590303, 0.023935170562152403]]",1.3032323658687446,0.5340425147427961,-1.038379702251897
2026-03-17 17:37:03,GPR_Optimization_h_mean_0.55_v_mean_0.8_20260315-131736,1518,3.794791021331412,20.99190394445651,0.0025082195031013795,0.9977251440193716,0.0023229181647825693,0.0,5.139273845962083,4.661143375772156e-12,1275.9763852821006,987.8381045485255,0.08503281993726489,"[[0.008770767874398542, 0.010265486621251787, -0.0029894374937065133], [0.010265486621251787, 0.017555497320203776, -0.01458002139790397], [-0.0029894374937065133, -0.01458002139790397, 0.023181167808394906]]",1.3066825792838412,0.5354622106220681,-1.0424407373235463
2026-03-17 17:37:03,GPR_Optimization_h_mean_0.55_v_mean_0.8_20260315-131736,1635,3.7947910195140713,20.991903944453757,0.0025082195031013795,0.9977251440193038,0.002322918424299635,0.0,5.139273845962083,1.2828685529765198e-13,1275.9763852821006,987.8381045485255,0.08503281993726489,"[[0.008770771717850475, 0.010265494599664436, -0.002989445763627931], [0.010265494599664436, 0.017555509130550616, -0.01458002906177241], [-0.002989445763627931, -0.01458002906177241, 0.023181166596288962]]",1.3066825564242652,0.5354621884062483,-1.042440736036034
2026-03-17 17:37:03,GPR_Optimization_h_mean_0.55_v_mean_0.8_20260315-131736,1422,3.7947910195140713,20.991903944453757,0.0025082195031013795,0.9977251440193038,0.002322918424299635,0.0,5.139273845962083,1.2828685529765198e-13,1275.9763852821006,987.8381045485255,0.08503281993726489,"[[0.008770771717850475, 0.010265494599664436, -0.002989445763627931], [0.010265494599664436, 0.017555509130550616, -0.01458002906177241], [-0.002989445763627931, -0.01458002906177241, 0.023181166596288962]]",1.3066825564242652,0.5354621884062483,-1.042440736036034
2026-03-17 17:37:03,GPR_Optimization_h_mean_0.55_v_mean_0.8_20260315-131736,959,3.7947910195140713,20.991903944453757,0.0025082195031013795,0.9977251440193038,0.002322918424299635,0.0,5.139273845962083,1.2828685529765198e-13,1275.9763852821006,987.8381045485255,0.08503281993726489,"[[0.008770771717850475, 0.010265494599664436, -0.002989445763627931], [0.010265494599664436, 0.017555509130550616, -0.01458002906177241], [-0.002989445763627931, -0.01458002906177241, 0.023181166596288962]]",1.3066825564242652,0.5354621884062483,-1.042440736036034
2026-03-17 17:37:03,GPR_Optimization_h_mean_0.55_v_mean_0.8_20260315-131736,1262,3.794791019463325,20.99190394445363,0.0025082195031013795,0.9977251440193007,0.0023229184315456696,0.0,5.139273845962083,1.7029320605987475e-15,1275.9763852821006,987.8381045485255,0.08503281993726489,"[[0.008770771825357015, 0.010265494822655681, -0.0029894459945973384], [0.010265494822655681, 0.01755550946055453, -0.014580029275797697], [-0.0029894459945973384, -0.014580029275797697, 0.023181166562400678]]",1.306682555785803,0.535462187785734,-1.0424407360001384
2026-03-17 17:37:06,GPR_Optimization_h_mean_0.55_v_mean_1.1_20260315-141543,1570,3.7987972400241725,20.557469466031844,0.015556106019321277,0.9838857426231749,0.00333887462639824,0.0,5.928029201344695,1.1364328937537352e-13,97401.42521253512,12.652080709973877,1.0935248742709878,"[[0.008690042031951324, 0.010172583142092878, -0.002965082220283137], [0.010172583142092878, 0.017822109343319043, -0.015299052402452312], [-0.002965082220283137, -0.015299052402452312, 0.024667940364338323]]",1.4525906009362648,0.5341034037645053,-1.336974394343519
2026-03-17 17:37:06,GPR_Optimization_h_mean_0.55_v_mean_1.1_20260315-141543,1445,3.7944778277321616,20.534231182146275,0.01800158220184375,0.9826045240042727,0.004711757212598617,0.0,6.520673083772569,5.119129350011472e-10,12268.075333653385,12.652080709973877,0.030103710030894397,"[[0.008825075293182416, 0.010260274212356818, -0.002870397838348811], [0.010260274212356818, 0.018347731642682365, -0.01617491486065107], [-0.002870397838348811, -0.01617491486065107, 0.02660903404460452]]",1.4525242872850104,0.5341007583937915,-1.3368470577824385
2026-03-17 17:37:06,GPR_Optimization_h_mean_0.55_v_mean_1.1_20260315-141543,1273,3.7944778277321616,20.534231182146275,0.01800158220184375,0.9826045240042727,0.004711757212598617,0.0,6.520673083772569,5.119129350011472e-10,12268.075333653385,12.652080709973877,0.030103710030894397,"[[0.008825075293182416, 0.010260274212356818, -0.002870397838348811], [0.010260274212356818, 0.018347731642682365, -0.01617491486065107], [-0.002870397838348811, -0.01617491486065107, 0.02660903404460452]]",1.4525242872850104,0.5341007583937915,-1.3368470577824385
2026-03-17 17:37:06,GPR_Optimization_h_mean_0.55_v_mean_1.1_20260315-141543,317,3.7944778277321616,20.534231182146275,0.01800158220184375,0.9826045240042727,0.004711757212598617,0.0,6.520673083772569,5.119129350011472e-10,12268.075333653385,12.652080709973877,0.030103710030894397,"[[0.008825075293182416, 0.010260274212356818, -0.002870397838348811], [0.010260274212356818, 0.018347731642682365, -0.01617491486065107], [-0.002870397838348811, -0.01617491486065107, 0.02660903404460452]]",1.4525242872850104,0.5341007583937915,-1.3368470577824385
2026-03-17 17:37:06,GPR_Optimization_h_mean_0.55_v_mean_1.1_20260315-141543,1991,3.7930897245603443,20.379281670812567,0.01914316256886769,0.9824277801539076,0.0034841359646890107,0.0,6.286181285744432,1.268085196841683e-10,12268.075333653385,10.429956182372612,0.07057123439385378,"[[0.00878716926382791, 0.010373620693777234, -0.0031729028598986523], [0.010373620693777234, 0.018304912908358405, -0.015862584429162344], [-0.0031729028598986523, -0.015862584429162344, 0.02537936313852738]]",1.452624190939345,0.534643050280802,-1.3359622813170857
2026-03-17 17:37:06,GPR_Optimization_h_mean_0.55_v_mean_1.1_20260315-141543,1167,3.792078672526154,20.47470424086597,0.019500065436461197,0.981431281413666,0.003860044494332216,0.0,6.520673083772569,1.1364328937537352e-13,12268.075333653385,86.70289211064961,0.07057123439385378,"[[0.008792676587750552, 0.01038326917354912, -0.003181185171597128], [0.01038326917354912, 0.018474340751150977, -0.016182143155203683], [-0.003181185171597128, -0.016182143155203683, 0.02600191596721308]]",1.4527232567552435,0.5353510056129753,-1.3347445022845363
2026-03-17 17:37:06,GPR_Optimization_h_mean_0.55_v_mean_1.1_20260315-141543,1341,3.792078672526154,20.47470424086597,0.019500065436461197,0.981431281413666,0.003860044494332216,0.0,6.520673083772569,1.1364328937537352e-13,12268.075333653385,86.70289211064961,0.07057123439385378,"[[0.008792676587750552, 0.01038326917354912, -0.003181185171597128], [0.01038326917354912, 0.018474340751150977, -0.016182143155203683], [-0.003181185171597128, -0.016182143155203683, 0.02600191596721308]]",1.4527232567552435,0.5353510056129753,-1.3347445022845363
2026-03-17 17:37:06,GPR_Optimization_h_mean_0.55_v_mean_1.1_20260315-141543,1504,3.792078672526154,20.47470424086597,0.019500065436461197,0.981431281413666,0.003860044494332216,0.0,6.520673083772569,1.1364328937537352e-13,12268.075333653385,86.70289211064961,0.07057123439385378,"[[0.008792676587750552, 0.01038326917354912, -0.003181185171597128], [0.01038326917354912, 0.018474340751150977, -0.016182143155203683], [-0.003181185171597128, -0.016182143155203683, 0.02600191596721308]]",1.4527232567552435,0.5353510056129753,-1.3347445022845363
2026-03-17 17:37:06,GPR_Optimization_h_mean_0.55_v_mean_1.1_20260315-141543,1606,3.792078672526154,20.47470424086597,0.019500065436461197,0.981431281413666,0.003860044494332216,0.0,6.520673083772569,1.1364328937537352e-13,12268.075333653385,86.70289211064961,0.07057123439385378,"[[0.008792676587750552, 0.01038326917354912, -0.003181185171597128], [0.01038326917354912, 0.018474340751150977, -0.016182143155203683], [-0.003181185171597128, -0.016182143155203683, 0.02600191596721308]]",1.4527232567552435,0.5353510056129753,-1.3347445022845363
2026-03-17 17:37:06,GPR_Optimization_h_mean_0.55_v_mean_1.1_20260315-141543,1299,3.792078672526154,20.47470424086597,0.019500065436461197,0.981431281413666,0.003860044494332216,0.0,6.520673083772569,1.1364328937537352e-13,12268.075333653385,86.70289211064961,0.07057123439385378,"[[0.008792676587750552, 0.01038326917354912, -0.003181185171597128], [0.01038326917354912, 0.018474340751150977, -0.016182143155203683], [-0.003181185171597128, -0.016182143155203683, 0.02600191596721308]]",1.4527232567552435,0.5353510056129753,-1.3347445022845363
2026-03-17 17:37:09,GPR_Optimization_h_mean_0.55_v_mean_1.4_20260315-151354,1216,3.795592164737087,19.26560090435107,0.05878154804385908,0.945211279100327,0.006713181101067329,0.0,6.321561004959547,9.982025781733533e-14,23902.6576879988,49.85385740618141,0.08781880100069822,"[[0.00876753481305541, 0.010274073689183661, -0.003013077752256507], [0.010274073689183661, 0.018770279428439514, -0.016992411478511688], [-0.003013077752256507, -0.016992411478511688, 0.02795866745251036]]",1.597555857606784,0.532176230436971,-1.6307592543396265
2026-03-17 17:37:09,GPR_Optimization_h_mean_0.55_v_mean_1.4_20260315-151354,932,3.789200299888062,18.982279088724347,0.059372611516758,0.9444484747668775,0.007096681795057781,0.0,4.973605602915058,4.13194407744376e-09,449.1851926859826,103.66156778792096,0.0021420847662667886,"[[0.008763737610153218, 0.01034954393975831, -0.0031716126592101906], [0.01034954393975831, 0.018928600453977384, -0.01715811302843818], [-0.0031716126592101906, -0.01715811302843818, 0.027973000738455975]]",1.5954319152975074,0.5317243343303124,-1.62741516193439
2026-03-17 17:37:09,GPR_Optimization_h_mean_0.55_v_mean_1.4_20260315-151354,454,3.789200299888062,18.982279088724347,0.059372611516758,0.9444484747668775,0.007096681795057781,0.0,4.973605602915058,4.13194407744376e-09,449.1851926859826,103.66156778792096,0.0021420847662667886,"[[0.008763737610153218, 0.01034954393975831, -0.0031716126592101906], [0.01034954393975831, 0.018928600453977384, -0.01715811302843818], [-0.0031716126592101906, -0.01715811302843818, 0.027973000738455975]]",1.5954319152975074,0.5317243343303124,-1.62741516193439
2026-03-17 17:37:09,GPR_Optimization_h_mean_0.55_v_mean_1.4_20260315-151354,1436,3.7809665821764065,19.348449611534242,0.0645755018639547,0.9388576142128372,0.009162786277212788,1.5597947310133985e-05,5.699698787658738,9.982025781733533e-14,27963.35336572136,49.85385740618141,0.009842285736585792,"[[0.008817762980424504, 0.010218206121937787, -0.0028008908282949633], [0.010218206121937787, 0.019230901705740072, -0.018025396934678136], [-0.0028008908282949633, -0.018025396934678136, 0.030449014661044212]]",1.5959322965764988,0.5297985319216959,-1.632267520777074
2026-03-17 17:37:09,GPR_Optimization_h_mean_0.55_v_mean_1.4_20260315-151354,435,3.7770888380906884,18.9900366122529,0.0674787003142311,0.9387477752687737,0.007265538980638566,0.0,5.538575959442534,4.13194407744376e-09,643.7132327978796,71.75119972414932,0.0021420847662667886,"[[0.008775379739077846, 0.010278427541704289, -0.003006095605252843], [0.010278427541704289, 0.018965011968614616, -0.0173731688538207], [-0.003006095605252843, -0.0173731688538207, 0.028734146497135717]]",1.5960801663431705,0.5320140252359561,-1.628132282214429
2026-03-17 17:37:09,GPR_Optimization_h_mean_0.55_v_mean_1.4_20260315-151354,553,3.7765895954607136,18.658317667100533,0.06404905885358998,0.9397969577377617,0.004850165399941149,0.0,5.699698787658738,9.785160803072129e-14,467.6538339964105,49.85385740618141,0.009842285736585792,"[[0.008933631555956898, 0.010778973102021083, -0.003690683092128374], [0.010778973102021083, 0.01941406709526193, -0.017270187986481698], [-0.003690683092128374, -0.017270187986481698, 0.02715900978870661]]",1.593811297931357,0.532300232323679,-1.6230221312153563
2026-03-17 17:37:09,GPR_Optimization_h_mean_0.55_v_mean_1.4_20260315-151354,813,3.7765895954607136,18.658317667100533,0.06404905885358998,0.9397969577377617,0.004850165399941149,0.0,5.699698787658738,9.785160803072129e-14,467.6538339964105,49.85385740618141,0.009842285736585792,"[[0.008933631555956898, 0.010778973102021083, -0.003690683092128374], [0.010778973102021083, 0.01941406709526193, -0.017270187986481698], [-0.003690683092128374, -0.017270187986481698, 0.02715900978870661]]",1.593811297931357,0.532300232323679,-1.6230221312153563
2026-03-17 17:37:09,GPR_Optimization_h_mean_0.55_v_mean_1.4_20260315-151354,1844,3.7765895954607136,18.658317667100533,0.06404905885358998,0.9397969577377617,0.004850165399941149,0.0,5.699698787658738,9.785160803072129e-14,467.6538339964105,49.85385740618141,0.009842285736585792,"[[0.008933631555956898, 0.010778973102021083, -0.003690683092128374], [0.010778973102021083, 0.01941406709526193, -0.017270187986481698], [-0.003690683092128374, -0.017270187986481698, 0.02715900978870661]]",1.593811297931357,0.532300232323679,-1.6230221312153563
2026-03-17 17:37:09,GPR_Optimization_h_mean_0.55_v_mean_1.4_20260315-151354,1025,3.7749474445996447,18.647576910134354,0.06808517678982114,0.9395729620155687,0.005848213366421801,0.0,5.867977727428273,1.5601574358742526e-14,3307.8390686658945,567.8825875306696,0.013854389593461199,"[[0.008913272933876067, 0.010543831041110403, -0.0032611162144686634], [0.010543831041110403, 0.019230578031631793, -0.01737349398104284], [-0.0032611162144686634, -0.01737349398104284, 0.028224755533148342]]",1.5946761847818491,0.5318665206614935,-1.6256193282407108
2026-03-17 17:37:09,GPR_Optimization_h_mean_0.55_v_mean_1.4_20260315-151354,1224,3.7749474445996447,18.647576910134354,0.06808517678982114,0.9395729620155687,0.005848213366421801,0.0,5.867977727428273,1.5601574358742526e-14,3307.8390686658945,567.8825875306696,0.013854389593461199,"[[0.008913272933876067, 0.010543831041110403, -0.0032611162144686634], [0.010543831041110403, 0.019230578031631793, -0.01737349398104284], [-0.0032611162144686634, -0.01737349398104284, 0.028224755533148342]]",1.5946761847818491,0.5318665206614935,-1.6256193282407108
2026-03-17 17:37:12,GPR_Optimization_h_mean_0.6_v_mean_0.2_20260315-161215,1833,3.79999993966064,21.12907607823824,0.0,0.9999999968648553,0.001552004036375697,0.0,3.6102796045156005,1.3100363888775098e-14,161.49789136560352,14.834405168278284,0.0012673479504823498,"[[0.008866505413505274, 0.009909566829735811, -0.002098008010585125], [0.009909566829735811, 0.01599404688180662, -0.012190663796600412], [-0.002098008010585125, -0.012190663796600412, 0.02020771226177831]]",1.0617307697136351,0.586002058311201,-0.45141392657722956
2026-03-17 17:37:12,GPR_Optimization_h_mean_0.6_v_mean_0.2_20260315-161215,1134,3.7999998548809097,21.12907818343441,0.0,0.9999999999383695,0.0015520343179079776,0.0,3.6053983700009247,1.0955484021710699e-13,161.49789136560352,754.2257790126984,0.0012673479504823498,"[[0.008866472331716835, 0.009909570255209986, -0.002098084439441075], [0.009909570255209986, 0.01599408782116224, -0.012190743386719521], [-0.002098084439441075, -0.012190743386719521, 0.020207721757100065]]",1.0617313356377738,0.5860014737788986,-0.4514162226260312
2026-03-17 17:37:12,GPR_Optimization_h_mean_0.6_v_mean_0.2_20260315-161215,1593,3.799997879867912,21.12907818658597,0.0,0.99999999993407,0.0015524473386664096,0.0,3.4491093625560367,1.90711762974163e-09,211.2441748322374,852.3178753576885,0.0012673479504823498,"[[0.008871203266996398, 0.00992196227892217, -0.002113235956357699], [0.00992196227892217, 0.01602776263524762, -0.01223283690307224], [-0.002113235956357699, -0.01223283690307224, 0.020260977062202454]]",1.06165922332513,0.5860084206460456,-0.4512594247141378
2026-03-17 17:37:12,GPR_Optimization_h_mean_0.6_v_mean_0.2_20260315-161215,1498,3.7999973147451462,21.129078186529927,0.0,0.9999999999343292,0.0015525655151937975,0.0,3.4491093625560367,2.315984035565238e-09,211.2441748322374,852.3178753576885,0.0012673479504823498,"[[0.008870113913359332, 0.009919665920569929, -0.0021107367090186934], [0.009919665920569929, 0.016024152865035852, -0.01223003769533644], [-0.0021107367090186934, -0.01223003769533644, 0.0202601891825761]]",1.0616595730690688,0.586010501023015,-0.45125634931991665
2026-03-17 17:37:12,GPR_Optimization_h_mean_0.6_v_mean_0.2_20260315-161215,1610,3.799996820462166,21.1290695355419,0.0,0.9999999872602644,0.0015526172637199563,0.0,3.499553426855926,1.0955484021710699e-13,28993.760074589725,754.2257790126984,0.2701233442109193,"[[0.008864069523848108, 0.009908045309125358, -0.002100099316432455], [0.009908045309125358, 0.015993128860787006, -0.012192309456186443], [-0.002100099316432455, -0.012192309456186443, 0.020207233312731537]]",1.0617712049095598,0.5860384310338117,-0.451421272226588
2026-03-17 17:37:12,GPR_Optimization_h_mean_0.6_v_mean_0.2_20260315-161215,1733,3.7999965707594416,21.12907818354807,0.0,0.9999999999276958,0.0015527210756577385,0.0,3.4491093625560367,4.180396486572008e-15,211.2441748322374,787.238678273247,0.0012673479504823498,"[[0.008869967970201238, 0.009915116930154219, -0.0021026358771577104], [0.009915116930154219, 0.01601284389919434, -0.012217981881692645], [-0.0021026358771577104, -0.012217981881692645, 0.020253953242668474]]",1.0617219090157535,0.5860507750433558,-0.4512971145704631
2026-03-17 17:37:12,GPR_Optimization_h_mean_0.6_v_mean_0.2_20260315-161215,1681,3.799996570750684,21.129078186763362,0.0,0.9999999999332176,0.0015527210972448651,0.0,3.4491093625560367,7.452782762683341e-14,211.2441748322374,852.3178753576885,0.0012673479504823498,"[[0.008869967920638024, 0.009915116837697574, -0.002102635791713902], [0.009915116837697574, 0.016012843798766368, -0.012217981864640971], [-0.002102635791713902, -0.012217981864640971, 0.02025395337745144]]",1.0617219097858195,0.5860507757121431,-0.45129711477947565
2026-03-17 17:37:12,GPR_Optimization_h_mean_0.6_v_mean_0.2_20260315-161215,1630,3.799996570728097,21.129078186763355,0.0,0.9999999999332176,0.0015527211019682392,0.0,3.4491093625560367,9.279999563289712e-14,211.2441748322374,852.3178753576885,0.0012673479504823498,"[[0.008869967903529143, 0.009915116807175698, -0.0021026357648441523], [0.009915116807175698, 0.016012843757644963, -0.012217981843035802], [-0.0021026357648441523, -0.012217981843035802, 0.020253953387375515]]",1.0617219099972763,0.5860507759071089,-0.45129711481406654
2026-03-17 17:37:12,GPR_Optimization_h_mean_0.6_v_mean_0.2_20260315-161215,1919,3.7999965707076466,21.129078186774148,0.0,0.9999999999332361,0.0015527211063110198,0.0,3.4491093625560367,1.0955484021710699e-13,211.2441748322374,852.5559342854734,0.0012673479504823498,"[[0.008869967887898605, 0.009915116779272435, -0.002102635740260313], [0.009915116779272435, 0.016012843720130555, -0.01221798182344273], [-0.002102635740260313, -0.01221798182344273, 0.020253953396803335]]",1.0617219101910484,0.5860507760856355,-0.45129711484603324
2026-03-17 17:37:12,GPR_Optimization_h_mean_0.6_v_mean_0.2_20260315-161215,1449,3.7999965707073837,21.12907818676335,0.0,0.9999999999332175,0.0015527211062996123,0.0,3.4491093625560367,1.0955484021710699e-13,211.2441748322374,852.3178753576885,0.0012673479504823498,"[[0.008869967887842235, 0.009915116779185846, -0.0021026357401981275], [0.009915116779185846, 0.0160128437199331, -0.012217981823219443], [-0.0021026357401981275, -0.012217981823219443, 0.020253953396480017]]",1.0617219101912032,0.5860507760859187,-0.45129711484577556
2026-03-17 17:37:14,GPR_Optimization_h_mean_0.6_v_mean_0.5_20260315-171012,1914,3.799950191262632,21.129058789612408,0.0,0.9999999528595491,0.0016321086907686506,0.0,3.7855000780577437,1.1315329111908451e-13,6757.407233140269,402.5245891037368,0.13621674761207136,"[[0.00873222336725872, 0.009772739891190976, -0.0020810330478645313], [0.009772739891190976, 0.016000896561054908, -0.01245631333972787], [-0.0020810330478645313, -0.01245631333972787, 0.020750560583726714]]",1.2118380860647053,0.5867618210161569,-0.7501525300970973
2026-03-17 17:37:14,GPR_Optimization_h_mean_0.6_v_mean_0.5_20260315-171012,1873,3.799950125937249,21.129046204278865,0.0,0.9999999224123446,0.0016319347054166468,0.0,3.7855000780577437,2.3590814241481208e-15,6757.407233140269,244.2770701207139,0.13621674761207136,"[[0.008735101940976485, 0.009777960745435861, -0.0020857176089187366], [0.009777960745435861, 0.01600938298940796, -0.012462844487944194], [-0.0020857176089187366, -0.012462844487944194, 0.020754253758050935]]",1.2118144899387948,0.5867487246010388,-0.7501315306755121
2026-03-17 17:37:14,GPR_Optimization_h_mean_0.6_v_mean_0.5_20260315-171012,1612,3.799950059846813,21.12904873219564,0.0,0.9999999285271736,0.0016320487372228649,0.0,3.7855000780577437,6.846989534618794e-10,6757.407233140269,265.24006081519406,0.13621674761207136,"[[0.008731875333563678, 0.009771656086718454, -0.002079561506309545], [0.009771656086718454, 0.01599787877498455, -0.012452445376532176], [-0.002079561506309545, -0.012452445376532176, 0.020745767740445276]]",1.2118462138815862,0.5867657593495301,-0.7501609090641125
2026-03-17 17:37:14,GPR_Optimization_h_mean_0.6_v_mean_0.5_20260315-171012,1416,3.799949847895469,21.129068144500486,0.0,0.9999999755259866,0.001632629390208837,0.0,3.7855000780577437,8.438476797245128e-14,6757.407233140269,776.0893820783061,0.13621674761207136,"[[0.008733071688969054, 0.00977410960151552, -0.0020820758250929584], [0.00977410960151552, 0.016001815825231004, -0.012455412447430961], [-0.0020820758250929584, -0.012455412447430961, 0.020746673244675988]]",1.2118341322801844,0.5867566490237209,-0.7501549665129272
2026-03-17 17:37:14,GPR_Optimization_h_mean_0.6_v_mean_0.5_20260315-171012,1503,3.799949598028592,21.12901145134622,0.0,0.9999998381915183,0.0016318009469432735,0.0,3.7855000780577437,2.3389500445317967e-13,6757.407233140269,117.11267751269169,0.13621674761207136,"[[0.0087306330450764, 0.009770857100385036, -0.0020804481106172575], [0.009770857100385036, 0.015997813454232727, -0.0124539127076954], [-0.0020804481106172575, -0.0124539127076954, 0.02074692919415629]]",1.2118199072488558,0.5867562075486422,-0.7501273994004267
2026-03-17 17:37:14,GPR_Optimization_h_mean_0.6_v_mean_0.5_20260315-171012,1619,3.799949598028592,21.12901145134622,0.0,0.9999998381915183,0.0016318009469432735,0.0,3.7855000780577437,2.3389500445317967e-13,6757.407233140269,117.11267751269169,0.13621674761207136,"[[0.0087306330450764, 0.009770857100385036, -0.0020804481106172575], [0.009770857100385036, 0.015997813454232727, -0.0124539127076954], [-0.0020804481106172575, -0.0124539127076954, 0.02074692919415629]]",1.2118199072488558,0.5867562075486422,-0.7501273994004267
2026-03-17 17:37:14,GPR_Optimization_h_mean_0.6_v_mean_0.5_20260315-171012,1832,3.799949598027762,21.12901145134626,0.0,0.9999998381915199,0.00163180094777571,0.0,3.7855000780577437,1.1315329111908451e-13,6757.407233140269,117.11267751269169,0.13621674761207136,"[[0.008730633052107549, 0.009770857124883662, -0.002080448145552232], [0.009770857124883662, 0.015997813491315148, -0.012453912732862933], [-0.002080448145552232, -0.012453912732862933, 0.02074692917462142]]",1.2118199071480498,0.5867562074313224,-0.750127399433455
2026-03-17 17:37:14,GPR_Optimization_h_mean_0.6_v_mean_0.5_20260315-171012,1123,3.799949598027762,21.12901145134626,0.0,0.9999998381915199,0.00163180094777571,0.0,3.7855000780577437,1.1315329111908451e-13,6757.407233140269,117.11267751269169,0.13621674761207136,"[[0.008730633052107549, 0.009770857124883662, -0.002080448145552232], [0.009770857124883662, 0.015997813491315148, -0.012453912732862933], [-0.002080448145552232, -0.012453912732862933, 0.02074692917462142]]",1.2118199071480498,0.5867562074313224,-0.750127399433455
2026-03-17 17:37:14,GPR_Optimization_h_mean_0.6_v_mean_0.5_20260315-171012,407,3.799949598027762,21.12901145134626,0.0,0.9999998381915199,0.00163180094777571,0.0,3.7855000780577437,1.1315329111908451e-13,6757.407233140269,117.11267751269169,0.13621674761207136,"[[0.008730633052107549, 0.009770857124883662, -0.002080448145552232], [0.009770857124883662, 0.015997813491315148, -0.012453912732862933], [-0.002080448145552232, -0.012453912732862933, 0.02074692917462142]]",1.2118199071480498,0.5867562074313224,-0.750127399433455
2026-03-17 17:37:14,GPR_Optimization_h_mean_0.6_v_mean_0.5_20260315-171012,1409,3.799949598027762,21.12901145134626,0.0,0.9999998381915199,0.00163180094777571,0.0,3.7855000780577437,1.1315329111908451e-13,6757.407233140269,117.11267751269169,0.13621674761207136,"[[0.008730633052107549, 0.009770857124883662, -0.002080448145552232], [0.009770857124883662, 0.015997813491315148, -0.012453912732862933], [-0.002080448145552232, -0.012453912732862933, 0.02074692917462142]]",1.2118199071480498,0.5867562074313224,-0.750127399433455
2026-03-17 17:37:17,GPR_Optimization_h_mean_0.6_v_mean_0.8_20260315-180815,1958,3.798668287768815,21.129021899483575,0.0,0.9999982650581931,0.002984237783028781,0.0,5.771942404065078,4.994177575009907e-07,18911.92364838065,82.8011328045865,0.016554522441046635,"[[0.008781606485219758, 0.010100178380090476, -0.002637143789741464], [0.010100178380090476, 0.017639342214656833, -0.0150783276691327], [-0.002637143789741464, -0.0150783276691327, 0.024882367758782487]]",1.3538448363258304,0.5840383894283568,-1.039612893794947
2026-03-17 17:37:17,GPR_Optimization_h_mean_0.6_v_mean_0.8_20260315-180815,1968,3.798594266766275,21.129071649778126,0.0,0.9999999181920007,0.003062141992793935,0.0,3.077993565873753,1.8094816489436387e-13,2508.9349916156216,486.3479949275246,0.016554522441046635,"[[0.008833854827181822, 0.010267823889816447, -0.0028679381252692455], [0.010267823889816447, 0.017790664428673466, -0.015045681077714085], [-0.0028679381252692455, -0.015045681077714085, 0.02435548590488964]]",1.3538864814088423,0.583604128223355,-1.0405647063709746
2026-03-17 17:37:17,GPR_Optimization_h_mean_0.6_v_mean_0.8_20260315-180815,922,3.7976558323270306,21.084645767432004,0.0009909786768726079,0.9991712382062071,0.0017146766063316126,0.0,6.801779989675965,5.28521638872829e-06,61520.971894014605,54.86281621011873,0.8309859051988897,"[[0.00864902805103448, 0.009827509537186092, -0.002356962972303228], [0.009827509537186092, 0.016344207128023026, -0.013033395181673886], [-0.002356962972303228, -0.013033395181673886, 0.021352864418741315]]",1.3601683153219344,0.5867028638667194,-1.04693090291043
2026-03-17 17:37:17,GPR_Optimization_h_mean_0.6_v_mean_0.8_20260315-180815,1401,3.7976558323270306,21.084645767432004,0.0009909786768726079,0.9991712382062071,0.0017146766063316126,0.0,6.801779989675965,5.28521638872829e-06,61520.971894014605,54.86281621011873,0.8309859051988897,"[[0.00864902805103448, 0.009827509537186092, -0.002356962972303228], [0.009827509537186092, 0.016344207128023026, -0.013033395181673886], [-0.002356962972303228, -0.013033395181673886, 0.021352864418741315]]",1.3601683153219344,0.5867028638667194,-1.04693090291043
2026-03-17 17:37:17,GPR_Optimization_h_mean_0.6_v_mean_0.8_20260315-180815,1682,3.797597905258944,21.07642201098756,0.0007671718635456978,0.9992400122701168,0.001793256684496395,0.0,5.408233389719955,1.6213729715768158e-15,1208.122180922207,756.0742482929044,0.016554522441046635,"[[0.008615491916298438, 0.009865508510136942, -0.002500033187677], [0.009865508510136942, 0.016514849762224122, -0.013298682504174361], [-0.002500033187677, -0.013298682504174361, 0.02159729863299471]]",1.360074674931785,0.5868176579603511,-1.0465140339428678
2026-03-17 17:37:17,GPR_Optimization_h_mean_0.6_v_mean_0.8_20260315-180815,1909,3.797597840585678,21.076420595632356,0.0007671849427168576,0.9992399936384484,0.0017932639864446927,0.0,5.408233389719955,1.6213729715768158e-15,1208.122180922207,486.3479949275246,0.016554522441046635,"[[0.008614245658590161, 0.009862788618569537, -0.0024970859199587403], [0.009862788618569537, 0.016510507456497778, -0.013295437675856472], [-0.0024970859199587403, -0.013295437675856472, 0.02159670351179548]]",1.3600830642870132,0.5868240535765528,-1.0465180214209209
2026-03-17 17:37:17,GPR_Optimization_h_mean_0.6_v_mean_0.8_20260315-180815,1385,3.7975977089707964,21.07642226562609,0.0007671587848204848,0.9992400262469828,0.0017934841638934478,0.0,5.408233389719955,1.6213729715768158e-15,1208.122180922207,839.8524734559178,0.016554522441046635,"[[0.008616184485399333, 0.009866803292692707, -0.002501237614586754], [0.009866803292692707, 0.016516946874985956, -0.013300287164586509], [-0.002501237614586754, -0.013300287164586509, 0.021598099099999504]]",1.3600678500928443,0.586812982236135,-1.046509735713419
2026-03-17 17:37:17,GPR_Optimization_h_mean_0.6_v_mean_0.8_20260315-180815,1504,3.7975977089672126,21.076422265626054,0.0007671587848204848,0.9992400262469824,0.0017934841674702524,0.0,5.408233389719955,1.153320575685243e-14,1208.122180922207,839.8524734559178,0.016554522441046635,"[[0.008616183953378594, 0.009866801946333858, -0.002501235985910534], [0.009866801946333858, 0.016516944663291424, -0.013300285433915104], [-0.002501235985910534, -0.013300285433915104, 0.0215980988960091]]",1.3600678545821925,0.5868129865648654,-1.0465097360346542
2026-03-17 17:37:17,GPR_Optimization_h_mean_0.6_v_mean_0.8_20260315-180815,1030,3.7975977089434427,21.076422265625837,0.0007671587848204848,0.9992400262469819,0.0017934841911966832,0.0,5.408233389719955,7.722718611563218e-14,1208.122180922207,839.8524734559178,0.016554522441046635,"[[0.008616180428953743, 0.009866793022651062, -0.002501225187394622], [0.009866793022651062, 0.016516930002174333, -0.01330027395904657], [-0.002501225187394622, -0.01330027395904657, 0.021598097543303885]]",1.3600678843478218,0.5868130152654383,-1.0465097381647672
2026-03-17 17:37:17,GPR_Optimization_h_mean_0.6_v_mean_0.8_20260315-180815,954,3.7975977089434427,21.076422265625837,0.0007671587848204848,0.9992400262469819,0.0017934841911966832,0.0,5.408233389719955,7.722718611563218e-14,1208.122180922207,839.8524734559178,0.016554522441046635,"[[0.008616180428953743, 0.009866793022651062, -0.002501225187394622], [0.009866793022651062, 0.016516930002174333, -0.01330027395904657], [-0.002501225187394622, -0.01330027395904657, 0.021598097543303885]]",1.3600678843478218,0.5868130152654383,-1.0465097381647672
2026-03-17 17:37:20,GPR_Optimization_h_mean_0.6_v_mean_1.1_20260315-190621,1961,3.7977167456827745,20.962774265954536,0.005404143176435267,0.9941446017253742,0.002791843021682232,0.0,5.789296920605998,8.189818888645159e-11,6454.505312353155,61.316011105486204,0.06326374689547135,"[[0.008720056816348966, 0.010028781439537273, -0.002617449246376607], [0.010028781439537273, 0.01705350281429505, -0.014049442749515554], [-0.002617449246376607, -0.014049442749515554, 0.02286398700627789]]",1.5058570379766896,0.5857070590820425,-1.3402999577892944
2026-03-17 17:37:20,GPR_Optimization_h_mean_0.6_v_mean_1.1_20260315-190621,684,3.796385428267922,20.967057068403182,0.005307364965016018,0.9947912605813364,0.005479489143418598,0.0,5.119999847260769,1.1256377956392261e-15,3266.781185577118,164.67758591608057,0.001149477316635302,"[[0.008783216799866475, 0.01006893440775186, -0.002571435215770767], [0.01006893440775186, 0.01828132961360873, -0.016424790411713772], [-0.002571435215770767, -0.016424790411713772, 0.02770671039188599]]",1.502609492943443,0.5829749593897887,-1.3392690671073089
2026-03-17 17:37:20,GPR_Optimization_h_mean_0.6_v_mean_1.1_20260315-190621,774,3.7954347154007904,20.896762987453737,0.007323133254871191,0.9937942213459084,0.003423758477827011,0.0,5.293550999386677,7.0948468567236e-11,45399.40334183006,237.85392991181112,0.2727439594125165,"[[0.008698218287791324, 0.010075665551990494, -0.0027548945283983354], [0.010075665551990494, 0.017466942609907544, -0.014782554115834108], [-0.0027548945283983354, -0.014782554115834108, 0.02405531917487159]]",1.504031962313789,0.5849101069827005,-1.3382437106621763
2026-03-17 17:37:20,GPR_Optimization_h_mean_0.6_v_mean_1.1_20260315-190621,1175,3.7954347154007904,20.896762987453737,0.007323133254871191,0.9937942213459084,0.003423758477827011,0.0,5.293550999386677,7.0948468567236e-11,45399.40334183006,237.85392991181112,0.2727439594125165,"[[0.008698218287791324, 0.010075665551990494, -0.0027548945283983354], [0.010075665551990494, 0.017466942609907544, -0.014782554115834108], [-0.0027548945283983354, -0.014782554115834108, 0.02405531917487159]]",1.504031962313789,0.5849101069827005,-1.3382437106621763
2026-03-17 17:37:20,GPR_Optimization_h_mean_0.6_v_mean_1.1_20260315-190621,394,3.7954347154007904,20.896762987453737,0.007323133254871191,0.9937942213459084,0.003423758477827011,0.0,5.293550999386677,7.0948468567236e-11,45399.40334183006,237.85392991181112,0.2727439594125165,"[[0.008698218287791324, 0.010075665551990494, -0.0027548945283983354], [0.010075665551990494, 0.017466942609907544, -0.014782554115834108], [-0.0027548945283983354, -0.014782554115834108, 0.02405531917487159]]",1.504031962313789,0.5849101069827005,-1.3382437106621763
2026-03-17 17:37:20,GPR_Optimization_h_mean_0.6_v_mean_1.1_20260315-190621,1440,3.7954347154007904,20.896762987453737,0.007323133254871191,0.9937942213459084,0.003423758477827011,0.0,5.293550999386677,7.0948468567236e-11,45399.40334183006,237.85392991181112,0.2727439594125165,"[[0.008698218287791324, 0.010075665551990494, -0.0027548945283983354], [0.010075665551990494, 0.017466942609907544, -0.014782554115834108], [-0.0027548945283983354, -0.014782554115834108, 0.02405531917487159]]",1.504031962313789,0.5849101069827005,-1.3382437106621763
2026-03-17 17:37:20,GPR_Optimization_h_mean_0.6_v_mean_1.1_20260315-190621,1117,3.7954347154007904,20.896762987453737,0.007323133254871191,0.9937942213459084,0.003423758477827011,0.0,5.293550999386677,7.0948468567236e-11,45399.40334183006,237.85392991181112,0.2727439594125165,"[[0.008698218287791324, 0.010075665551990494, -0.0027548945283983354], [0.010075665551990494, 0.017466942609907544, -0.014782554115834108], [-0.0027548945283983354, -0.014782554115834108, 0.02405531917487159]]",1.504031962313789,0.5849101069827005,-1.3382437106621763
2026-03-17 17:37:20,GPR_Optimization_h_mean_0.6_v_mean_1.1_20260315-190621,665,3.795427099190685,20.920146447335053,0.006351887828363882,0.9930930994258584,0.0023583607846447145,0.0,6.570031339053959,7.837133805743496e-15,1436.618596592029,10.054804200277024,0.019737824867184985,"[[0.008776017680584546, 0.010155227843651377, -0.00275842032613366], [0.010155227843651377, 0.017102070769559836, -0.013893685851816912], [-0.00275842032613366, -0.013893685851816912, 0.022270531051366456]]",1.5070488202306487,0.5859404230280757,-1.342216794405146
2026-03-17 17:37:20,GPR_Optimization_h_mean_0.6_v_mean_1.1_20260315-190621,878,3.795427099190685,20.920146447335053,0.006351887828363882,0.9930930994258584,0.0023583607846447145,0.0,6.570031339053959,7.837133805743496e-15,1436.618596592029,10.054804200277024,0.019737824867184985,"[[0.008776017680584546, 0.010155227843651377, -0.00275842032613366], [0.010155227843651377, 0.017102070769559836, -0.013893685851816912], [-0.00275842032613366, -0.013893685851816912, 0.022270531051366456]]",1.5070488202306487,0.5859404230280757,-1.342216794405146
2026-03-17 17:37:20,GPR_Optimization_h_mean_0.6_v_mean_1.1_20260315-190621,1666,3.7948063941063137,20.943898724946482,0.006663903854123497,0.9928620528113633,0.0028534760578776434,0.0,5.119999847260769,1.1256377956392261e-15,12004.361605255686,48.48860518463463,0.11916443371939052,"[[0.00864126824725468, 0.010004820189067539, -0.00272710388362574], [0.010004820189067539, 0.017181194961532205, -0.014352749544929351], [-0.00272710388362574, -0.014352749544929351, 0.023251291322607198]]",1.5054783404895606,0.585249455585835,-1.3404577698074516
2026-03-17 17:37:23,GPR_Optimization_h_mean_0.6_v_mean_1.4_20260315-200430,1558,3.7986998433010832,20.372213502927632,0.019965715438136532,0.9798014019825351,0.0037538606164385377,0.0,6.220182960371013,1.6190180710728827e-12,13045.079376673757,660.4470546854153,0.17804225079542355,"[[0.008771230634950604, 0.010214364463889205, -0.002886267657877211], [0.010214364463889205, 0.017810420731116987, -0.0151921125344556], [-0.002886267657877211, -0.0151921125344556, 0.024611689753156737]]",1.653823113950298,0.5852125430823674,-1.637221141735861
2026-03-17 17:37:23,GPR_Optimization_h_mean_0.6_v_mean_1.4_20260315-200430,1544,3.789677123383797,20.3071669113653,0.024229612163590535,0.9768117485497795,0.005711316964558124,0.0,6.746598008287897,1.594320206303464e-07,1825.2154846767303,213.6835681728428,0.004341272040509993,"[[0.008742173822296249, 0.010078873734933477, -0.0026733998252744516], [0.010078873734933477, 0.018220693497355937, -0.016283639524844934], [-0.0026733998252744516, -0.016283639524844934, 0.02722047939914098]]",1.652952734048552,0.5837764234867242,-1.6383526211236554
2026-03-17 17:37:23,GPR_Optimization_h_mean_0.6_v_mean_1.4_20260315-200430,1155,3.789677123383797,20.3071669113653,0.024229612163590535,0.9768117485497795,0.005711316964558124,0.0,6.746598008287897,1.594320206303464e-07,1825.2154846767303,213.6835681728428,0.004341272040509993,"[[0.008742173822296249, 0.010078873734933477, -0.0026733998252744516], [0.010078873734933477, 0.018220693497355937, -0.016283639524844934], [-0.0026733998252744516, -0.016283639524844934, 0.02722047939914098]]",1.652952734048552,0.5837764234867242,-1.6383526211236554
2026-03-17 17:37:23,GPR_Optimization_h_mean_0.6_v_mean_1.4_20260315-200430,1986,3.789677123383797,20.3071669113653,0.024229612163590535,0.9768117485497795,0.005711316964558124,0.0,6.746598008287897,1.594320206303464e-07,1825.2154846767303,213.6835681728428,0.004341272040509993,"[[0.008742173822296249, 0.010078873734933477, -0.0026733998252744516], [0.010078873734933477, 0.018220693497355937, -0.016283639524844934], [-0.0026733998252744516, -0.016283639524844934, 0.02722047939914098]]",1.652952734048552,0.5837764234867242,-1.6383526211236554
2026-03-17 17:37:23,GPR_Optimization_h_mean_0.6_v_mean_1.4_20260315-200430,1309,3.7882177155673045,20.261722946363207,0.025497356879617124,0.9755858087984479,0.004003301442113833,0.0,6.244559328316412,1.5640816099218759e-09,35685.41978665174,547.8536859236568,0.31430388219505034,"[[0.008840975987140879, 0.01028186255643578, -0.002881773138589806], [0.01028186255643578, 0.017990832869322182, -0.015417940625772796], [-0.002881773138589806, -0.015417940625772796, 0.025072334974365947]]",1.6553925098127975,0.5864098287066166,-1.6379653622123613
2026-03-17 17:37:23,GPR_Optimization_h_mean_0.6_v_mean_1.4_20260315-200430,1240,3.774704503401145,19.959972109663664,0.028363586687385804,0.9711382877074629,0.003994556931253115,0.0,6.244559328316412,1.6904801578701736e-05,13045.079376673757,33.73304339733283,0.5014662771349128,"[[0.008675460605240003, 0.010110694260485132, -0.0028704673104902683], [0.010110694260485132, 0.017679334115346158, -0.015137279709722049], [-0.0028704673104902683, -0.015137279709722049, 0.024533624798463587]]",1.6524666815902747,0.5856987023159769,-1.6335359585485956
2026-03-17 17:37:23,GPR_Optimization_h_mean_0.6_v_mean_1.4_20260315-200430,1339,3.774489653318898,20.088081326747897,0.031421512543733106,0.9702731647790528,0.004329196635352611,0.0,5.587107186192044,1.4500385449408359e-12,147.63364781332257,681.5221749252823,0.0015039944966759918,"[[0.008651969765268459, 0.010046839594821867, -0.0027897396591068124], [0.010046839594821867, 0.01770709041298349, -0.015320501636323224], [-0.0027897396591068124, -0.015320501636323224, 0.025061523954432847]]",1.6527198178808236,0.5853540792990044,-1.6347314771636383
2026-03-17 17:37:23,GPR_Optimization_h_mean_0.6_v_mean_1.4_20260315-200430,11,3.7742385491763377,19.836971927670646,0.029405720157561228,0.9717999106023039,0.003999729569115715,0.0,6.244559328316412,1.6904801578701736e-05,13627.87231390053,727.3774712076846,0.5014662771349128,"[[0.008646003162448426, 0.01010084157447564, -0.0029096768240544258], [0.01010084157447564, 0.017631933587277215, -0.01506218402560315], [-0.0029096768240544258, -0.01506218402560315, 0.024305014403097434]]",1.6525711973070045,0.5851873776327285,-1.6347676393485524
2026-03-17 17:37:23,GPR_Optimization_h_mean_0.6_v_mean_1.4_20260315-200430,496,3.7742385491763377,19.836971927670646,0.029405720157561228,0.9717999106023039,0.003999729569115715,0.0,6.244559328316412,1.6904801578701736e-05,13627.87231390053,727.3774712076846,0.5014662771349128,"[[0.008646003162448426, 0.01010084157447564, -0.0029096768240544258], [0.01010084157447564, 0.017631933587277215, -0.01506218402560315], [-0.0029096768240544258, -0.01506218402560315, 0.024305014403097434]]",1.6525711973070045,0.5851873776327285,-1.6347676393485524
2026-03-17 17:37:23,GPR_Optimization_h_mean_0.6_v_mean_1.4_20260315-200430,196,3.772204017468824,19.998198766525032,0.031189116005679755,0.970328671072097,0.005401886397750163,0.0,6.220182960371013,1.6190180710728827e-12,45091.11251616388,62.884827338576635,0.17804225079542355,"[[0.00872868080420112, 0.010162572873990439, -0.0028677841395786416], [0.010162572873990439, 0.01813859766431146, -0.01595204958064202], [-0.0028677841395786416, -0.01595204958064202, 0.02616853088212674]]",1.6533044316209802,0.58528766613107,-1.6360335309798208
2026-03-17 17:37:26,GPR_Optimization_h_mean_0.65_v_mean_0.2_20260315-210242,1126,3.799995264202141,21.12907819570292,0.0,0.9999999999840429,0.0015423956918912845,0.0,3.851018709508916,1.658612884733307e-14,138.57893567405517,811.618820310112,0.0013219736325395985,"[[0.008654694202758469, 0.009505170494534027, -0.0017046006918823374], [0.009505170494534027, 0.015195395088598584, -0.011386812306713784], [-0.0017046006918823374, -0.011386812306713784, 0.019370494138475122]]",1.1142776112160617,0.6374914329022335,-0.4535603851591766
2026-03-17 17:37:26,GPR_Optimization_h_mean_0.65_v_mean_0.2_20260315-210242,1995,3.7999951981318065,21.12907820313593,0.0,0.9999999999881732,0.0015424100410734707,0.0,3.851018709508916,8.95827665378907e-15,111.84046093560188,980.6653518403168,0.0012125027325061556,"[[0.008655026029014298, 0.009504240467206111, -0.0017020594378863085], [0.009504240467206111, 0.015192380852957394, -0.011382616899561082], [-0.0017020594378863085, -0.011382616899561082, 0.019367162675683128]]",1.1142872730530897,0.6374944336321476,-0.45357374936450146
2026-03-17 17:37:26,GPR_Optimization_h_mean_0.65_v_mean_0.2_20260315-210242,1777,3.7999951980582676,21.129078199130998,0.0,0.9999999999860695,0.0015424100343226035,0.0,3.851018709508916,1.2667082059641365e-15,111.84046093560188,832.6089364576436,0.0012125027325061556,"[[0.00865502596712046, 0.009504240366110656, -0.0017020593594944814], [0.009504240366110656, 0.015192380689374113, -0.011382616774600944], [-0.0017020593594944814, -0.011382616774600944, 0.01936716258255815]]",1.114287273290902,0.6374944339543014,-0.4535737491957959
2026-03-17 17:37:26,GPR_Optimization_h_mean_0.65_v_mean_0.2_20260315-210242,1798,3.799995198043265,21.129078198444873,0.0,0.9999999999857094,0.001542410033686727,0.0,3.851018709508916,1.2667082059641365e-15,111.84046093560188,811.618820310112,0.0012125027325061556,"[[0.008655025958686925, 0.009504240352320734, -0.0017020593487822398], [0.009504240352320734, 0.015192380666733892, -0.011382616756900884], [-0.0017020593487822398, -0.011382616756900884, 0.01936716256858211]]",1.1142872733243472,0.6374944339997037,-0.4535737491718808
2026-03-17 17:37:26,GPR_Optimization_h_mean_0.65_v_mean_0.2_20260315-210242,1805,3.799995198043265,21.129078198444873,0.0,0.9999999999857094,0.001542410033686727,0.0,3.851018709508916,1.2667082059641365e-15,111.84046093560188,811.618820310112,0.0012125027325061556,"[[0.008655025958686925, 0.009504240352320734, -0.0017020593487822398], [0.009504240352320734, 0.015192380666733892, -0.011382616756900884], [-0.0017020593487822398, -0.011382616756900884, 0.01936716256858211]]",1.1142872733243472,0.6374944339997037,-0.4535737491718808
2026-03-17 17:37:26,GPR_Optimization_h_mean_0.65_v_mean_0.2_20260315-210242,1906,3.799995198029231,21.129078198444873,0.0,0.9999999999857094,0.0015424100367256678,0.0,3.851018709508916,8.95827665378907e-15,111.84046093560188,811.618820310112,0.0012125027325061556,"[[0.008655025971338699, 0.009504240372902973, -0.001702059364634835], [0.009504240372902973, 0.015192380698136818, -0.011382616778529727], [-0.001702059364634835, -0.011382616778529727, 0.019367162580120244]]",1.1142872732818105,0.6374944339426175,-0.45357374920099963
2026-03-17 17:37:26,GPR_Optimization_h_mean_0.65_v_mean_0.2_20260315-210242,1274,3.799995198029231,21.129078198444873,0.0,0.9999999999857094,0.0015424100367256678,0.0,3.851018709508916,8.95827665378907e-15,111.84046093560188,811.618820310112,0.0012125027325061556,"[[0.008655025971338699, 0.009504240372902973, -0.001702059364634835], [0.009504240372902973, 0.015192380698136818, -0.011382616778529727], [-0.001702059364634835, -0.011382616778529727, 0.019367162580120244]]",1.1142872732818105,0.6374944339426175,-0.45357374920099963
2026-03-17 17:37:26,GPR_Optimization_h_mean_0.65_v_mean_0.2_20260315-210242,1689,3.799995198029231,21.129078198444873,0.0,0.9999999999857094,0.0015424100367256678,0.0,3.851018709508916,8.95827665378907e-15,111.84046093560188,811.618820310112,0.0012125027325061556,"[[0.008655025971338699, 0.009504240372902973, -0.001702059364634835], [0.009504240372902973, 0.015192380698136818, -0.011382616778529727], [-0.001702059364634835, -0.011382616778529727, 0.019367162580120244]]",1.1142872732818105,0.6374944339426175,-0.45357374920099963
2026-03-17 17:37:26,GPR_Optimization_h_mean_0.65_v_mean_0.2_20260315-210242,1595,3.7999951979683417,21.129078195018575,0.0,0.9999999999839088,0.0015424100305110298,0.0,3.851018709508916,1.2667082059641365e-15,111.84046093560188,720.8535473298149,0.0012125027325061556,"[[0.008655025916561813, 0.009504240283443372, -0.0017020592952803682], [0.009504240283443372, 0.015192380553655013, -0.011382616668500394], [-0.0017020592952803682, -0.011382616668500394, 0.019367162498782568]]",1.1142872734914075,0.6374944342264726,-0.45357374905246084
2026-03-17 17:37:26,GPR_Optimization_h_mean_0.65_v_mean_0.2_20260315-210242,1252,3.7999951979683417,21.129078195018575,0.0,0.9999999999839088,0.0015424100305110298,0.0,3.851018709508916,1.2667082059641365e-15,111.84046093560188,720.8535473298149,0.0012125027325061556,"[[0.008655025916561813, 0.009504240283443372, -0.0017020592952803682], [0.009504240283443372, 0.015192380553655013, -0.011382616668500394], [-0.0017020592952803682, -0.011382616668500394, 0.019367162498782568]]",1.1142872734914075,0.6374944342264726,-0.45357374905246084
2026-03-17 17:37:29,GPR_Optimization_h_mean_0.65_v_mean_0.5_20260315-220034,1790,3.799991806348096,21.129076001018003,0.0,0.9999999965491434,0.0015599396716540043,0.0,5.148833442593373,7.882945094285295e-12,1886.8792527250268,775.5091090838762,0.04332195777302291,"[[0.008544069963811912, 0.009379759135133076, -0.0016713783426423228], [0.009379759135133076, 0.015104039037552704, -0.011448559804839269], [-0.0016713783426423228, -0.011448559804839269, 0.019554362924393904]]",1.265055151952497,0.6383389481438957,-0.7534324076172025
2026-03-17 17:37:29,GPR_Optimization_h_mean_0.65_v_mean_0.5_20260315-220034,1508,3.799991806348096,21.129076001018003,0.0,0.9999999965491434,0.0015599396716540043,0.0,5.148833442593373,7.882945094285295e-12,1886.8792527250268,775.5091090838762,0.04332195777302291,"[[0.008544069963811912, 0.009379759135133076, -0.0016713783426423228], [0.009379759135133076, 0.015104039037552704, -0.011448559804839269], [-0.0016713783426423228, -0.011448559804839269, 0.019554362924393904]]",1.265055151952497,0.6383389481438957,-0.7534324076172025
2026-03-17 17:37:29,GPR_Optimization_h_mean_0.65_v_mean_0.5_20260315-220034,1599,3.7999918052831743,21.129075951450076,0.0,0.9999999964722364,0.0015599396730227111,0.0,5.148833442593373,7.882945094285295e-12,1886.8792527250268,758.6063327566011,0.04332195777302291,"[[0.008544069672665997, 0.009379758927253895, -0.0016713785091758218], [0.009379758927253895, 0.015104038817314537, -0.011448559780121246], [-0.0016713785091758218, -0.011448559780121246, 0.019554362541890843]]",1.2650551501483345,0.6383389477000964,-0.7534324048964763
2026-03-17 17:37:29,GPR_Optimization_h_mean_0.65_v_mean_0.5_20260315-220034,1850,3.799991716659596,21.129071851964984,0.0,0.9999999901095119,0.0015599398552501452,0.0,5.148833442593373,7.882945094285295e-12,1886.8792527250268,270.67957444994795,0.04332195777302291,"[[0.008544045242322267, 0.009379740529983223, -0.0016713905753219232], [0.009379740529983223, 0.015104018618535567, -0.011448556177104672], [-0.0016713905753219232, -0.011448556177104672, 0.019554331203565506]]",1.2650550073813986,0.6383389173215309,-0.7534321801197352
2026-03-17 17:37:29,GPR_Optimization_h_mean_0.65_v_mean_0.5_20260315-220034,1610,3.7999909722991605,21.129075096855424,0.0,0.9999999952041109,0.0015600434083002336,0.0,5.129852778819419,3.0493129451025214e-10,1886.8792527250268,551.7550948397527,0.04332195777302291,"[[0.008542422086949258, 0.009377327578755314, -0.0016698109836120862], [0.009377327578755314, 0.015100326773901834, -0.011445998390293064], [-0.0016698109836120862, -0.011445998390293064, 0.019552374813361955]]",1.2650643108227875,0.638345284581327,-0.7534380524829214
2026-03-17 17:37:29,GPR_Optimization_h_mean_0.65_v_mean_0.5_20260315-220034,1774,3.7999909252507345,21.129071200477323,0.0,0.9999999892279914,0.001560038879999188,0.0,5.129852778819419,1.0282304974942188e-10,1886.8792527250268,245.73551915975693,0.04332195777302291,"[[0.00854240163619561, 0.009377315294565527, -0.0016698273167398403], [0.009377315294565527, 0.015100310017838266, -0.011445989446545476], [-0.0016698273167398403, -0.011445989446545476, 0.0195523242596113]]",1.2650641402353973,0.6383452390228436,-0.7534378024251073
2026-03-17 17:37:29,GPR_Optimization_h_mean_0.65_v_mean_0.5_20260315-220034,1874,3.7999908411266983,21.129077796230348,0.0,0.9999999993413647,0.0015600673886476298,0.0,5.129852778819419,7.882945094285295e-12,362.3742736382206,775.5091090838762,0.008359152755657087,"[[0.008542468931610703, 0.009377424698103456, -0.0016699115329855206], [0.009377424698103456, 0.01510048230334159, -0.011446115210476285], [-0.0016699115329855206, -0.011446115210476285, 0.019552407354981538]]",1.265063954530395,0.6383449322368093,-0.7534380445871711
2026-03-17 17:37:29,GPR_Optimization_h_mean_0.65_v_mean_0.5_20260315-220034,1999,3.7999907303244176,21.129059591741132,0.0,0.9999999713960407,0.001560032345586729,0.0,5.129852778819419,5.424007829651705e-15,1886.8792527250268,92.6454805937005,0.04332195777302291,"[[0.008542763551606738, 0.009378050126058612, -0.0016705731489037464], [0.009378050126058612, 0.015101543870522748, -0.011446987488928279], [-0.0016705731489037464, -0.011446987488928279, 0.019552828680049053]]",1.2650585462746424,0.6383419947209877,-0.7534331031073098
2026-03-17 17:37:29,GPR_Optimization_h_mean_0.65_v_mean_0.5_20260315-220034,1993,3.799990601237314,21.129066535279552,0.0,0.9999999820502735,0.0015600675191607036,0.0,5.129852778819419,2.4808138982739967e-15,362.3742736382206,28.48703505727062,0.008359152755657087,"[[0.008542408366730129, 0.009377389838630753, -0.0016699629438012699], [0.009377389838630753, 0.015100446427973688, -0.011446113178685853], [-0.0016699629438012699, -0.011446113178685853, 0.019552300469769166]]",1.2650635209716963,0.6383447977353629,-0.753437446472667
2026-03-17 17:37:29,GPR_Optimization_h_mean_0.65_v_mean_0.5_20260315-220034,1919,3.799990555628554,21.129076441274567,0.0,0.9999999972645075,0.0015601000706163275,0.0,5.129852778819419,2.6424943492424765e-09,1886.8792527250268,967.4510858064438,0.04332195777302291,"[[0.00854240815935899, 0.009377319003641974, -0.0016698216885659698], [0.009377319003641974, 0.015100723106396562, -0.01144680820550915], [-0.0016698216885659698, -0.01144680820550915, 0.01955397303388636]]",1.265063339364507,0.6383451858790599,-0.7534363069708938
2026-03-17 17:37:32,GPR_Optimization_h_mean_0.65_v_mean_0.8_20260315-225833,1881,3.7999923752553073,21.128933423812477,0.0,0.9999995102769144,0.0015854419465902107,0.0,9.025033958452598,8.15595160426135e-15,86109.37572236006,872.4007016932972,1.9484777207927007,"[[0.008433406468894851, 0.009279339093732344, -0.0016918652496749772], [0.009279339093732344, 0.015066089717486426, -0.011573501247508163], [-0.0016918652496749772, -0.011573501247508163, 0.01976327199566637]]",1.4151558302017717,0.6388999686577431,-1.052511723088057
2026-03-17 17:37:32,GPR_Optimization_h_mean_0.65_v_mean_0.8_20260315-225833,1849,3.799992375078179,21.128933423834532,0.0,0.9999995102766625,0.001585442123247907,0.0,9.025033958452598,4.883620785774461e-10,86109.37572236006,872.4007016932972,1.9484777207927007,"[[0.00843340602449523, 0.009279338369303539, -0.0016918646896166342], [0.009279338369303539, 0.015066088944807482, -0.01157350115100785], [-0.0016918646896166342, -0.01157350115100785, 0.019763272922782432]]",1.4151558331116498,0.6388999705740133,-1.0525117250752736
2026-03-17 17:37:32,GPR_Optimization_h_mean_0.65_v_mean_0.8_20260315-225833,1800,3.799992374399995,21.128933423918998,0.0,0.9999995102756949,0.0015854427996252684,0.0,9.025033958452598,2.3575966284727577e-09,86109.37572236006,872.4007016932972,1.9484777207927007,"[[0.008433404323807549, 0.009279335597352003, -0.0016918625470889023], [0.009279335597352003, 0.015066085988205616, -0.011573500781707224], [-0.0016918625470889023, -0.011573500781707224, 0.019763276469236646]]",1.415155844248972,0.6388999779062431,-1.0525117326854574
2026-03-17 17:37:32,GPR_Optimization_h_mean_0.65_v_mean_0.8_20260315-225833,1648,3.799992367557235,21.128933424768903,0.0,0.9999995102659278,0.0015854496241127895,0.0,9.025033958452598,2.1169011412367438e-08,86109.37572236006,872.4007016932972,1.9484777207927007,"[[0.008433387255105814, 0.009279307800158348, -0.0016918410901050635], [0.009279307800158348, 0.01506605632346844, -0.01157349704662018], [-0.0016918410901050635, -0.01157349704662018, 0.019763311913030213]]",1.4151559562751501,0.6389000514333499,-1.0525118096836
2026-03-17 17:37:32,GPR_Optimization_h_mean_0.65_v_mean_0.8_20260315-225833,1747,3.799992367557235,21.128933424768903,0.0,0.9999995102659278,0.0015854496241127895,0.0,9.025033958452598,2.1169011412367438e-08,86109.37572236006,872.4007016932972,1.9484777207927007,"[[0.008433387255105814, 0.009279307800158348, -0.0016918410901050635], [0.009279307800158348, 0.01506605632346844, -0.01157349704662018], [-0.0016918410901050635, -0.01157349704662018, 0.019763311913030213]]",1.4151559562751501,0.6389000514333499,-1.0525118096836
2026-03-17 17:37:32,GPR_Optimization_h_mean_0.65_v_mean_0.8_20260315-225833,1799,3.799992367557235,21.128933424768903,0.0,0.9999995102659278,0.0015854496241127895,0.0,9.025033958452598,2.1169011412367438e-08,86109.37572236006,872.4007016932972,1.9484777207927007,"[[0.008433387255105814, 0.009279307800158348, -0.0016918410901050635], [0.009279307800158348, 0.01506605632346844, -0.01157349704662018], [-0.0016918410901050635, -0.01157349704662018, 0.019763311913030213]]",1.4151559562751501,0.6389000514333499,-1.0525118096836
2026-03-17 17:37:32,GPR_Optimization_h_mean_0.65_v_mean_0.8_20260315-225833,1356,3.799992301958819,21.128933426866197,0.0,0.9999995102496056,0.0015855151159671983,0.0,9.025033958452598,6.787510315210443e-08,86109.37572236006,872.4007016932972,1.9484777207927007,"[[0.008435746582871596, 0.009282642816714457, -0.0016937924676857393], [0.009282642816714457, 0.015070708341176513, -0.011576131048924096], [-0.0016937924676857393, -0.011576131048924096, 0.019764677162476707]]",1.4151469250466515,0.6388935782383417,-1.0525066936166196
2026-03-17 17:37:32,GPR_Optimization_h_mean_0.65_v_mean_0.8_20260315-225833,1380,3.7999916989468123,21.129000890904646,0.0,0.999999743815722,0.0015875399385215487,0.0,8.82211683091999,1.0676884736339847e-15,35400.63956552002,808.9145626767064,0.9728143128622426,"[[0.008433622830557815, 0.009284982839799165, -0.0017027200184826909], [0.009284982839799165, 0.015085324251931027, -0.011600682824263717], [-0.0017027200184826909, -0.011600682824263717, 0.01979592561156206]]",1.4151338714547017,0.6388777430131853,-1.052512256883033
2026-03-17 17:37:32,GPR_Optimization_h_mean_0.65_v_mean_0.8_20260315-225833,1187,3.799991197295295,21.12887663249959,0.0,0.999999317168571,0.0015854273647917532,0.0,9.025033958452598,1.875039327983152e-08,86109.37572236006,626.6091173817317,1.9484777207927007,"[[0.008434088539381546, 0.009279438791584039, -0.0016907005044049601], [0.009279438791584039, 0.015066194921247049, -0.011573512259326065], [-0.0016907005044049601, -0.011573512259326065, 0.01976562350984219]]",1.4151538926008513,0.6389021382263695,-1.0525035087489631
2026-03-17 17:37:32,GPR_Optimization_h_mean_0.65_v_mean_0.8_20260315-225833,1676,3.799991197295295,21.12887663249959,0.0,0.999999317168571,0.0015854273647917532,0.0,9.025033958452598,1.875039327983152e-08,86109.37572236006,626.6091173817317,1.9484777207927007,"[[0.008434088539381546, 0.009279438791584039, -0.0016907005044049601], [0.009279438791584039, 0.015066194921247049, -0.011573512259326065], [-0.0016907005044049601, -0.011573512259326065, 0.01976562350984219]]",1.4151538926008513,0.6389021382263695,-1.0525035087489631
2026-03-17 17:37:35,GPR_Optimization_h_mean_0.65_v_mean_1.1_20260315-235639,1788,3.797664417187515,21.07030430319062,0.0008156465300314111,0.9992779658156458,0.0017707885008944125,0.0,6.886907932871818,9.125722584049971e-07,4278.889456704146,384.476687670353,0.1100002434294066,"[[0.008419336355079148, 0.009445144109255031, -0.002051615508351755], [0.009445144109255031, 0.01556395612333606, -0.012237624028162081], [-0.002051615508351755, -0.012237624028162081, 0.02037201703962065]]",1.5636023779494488,0.638745594564711,-1.349713566769476
2026-03-17 17:37:35,GPR_Optimization_h_mean_0.65_v_mean_1.1_20260315-235639,1721,3.797664417187515,21.07030430319062,0.0008156465300314111,0.9992779658156458,0.0017707885008944125,0.0,6.886907932871818,9.125722584049971e-07,4278.889456704146,384.476687670353,0.1100002434294066,"[[0.008419336355079148, 0.009445144109255031, -0.002051615508351755], [0.009445144109255031, 0.01556395612333606, -0.012237624028162081], [-0.002051615508351755, -0.012237624028162081, 0.02037201703962065]]",1.5636023779494488,0.638745594564711,-1.349713566769476
2026-03-17 17:37:35,GPR_Optimization_h_mean_0.65_v_mean_1.1_20260315-235639,1754,3.797664250847332,21.070324928216337,0.0008155899144498238,0.9992780951521014,0.0017715051974710998,0.0,6.886907932871818,9.125722584049971e-07,4278.889456704146,932.956096124954,0.1100002434294066,"[[0.008419752729262278, 0.009447600630606385, -0.002055695802688222], [0.009447600630606385, 0.015570300972660612, -0.012245400684108487], [-0.002055695802688222, -0.012245400684108487, 0.020379409762840514]]",1.5635748336733701,0.6387295198728707,-1.3496906276009997
2026-03-17 17:37:35,GPR_Optimization_h_mean_0.65_v_mean_1.1_20260315-235639,1540,3.7976497368890905,21.06930762911148,0.0008160997378062545,0.9992737663772783,0.0017629307965406473,0.0,6.886907932871818,9.125722584049971e-07,4278.889456704146,13.047283768813216,0.1100002434294066,"[[0.008438044612243638, 0.009482998980132695, -0.0020899087357780966], [0.009482998980132695, 0.015614227009292141, -0.012262456058318882], [-0.0020899087357780966, -0.012262456058318882, 0.020345094645081593]]",1.5635343571939793,0.6386435122439514,-1.3497816899000556
2026-03-17 17:37:35,GPR_Optimization_h_mean_0.65_v_mean_1.1_20260315-235639,1383,3.7976497368890905,21.06930762911148,0.0008160997378062545,0.9992737663772783,0.0017629307965406473,0.0,6.886907932871818,9.125722584049971e-07,4278.889456704146,13.047283768813216,0.1100002434294066,"[[0.008438044612243638, 0.009482998980132695, -0.0020899087357780966], [0.009482998980132695, 0.015614227009292141, -0.012262456058318882], [-0.0020899087357780966, -0.012262456058318882, 0.020345094645081593]]",1.5635343571939793,0.6386435122439514,-1.3497816899000556
2026-03-17 17:37:35,GPR_Optimization_h_mean_0.65_v_mean_1.1_20260315-235639,689,3.7976497368890905,21.06930762911148,0.0008160997378062545,0.9992737663772783,0.0017629307965406473,0.0,6.886907932871818,9.125722584049971e-07,4278.889456704146,13.047283768813216,0.1100002434294066,"[[0.008438044612243638, 0.009482998980132695, -0.0020899087357780966], [0.009482998980132695, 0.015614227009292141, -0.012262456058318882], [-0.0020899087357780966, -0.012262456058318882, 0.020345094645081593]]",1.5635343571939793,0.6386435122439514,-1.3497816899000556
2026-03-17 17:37:35,GPR_Optimization_h_mean_0.65_v_mean_1.1_20260315-235639,1964,3.7976497368890905,21.06930762911148,0.0008160997378062545,0.9992737663772783,0.0017629307965406473,0.0,6.886907932871818,9.125722584049971e-07,4278.889456704146,13.047283768813216,0.1100002434294066,"[[0.008438044612243638, 0.009482998980132695, -0.0020899087357780966], [0.009482998980132695, 0.015614227009292141, -0.012262456058318882], [-0.0020899087357780966, -0.012262456058318882, 0.020345094645081593]]",1.5635343571939793,0.6386435122439514,-1.3497816899000556
2026-03-17 17:37:35,GPR_Optimization_h_mean_0.65_v_mean_1.1_20260315-235639,1667,3.7976497368890905,21.06930762911148,0.0008160997378062545,0.9992737663772783,0.0017629307965406473,0.0,6.886907932871818,9.125722584049971e-07,4278.889456704146,13.047283768813216,0.1100002434294066,"[[0.008438044612243638, 0.009482998980132695, -0.0020899087357780966], [0.009482998980132695, 0.015614227009292141, -0.012262456058318882], [-0.0020899087357780966, -0.012262456058318882, 0.020345094645081593]]",1.5635343571939793,0.6386435122439514,-1.3497816899000556
2026-03-17 17:37:35,GPR_Optimization_h_mean_0.65_v_mean_1.1_20260315-235639,1729,3.7973759967053344,21.070199688008415,0.0009856135011758196,0.999135980091598,0.0017737389703804056,0.0,6.829819100339832,9.73875226392485e-13,52432.82464925482,72.99187816597417,0.8526154856357901,"[[0.00843117894908211, 0.009492064728559624, -0.0021217715589550183], [0.009492064728559624, 0.015666696084102517, -0.012349262711085789], [-0.0021217715589550183, -0.012349262711085789, 0.020454982304261547]]",1.5630280089279653,0.6385321950144682,-1.348991627826994
2026-03-17 17:37:35,GPR_Optimization_h_mean_0.65_v_mean_1.1_20260315-235639,459,3.7966600059285494,21.073888576039796,0.0010077936038699275,0.9991828063057481,0.002634347106165559,0.0,5.384126712448182,9.73875226392485e-13,479.55612624427954,943.9344544946028,0.0021030447641936473,"[[0.008660446190780654, 0.009931745728868811, -0.0025425990761763257], [0.009931745728868811, 0.016825107537967284, -0.01378672361819693], [-0.0025425990761763257, -0.01378672361819693, 0.022488249084041224]]",1.558106445659721,0.6362973080701939,-1.3436182751790542
2026-03-17 17:37:37,GPR_Optimization_h_mean_0.65_v_mean_1.4_20260316-005440,1882,3.796136077141588,20.707184612876453,0.009422403230538251,0.9908551163734616,0.0023195575591811964,0.0,7.094184150252927,5.764271417501296e-14,73918.87378031207,811.5820602406354,2.142179671379457,"[[0.008478663607690132, 0.009642647659695679, -0.002327968104011105], [0.009642647659695679, 0.016097057123754317, -0.012908818928117294], [-0.002327968104011105, -0.012908818928117294, 0.021161701648212343]]",1.7105264145117574,0.6383135368407407,-1.6444257553420334
2026-03-17 17:37:37,GPR_Optimization_h_mean_0.65_v_mean_1.4_20260316-005440,1639,3.793613634467653,20.48998545866671,0.0068308209502351445,0.9922459690917831,0.004501168986765622,0.0,8.420666382985821,2.52819933080449e-10,7612.631453822691,17.79762074261724,2.142179671379457,"[[0.008524744044559997, 0.009711980504953331, -0.0023744729207866764], [0.009711980504953331, 0.016079560139031612, -0.012735159268156538], [-0.0023744729207866764, -0.012735159268156538, 0.02072137269473974]]",1.7121534657170425,0.6382798604841359,-1.6477472104658133
2026-03-17 17:37:37,GPR_Optimization_h_mean_0.65_v_mean_1.4_20260316-005440,1600,3.793613634467653,20.48998545866671,0.0068308209502351445,0.9922459690917831,0.004501168986765622,0.0,8.420666382985821,2.52819933080449e-10,7612.631453822691,17.79762074261724,2.142179671379457,"[[0.008524744044559997, 0.009711980504953331, -0.0023744729207866764], [0.009711980504953331, 0.016079560139031612, -0.012735159268156538], [-0.0023744729207866764, -0.012735159268156538, 0.02072137269473974]]",1.7121534657170425,0.6382798604841359,-1.6477472104658133
2026-03-17 17:37:37,GPR_Optimization_h_mean_0.65_v_mean_1.4_20260316-005440,1495,3.793613634467653,20.48998545866671,0.0068308209502351445,0.9922459690917831,0.004501168986765622,0.0,8.420666382985821,2.52819933080449e-10,7612.631453822691,17.79762074261724,2.142179671379457,"[[0.008524744044559997, 0.009711980504953331, -0.0023744729207866764], [0.009711980504953331, 0.016079560139031612, -0.012735159268156538], [-0.0023744729207866764, -0.012735159268156538, 0.02072137269473974]]",1.7121534657170425,0.6382798604841359,-1.6477472104658133
2026-03-17 17:37:37,GPR_Optimization_h_mean_0.65_v_mean_1.4_20260316-005440,716,3.7906115698740552,20.577967231204493,0.009097357687533251,0.9902029628399756,0.004656990422913803,0.0,8.05289977793682,1.6157402298655511e-09,7332.821070646784,702.3902942551955,1.9435798255046501,"[[0.008422270600773727, 0.009598016281589987, -0.002351491361632527], [0.009598016281589987, 0.016048187000323667, -0.01290034143746733], [-0.002351491361632527, -0.01290034143746733, 0.021097700151669598]]",1.711116957558662,0.6385846359147431,-1.6450646432878366
2026-03-17 17:37:37,GPR_Optimization_h_mean_0.65_v_mean_1.4_20260316-005440,1751,3.7900052909433977,20.72072370071096,0.010848332635691363,0.9882306304100897,0.003354138971349275,0.0,7.094184150252927,3.99337432522632e-08,13372.751606969516,218.67816868849252,2.142179671379457,"[[0.008581679908027481, 0.009861998475536475, -0.0025606371350180056], [0.009861998475536475, 0.016538639048113056, -0.013353281145153155], [-0.0025606371350180056, -0.013353281145153155, 0.0215852880202703]]",1.7093003528846304,0.6370288970817807,-1.6445429116056995
2026-03-17 17:37:37,GPR_Optimization_h_mean_0.65_v_mean_1.4_20260316-005440,1290,3.7898750870558193,20.590215982927116,0.011276960063649099,0.9885179572150701,0.002178895793709848,0.0,7.9690636117748594,1.2435869555730677e-09,9827.107529083596,53.38303864969478,0.1447565335693077,"[[0.008384496625430586, 0.009510329455849455, -0.002251665660837739], [0.009510329455849455, 0.015960869971288646, -0.012901081030878388], [-0.002251665660837739, -0.012901081030878388, 0.02129883074008133]]",1.7118128968252293,0.6385294178954268,-1.6465669578596054
2026-03-17 17:37:37,GPR_Optimization_h_mean_0.65_v_mean_1.4_20260316-005440,1784,3.7897894072335,20.72055469096639,0.011038643973214286,0.9881225513192843,0.003349740162714641,0.0,7.094184150252927,3.220210094268625e-07,13372.751606969516,218.67816868849252,2.142179671379457,"[[0.008577476433089419, 0.0098590544171386, -0.0025631559680983915], [0.0098590544171386, 0.016534839850867816, -0.013351570867458407], [-0.0025631559680983915, -0.013351570867458407, 0.021576829798720016]]",1.709282773860906,0.6370123355763566,-1.644540876569099
2026-03-17 17:37:37,GPR_Optimization_h_mean_0.65_v_mean_1.4_20260316-005440,1674,3.7897894072335,20.72055469096639,0.011038643973214286,0.9881225513192843,0.003349740162714641,0.0,7.094184150252927,3.220210094268625e-07,13372.751606969516,218.67816868849252,2.142179671379457,"[[0.008577476433089419, 0.0098590544171386, -0.0025631559680983915], [0.0098590544171386, 0.016534839850867816, -0.013351570867458407], [-0.0025631559680983915, -0.013351570867458407, 0.021576829798720016]]",1.709282773860906,0.6370123355763566,-1.644540876569099
2026-03-17 17:37:37,GPR_Optimization_h_mean_0.65_v_mean_1.4_20260316-005440,1571,3.7897894072335,20.72055469096639,0.011038643973214286,0.9881225513192843,0.003349740162714641,0.0,7.094184150252927,3.220210094268625e-07,13372.751606969516,218.67816868849252,2.142179671379457,"[[0.008577476433089419, 0.0098590544171386, -0.0025631559680983915], [0.0098590544171386, 0.016534839850867816, -0.013351570867458407], [-0.0025631559680983915, -0.013351570867458407, 0.021576829798720016]]",1.709282773860906,0.6370123355763566,-1.644540876569099
2026-03-17 17:37:40,GPR_Optimization_h_mean_0.7_v_mean_0.2_20260316-015241,1951,3.7999999958089345,21.129078179705154,0.0,0.9999999999911375,0.0015387772953041898,0.0,3.664898705793475,6.903317470647883e-15,222.79282866498005,453.5372164443219,0.0015294166859983486,"[[0.008539199551167383, 0.00925300921560008, -0.0014280099735590253], [0.00925300921560008, 0.014659555351134232, -0.010813801050961613], [-0.0014280099735590253, -0.010813801050961613, 0.01877223945721732]]",1.16616327470185,0.6884724768790988,-0.45538019844507793
2026-03-17 17:37:40,GPR_Optimization_h_mean_0.7_v_mean_0.2_20260316-015241,1955,3.799999995774178,21.12907820392021,0.0,0.9999999999958105,0.0015387774333584434,0.0,3.664898705793475,7.116289466703003e-13,222.79282866498005,958.7546804132235,0.0015294166859983486,"[[0.008539199929722257, 0.009253009792021224, -0.0014280103701973246], [0.009253009792021224, 0.014659556421969502, -0.010813802041453092], [-0.0014280103701973246, -0.010813802041453092, 0.018772240646543394]]",1.1661632740229124,0.6884724752778318,-0.4553802002864155
2026-03-17 17:37:40,GPR_Optimization_h_mean_0.7_v_mean_0.2_20260316-015241,1584,3.799999995774178,21.12907820392021,0.0,0.9999999999958105,0.0015387774333584434,0.0,3.664898705793475,7.116289466703003e-13,222.79282866498005,958.7546804132235,0.0015294166859983486,"[[0.008539199929722257, 0.009253009792021224, -0.0014280103701973246], [0.009253009792021224, 0.014659556421969502, -0.010813802041453092], [-0.0014280103701973246, -0.010813802041453092, 0.018772240646543394]]",1.1661632740229124,0.6884724752778318,-0.4553802002864155
2026-03-17 17:37:40,GPR_Optimization_h_mean_0.7_v_mean_0.2_20260316-015241,1939,3.799999995774178,21.12907820392021,0.0,0.9999999999958105,0.0015387774333584434,0.0,3.664898705793475,7.116289466703003e-13,222.79282866498005,958.7546804132235,0.0015294166859983486,"[[0.008539199929722257, 0.009253009792021224, -0.0014280103701973246], [0.009253009792021224, 0.014659556421969502, -0.010813802041453092], [-0.0014280103701973246, -0.010813802041453092, 0.018772240646543394]]",1.1661632740229124,0.6884724752778318,-0.4553802002864155
2026-03-17 17:37:40,GPR_Optimization_h_mean_0.7_v_mean_0.2_20260316-015241,1487,3.799999995774178,21.12907820392021,0.0,0.9999999999958105,0.0015387774333584434,0.0,3.664898705793475,7.116289466703003e-13,222.79282866498005,958.7546804132235,0.0015294166859983486,"[[0.008539199929722257, 0.009253009792021224, -0.0014280103701973246], [0.009253009792021224, 0.014659556421969502, -0.010813802041453092], [-0.0014280103701973246, -0.010813802041453092, 0.018772240646543394]]",1.1661632740229124,0.6884724752778318,-0.4553802002864155
2026-03-17 17:37:40,GPR_Optimization_h_mean_0.7_v_mean_0.2_20260316-015241,1912,3.799999995774178,21.12907820392021,0.0,0.9999999999958105,0.0015387774333584434,0.0,3.664898705793475,7.116289466703003e-13,222.79282866498005,958.7546804132235,0.0015294166859983486,"[[0.008539199929722257, 0.009253009792021224, -0.0014280103701973246], [0.009253009792021224, 0.014659556421969502, -0.010813802041453092], [-0.0014280103701973246, -0.010813802041453092, 0.018772240646543394]]",1.1661632740229124,0.6884724752778318,-0.4553802002864155
2026-03-17 17:37:40,GPR_Optimization_h_mean_0.7_v_mean_0.2_20260316-015241,1979,3.799999995774178,21.12907820392021,0.0,0.9999999999958105,0.0015387774333584434,0.0,3.664898705793475,7.116289466703003e-13,222.79282866498005,958.7546804132235,0.0015294166859983486,"[[0.008539199929722257, 0.009253009792021224, -0.0014280103701973246], [0.009253009792021224, 0.014659556421969502, -0.010813802041453092], [-0.0014280103701973246, -0.010813802041453092, 0.018772240646543394]]",1.1661632740229124,0.6884724752778318,-0.4553802002864155
2026-03-17 17:37:40,GPR_Optimization_h_mean_0.7_v_mean_0.2_20260316-015241,1748,3.799999995774178,21.12907820392021,0.0,0.9999999999958105,0.0015387774333584434,0.0,3.664898705793475,7.116289466703003e-13,222.79282866498005,958.7546804132235,0.0015294166859983486,"[[0.008539199929722257, 0.009253009792021224, -0.0014280103701973246], [0.009253009792021224, 0.014659556421969502, -0.010813802041453092], [-0.0014280103701973246, -0.010813802041453092, 0.018772240646543394]]",1.1661632740229124,0.6884724752778318,-0.4553802002864155
2026-03-17 17:37:40,GPR_Optimization_h_mean_0.7_v_mean_0.2_20260316-015241,1962,3.799999995774178,21.12907820392021,0.0,0.9999999999958105,0.0015387774333584434,0.0,3.664898705793475,7.116289466703003e-13,222.79282866498005,958.7546804132235,0.0015294166859983486,"[[0.008539199929722257, 0.009253009792021224, -0.0014280103701973246], [0.009253009792021224, 0.014659556421969502, -0.010813802041453092], [-0.0014280103701973246, -0.010813802041453092, 0.018772240646543394]]",1.1661632740229124,0.6884724752778318,-0.4553802002864155
2026-03-17 17:37:40,GPR_Optimization_h_mean_0.7_v_mean_0.2_20260316-015241,1890,3.799999995774178,21.12907820392021,0.0,0.9999999999958105,0.0015387774333584434,0.0,3.664898705793475,7.116289466703003e-13,222.79282866498005,958.7546804132235,0.0015294166859983486,"[[0.008539199929722257, 0.009253009792021224, -0.0014280103701973246], [0.009253009792021224, 0.014659556421969502, -0.010813802041453092], [-0.0014280103701973246, -0.010813802041453092, 0.018772240646543394]]",1.1661632740229124,0.6884724752778318,-0.4553802002864155
2026-03-17 17:37:43,GPR_Optimization_h_mean_0.7_v_mean_0.5_20260316-025025,1948,3.799999362930089,21.1290781918227,0.0,0.999999999965116,0.0015424613882326374,0.0,6.081284376608351,1.5920673888112317e-15,102.46123158376248,885.0736121608369,0.0010357068363607846,"[[0.00842729715732192, 0.009162537458530715, -0.0014704806024175847], [0.009162537458530715, 0.01463976356529816, -0.010954452213534879], [-0.0014704806024175847, -0.010954452213534879, 0.018967943222234628]]",1.3165683200298777,0.6891416433966305,-0.7548533532664938
2026-03-17 17:37:43,GPR_Optimization_h_mean_0.7_v_mean_0.5_20260316-025025,1832,3.799999362863764,21.1290781918227,0.0,0.9999999999651161,0.0015424614544557573,0.0,6.081284376608351,1.8996320558147745e-13,102.46123158376248,885.0736121608369,0.0010357068363607846,"[[0.008427297489690733, 0.009162537896795877, -0.0014704808142102844], [0.009162537896795877, 0.014639764221167154, -0.010954452648742568], [-0.0014704808142102844, -0.010954452648742568, 0.01896794366906454]]",1.316568319711745,0.689141642824679,-0.7548533537741319
2026-03-17 17:37:43,GPR_Optimization_h_mean_0.7_v_mean_0.5_20260316-025025,1597,3.7999993324161485,21.129078184986657,0.0,0.9999999999606325,0.0015424917492614938,0.0,6.09149658868092,8.666270197097449e-14,117.14156714524002,885.0736121608369,0.0012526820220881158,"[[0.00843466081305189, 0.009170755447789966, -0.0014721892694761444], [0.009170755447789966, 0.014647327343505856, -0.010953143791431794], [-0.0014721892694761444, -0.010953143791431794, 0.01896190904391131]]",1.316561987424358,0.6891257222214517,-0.7548725304058124
2026-03-17 17:37:43,GPR_Optimization_h_mean_0.7_v_mean_0.5_20260316-025025,1816,3.7999993269294476,21.129078185012215,0.0,0.9999999999607895,0.0015424972281781603,0.0,6.09149658868092,8.666270197097449e-14,116.465310862683,885.0736121608369,0.0012526820220881158,"[[0.00843463099938792, 0.00917069584962501, -0.0014721297004741739], [0.00917069584962501, 0.014647230342547078, -0.01095306898584413], [-0.0014721297004741739, -0.01095306898584413, 0.018961878570739926]]",1.3165621711534783,0.6891258932183046,-0.754872555870347
2026-03-17 17:37:43,GPR_Optimization_h_mean_0.7_v_mean_0.5_20260316-025025,1997,3.799999323139681,21.129078185031485,0.0,0.9999999999609039,0.0015425010126035666,0.0,6.09149658868092,1.615355750291579e-14,115.95759851513475,885.0736121608369,0.0012526820220881158,"[[0.008434725685821, 0.00917080550642699, -0.0014721596412119588], [0.00917080550642699, 0.014647341647252326, -0.010953072281650697], [-0.0014721596412119588, -0.010953072281650697, 0.01896182528087748]]",1.3165619831474433,0.6891256571462516,-0.7548726520023834
2026-03-17 17:37:43,GPR_Optimization_h_mean_0.7_v_mean_0.5_20260316-025025,1599,3.799999323126084,21.129078185031478,0.0,0.9999999999609039,0.001542501026179621,0.0,6.09149658868092,6.013314991478931e-14,115.95759851513475,885.0736121608369,0.0012526820220881158,"[[0.00843472583528, 0.009170805723188255, -0.0014721597758165128], [0.009170805723188255, 0.01464734194515858, -0.010953072443940646], [-0.0014721597758165128, -0.010953072443940646, 0.018961825336248298]]",1.3165619827641672,0.6891256566789026,-0.754872652170529
2026-03-17 17:37:43,GPR_Optimization_h_mean_0.7_v_mean_0.5_20260316-025025,1843,3.799999323126084,21.129078185031478,0.0,0.9999999999609039,0.001542501026179621,0.0,6.09149658868092,6.013314991478931e-14,115.95759851513475,885.0736121608369,0.0012526820220881158,"[[0.00843472583528, 0.009170805723188255, -0.0014721597758165128], [0.009170805723188255, 0.01464734194515858, -0.010953072443940646], [-0.0014721597758165128, -0.010953072443940646, 0.018961825336248298]]",1.3165619827641672,0.6891256566789026,-0.754872652170529
2026-03-17 17:37:43,GPR_Optimization_h_mean_0.7_v_mean_0.5_20260316-025025,1950,3.799999323121208,21.129078185031485,0.0,0.9999999999609039,0.001542501031048131,0.0,6.09149658868092,7.590458039813529e-14,115.95759851513475,885.0736121608369,0.0012526820220881158,"[[0.008434725888875458, 0.009170805800917855, -0.0014721598240848173], [0.009170805800917855, 0.014647342051986605, -0.010953072502137494], [-0.0014721598240848173, -0.010953072502137494, 0.018961825356105317]]",1.3165619826267276,0.6891256565113142,-0.7548726522308267
2026-03-17 17:37:43,GPR_Optimization_h_mean_0.7_v_mean_0.5_20260316-025025,1116,3.799999323117882,21.12907818503148,0.0,0.9999999999609039,0.0015425010343690835,0.0,6.09149658868092,8.666270197097449e-14,115.95759851513475,885.0736121608369,0.0012526820220881158,"[[0.008434725925433598, 0.009170805853938568, -0.001472159857009919], [0.009170805853938568, 0.014647342124856173, -0.01095307254183523], [-0.001472159857009919, -0.01095307254183523, 0.018961825369650645]]",1.3165619825329764,0.6891256563969981,-0.7548726522719565
2026-03-17 17:37:43,GPR_Optimization_h_mean_0.7_v_mean_0.5_20260316-025025,1721,3.799999323117882,21.12907818503148,0.0,0.9999999999609039,0.0015425010343690835,0.0,6.09149658868092,8.666270197097449e-14,115.95759851513475,885.0736121608369,0.0012526820220881158,"[[0.008434725925433598, 0.009170805853938568, -0.001472159857009919], [0.009170805853938568, 0.014647342124856173, -0.01095307254183523], [-0.001472159857009919, -0.01095307254183523, 0.018961825369650645]]",1.3165619825329764,0.6891256563969981,-0.7548726522719565
2026-03-17 17:37:46,GPR_Optimization_h_mean_0.7_v_mean_0.8_20260316-034816,1739,3.799999882473755,21.129077235082395,0.0,0.9999999976368237,0.001552426286928264,0.0,9.237428855203728,1.090361080374505e-12,1230.0098183367543,997.9773740530726,0.022415027687133483,"[[0.008332159601387432, 0.009052913977193109, -0.0014415087516113703], [0.009052913977193109, 0.0145201450397771, -0.010934462125167984], [-0.0014415087516113703, -0.010934462125167984, 0.018985906747113226]]",1.4671245422679253,0.6897463431501109,-1.0547563982356285
2026-03-17 17:37:46,GPR_Optimization_h_mean_0.7_v_mean_0.8_20260316-034816,1687,3.7999998574151586,21.129077032659215,0.0,0.9999999971152695,0.001552447395504203,0.0,9.237428855203728,8.13976667708095e-14,1407.9009721941195,834.3012471274193,0.022415027687133483,"[[0.008330629870835405, 0.009052336003279328, -0.0014434122648878313], [0.009052336003279328, 0.01451903078638311, -0.010933389566207583], [-0.0014434122648878313, -0.010933389566207583, 0.01897995460263951]]",1.4671321290608943,0.6897411000989173,-1.0547820579239544
2026-03-17 17:37:46,GPR_Optimization_h_mean_0.7_v_mean_0.8_20260316-034816,1821,3.79999985738907,21.12907703265916,0.0,0.9999999971152688,0.0015524474215500093,0.0,9.237428855203728,1.090361080374505e-12,1407.9009721941195,834.3012471274193,0.022415027687133483,"[[0.008330630177331542, 0.009052336503506472, -0.0014434126523498623], [0.009052336503506472, 0.014519031505251979, -0.010933390003491018], [-0.0014434126523498623, -0.010933390003491018, 0.018979954702282295]]",1.467132127979601,0.6897410988693612,-1.0547820582204797
2026-03-17 17:37:46,GPR_Optimization_h_mean_0.7_v_mean_0.8_20260316-034816,1502,3.79999985738907,21.12907703265916,0.0,0.9999999971152688,0.0015524474215500093,0.0,9.237428855203728,1.090361080374505e-12,1407.9009721941195,834.3012471274193,0.022415027687133483,"[[0.008330630177331542, 0.009052336503506472, -0.0014434126523498623], [0.009052336503506472, 0.014519031505251979, -0.010933390003491018], [-0.0014434126523498623, -0.010933390003491018, 0.018979954702282295]]",1.467132127979601,0.6897410988693612,-1.0547820582204797
2026-03-17 17:37:46,GPR_Optimization_h_mean_0.7_v_mean_0.8_20260316-034816,1422,3.79999985738907,21.12907703265916,0.0,0.9999999971152688,0.0015524474215500093,0.0,9.237428855203728,1.090361080374505e-12,1407.9009721941195,834.3012471274193,0.022415027687133483,"[[0.008330630177331542, 0.009052336503506472, -0.0014434126523498623], [0.009052336503506472, 0.014519031505251979, -0.010933390003491018], [-0.0014434126523498623, -0.010933390003491018, 0.018979954702282295]]",1.467132127979601,0.6897410988693612,-1.0547820582204797
2026-03-17 17:37:46,GPR_Optimization_h_mean_0.7_v_mean_0.8_20260316-034816,1765,3.79999985738907,21.12907703265916,0.0,0.9999999971152688,0.0015524474215500093,0.0,9.237428855203728,1.090361080374505e-12,1407.9009721941195,834.3012471274193,0.022415027687133483,"[[0.008330630177331542, 0.009052336503506472, -0.0014434126523498623], [0.009052336503506472, 0.014519031505251979, -0.010933390003491018], [-0.0014434126523498623, -0.010933390003491018, 0.018979954702282295]]",1.467132127979601,0.6897410988693612,-1.0547820582204797
2026-03-17 17:37:46,GPR_Optimization_h_mean_0.7_v_mean_0.8_20260316-034816,1627,3.7999998572288107,21.129077076412063,0.0,0.9999999972194149,0.001552448409788046,0.0,9.246484915447494,2.563615715937395e-11,1407.9009721941195,865.9838123122398,0.022415027687133483,"[[0.008330581458880477, 0.009052266572375664, -0.0014433702269903608], [0.009052266572375664, 0.014518960149658464, -0.01093338715456561], [-0.0014433702269903608, -0.01093338715456561, 0.018980033855150492]]",1.4671322812076861,0.689741317325043,-1.0547819277652863
2026-03-17 17:37:46,GPR_Optimization_h_mean_0.7_v_mean_0.8_20260316-034816,1610,3.799999855804057,21.129076944423343,0.0,0.9999999969019024,0.0015524473271655388,0.0,9.237428855203728,1.090361080374505e-12,1407.9009721941195,776.8445130804598,0.022415027687133483,"[[0.008330631192085748, 0.009052337503436965, -0.0014434126227024337], [0.009052337503436965, 0.014519032174079889, -0.010933389341285838], [-0.0014434126227024337, -0.010933389341285838, 0.018979953437166817]]",1.4671321262797792,0.6897410985692157,-1.0547820554211276
2026-03-17 17:37:46,GPR_Optimization_h_mean_0.7_v_mean_0.8_20260316-034816,1676,3.799999849678368,21.129077228302855,0.0,0.9999999975881857,0.0015524588381719746,0.0,9.237428855203728,4.33988643430051e-10,1407.9009721941195,997.9773740530726,0.022415027687133483,"[[0.008330758690104694, 0.009052545981365047, -0.0014435745825207046], [0.009052545981365047, 0.014519333497639932, -0.010933575032549768], [-0.0014435745825207046, -0.010933575032549768, 0.01898000090005813]]",1.4671316806207477,0.6897405852892864,-1.0547821906629233
2026-03-17 17:37:46,GPR_Optimization_h_mean_0.7_v_mean_0.8_20260316-034816,1806,3.7999998272238553,21.12907418375158,0.0,0.9999999903575677,0.001552423658258122,0.0,9.237428855203728,8.13976667708095e-14,1230.0098183367543,244.5778856709904,0.022415027687133483,"[[0.008332191991491544, 0.009052941149970342, -0.0014414983169575804], [0.009052941149970342, 0.014520155726879199, -0.010934429153817728], [-0.0014414983169575804, -0.010934429153817728, 0.018985861673720333]]",1.4671245258705004,0.689746372767652,-1.0547563062056966
2026-03-17 17:37:49,GPR_Optimization_h_mean_0.7_v_mean_1.1_20260316-044552,511,3.7999998691344072,21.129078107940796,0.0,0.9999999996697942,0.0015720807989626205,0.0,9.353483134258703,2.6507583559619246e-13,119.22320877316666,874.3411776733533,0.0014974947921848243,"[[0.008261390272926388, 0.008954903771660411, -0.0013870269974680393], [0.008954903771660411, 0.014394534824223117, -0.010879262105125423], [-0.0013870269974680393, -0.010879262105125423, 0.018984470215314787]]",1.6173912546782188,0.6901371303297686,-1.3545082486969
2026-03-17 17:37:49,GPR_Optimization_h_mean_0.7_v_mean_1.1_20260316-044552,505,3.799999709470037,21.129063665343306,0.0,0.9999999571155951,0.0015719504976950838,0.0,9.54186976095124,9.202285085537925e-12,253.1304806995774,14.527594245356394,0.0030865039739703675,"[[0.008262304010576262, 0.008958938182706154, -0.0013932683442597913], [0.008958938182706154, 0.01441127145486313, -0.010904666544313933], [-0.0013932683442597913, -0.010904666544313933, 0.01902279640010827]]",1.6173074180972542,0.6901158108534795,-1.3543832144875494
2026-03-17 17:37:49,GPR_Optimization_h_mean_0.7_v_mean_1.1_20260316-044552,1762,3.7999990493783184,21.129078124453507,0.0,0.9999999997102361,0.001572899581278197,0.0,9.067694221719487,9.709380658156781e-14,107.54461445646325,892.5888285233448,0.0012820199883159587,"[[0.008268824726518903, 0.008973767334012058, -0.0014098852149863025], [0.008973767334012058, 0.014447165707203256, -0.010946796746382425], [-0.0014098852149863025, -0.010946796746382425, 0.019073823062792258]]",1.6172111505447326,0.690075179736177,-1.3542719416171105
2026-03-17 17:37:49,GPR_Optimization_h_mean_0.7_v_mean_1.1_20260316-044552,1705,3.799999049312274,21.12907812445341,0.0,0.9999999997102362,0.0015728996472178722,0.0,9.067694221719487,2.1858652021905993e-13,107.54461445646325,892.5888285233448,0.0012820199883159587,"[[0.008268823142781039, 0.008973763532678017, -0.0014098807797939658], [0.008973763532678017, 0.01444716006962593, -0.010946793073895797], [-0.0014098807797939658, -0.010946793073895797, 0.01907382458820368]]",1.6172111661345852,0.6900751960455525,-1.3542719401780652
2026-03-17 17:37:49,GPR_Optimization_h_mean_0.7_v_mean_1.1_20260316-044552,1856,3.799999049312274,21.12907812445341,0.0,0.9999999997102362,0.0015728996472178722,0.0,9.067694221719487,2.1858652021905993e-13,107.54461445646325,892.5888285233448,0.0012820199883159587,"[[0.008268823142781039, 0.008973763532678017, -0.0014098807797939658], [0.008973763532678017, 0.01444716006962593, -0.010946793073895797], [-0.0014098807797939658, -0.010946793073895797, 0.01907382458820368]]",1.6172111661345852,0.6900751960455525,-1.3542719401780652
2026-03-17 17:37:49,GPR_Optimization_h_mean_0.7_v_mean_1.1_20260316-044552,1941,3.799999049312274,21.12907812445341,0.0,0.9999999997102362,0.0015728996472178722,0.0,9.067694221719487,2.1858652021905993e-13,107.54461445646325,892.5888285233448,0.0012820199883159587,"[[0.008268823142781039, 0.008973763532678017, -0.0014098807797939658], [0.008973763532678017, 0.01444716006962593, -0.010946793073895797], [-0.0014098807797939658, -0.010946793073895797, 0.01907382458820368]]",1.6172111661345852,0.6900751960455525,-1.3542719401780652
2026-03-17 17:37:49,GPR_Optimization_h_mean_0.7_v_mean_1.1_20260316-044552,1841,3.799999048760205,21.12907808802022,0.0,0.9999999996059157,0.001572899473624652,0.0,9.067694221719487,8.315698946509905e-15,107.54461445646325,656.3122533426728,0.0012820199883159587,"[[0.00826882758412704, 0.008973776418236086, -0.0014098976682180965], [0.008973776418236086, 0.014447180251878636, -0.010946807667285117], [-0.0014098976682180965, -0.010946807667285117, 0.019073819998134067]]",1.6172111126280861,0.690075141048587,-1.354271943158999
2026-03-17 17:37:49,GPR_Optimization_h_mean_0.7_v_mean_1.1_20260316-044552,1861,3.7999990487491284,21.129078088020222,0.0,0.9999999996059156,0.0015728994846832755,0.0,9.067694221719487,2.8668787511878314e-14,107.54461445646325,656.3122533426728,0.0012820199883159587,"[[0.00826882731491034, 0.008973775776680822, -0.0014098969235409428], [0.008973775776680822, 0.014447179302310174, -0.010946807051258748], [-0.0014098969235409428, -0.010946807051258748, 0.019073820255435598]]",1.6172111152459376,0.6900751437885562,-1.3542719429147632
2026-03-17 17:37:49,GPR_Optimization_h_mean_0.7_v_mean_1.1_20260316-044552,1811,3.799999048711898,21.129078088020172,0.0,0.9999999996059157,0.001572899521854993,0.0,9.067694221719487,9.709380658156781e-14,107.54461445646325,656.3122533426728,0.0012820199883159587,"[[0.008268826412374631, 0.008973773622845335, -0.0014098944209414248], [0.008973773622845335, 0.014447176113151472, -0.010946804980612245], [-0.0014098944209414248, -0.010946804980612245, 0.019073821119341645]]",1.6172111240433538,0.6900751529955153,-1.3542719420956768
2026-03-17 17:37:49,GPR_Optimization_h_mean_0.7_v_mean_1.1_20260316-044552,1750,3.799999048711898,21.129078088020172,0.0,0.9999999996059157,0.001572899521854993,0.0,9.067694221719487,9.709380658156781e-14,107.54461445646325,656.3122533426728,0.0012820199883159587,"[[0.008268826412374631, 0.008973773622845335, -0.0014098944209414248], [0.008973773622845335, 0.014447176113151472, -0.010946804980612245], [-0.0014098944209414248, -0.010946804980612245, 0.019073821119341645]]",1.6172111240433538,0.6900751529955153,-1.3542719420956768
2026-03-17 17:37:52,GPR_Optimization_h_mean_0.7_v_mean_1.4_20260316-054333,1575,3.7975863297186203,21.08373255450941,0.0016422390958855731,0.9980939894223874,0.0033468762479545618,0.0,8.37598921416387,1.307687643949267e-10,8914.254428767388,798.9711607808825,2.6585268799952395,"[[0.008347451539178328, 0.009250411687502168, -0.0018059202966476651], [0.009250411687502168, 0.014961504284715205, -0.011422185194426096], [-0.0018059202966476651, -0.011422185194426096, 0.01923252979555685]]",1.765168649985851,0.6892930296359359,-1.6517512406998296
2026-03-17 17:37:52,GPR_Optimization_h_mean_0.7_v_mean_1.4_20260316-054333,1762,3.7975863297186203,21.08373255450941,0.0016422390958855731,0.9980939894223874,0.0033468762479545618,0.0,8.37598921416387,1.307687643949267e-10,8914.254428767388,798.9711607808825,2.6585268799952395,"[[0.008347451539178328, 0.009250411687502168, -0.0018059202966476651], [0.009250411687502168, 0.014961504284715205, -0.011422185194426096], [-0.0018059202966476651, -0.011422185194426096, 0.01923252979555685]]",1.765168649985851,0.6892930296359359,-1.6517512406998296
2026-03-17 17:37:52,GPR_Optimization_h_mean_0.7_v_mean_1.4_20260316-054333,1969,3.797465117782003,21.084075483701557,0.0016777041942604856,0.9980765061114368,0.003437796933327054,0.0,8.857565569609227,6.434922355079099e-13,212.13948782802441,75.86170351113444,0.06886246233673032,"[[0.008335668778280072, 0.009224159852251869, -0.0017769821479436036], [0.009224159852251869, 0.014936430437362959, -0.011424541170222182], [-0.0017769821479436036, -0.011424541170222182, 0.01929511804455714]]",1.7652519575882422,0.6894455441304473,-1.6516128269155894
2026-03-17 17:37:52,GPR_Optimization_h_mean_0.7_v_mean_1.4_20260316-054333,1329,3.797465117782003,21.084075483701557,0.0016777041942604856,0.9980765061114368,0.003437796933327054,0.0,8.857565569609227,6.434922355079099e-13,212.13948782802441,75.86170351113444,0.06886246233673032,"[[0.008335668778280072, 0.009224159852251869, -0.0017769821479436036], [0.009224159852251869, 0.014936430437362959, -0.011424541170222182], [-0.0017769821479436036, -0.011424541170222182, 0.01929511804455714]]",1.7652519575882422,0.6894455441304473,-1.6516128269155894
2026-03-17 17:37:52,GPR_Optimization_h_mean_0.7_v_mean_1.4_20260316-054333,1743,3.797358321759253,21.02067937481421,0.0019096005606166783,0.9976110698185165,0.001713062337964651,0.0,8.37598921416387,7.599772594016304e-07,7505.522035130711,298.3866476348269,0.11949535241547374,"[[0.008197943085401662, 0.009084799402100949, -0.001773712633398578], [0.009084799402100949, 0.01483409958700393, -0.011498600369805979], [-0.001773712633398578, -0.011498600369805979, 0.019449775472814824]]",1.765576460618038,0.6897219256748729,-1.6517090698863302
2026-03-17 17:37:52,GPR_Optimization_h_mean_0.7_v_mean_1.4_20260316-054333,1121,3.7973514302821707,21.084153417687233,0.0016775264431141954,0.9980784969919938,0.003556386232529394,0.0,8.897510418392729,6.434922355079099e-13,519.3304050270194,518.8445761446874,0.1749933502564347,"[[0.008332209841561874, 0.009222139905106484, -0.001779860127089227], [0.009222139905106484, 0.014934127906548508, -0.011423976002884029], [-0.001779860127089227, -0.011423976002884029, 0.019288231751589592]]",1.7652462207733626,0.6894655631656871,-1.651561315215351
2026-03-17 17:37:52,GPR_Optimization_h_mean_0.7_v_mean_1.4_20260316-054333,1129,3.7973480877011787,21.083562614644382,0.001660132104129137,0.9980895789631767,0.0035734928115490113,0.0,8.484551133956911,6.434922355079099e-13,212.13948782802441,32.72162554996153,0.06886246233673032,"[[0.008338915843145394, 0.009232003322341953, -0.0017861749583931164], [0.009232003322341953, 0.014915302542946993, -0.011366598441210104], [-0.0017861749583931164, -0.011366598441210104, 0.01916084696563398]]",1.7652869139724388,0.6894095673804033,-1.6517546931840712
2026-03-17 17:37:52,GPR_Optimization_h_mean_0.7_v_mean_1.4_20260316-054333,962,3.797328655418837,20.96514494723972,0.0023756731073804245,0.9979714315231529,0.00167445664920232,0.0,8.963554170801034,4.1480049173717434e-14,13874.248570705275,298.3866476348269,0.1749933502564347,"[[0.008302764357090079, 0.009210198099993343, -0.0018148674858065649], [0.009210198099993343, 0.014963639633892883, -0.011506883067799043], [-0.0018148674858065649, -0.011506883067799043, 0.019384031163984974]]",1.7654911372249806,0.6898949951309721,-1.6511922841880171
2026-03-17 17:37:52,GPR_Optimization_h_mean_0.7_v_mean_1.4_20260316-054333,1994,3.7973248180778,21.083556146482493,0.001659633821218595,0.9980900074749731,0.003597489289155074,0.0,8.37598921416387,2.3811518406709222e-12,5283.570190088548,798.9711607808825,1.7026147196215338,"[[0.008346973457654307, 0.009240086106668124, -0.0017862252980276284], [0.009240086106668124, 0.014925290050052937, -0.011370407886769648], [-0.0017862252980276284, -0.011370407886769648, 0.019168365177484038]]",1.7652308104226615,0.6893885329862218,-1.6516845548728798
2026-03-17 17:37:52,GPR_Optimization_h_mean_0.7_v_mean_1.4_20260316-054333,1309,3.7973248180726222,21.083556146477317,0.001659633821218595,0.9980900074746583,0.0035974892936208444,0.0,8.37598921416387,2.308308473797122e-13,5283.570190088548,798.9711607808825,1.7026147196215338,"[[0.008346973458886403, 0.009240086106678258, -0.001786225295583738], [0.009240086106678258, 0.014925290046451663, -0.011370407879546752], [-0.001786225295583738, -0.011370407879546752, 0.019168365167926055]]",1.765230810409767,0.689388533011467,-1.6516845547966001
2026-03-17 17:37:55,GPR_Optimization_h_mean_0.75_v_mean_0.2_20260316-064112,1368,3.799998311616628,21.129076693232957,0.0,0.9999999673456956,0.0015034577383821104,0.0,4.100814325268913,2.2194325266845437e-14,172.5960095114947,883.0752390635635,0.10830950159838586,"[[0.00843045523674871, 0.009064633667939843, -0.0012683568623822676], [0.009064633667939843, 0.014274398629222897, -0.01041952992256611], [-0.0012683568623822676, -0.01041952992256611, 0.018302346120367675]]",1.2175528695202449,0.739328475886551,-0.4564487872673874
2026-03-17 17:37:55,GPR_Optimization_h_mean_0.75_v_mean_0.2_20260316-064112,1286,3.7999983026199695,21.129076745325285,0.0,0.9999999684571118,0.0015034696795417032,0.0,4.100814325268913,1.3258157918606547e-11,172.5960095114947,914.1364749867821,0.10830950159838586,"[[0.008430453670915822, 0.009064632121511661, -0.0012683569011916766], [0.009064632121511661, 0.014274397708446044, -0.010419531173868788], [-0.0012683569011916766, -0.010419531173868788, 0.0183023485453542]]",1.2175528688498278,0.7393284709610999,-0.4564487957774558
2026-03-17 17:37:55,GPR_Optimization_h_mean_0.75_v_mean_0.2_20260316-064112,663,3.7999983019400054,21.129076525376632,0.0,0.9999999637688011,0.001503457877707714,0.0,4.100814325268913,4.14902563407819e-15,172.5960095114947,795.8920672502795,0.10830950159838586,"[[0.008430459604142822, 0.009064637822322098, -0.0012683564363585567], [0.009064637822322098, 0.01427440172393168, -0.01041952780321914], [-0.0012683564363585567, -0.01041952780321914, 0.018302342733721173]]",1.2175528679682381,0.7393284768018428,-0.45644878233279057
2026-03-17 17:37:55,GPR_Optimization_h_mean_0.75_v_mean_0.2_20260316-064112,1990,3.799998296049474,21.12907642336261,0.0,0.9999999615949735,0.001503457972002552,0.0,4.100814325268913,4.14902563407819e-15,172.5960095114947,750.8405858770211,0.10830950159838586,"[[0.008430462258948624, 0.009064640347283118, -0.0012683561766689826], [0.009064640347283118, 0.014274403604853462, -0.0104195265151407], [-0.0012683561766689826, -0.0104195265151407, 0.018302340676943436]]",1.2175528670263505,0.7393284773568287,-0.45644877933904304
2026-03-17 17:37:55,GPR_Optimization_h_mean_0.75_v_mean_0.2_20260316-064112,1870,3.799998280229828,21.12907614933669,0.0,0.9999999557557165,0.0015034582220167269,0.0,4.100814325268913,1.8572895585845393e-15,172.5960095114947,651.7426340536254,0.10830950159838586,"[[0.008430469392809746, 0.009064647131023437, -0.0012683554764273766], [0.009064647131023437, 0.014274408657571304, -0.010419523053095759], [-0.0012683554764273766, -0.010419523053095759, 0.018302335153336718]]",1.217552864504844,0.7393284788568508,-0.45644877129598627
2026-03-17 17:37:55,GPR_Optimization_h_mean_0.75_v_mean_0.2_20260316-064112,1254,3.7999982802277494,21.12907614933669,0.0,0.9999999557557169,0.0015034582240926735,0.0,4.100814325268913,4.14902563407819e-15,172.5960095114947,651.7426340536254,0.10830950159838586,"[[0.008430469392772815, 0.009064647130978444, -0.0012683554764112638], [0.009064647130978444, 0.014274408657577772, -0.010419523053198685], [-0.0012683554764112638, -0.010419523053198685, 0.018302335153574812]]",1.2175528645046443,0.7393284788560467,-0.45644877129719547
2026-03-17 17:37:55,GPR_Optimization_h_mean_0.75_v_mean_0.2_20260316-064112,1699,3.7999982802277494,21.12907614933669,0.0,0.9999999557557169,0.0015034582240926735,0.0,4.100814325268913,4.14902563407819e-15,172.5960095114947,651.7426340536254,0.10830950159838586,"[[0.008430469392772815, 0.009064647130978444, -0.0012683554764112638], [0.009064647130978444, 0.014274408657577772, -0.010419523053198685], [-0.0012683554764112638, -0.010419523053198685, 0.018302335153574812]]",1.2175528645046443,0.7393284788560467,-0.45644877129719547
2026-03-17 17:37:55,GPR_Optimization_h_mean_0.75_v_mean_0.2_20260316-064112,1466,3.7999982802277494,21.12907614933669,0.0,0.9999999557557169,0.0015034582240926735,0.0,4.100814325268913,4.14902563407819e-15,172.5960095114947,651.7426340536254,0.10830950159838586,"[[0.008430469392772815, 0.009064647130978444, -0.0012683554764112638], [0.009064647130978444, 0.014274408657577772, -0.010419523053198685], [-0.0012683554764112638, -0.010419523053198685, 0.018302335153574812]]",1.2175528645046443,0.7393284788560467,-0.45644877129719547
2026-03-17 17:37:55,GPR_Optimization_h_mean_0.75_v_mean_0.2_20260316-064112,1711,3.7999982802277494,21.12907614933669,0.0,0.9999999557557169,0.0015034582240926735,0.0,4.100814325268913,4.14902563407819e-15,172.5960095114947,651.7426340536254,0.10830950159838586,"[[0.008430469392772815, 0.009064647130978444, -0.0012683554764112638], [0.009064647130978444, 0.014274408657577772, -0.010419523053198685], [-0.0012683554764112638, -0.010419523053198685, 0.018302335153574812]]",1.2175528645046443,0.7393284788560467,-0.45644877129719547
2026-03-17 17:37:55,GPR_Optimization_h_mean_0.75_v_mean_0.2_20260316-064112,1871,3.7999982802277494,21.12907614933669,0.0,0.9999999557557169,0.0015034582240926735,0.0,4.100814325268913,4.14902563407819e-15,172.5960095114947,651.7426340536254,0.10830950159838586,"[[0.008430469392772815, 0.009064647130978444, -0.0012683554764112638], [0.009064647130978444, 0.014274408657577772, -0.010419523053198685], [-0.0012683554764112638, -0.010419523053198685, 0.018302335153574812]]",1.2175528645046443,0.7393284788560467,-0.45644877129719547
2026-03-17 17:37:58,GPR_Optimization_h_mean_0.75_v_mean_0.5_20260316-073844,1696,3.799999463398607,21.129078192407324,0.0,0.99999999998045,0.0015383554041863987,0.0,6.1505462899011905,1.486195796398067e-13,149.2786949548561,736.6352548226652,0.0013070895022724777,"[[0.00832211435008767, 0.00895810031594207, -0.0012719719317087891], [0.00895810031594207, 0.014200467237073374, -0.010484733842262594], [-0.0012719719317087891, -0.010484733842262594, 0.018425523821107626]]",1.368152013519612,0.7399199641334949,-0.7564640987722335
2026-03-17 17:37:58,GPR_Optimization_h_mean_0.75_v_mean_0.5_20260316-073844,1872,3.7999994631879446,21.129078200745713,0.0,0.999999999985546,0.0015383557429112884,0.0,6.105535024530003,4.111777124471036e-13,136.6567981117567,976.0239407944775,0.0013070895022724777,"[[0.008320982770408195, 0.008956139137698325, -0.001270312734580275], [0.008956139137698325, 0.014197145923559798, -0.010482013571722931], [-0.001270312734580275, -0.010482013571722931, 0.018423401674285304]]",1.3681595348304476,0.739924219345364,-0.756470630970167
2026-03-17 17:37:58,GPR_Optimization_h_mean_0.75_v_mean_0.5_20260316-073844,1879,3.7999994595027706,21.129078201294856,0.0,0.9999999999827579,0.0015383594246355626,0.0,7.176635563701813,2.5182510337585594e-12,137.7048361820683,976.0239407944775,0.0013070895022724777,"[[0.008326303686893792, 0.008965413634230318, -0.0012782198946730567], [0.008965413634230318, 0.0142158920484802, -0.010500956828499759], [-0.0012782198946730567, -0.010500956828499759, 0.018445473867653404]]",1.3680877452594913,0.7398985984011391,-0.7563782937167044
2026-03-17 17:37:58,GPR_Optimization_h_mean_0.75_v_mean_0.5_20260316-073844,1560,3.799999458892803,21.129078201082166,0.0,0.9999999999844043,0.0015383600339375805,0.0,6.5959810066473095,9.228243079516393e-13,136.6567981117567,976.0239407944775,0.0013070895022724777,"[[0.008319442282250707, 0.008955821655862797, -0.0012727587472241863], [0.008955821655862797, 0.014200557034423448, -0.010489470757121297], [-0.0012727587472241863, -0.010489470757121297, 0.018433424019794212]]",1.3681333314571005,0.7399194399726362,-0.7564277829689279
2026-03-17 17:37:58,GPR_Optimization_h_mean_0.75_v_mean_0.5_20260316-073844,1936,3.79999945865348,21.129078184827804,0.0,0.9999999999740864,0.0015383600218570128,0.0,6.5959810066473095,9.228243079516393e-13,136.6567981117567,587.4811227440644,0.0013070895022724777,"[[0.008319442233958998, 0.008955821580757908, -0.0012727586935978087], [0.008955821580757908, 0.014200556856535318, -0.010489470551554816], [-0.0012727586935978087, -0.010489470551554816, 0.018433423715914013]]",1.3681333315099111,0.7399194402205026,-0.7564277825788174
2026-03-17 17:37:58,GPR_Optimization_h_mean_0.75_v_mean_0.5_20260316-073844,1706,3.79999945865348,21.129078184827804,0.0,0.9999999999740864,0.0015383600218570128,0.0,6.5959810066473095,9.228243079516393e-13,136.6567981117567,587.4811227440644,0.0013070895022724777,"[[0.008319442233958998, 0.008955821580757908, -0.0012727586935978087], [0.008955821580757908, 0.014200556856535318, -0.010489470551554816], [-0.0012727586935978087, -0.010489470551554816, 0.018433423715914013]]",1.3681333315099111,0.7399194402205026,-0.7564277825788174
2026-03-17 17:37:58,GPR_Optimization_h_mean_0.75_v_mean_0.5_20260316-073844,1432,3.79999945846902,21.12907820108219,0.0,0.9999999999844041,0.0015383604570689258,0.0,6.5959810066473095,2.5182510337585594e-12,136.6567981117567,976.0239407944775,0.0013070895022724777,"[[0.008319442571958189, 0.00895582194324328, -0.0012727587425701847], [0.00895582194324328, 0.014200557901141263, -0.010489471915795993], [-0.0012727587425701847, -0.010489471915795993, 0.018433426346451582]]",1.36813333368404,0.7399194401843218,-0.7564277869994364
2026-03-17 17:37:58,GPR_Optimization_h_mean_0.75_v_mean_0.5_20260316-073844,1502,3.79999945846902,21.12907820108219,0.0,0.9999999999844041,0.0015383604570689258,0.0,6.5959810066473095,2.5182510337585594e-12,136.6567981117567,976.0239407944775,0.0013070895022724777,"[[0.008319442571958189, 0.00895582194324328, -0.0012727587425701847], [0.00895582194324328, 0.014200557901141263, -0.010489471915795993], [-0.0012727587425701847, -0.010489471915795993, 0.018433426346451582]]",1.36813333368404,0.7399194401843218,-0.7564277869994364
2026-03-17 17:37:58,GPR_Optimization_h_mean_0.75_v_mean_0.5_20260316-073844,1805,3.79999945846902,21.12907820108219,0.0,0.9999999999844041,0.0015383604570689258,0.0,6.5959810066473095,2.5182510337585594e-12,136.6567981117567,976.0239407944775,0.0013070895022724777,"[[0.008319442571958189, 0.00895582194324328, -0.0012727587425701847], [0.00895582194324328, 0.014200557901141263, -0.010489471915795993], [-0.0012727587425701847, -0.010489471915795993, 0.018433426346451582]]",1.36813333368404,0.7399194401843218,-0.7564277869994364
2026-03-17 17:37:58,GPR_Optimization_h_mean_0.75_v_mean_0.5_20260316-073844,1683,3.79999945846902,21.12907820108219,0.0,0.9999999999844041,0.0015383604570689258,0.0,6.5959810066473095,2.5182510337585594e-12,136.6567981117567,976.0239407944775,0.0013070895022724777,"[[0.008319442571958189, 0.00895582194324328, -0.0012727587425701847], [0.00895582194324328, 0.014200557901141263, -0.010489471915795993], [-0.0012727587425701847, -0.010489471915795993, 0.018433426346451582]]",1.36813333368404,0.7399194401843218,-0.7564277869994364
2026-03-17 17:38:01,GPR_Optimization_h_mean_0.75_v_mean_0.8_20260316-083615,1964,3.7999973333814685,21.129068504289368,0.0,0.9999999888319467,0.0015408712350970608,0.0,7.714503480280897,3.094847439298865e-09,25220.48625100053,799.2093355843826,0.2507764266911546,"[[0.008235395895090133, 0.008849674204607496, -0.001228556619034697], [0.008849674204607496, 0.014059628784524351, -0.010419909159833715], [-0.001228556619034697, -0.010419909159833715, 0.018382705081598043]]",1.5187471368951322,0.7405258370557992,-1.0564425996786655
2026-03-17 17:38:01,GPR_Optimization_h_mean_0.75_v_mean_0.8_20260316-083615,1903,3.7999973333814685,21.129068504289368,0.0,0.9999999888319467,0.0015408712350970608,0.0,7.714503480280897,3.094847439298865e-09,25220.48625100053,799.2093355843826,0.2507764266911546,"[[0.008235395895090133, 0.008849674204607496, -0.001228556619034697], [0.008849674204607496, 0.014059628784524351, -0.010419909159833715], [-0.001228556619034697, -0.010419909159833715, 0.018382705081598043]]",1.5187471368951322,0.7405258370557992,-1.0564425996786655
2026-03-17 17:38:01,GPR_Optimization_h_mean_0.75_v_mean_0.8_20260316-083615,1930,3.7999971176787364,21.129060709627304,0.0,0.999999979596783,0.001540883752809768,0.0,7.714503480280897,5.201172478083251e-13,25220.48625100053,443.5370608983212,0.2507764266911546,"[[0.008236075609648646, 0.008850845881002831, -0.0012295405427083593], [0.008850845881002831, 0.014061435703505055, -0.010421179645004457], [-0.0012295405427083593, -0.010421179645004457, 0.01838327820459221]]",1.5187384688917875,0.7405207424540101,-1.0564354528755548
2026-03-17 17:38:01,GPR_Optimization_h_mean_0.75_v_mean_0.8_20260316-083615,1258,3.7999971174287657,21.129068504374906,0.0,0.999999988677221,0.001540910868935916,0.0,7.714503480280897,5.201172478083251e-13,25220.48625100053,799.2093355843826,0.2507764266911546,"[[0.008235902778145688, 0.008850458474878538, -0.0012291113934657077], [0.008850458474878538, 0.014060762957445558, -0.010420608965134024], [-0.0012291113934657077, -0.010420608965134024, 0.018382995143336623]]",1.5187422297137951,0.7405226179351196,-1.0564392235573512
2026-03-17 17:38:01,GPR_Optimization_h_mean_0.75_v_mean_0.8_20260316-083615,1805,3.7999966815771096,21.129078186798086,0.0,0.9999999999513856,0.0015410246796295412,0.0,7.714503480280897,2.3916552244956657e-13,122.53937413115695,901.8984432303616,0.0011158995546688428,"[[0.008240691071420303, 0.00885716206038518, -0.001232941977929732], [0.00885716206038518, 0.014067498726487382, -0.01042067333220439], [-0.001232941977929732, -0.01042067333220439, 0.018375462708549343]]",1.518734170456633,0.7405115100164757,-1.0564453208803148
2026-03-17 17:38:01,GPR_Optimization_h_mean_0.75_v_mean_0.8_20260316-083615,1987,3.799996600340211,21.12907818679739,0.0,0.9999999999513858,0.0015410396256416918,0.0,7.714503480280897,2.2499003120720974e-10,122.53937413115695,901.8984432303616,0.0011158995546688428,"[[0.008241097563147629, 0.008857806514397782, -0.0012334179025003066], [0.008857806514397782, 0.01406863047738928, -0.010421647925983013], [-0.0012334179025003066, -0.010421647925983013, 0.01837646004696542]]",1.5187326517568476,0.7405102601090303,-1.0564447832956343
2026-03-17 17:38:01,GPR_Optimization_h_mean_0.75_v_mean_0.8_20260316-083615,414,3.799996594627851,21.129077862096636,0.0,0.9999999995936014,0.0015410395618641291,0.0,7.914254890572978,2.984262053904319e-14,410.561493760157,325.42457156767995,0.0038280270419281414,"[[0.00824221906548515, 0.00885892466402139, -0.0012334111970724638], [0.00885892466402139, 0.014068171091739167, -0.010418492855435571], [-0.0012334111970724638, -0.010418492855435571, 0.018370163316726227]]",1.5187498463888238,0.7405084817165248,-1.0564827293445975
2026-03-17 17:38:01,GPR_Optimization_h_mean_0.75_v_mean_0.8_20260316-083615,1916,3.79999647962849,21.129078179589083,0.0,0.9999999999497093,0.0015410618134593709,0.0,8.107378815568294,5.201172478083251e-13,122.53937413115695,901.8984432303616,0.0013886945676928506,"[[0.008240748884093702, 0.00885626266403851, -0.00123102755988961], [0.00885626266403851, 0.014062603113161345, -0.010412680898245657], [-0.00123102755988961, -0.010412680898245657, 0.018363306676712075]]",1.5187750391437451,0.7405205604493118,-1.056508957388867
2026-03-17 17:38:01,GPR_Optimization_h_mean_0.75_v_mean_0.8_20260316-083615,1993,3.7999964169536553,21.12907817967373,0.0,0.9999999999498322,0.0015410733447228271,0.0,8.107378815568294,5.201172478083251e-13,119.73640794965027,901.8984432303616,0.0013886945676928506,"[[0.008240950555878092, 0.008857623490753277, -0.0012333458697503605], [0.008857623490753277, 0.014065854432071166, -0.010416461882635798], [-0.0012333458697503605, -0.010416461882635798, 0.01836623202577087]]",1.5187704958422135,0.7405201698706327,-1.0565006519431617
2026-03-17 17:38:01,GPR_Optimization_h_mean_0.75_v_mean_0.8_20260316-083615,1426,3.7999964168665916,21.129078173765183,0.0,0.9999999999433853,0.0015410733404960602,0.0,8.107378815568294,5.201172478083251e-13,119.73640794965027,799.2093355843826,0.0013886945676928506,"[[0.008240950670905555, 0.008857623661134097, -0.0012333459804570817], [0.008857623661134097, 0.014065854633315441, -0.010416461944362682], [-0.0012333459804570817, -0.010416461944362682, 0.018366231927811196]]",1.5187704955334493,0.7405201696362222,-1.0565006517944542
2026-03-17 17:38:04,GPR_Optimization_h_mean_0.75_v_mean_1.1_20260316-093348,1675,3.799998976916001,21.12907815898523,0.0,0.9999999998578335,0.001547872598321285,0.0,9.978495547721854,1.929901644920148e-12,109.114767253759,885.0291854250619,0.0013939025043953677,"[[0.008212622870891221, 0.008822953111661097, -0.0012206604815397481], [0.008822953111661097, 0.014028290693433214, -0.010410675163544249], [-0.0012206604815397481, -0.010410675163544249, 0.018380029364009006]]",1.6688191890476511,0.7407663596744928,-1.3561056587463167
2026-03-17 17:38:04,GPR_Optimization_h_mean_0.75_v_mean_1.1_20260316-093348,1501,3.7999989754406447,21.129078075730007,0.0,0.9999999996802909,0.001547872536593376,0.0,9.978495547721854,1.929901644920148e-12,109.114767253759,393.5686759572093,0.0013939025043953677,"[[0.008212623464692696, 0.008822953380702736, -0.0012206598320200716], [0.008822953380702736, 0.014028290313227, -0.010410673865048516], [-0.0012206598320200716, -0.010410673865048516, 0.018380028066056892]]",1.6688191903148175,0.7407663616482759,-1.3561056573330832
2026-03-17 17:38:04,GPR_Optimization_h_mean_0.75_v_mean_1.1_20260316-093348,1723,3.7999988860175145,21.129078009714252,0.0,0.9999999995533713,0.0015479606320819494,0.0,9.978495547721854,2.6532208527288584e-15,281.608977594625,885.0291854250619,0.0045934014146780605,"[[0.008218834255921934, 0.008827589255746518, -0.0012175099996491869], [0.008827589255746518, 0.01403106977111645, -0.010406961030739847], [-0.0012175099996491869, -0.010406961030739847, 0.018378902062181318]]",1.6688286555131846,0.7407584830163205,-1.356140344993728
2026-03-17 17:38:04,GPR_Optimization_h_mean_0.75_v_mean_1.1_20260316-093348,1564,3.799998886016454,21.129078009714252,0.0,0.9999999995533713,0.001547960633140789,0.0,9.978495547721854,1.0979942664814059e-14,281.608977594625,885.0291854250619,0.0045934014146780605,"[[0.008218834257614731, 0.008827589257642356, -0.001217510000055243], [0.008827589257642356, 0.014031069774749919, -0.010406961034215135], [-0.001217510000055243, -0.010406961034215135, 0.01837890206831977]]",1.6688286555175091,0.7407584830161502,-1.3561403450027179
2026-03-17 17:38:04,GPR_Optimization_h_mean_0.75_v_mean_1.1_20260316-093348,1474,3.799998886016454,21.129078009714252,0.0,0.9999999995533713,0.001547960633140789,0.0,9.978495547721854,1.0979942664814059e-14,281.608977594625,885.0291854250619,0.0045934014146780605,"[[0.008218834257614731, 0.008827589257642356, -0.001217510000055243], [0.008827589257642356, 0.014031069774749919, -0.010406961034215135], [-0.001217510000055243, -0.010406961034215135, 0.01837890206831977]]",1.6688286555175091,0.7407584830161502,-1.3561403450027179
2026-03-17 17:38:04,GPR_Optimization_h_mean_0.75_v_mean_1.1_20260316-093348,1076,3.799998886016454,21.129078009714252,0.0,0.9999999995533713,0.001547960633140789,0.0,9.978495547721854,1.0979942664814059e-14,281.608977594625,885.0291854250619,0.0045934014146780605,"[[0.008218834257614731, 0.008827589257642356, -0.001217510000055243], [0.008827589257642356, 0.014031069774749919, -0.010406961034215135], [-0.001217510000055243, -0.010406961034215135, 0.01837890206831977]]",1.6688286555175091,0.7407584830161502,-1.3561403450027179
2026-03-17 17:38:04,GPR_Optimization_h_mean_0.75_v_mean_1.1_20260316-093348,1176,3.799998886016454,21.129078009714252,0.0,0.9999999995533713,0.001547960633140789,0.0,9.978495547721854,1.0979942664814059e-14,281.608977594625,885.0291854250619,0.0045934014146780605,"[[0.008218834257614731, 0.008827589257642356, -0.001217510000055243], [0.008827589257642356, 0.014031069774749919, -0.010406961034215135], [-0.001217510000055243, -0.010406961034215135, 0.01837890206831977]]",1.6688286555175091,0.7407584830161502,-1.3561403450027179
2026-03-17 17:38:04,GPR_Optimization_h_mean_0.75_v_mean_1.1_20260316-093348,1154,3.799998886016454,21.129078009714252,0.0,0.9999999995533713,0.001547960633140789,0.0,9.978495547721854,1.0979942664814059e-14,281.608977594625,885.0291854250619,0.0045934014146780605,"[[0.008218834257614731, 0.008827589257642356, -0.001217510000055243], [0.008827589257642356, 0.014031069774749919, -0.010406961034215135], [-0.001217510000055243, -0.010406961034215135, 0.01837890206831977]]",1.6688286555175091,0.7407584830161502,-1.3561403450027179
2026-03-17 17:38:04,GPR_Optimization_h_mean_0.75_v_mean_1.1_20260316-093348,1751,3.7999988858548264,21.129078009714156,0.0,0.9999999995533713,0.0015479607945169244,0.0,9.978495547721854,1.2799626623928983e-12,281.608977594625,885.0291854250619,0.0045934014146780605,"[[0.00821883451542624, 0.008827589546291731, -0.0012175100617309899], [0.008827589546291731, 0.01403107032812212, -0.010406961563660787], [-0.0012175100617309899, -0.010406961563660787, 0.0183789030038596]]",1.6688286561771926,0.7407584829908228,-1.35614034637274
2026-03-17 17:38:04,GPR_Optimization_h_mean_0.75_v_mean_1.1_20260316-093348,1852,3.79999888577204,21.12907800971411,0.0,0.9999999995533716,0.0015479608771756812,0.0,9.978495547721854,1.929901644920148e-12,281.608977594625,885.0291854250619,0.0045934014146780605,"[[0.008218834647340603, 0.008827589693945847, -0.0012175100932104975], [0.008827589693945847, 0.014031070611316058, -0.010406961834740394], [-0.0012175100932104975, -0.010406961834740394, 0.01837890348305979]]",1.6688286565153876,0.7407584829782079,-1.3561403470743598
2026-03-17 17:38:07,GPR_Optimization_h_mean_0.75_v_mean_1.4_20260316-103123,1920,3.799999458065088,21.12907770204697,0.0,0.9999999986758745,0.0015648660681433994,0.0,9.230210440659896,1.3709781874028857e-11,668.2650155297466,984.0774481356987,0.007599255321557547,"[[0.008186465663633126, 0.008796037721775734, -0.0012191441162852335], [0.008796037721775734, 0.014021738240578284, -0.010451401037605095], [-0.0012191441162852335, -0.010451401037605095, 0.01846451384263972]]",1.818768097255984,0.7408619306456707,-1.655812333220627
2026-03-17 17:38:07,GPR_Optimization_h_mean_0.75_v_mean_1.4_20260316-103123,1999,3.7999994518542906,21.129077399290544,0.0,0.9999999979102687,0.0015648664484638147,0.0,9.230210440659896,2.30780922125812e-11,668.2650155297466,623.5378759821779,0.007599255321557547,"[[0.00818647778340809, 0.008796061553660476, -0.0012191675405047897], [0.008796061553660476, 0.014021769652331458, -0.010451416197341974], [-0.0012191675405047897, -0.010451416197341974, 0.018464497313674375]]",1.8187680473273882,0.7408618649619103,-1.6558123647309557
2026-03-17 17:38:07,GPR_Optimization_h_mean_0.75_v_mean_1.4_20260316-103123,1971,3.7999994434745945,21.129076954308516,0.0,0.9999999967850897,0.0015648662600456311,0.0,9.230210440659896,6.52429128736616e-12,668.2650155297466,405.28734143844304,0.007599255321557547,"[[0.008186520629555182, 0.00879612761369264, -0.00121921396827492], [0.00879612761369264, 0.01402184323286566, -0.010451431238346017], [-0.00121921396827492, -0.010451431238346017, 0.018464434540142193]]",1.8187679373406496,0.740861710434707,-1.655812453811886
2026-03-17 17:38:07,GPR_Optimization_h_mean_0.75_v_mean_1.4_20260316-103123,1799,3.7999994350444766,21.12907652641666,0.0,0.9999999957030973,0.0015648664504821618,0.0,9.230210440659896,1.3709781874028857e-11,668.2650155297466,303.22891145240357,0.007599255321557547,"[[0.008186541881828605, 0.008796167508442572, -0.001219251253227932], [0.008796167508442572, 0.014021896457169178, -0.010451457897453215], [-0.001219251253227932, -0.010451457897453215, 0.018464413288450568]]",1.8187678391007678,0.7408615964360841,-1.6558124853293674
2026-03-17 17:38:07,GPR_Optimization_h_mean_0.75_v_mean_1.4_20260316-103123,1943,3.799999413417925,21.129075331728288,0.0,0.9999999926821361,0.0015648650745533539,0.0,9.230210440659896,1.1677881308783812e-14,668.2650155297466,178.03975252899426,0.007599255321557547,"[[0.008186702973993976, 0.008796426423006936, -0.001219446898025925], [0.008796426423006936, 0.014022218810619, -0.01045158477522412], [-0.001219446898025925, -0.01045158477522412, 0.018464275754396377]]",1.8187672542874564,0.740860918438152,-1.6558126716986095
2026-03-17 17:38:07,GPR_Optimization_h_mean_0.75_v_mean_1.4_20260316-103123,1903,3.799999413049168,21.129075331709682,0.0,0.9999999926821066,0.0015648654424102444,0.0,9.230210440659896,6.52429128736616e-12,668.2650155297466,178.03975252899426,0.007599255321557547,"[[0.008186685162934587, 0.008796401019178696, -0.0012194317124882032], [0.008796401019178696, 0.014022189240577973, -0.010451576442798578], [-0.0012194317124882032, -0.010451576442798578, 0.018464289460620766]]",1.8187673066392938,0.7408609791934985,-1.6558126548915904
2026-03-17 17:38:07,GPR_Optimization_h_mean_0.75_v_mean_1.4_20260316-103123,1766,3.7999994126388397,21.12907533168916,0.0,0.9999999926820737,0.001564865851739909,0.0,9.230210440659896,1.3709781874028857e-11,668.2650155297466,178.03975252899426,0.007599255321557547,"[[0.008186665843759752, 0.008796373317528703, -0.0012194149475378848], [0.008796373317528703, 0.0140221569178857, -0.010451567200713992], [-0.0012194149475378848, -0.010451567200713992, 0.018464304506352218]]",1.8187673640183015,0.7408610457415967,-1.6558126365534092
2026-03-17 17:38:07,GPR_Optimization_h_mean_0.75_v_mean_1.4_20260316-103123,1784,3.7999994126388397,21.12907533168916,0.0,0.9999999926820737,0.001564865851739909,0.0,9.230210440659896,1.3709781874028857e-11,668.2650155297466,178.03975252899426,0.007599255321557547,"[[0.008186665843759752, 0.008796373317528703, -0.0012194149475378848], [0.008796373317528703, 0.0140221569178857, -0.010451567200713992], [-0.0012194149475378848, -0.010451567200713992, 0.018464304506352218]]",1.8187673640183015,0.7408610457415967,-1.6558126365534092
2026-03-17 17:38:07,GPR_Optimization_h_mean_0.75_v_mean_1.4_20260316-103123,1359,3.7999994126388397,21.12907533168916,0.0,0.9999999926820737,0.001564865851739909,0.0,9.230210440659896,1.3709781874028857e-11,668.2650155297466,178.03975252899426,0.007599255321557547,"[[0.008186665843759752, 0.008796373317528703, -0.0012194149475378848], [0.008796373317528703, 0.0140221569178857, -0.010451567200713992], [-0.0012194149475378848, -0.010451567200713992, 0.018464304506352218]]",1.8187673640183015,0.7408610457415967,-1.6558126365534092
2026-03-17 17:38:07,GPR_Optimization_h_mean_0.75_v_mean_1.4_20260316-103123,1004,3.7999994126388397,21.12907533168916,0.0,0.9999999926820737,0.001564865851739909,0.0,9.230210440659896,1.3709781874028857e-11,668.2650155297466,178.03975252899426,0.007599255321557547,"[[0.008186665843759752, 0.008796373317528703, -0.0012194149475378848], [0.008796373317528703, 0.0140221569178857, -0.010451567200713992], [-0.0012194149475378848, -0.010451567200713992, 0.018464304506352218]]",1.8187673640183015,0.7408610457415967,-1.6558126365534092
2026-03-17 17:38:10,GPR_Optimization_h_mean_0.8_v_mean_0.2_20260316-112917,1713,3.799703771428659,21.129064778390994,0.0,0.9999996653274957,0.0014680933910853234,0.0,4.793671312593714,1.6266043699709512e-12,1435.3215946621874,870.9452848637394,1.4555158128115973,"[[0.00834288433622499, 0.008909150994247406, -0.001132533316044843], [0.008909150994247406, 0.013967560739100203, -0.010116819489705591], [-0.001132533316044843, -0.010116819489705591, 0.0179685723473215]]",1.2687259386852887,0.7899980730989414,-0.45745573117269456
2026-03-17 17:38:10,GPR_Optimization_h_mean_0.8_v_mean_0.2_20260316-112917,856,3.799703771428659,21.129064778390994,0.0,0.9999996653274957,0.0014680933910853234,0.0,4.793671312593714,1.6266043699709512e-12,1435.3215946621874,870.9452848637394,1.4555158128115973,"[[0.00834288433622499, 0.008909150994247406, -0.001132533316044843], [0.008909150994247406, 0.013967560739100203, -0.010116819489705591], [-0.001132533316044843, -0.010116819489705591, 0.0179685723473215]]",1.2687259386852887,0.7899980730989414,-0.45745573117269456
2026-03-17 17:38:10,GPR_Optimization_h_mean_0.8_v_mean_0.2_20260316-112917,1928,3.799703771428659,21.129064778390994,0.0,0.9999996653274957,0.0014680933910853234,0.0,4.793671312593714,1.6266043699709512e-12,1435.3215946621874,870.9452848637394,1.4555158128115973,"[[0.00834288433622499, 0.008909150994247406, -0.001132533316044843], [0.008909150994247406, 0.013967560739100203, -0.010116819489705591], [-0.001132533316044843, -0.010116819489705591, 0.0179685723473215]]",1.2687259386852887,0.7899980730989414,-0.45745573117269456
2026-03-17 17:38:10,GPR_Optimization_h_mean_0.8_v_mean_0.2_20260316-112917,1680,3.799703771428659,21.129064778390994,0.0,0.9999996653274957,0.0014680933910853234,0.0,4.793671312593714,1.6266043699709512e-12,1435.3215946621874,870.9452848637394,1.4555158128115973,"[[0.00834288433622499, 0.008909150994247406, -0.001132533316044843], [0.008909150994247406, 0.013967560739100203, -0.010116819489705591], [-0.001132533316044843, -0.010116819489705591, 0.0179685723473215]]",1.2687259386852887,0.7899980730989414,-0.45745573117269456
2026-03-17 17:38:10,GPR_Optimization_h_mean_0.8_v_mean_0.2_20260316-112917,1688,3.7997026983425246,21.129074500237763,0.0,0.9999999065768244,0.0014683450939043784,0.0,4.793671312593714,1.2632298298713575e-12,118.33430164526555,269.899705623767,0.12427072483752945,"[[0.008342584115634216, 0.008908908896483598, -0.0011326495616987473], [0.008908908896483598, 0.013966954680660719, -0.01011609156835423], [-0.0011326495616987473, -0.01011609156835423, 0.017966884013310952]]",1.2687289444633223,0.7900013946647433,-0.45745509959715747
2026-03-17 17:38:10,GPR_Optimization_h_mean_0.8_v_mean_0.2_20260316-112917,781,3.7996989714646876,21.12906058648428,0.0,0.9999995579877088,0.0014686118235491409,0.0,4.112331189268921,1.6266043699709512e-12,1435.3215946621874,674.8313569138596,1.4555158128115973,"[[0.008342811251704966, 0.008908080477161958, -0.0011305384509139895], [0.008908080477161958, 0.01396373773724512, -0.010111314520166345], [-0.0011305384509139895, -0.010111314520166345, 0.017961552138504717]]",1.2687454756607315,0.7900070808230644,-0.4574767896753347
2026-03-17 17:38:10,GPR_Optimization_h_mean_0.8_v_mean_0.2_20260316-112917,1955,3.799698893085327,21.1290172645513,0.0,0.9999984828519842,0.0014680703985939943,0.0,4.7924819189848265,1.2472139937821049e-14,1435.3215946621874,191.81104009570777,1.4555158128115973,"[[0.008345039424817745, 0.008912431130685405, -0.0011347834117353302], [0.008912431130685405, 0.013971000799582012, -0.010117139337793206], [-0.0011347834117353302, -0.010117139337793206, 0.017964711852115765]]",1.2687217967706528,0.7899889074257163,-0.457465778689873
2026-03-17 17:38:10,GPR_Optimization_h_mean_0.8_v_mean_0.2_20260316-112917,436,3.799698706018144,21.129057967243554,0.0,0.9999994923538859,0.001468609962293238,0.0,4.112331189268921,2.5467511738981932e-14,1435.3215946621874,587.5298932402444,1.4555158128115973,"[[0.00834290822903434, 0.008908218184074983, -0.0011306199100812808], [0.008908218184074983, 0.013963902906132192, -0.010111369444114426], [-0.0011306199100812808, -0.010111369444114426, 0.01796149906806628]]",1.2687451606974496,0.7900067994453616,-0.4574767225041761
2026-03-17 17:38:10,GPR_Optimization_h_mean_0.8_v_mean_0.2_20260316-112917,34,3.799698651160997,21.12905796744916,0.0,0.9999994923691164,0.0014686165180700244,0.0,4.112331189268921,6.121449240729405e-11,1435.3215946621874,587.5298932402444,1.4555158128115973,"[[0.008342908166921108, 0.00890821800259882, -0.0011306196713554142], [0.00890821800259882, 0.013963902702412503, -0.010111369399627344], [-0.0011306196713554142, -0.010111369399627344, 0.01796149945654387]]",1.2687451599318598,0.7900067976130781,-0.4574767246375633
2026-03-17 17:38:10,GPR_Optimization_h_mean_0.8_v_mean_0.2_20260316-112917,784,3.799698651160997,21.12905796744916,0.0,0.9999994923691164,0.0014686165180700244,0.0,4.112331189268921,6.121449240729405e-11,1435.3215946621874,587.5298932402444,1.4555158128115973,"[[0.008342908166921108, 0.00890821800259882, -0.0011306196713554142], [0.00890821800259882, 0.013963902702412503, -0.010111369399627344], [-0.0011306196713554142, -0.010111369399627344, 0.01796149945654387]]",1.2687451599318598,0.7900067976130781,-0.4574767246375633
2026-03-17 17:38:13,GPR_Optimization_h_mean_0.8_v_mean_0.5_20260316-122719,1969,3.799950320332988,21.129077083978256,0.0,0.9999999798833118,0.0015116251570715953,0.0,8.189917341564302,1.1890134404272054e-15,100.01321961241113,581.9605095859952,0.050426421058838385,"[[0.008243286489881872, 0.008822010523925453, -0.0011574480680871613], [0.008822010523925453, 0.01392061623084801, -0.010197211413845098], [-0.0011574480680871613, -0.010197211413845098, 0.018079526691515874]]",1.4190665848332726,0.7905035715296278,-0.7571260266072903
2026-03-17 17:38:13,GPR_Optimization_h_mean_0.8_v_mean_0.5_20260316-122719,1101,3.7999503202568694,21.129077083978274,0.0,0.9999999798833143,0.0015116251700310372,0.0,8.189917341564302,9.381532786043866e-15,100.01321961241113,581.9605095859952,0.050426421058838385,"[[0.008243286489589986, 0.00882201052333459, -0.0011574480674891978], [0.00882201052333459, 0.01392061623042826, -0.010197211414187331], [-0.0011574480674891978, -0.010197211414187331, 0.018079526693396242]]",1.4190665848349202,0.7905035715265667,-0.7571260266167074
2026-03-17 17:38:13,GPR_Optimization_h_mean_0.8_v_mean_0.5_20260316-122719,1673,3.7999503202568694,21.129077083978274,0.0,0.9999999798833143,0.0015116251700310372,0.0,8.189917341564302,9.381532786043866e-15,100.01321961241113,581.9605095859952,0.050426421058838385,"[[0.008243286489589986, 0.00882201052333459, -0.0011574480674891978], [0.00882201052333459, 0.01392061623042826, -0.010197211414187331], [-0.0011574480674891978, -0.010197211414187331, 0.018079526693396242]]",1.4190665848349202,0.7905035715265667,-0.7571260266167074
2026-03-17 17:38:13,GPR_Optimization_h_mean_0.8_v_mean_0.5_20260316-122719,1695,3.799949926352207,21.12907754649494,0.0,0.9999999880204934,0.0015116985188569892,0.0,8.043066473025023,1.0503154674674784e-12,100.01321961241113,980.7657562467763,0.050426421058838385,"[[0.0082435636936719, 0.008822612691261104, -0.0011580979951784302], [0.008822612691261104, 0.013921599433930548, -0.010197973485338886], [-0.0011580979951784302, -0.010197973485338886, 0.01807975098032089]]",1.4190622255096978,0.7905009871017498,-0.7571224768158964
2026-03-17 17:38:13,GPR_Optimization_h_mean_0.8_v_mean_0.5_20260316-122719,1626,3.799949895724432,21.12907708109996,0.0,0.9999999798111324,0.0015116973871346887,0.0,8.043066473025023,9.381532786043866e-15,100.01321961241113,581.9605095859952,0.050426421058838385,"[[0.008243565844440326, 0.008822618171164101, -0.0011581046534475574], [0.008822618171164101, 0.013921606440539957, -0.010197976538751716], [-0.0011581046534475574, -0.010197976538751716, 0.018079743770608312]]",1.419062196099278,0.7905009660824147,-0.7571224600337262
2026-03-17 17:38:13,GPR_Optimization_h_mean_0.8_v_mean_0.5_20260316-122719,1603,3.799949886062844,21.129077081102903,0.0,0.9999999798113577,0.0015116990319879323,0.0,8.043066473025023,1.0503154674674784e-12,100.01321961241113,581.9605095859952,0.050426421058838385,"[[0.008243565807863661, 0.008822618096661279, -0.0011581045775952232], [0.008822618096661279, 0.013921606387856044, -0.010197976582389563], [-0.0011581045775952232, -0.010197976582389563, 0.018079744009588658]]",1.4190621963076644,0.7905009656921631,-0.7571224612310028
2026-03-17 17:38:13,GPR_Optimization_h_mean_0.8_v_mean_0.5_20260316-122719,1493,3.799949886062844,21.129077081102903,0.0,0.9999999798113577,0.0015116990319879323,0.0,8.043066473025023,1.0503154674674784e-12,100.01321961241113,581.9605095859952,0.050426421058838385,"[[0.008243565807863661, 0.008822618096661279, -0.0011581045775952232], [0.008822618096661279, 0.013921606387856044, -0.010197976582389563], [-0.0011581045775952232, -0.010197976582389563, 0.018079744009588658]]",1.4190621963076644,0.7905009656921631,-0.7571224612310028
2026-03-17 17:38:13,GPR_Optimization_h_mean_0.8_v_mean_0.5_20260316-122719,1946,3.7999498727505294,21.129077086542612,0.0,0.9999999799462304,0.001511701395297149,0.0,8.357087886643468,2.97121166699184e-14,100.01321961241113,581.9605095859952,0.050426421058838385,"[[0.00824436878748984, 0.00882410014628333, -0.0011594627175869798], [0.00882410014628333, 0.01392430481497763, -0.0102004093373886], [-0.0011594627175869798, -0.0102004093373886, 0.018081893239603217]]",1.4190500748265016,0.7904949658646109,-0.7571102179237811
2026-03-17 17:38:13,GPR_Optimization_h_mean_0.8_v_mean_0.5_20260316-122719,1179,3.7999498535255296,21.12907659331819,0.0,0.9999999712070315,0.0015116979200396595,0.0,8.043066473025023,9.381532786043866e-15,100.01321961241113,408.05100408013834,0.050426421058838385,"[[0.008243568061923341, 0.008822623833184067, -0.0011581115425214421], [0.008822623833184067, 0.013921613723781298, -0.010197979781194457], [-0.0011581115425214421, -0.010197979781194457, 0.018079736477346016]]",1.4190621655412838,0.7905009436988931,-0.7571224436847814
2026-03-17 17:38:13,GPR_Optimization_h_mean_0.8_v_mean_0.5_20260316-122719,1668,3.7999498535255296,21.12907659331819,0.0,0.9999999712070315,0.0015116979200396595,0.0,8.043066473025023,9.381532786043866e-15,100.01321961241113,408.05100408013834,0.050426421058838385,"[[0.008243568061923341, 0.008822623833184067, -0.0011581115425214421], [0.008822623833184067, 0.013921613723781298, -0.010197979781194457], [-0.0011581115425214421, -0.010197979781194457, 0.018079736477346016]]",1.4190621655412838,0.7905009436988931,-0.7571224436847814
2026-03-17 17:38:16,GPR_Optimization_h_mean_0.8_v_mean_0.8_20260316-132527,1764,3.7999894154220586,21.129057418881537,0.0,0.9999998295179636,0.0015360737212644128,0.0,9.974017947343908,1.1270896992582683e-10,3890.2006013688724,819.4292222823037,0.9738063600471971,"[[0.00819268274967342, 0.008742606931095359, -0.0010998483628438978], [0.008742606931095359, 0.01380957186644867, -0.010133929870706595], [-0.0010998483628438978, -0.010133929870706595, 0.018068163015725412]]",1.5694967354654519,0.7909198359955664,-1.0571537989397706
2026-03-17 17:38:16,GPR_Optimization_h_mean_0.8_v_mean_0.8_20260316-132527,1626,3.799989293675575,21.12905741921417,0.0,0.9999998295451984,0.0015360909620297986,0.0,9.974017947343908,5.882410613889928e-10,3890.2006013688724,819.4292222823037,0.9738063600471971,"[[0.008192681887123727, 0.00874260563082542, -0.0010998474874033745], [0.00874260563082542, 0.013809571509825331, -0.010133931757999806], [-0.0010998474874033745, -0.010133931757999806, 0.018068168541192885]]",1.5694967451879565,0.7909198331655655,-1.0571538240447822
2026-03-17 17:38:16,GPR_Optimization_h_mean_0.8_v_mean_0.8_20260316-132527,427,3.7999892770872328,21.129070723833216,0.0,0.9999999386826776,0.00153617442118844,0.0,9.699554877861994,2.447549380465893e-15,574.2816168020124,337.8009324822936,0.1433913469012942,"[[0.008190976966685004, 0.008740173683896886, -0.0010983934344237336], [0.008740173683896886, 0.01380742958616891, -0.01013451180454404], [-0.0010983934344237336, -0.01013451180454404, 0.018072236740240603]]",1.5695003734335091,0.7909270735271343,-1.0571465998127492
2026-03-17 17:38:16,GPR_Optimization_h_mean_0.8_v_mean_0.8_20260316-132527,1807,3.799988902747951,21.129046489988852,0.0,0.9999997399697744,0.0015360796843383534,0.0,9.974017947343908,2.0800207128258996e-11,3890.2006013688724,537.1659918318048,0.9738063600471971,"[[0.008192785952762904, 0.008743275495962684, -0.0011009790863995756], [0.008743275495962684, 0.013810906048849275, -0.010135261105773183], [-0.0011009790863995756, -0.010135261105773183, 0.018068564038747216]]",1.5694917468294696,0.7909186955217031,-1.0571461026155329
2026-03-17 17:38:16,GPR_Optimization_h_mean_0.8_v_mean_0.8_20260316-132527,1848,3.7999882290888127,21.129058711643914,0.0,0.9999998398881124,0.0015362493529408158,0.0,9.526705739233181,4.425571205471489e-13,3890.2006013688724,888.2606394275895,0.9738063600471971,"[[0.008188644758391192, 0.008736923103160963, -0.001096556689539534], [0.008736923103160963, 0.01380354733311887, -0.010133248459915822], [-0.001096556689539534, -0.010133248459915822, 0.018073383540752573]]",1.569517700295119,0.790941926482615,-1.0571515476250077
2026-03-17 17:38:16,GPR_Optimization_h_mean_0.8_v_mean_0.8_20260316-132527,1647,3.7999879302915356,21.129052685592733,0.0,0.999999790447517,0.0015362548897989187,0.0,9.526705739233181,1.5412873190168992e-14,3890.2006013688724,678.6284395720529,0.9738063600471971,"[[0.008188697054455353, 0.008737094840895774, -0.0010967955728808517], [0.008737094840895774, 0.01380382212137855, -0.010133454560965554], [-0.0010967955728808517, -0.010133454560965554, 0.018073317976169404]]",1.569516946132447,0.790941271868216,-1.0571513485284623
2026-03-17 17:38:16,GPR_Optimization_h_mean_0.8_v_mean_0.8_20260316-132527,1960,3.7999876589383925,21.129054605524765,0.0,0.999999806281974,0.0015363050319058937,0.0,9.526705739233181,1.4387608689881938e-09,3890.2006013688724,733.7725118688305,0.9738063600471971,"[[0.00818867763174577, 0.00873703615001216, -0.0010967170365327919], [0.00873703615001216, 0.013803733481559092, -0.010133394663093891], [-0.0010967170365327919, -0.010133394663093891, 0.01807335525312218]]",1.5695172160422455,0.790941471820612,-1.0571514884432665
2026-03-17 17:38:16,GPR_Optimization_h_mean_0.8_v_mean_0.8_20260316-132527,1653,3.799987609357654,21.129039959272678,0.0,0.9999997314746634,0.0015362446953920098,0.0,9.526705739233181,1.2431684210737125e-11,3890.2006013688724,403.79497098464157,0.8868635095322295,"[[0.008186339350209673, 0.008734036433635885, -0.001095394166852439], [0.008734036433635885, 0.013799628729508056, -0.010131184591744332], [-0.001095394166852439, -0.010131184591744332, 0.018071580849783803]]",1.5695299510854088,0.7909444222483718,-1.0571710576740743
2026-03-17 17:38:16,GPR_Optimization_h_mean_0.8_v_mean_0.8_20260316-132527,1740,3.7999875369860936,21.12905863313282,0.0,0.9999998390845135,0.0015363467281923541,0.0,9.428805912252335,4.425571205471489e-13,3890.2006013688724,888.2606394275895,0.9738063600471971,"[[0.00818744340624647, 0.00873605354111624, -0.0010972202697395194], [0.00873605354111624, 0.013803945148593311, -0.01013578321495414], [-0.0010972202697395194, -0.01013578321495414, 0.01807712589042927]]",1.5695089186188929,0.790937872342569,-1.0571420925526482
2026-03-17 17:38:16,GPR_Optimization_h_mean_0.8_v_mean_0.8_20260316-132527,1418,3.7999875369860936,21.12905863313282,0.0,0.9999998390845135,0.0015363467281923541,0.0,9.428805912252335,4.425571205471489e-13,3890.2006013688724,888.2606394275895,0.9738063600471971,"[[0.00818744340624647, 0.00873605354111624, -0.0010972202697395194], [0.00873605354111624, 0.013803945148593311, -0.01013578321495414], [-0.0010972202697395194, -0.01013578321495414, 0.01807712589042927]]",1.5695089186188929,0.790937872342569,-1.0571420925526482
2026-03-17 17:38:19,GPR_Optimization_h_mean_0.8_v_mean_1.1_20260316-142401,1726,3.7999999909353055,21.12907808518642,0.0,0.999999999845531,0.0015393693776965633,0.0,9.21171430271504,2.2012442663127617e-10,537.5960616582701,961.7574626378208,0.005027155438630074,"[[0.008172437853721504, 0.0087193730698705, -0.001093870432298008], [0.0087193730698705, 0.01375126888031791, -0.010063791620894822], [-0.001093870432298008, -0.010063791620894822, 0.017939842377193635]]",1.719910223341121,0.7912155734743305,-1.357389299733581
2026-03-17 17:38:19,GPR_Optimization_h_mean_0.8_v_mean_1.1_20260316-142401,1278,3.799999990457728,21.129078054914427,0.0,0.9999999998122396,0.0015393693589055618,0.0,9.21171430271504,2.2012442663127617e-10,537.5960616582701,791.242291786613,0.005027155438630074,"[[0.008172437654417044, 0.008719372768604329, -0.0010938702283745637], [0.008719372768604329, 0.013751268374028664, -0.010063791210848693], [-0.0010938702283745637, -0.010063791210848693, 0.017939841964948224]]",1.719910224016549,0.7912155744283661,-1.3573892991763656
2026-03-17 17:38:19,GPR_Optimization_h_mean_0.8_v_mean_1.1_20260316-142401,1009,3.799999990457728,21.129078054914427,0.0,0.9999999998122396,0.0015393693589055618,0.0,9.21171430271504,2.2012442663127617e-10,537.5960616582701,791.242291786613,0.005027155438630074,"[[0.008172437654417044, 0.008719372768604329, -0.0010938702283745637], [0.008719372768604329, 0.013751268374028664, -0.010063791210848693], [-0.0010938702283745637, -0.010063791210848693, 0.017939841964948224]]",1.719910224016549,0.7912155744283661,-1.3573892991763656
2026-03-17 17:38:19,GPR_Optimization_h_mean_0.8_v_mean_1.1_20260316-142401,1438,3.799999990457728,21.129078054914427,0.0,0.9999999998122396,0.0015393693589055618,0.0,9.21171430271504,2.2012442663127617e-10,537.5960616582701,791.242291786613,0.005027155438630074,"[[0.008172437654417044, 0.008719372768604329, -0.0010938702283745637], [0.008719372768604329, 0.013751268374028664, -0.010063791210848693], [-0.0010938702283745637, -0.010063791210848693, 0.017939841964948224]]",1.719910224016549,0.7912155744283661,-1.3573892991763656
2026-03-17 17:38:19,GPR_Optimization_h_mean_0.8_v_mean_1.1_20260316-142401,1840,3.799999990018406,21.129078027066985,0.0,0.999999999781617,0.0015393693416190523,0.0,9.21171430271504,2.2012442663127617e-10,537.5960616582701,680.2900187054552,0.005027155438630074,"[[0.008172437471075267, 0.00871937249146324, -0.0010938700407759432], [0.00871937249146324, 0.013751267908284395, -0.010063790833642271], [-0.0010938700407759432, -0.010063790833642271, 0.017939841585732693]]",1.7199102246379074,0.7912155753060307,-1.3573892986637535
2026-03-17 17:38:19,GPR_Optimization_h_mean_0.8_v_mean_1.1_20260316-142401,1472,3.799999990018406,21.129078027066985,0.0,0.999999999781617,0.0015393693416190523,0.0,9.21171430271504,2.2012442663127617e-10,537.5960616582701,680.2900187054552,0.005027155438630074,"[[0.008172437471075267, 0.00871937249146324, -0.0010938700407759432], [0.00871937249146324, 0.013751267908284395, -0.010063790833642271], [-0.0010938700407759432, -0.010063790833642271, 0.017939841585732693]]",1.7199102246379074,0.7912155753060307,-1.3573892986637535
2026-03-17 17:38:19,GPR_Optimization_h_mean_0.8_v_mean_1.1_20260316-142401,1170,3.799999983275274,21.129077599636894,0.0,0.9999999993115711,0.001539369076226021,0.0,9.21171430271504,2.2012442663127617e-10,537.5960616582701,215.80554507906612,0.005027155438630074,"[[0.00817243465682132, 0.008719368236948579, -0.0010938671602545257], [0.008719368236948579, 0.013751260758742325, -0.010063785043587504], [-0.0010938671602545257, -0.010063785043587504, 0.01793983576666594]]",1.719910234178743,0.791215588782459,-1.3573892907925682
2026-03-17 17:38:19,GPR_Optimization_h_mean_0.8_v_mean_1.1_20260316-142401,1976,3.799999979683008,21.12907816182136,0.0,0.9999999999272898,0.0015393818623607785,0.0,9.825642024393682,6.675715010923706e-15,232.59538617945836,946.5708330782272,0.0023690741251862824,"[[0.008171509374274185, 0.008716598366855125, -0.0010901779851618873], [0.008716598366855125, 0.013744447391847344, -0.010055698049984428], [-0.0010901779851618873, -0.010055698049984428, 0.01793104012964509]]",1.7199243163514566,0.7912188687992064,-1.3574108951045
2026-03-17 17:38:19,GPR_Optimization_h_mean_0.8_v_mean_1.1_20260316-142401,1868,3.799999977826669,21.129076931079123,0.0,0.9999999985247453,0.001539363467347919,0.0,9.825642024393682,4.037767926832188e-13,286.5308011733402,58.61051921025164,0.002980678044753846,"[[0.008171430675183989, 0.008716527400895981, -0.0010901934514240057], [0.008716527400895981, 0.013744854278618416, -0.010056653755444872], [-0.0010901934514240057, -0.010056653755444872, 0.017932920608041723]]",1.7199212045891654,0.7912188016178209,-1.3574048059426884
2026-03-17 17:38:19,GPR_Optimization_h_mean_0.8_v_mean_1.1_20260316-142401,1850,3.7999999714542554,21.129076931061952,0.0,0.9999999985245348,0.0015393698292881842,0.0,9.825642024393682,5.694876710647815e-11,286.5308011733402,58.61051921025164,0.002980678044753846,"[[0.008171428157729128, 0.008716517230274244, -0.0010901781450902144], [0.008716517230274244, 0.01374484593832292, -0.010056657416097353], [-0.0010901781450902144, -0.010056657416097353, 0.017932958542014297]]",1.7199212853194965,0.7912188488235442,-1.3574048729919053
2026-03-17 17:38:22,GPR_Optimization_h_mean_0.8_v_mean_1.4_20260316-152229,1815,3.7999908099291213,21.129078114037203,0.0,0.9999999998185898,0.0015436136362675633,0.0,9.945579140194104,1.3235758886075989e-14,174.79172257438057,636.1090476373946,0.0018503816649227066,"[[0.008155048527761003, 0.00867783321040587, -0.0010455693652897122], [0.00867783321040587, 0.01366998212886831, -0.009984297836924904], [-0.0010455693652897122, -0.009984297836924904, 0.01787745694327038]]",1.870213674882907,0.7914507542525778,-1.6575258412606584
2026-03-17 17:38:22,GPR_Optimization_h_mean_0.8_v_mean_1.4_20260316-152229,1573,3.7999908099291213,21.129078114037203,0.0,0.9999999998185898,0.0015436136362675633,0.0,9.945579140194104,1.3235758886075989e-14,174.79172257438057,636.1090476373946,0.0018503816649227066,"[[0.008155048527761003, 0.00867783321040587, -0.0010455693652897122], [0.00867783321040587, 0.01366998212886831, -0.009984297836924904], [-0.0010455693652897122, -0.009984297836924904, 0.01787745694327038]]",1.870213674882907,0.7914507542525778,-1.6575258412606584
2026-03-17 17:38:22,GPR_Optimization_h_mean_0.8_v_mean_1.4_20260316-152229,1180,3.7999908097602515,21.12907811403718,0.0,0.9999999998185896,0.0015436138048775029,0.0,9.945579140194104,1.0490636480339077e-12,174.79172257438057,636.1090476373946,0.0018503816649227066,"[[0.008155048397650373, 0.008677832733013037, -0.0010455686707253442], [0.008677832733013037, 0.013669981605498262, -0.009984297744970418], [-0.0010455686707253442, -0.009984297744970418, 0.017877458148490153]]",1.8702136776720217,0.791450756056991,-1.6575258432300617
2026-03-17 17:38:22,GPR_Optimization_h_mean_0.8_v_mean_1.4_20260316-152229,1513,3.7999907870752185,21.12907811403505,0.0,0.9999999998185597,0.001543636455012307,0.0,9.945579140194104,1.3871949852756056e-10,174.79172257438057,636.1090476373946,0.0018503816649227066,"[[0.008155031547203368, 0.008677769974897933, -0.0010454768553891578], [0.008677769974897933, 0.013669913458390545, -0.009984286966985206], [-0.0010454768553891578, -0.009984286966985206, 0.01787762022319209]]",1.8702140458550478,0.7914509952515498,-1.657526101206996
2026-03-17 17:38:22,GPR_Optimization_h_mean_0.8_v_mean_1.4_20260316-152229,1611,3.7999907870752185,21.12907811403505,0.0,0.9999999998185597,0.001543636455012307,0.0,9.945579140194104,1.3871949852756056e-10,174.79172257438057,636.1090476373946,0.0018503816649227066,"[[0.008155031547203368, 0.008677769974897933, -0.0010454768553891578], [0.008677769974897933, 0.013669913458390545, -0.009984286966985206], [-0.0010454768553891578, -0.009984286966985206, 0.01787762022319209]]",1.8702140458550478,0.7914509952515498,-1.657526101206996
2026-03-17 17:38:22,GPR_Optimization_h_mean_0.8_v_mean_1.4_20260316-152229,1570,3.7999907870752185,21.12907811403505,0.0,0.9999999998185597,0.001543636455012307,0.0,9.945579140194104,1.3871949852756056e-10,174.79172257438057,636.1090476373946,0.0018503816649227066,"[[0.008155031547203368, 0.008677769974897933, -0.0010454768553891578], [0.008677769974897933, 0.013669913458390545, -0.009984286966985206], [-0.0010454768553891578, -0.009984286966985206, 0.01787762022319209]]",1.8702140458550478,0.7914509952515498,-1.657526101206996
2026-03-17 17:38:22,GPR_Optimization_h_mean_0.8_v_mean_1.4_20260316-152229,1315,3.7999907870752185,21.12907811403505,0.0,0.9999999998185597,0.001543636455012307,0.0,9.945579140194104,1.3871949852756056e-10,174.79172257438057,636.1090476373946,0.0018503816649227066,"[[0.008155031547203368, 0.008677769974897933, -0.0010454768553891578], [0.008677769974897933, 0.013669913458390545, -0.009984286966985206], [-0.0010454768553891578, -0.009984286966985206, 0.01787762022319209]]",1.8702140458550478,0.7914509952515498,-1.657526101206996
2026-03-17 17:38:22,GPR_Optimization_h_mean_0.8_v_mean_1.4_20260316-152229,1530,3.7999907524849394,21.12907286887502,0.0,0.9999999918339947,0.001543580688759591,0.0,9.945579140194104,2.3007220512325053e-15,4927.2699918894805,636.1090476373946,0.09207686432616773,"[[0.008150046896687049, 0.0086650715413876, -0.0010300492894011301], [0.0086650715413876, 0.013645103265832877, -0.009960063448890503], [-0.0010300492894011301, -0.009960063448890503, 0.01786002831897876]]",1.870306805849506,0.7915034981742262,-1.6576066153505602
2026-03-17 17:38:22,GPR_Optimization_h_mean_0.8_v_mean_1.4_20260316-152229,1759,3.7999906745520726,21.12907437856643,0.0,0.9999999941052637,0.0015436844399866678,0.0,9.874117648528356,2.4897701427248696e-13,4927.2699918894805,891.2961504665357,0.09207686432616773,"[[0.008151455312792552, 0.008667248470300974, -0.0010315863150168443], [0.008667248470300974, 0.01364905941306176, -0.009963621885521563], [-0.0010315863150168443, -0.009963621885521563, 0.017864071141009418]]",1.870300622522105,0.7915013958072676,-1.657598453429675
2026-03-17 17:38:22,GPR_Optimization_h_mean_0.8_v_mean_1.4_20260316-152229,1246,3.799990648874349,21.12907283527178,0.0,0.9999999917406023,0.001543683477486411,0.0,9.874117648528356,1.6136139907244055e-14,4927.2699918894805,636.1090476373946,0.09207686432616773,"[[0.008151458080460045, 0.008667250946703058, -0.001031585732486009], [0.008667250946703058, 0.013649056685188182, -0.009963611476970257], [-0.001031585732486009, -0.009963611476970257, 0.017864051488968476]]",1.8703006206261008,0.7915014034055339,-1.657598434441133
2026-03-17 17:38:25,GPR_Optimization_h_mean_0.85_v_mean_0.2_20260316-162052,747,3.7999540998335153,21.12905817421248,0.0,0.999999485343132,0.0014429539719111868,0.0,4.138423977588367,5.98881405882601e-14,119.06341731819543,46.60000770747437,0.21061237487731607,"[[0.008262276604821596, 0.008766650632805106, -0.0010087480559670171], [0.008766650632805106, 0.013696984527989398, -0.009860667790368583], [-0.0010087480559670171, -0.009860667790368583, 0.017703839468803127]]",1.3197066668919002,0.840546065688835,-0.4583212024061303
2026-03-17 17:38:25,GPR_Optimization_h_mean_0.85_v_mean_0.2_20260316-162052,1134,3.7999540738231743,21.129076304129597,0.0,0.9999999505531716,0.0014432089024779212,0.0,3.9977826944403656,6.779236655068599e-14,173.40356362414238,699.1141654022055,0.2978094893443078,"[[0.008262360475239235, 0.008766440511207724, -0.001008160071936953], [0.008766440511207724, 0.013696205511730734, -0.00985953000104604], [-0.001008160071936953, -0.00985953000104604, 0.017702739858218186]]",1.3197081736755023,0.8405460829492291,-0.4583241814525468
2026-03-17 17:38:25,GPR_Optimization_h_mean_0.85_v_mean_0.2_20260316-162052,1771,3.7999537849743805,21.129076429055157,0.0,0.9999999537255124,0.001443249154964511,0.0,3.9290427916793957,1.3285829345883393e-14,173.40356362414238,754.0126463544498,0.2978094893443078,"[[0.008262428326327191, 0.008766606760734224, -0.0010083568688140625], [0.008766606760734224, 0.013696443707691509, -0.009859673893914605], [-0.0010083568688140625, -0.009859673893914605, 0.017702634050201074]]",1.3197089001013949,0.840546711123236,-0.45832437795631775
2026-03-17 17:38:25,GPR_Optimization_h_mean_0.85_v_mean_0.2_20260316-162052,1198,3.7999537849743805,21.129076429055157,0.0,0.9999999537255124,0.001443249154964511,0.0,3.9290427916793957,1.3285829345883393e-14,173.40356362414238,754.0126463544498,0.2978094893443078,"[[0.008262428326327191, 0.008766606760734224, -0.0010083568688140625], [0.008766606760734224, 0.013696443707691509, -0.009859673893914605], [-0.0010083568688140625, -0.009859673893914605, 0.017702634050201074]]",1.3197089001013949,0.840546711123236,-0.45832437795631775
2026-03-17 17:38:25,GPR_Optimization_h_mean_0.85_v_mean_0.2_20260316-162052,1622,3.7999537846592104,21.12907642905527,0.0,0.9999999537255205,0.0014432491970135563,0.0,3.9290427916793957,6.779236655068599e-14,173.40356362414238,754.0126463544498,0.2978094893443078,"[[0.008262428325823556, 0.008766606759554787, -0.001008356867462475], [0.008766606759554787, 0.013696443706103232, -0.00985967389309686], [-0.001008356867462475, -0.00985967389309686, 0.017702634051268793]]",1.3197089000931308,0.8405467111113016,-0.4583243779636584
2026-03-17 17:38:25,GPR_Optimization_h_mean_0.85_v_mean_0.2_20260316-162052,1557,3.7999537846592104,21.12907642905527,0.0,0.9999999537255205,0.0014432491970135563,0.0,3.9290427916793957,6.779236655068599e-14,173.40356362414238,754.0126463544498,0.2978094893443078,"[[0.008262428325823556, 0.008766606759554787, -0.001008356867462475], [0.008766606759554787, 0.013696443706103232, -0.00985967389309686], [-0.001008356867462475, -0.00985967389309686, 0.017702634051268793]]",1.3197089000931308,0.8405467111113016,-0.4583243779636584
2026-03-17 17:38:25,GPR_Optimization_h_mean_0.85_v_mean_0.2_20260316-162052,1747,3.7999537083284105,21.12907563714409,0.0,0.999999933328369,0.0014432483635895936,0.0,3.9290427916793957,6.779236655068599e-14,173.40356362414238,523.307288905079,0.2978094893443078,"[[0.008262429640438888, 0.00876660966667208, -0.0010083600524663843], [0.00876660966667208, 0.0136964439907878, -0.009859668648231425], [-0.0010083600524663843, -0.009859668648231425, 0.017702617191530073]]",1.3197088650608801,0.8405466865759171,-0.45832435696992563
2026-03-17 17:38:25,GPR_Optimization_h_mean_0.85_v_mean_0.2_20260316-162052,773,3.7999537083284105,21.12907563714409,0.0,0.999999933328369,0.0014432483635895936,0.0,3.9290427916793957,6.779236655068599e-14,173.40356362414238,523.307288905079,0.2978094893443078,"[[0.008262429640438888, 0.00876660966667208, -0.0010083600524663843], [0.00876660966667208, 0.0136964439907878, -0.009859668648231425], [-0.0010083600524663843, -0.009859668648231425, 0.017702617191530073]]",1.3197088650608801,0.8405466865759171,-0.45832435696992563
2026-03-17 17:38:25,GPR_Optimization_h_mean_0.85_v_mean_0.2_20260316-162052,1639,3.799953636953386,21.129076429107997,0.0,0.9999999537295055,0.0014432689035486289,0.0,3.9290427916793957,2.5612317545540425e-11,173.40356362414238,754.0126463544498,0.2978094893443078,"[[0.008262428089759372, 0.008766606206777713, -0.0010083562340366713], [0.008766606206777713, 0.013696442961713368, -0.009859673509871329], [-0.0010083562340366713, -0.009859673509871329, 0.017702634551669323]]",1.3197088962203514,0.8405467055184099,-0.4583243814038831
2026-03-17 17:38:25,GPR_Optimization_h_mean_0.85_v_mean_0.2_20260316-162052,1145,3.79995351868553,21.129076007191085,0.0,0.9999999428303366,0.00144327879822656,0.0,3.8931326528888537,6.091694339317014e-12,173.40356362414238,613.3856765687311,0.2978094893443078,"[[0.008262465836722119, 0.00876669946294422, -0.0010084672524442086], [0.00876669946294422, 0.01369657457454475, -0.009859750223201064], [-0.0010084672524442086, -0.009859750223201064, 0.01770256594151372]]",1.3197092784557416,0.8405470430860936,-0.45832447073929605
2026-03-17 17:38:28,GPR_Optimization_h_mean_0.85_v_mean_0.5_20260316-171849,1969,3.7999993578657305,21.129076753611372,0.0,0.9999999643846783,0.001470353856623656,0.0,7.469264930157508,5.657371465981418e-14,190.6719271765132,981.4269819072691,0.18722977236827537,"[[0.008192883819101734, 0.0087100745326229, -0.0010343814270423245], [0.0087100745326229, 0.013671885034348897, -0.009923621003452012], [-0.0010343814270423245, -0.009923621003452012, 0.01777847915281936]]",1.4700346049424229,0.8410324192665297,-0.758004371351787
2026-03-17 17:38:28,GPR_Optimization_h_mean_0.85_v_mean_0.5_20260316-171849,1204,3.79999860982786,21.129076289975945,0.0,0.9999999540280833,0.0014710735390532125,0.0,8.263832528698437,6.727362478492897e-15,260.2691102010531,926.8279443910269,0.24378811921185373,"[[0.00819176640532955, 0.008707456328946183, -0.0010313798472332695], [0.008707456328946183, 0.013667782598624698, -0.009920652539357044], [-0.0010313798472332695, -0.009920652539357044, 0.01777854538424757]]",1.4700278297997083,0.8410278237258018,-0.7580000121478128
2026-03-17 17:38:28,GPR_Optimization_h_mean_0.85_v_mean_0.5_20260316-171849,1966,3.7999983210110804,21.12907668395876,0.0,0.9999999625048037,0.001471384445571946,0.0,6.802940013768899,6.118876542852009e-14,190.6719271765132,981.4269819072691,0.18722977236827537,"[[0.008192229339963296, 0.0087100721122004, -0.0010356855444742334], [0.0087100721122004, 0.013672555173412957, -0.00992496612242508], [-0.0010356855444742334, -0.00992496612242508, 0.01777856115590171]]",1.4700350773674196,0.8410351647161126,-0.7579998253026138
2026-03-17 17:38:28,GPR_Optimization_h_mean_0.85_v_mean_0.5_20260316-171849,1406,3.7999979755181217,21.12907626050443,0.0,0.999999951835629,0.0014717021201817665,0.0,9.871157092036386,4.0977109478887096e-12,223.90554533827034,895.7869291804021,0.24378811921185373,"[[0.00819145225314989, 0.008707973023080302, -0.0010330415398608313], [0.008707973023080302, 0.013669073271960845, -0.009922200497761071], [-0.0010330415398608313, -0.009922200497761071, 0.01777831791580048]]",1.470043310824503,0.8410390244382634,-0.7580085727724789
2026-03-17 17:38:28,GPR_Optimization_h_mean_0.85_v_mean_0.5_20260316-171849,1671,3.7999979755181217,21.12907626050443,0.0,0.999999951835629,0.0014717021201817665,0.0,9.871157092036386,4.0977109478887096e-12,223.90554533827034,895.7869291804021,0.24378811921185373,"[[0.00819145225314989, 0.008707973023080302, -0.0010330415398608313], [0.008707973023080302, 0.013669073271960845, -0.009922200497761071], [-0.0010330415398608313, -0.009922200497761071, 0.01777831791580048]]",1.470043310824503,0.8410390244382634,-0.7580085727724789
2026-03-17 17:38:28,GPR_Optimization_h_mean_0.85_v_mean_0.5_20260316-171849,1925,3.799997890849696,21.129062524446937,0.0,0.9999996232024742,0.0014709356199410551,0.0,8.60518012800916,6.232532443556271e-10,190.6719271765132,87.22180550541115,0.18722977236827537,"[[0.008191187890145887, 0.008706969915789111, -0.0010315640512864527], [0.008706969915789111, 0.013666811089937544, -0.009919682348296854], [-0.0010315640512864527, -0.009919682348296854, 0.01777623659402083]]",1.4700425509844863,0.8410334039006196,-0.7580182941677335
2026-03-17 17:38:28,GPR_Optimization_h_mean_0.85_v_mean_0.5_20260316-171849,1741,3.7999978127390657,21.1290766850208,0.0,0.9999999625885543,0.0014718921528381473,0.0,6.802940013768899,6.232532443556271e-10,190.6719271765132,981.4269819072691,0.18722977236827537,"[[0.008192227194189317, 0.008710061738504507, -0.001035669088630384], [0.008710061738504507, 0.013672544282210028, -0.009924965087411062], [-0.001035669088630384, -0.009924965087411062, 0.017778591997561363]]",1.470035016919296,0.8410350196074702,-0.7579999946236515
2026-03-17 17:38:28,GPR_Optimization_h_mean_0.85_v_mean_0.5_20260316-171849,1932,3.7999978127390657,21.1290766850208,0.0,0.9999999625885543,0.0014718921528381473,0.0,6.802940013768899,6.232532443556271e-10,190.6719271765132,981.4269819072691,0.18722977236827537,"[[0.008192227194189317, 0.008710061738504507, -0.001035669088630384], [0.008710061738504507, 0.013672544282210028, -0.009924965087411062], [-0.001035669088630384, -0.009924965087411062, 0.017778591997561363]]",1.470035016919296,0.8410350196074702,-0.7579999946236515
2026-03-17 17:38:28,GPR_Optimization_h_mean_0.85_v_mean_0.5_20260316-171849,1997,3.7999977134473006,21.12906675833858,0.0,0.9999997211078302,0.0014713683108079636,0.0,6.802940013768899,5.199274667891665e-13,190.6719271765132,131.89957507028572,0.18722977236827537,"[[0.008190944084901793, 0.008708273121672437, -0.001034658073541272], [0.008708273121672437, 0.013669634235871983, -0.009922722228399128], [-0.001034658073541272, -0.009922722228399128, 0.017776128309715717]]",1.4700458192094514,0.8410396080570726,-0.7580124223047573
2026-03-17 17:38:28,GPR_Optimization_h_mean_0.85_v_mean_0.5_20260316-171849,1337,3.799997682287327,21.12907616202317,0.0,0.9999999484590788,0.0014719867805851365,0.0,8.263832528698437,1.947879579859109e-14,209.59629706129562,895.7869291804021,0.24378811921185373,"[[0.008190238908102767, 0.008707242384207418, -0.0010340069522093108], [0.008707242384207418, 0.01366833068869894, -0.00992217660898302], [-0.0010340069522093108, -0.00992217660898302, 0.017776339313547374]]",1.4700732819165523,0.8410645240340155,-0.7580175157650736
2026-03-17 17:38:31,GPR_Optimization_h_mean_0.85_v_mean_0.8_20260316-181637,1654,3.7999660412839624,21.129077115384707,0.0,0.9999999786241484,0.0015011529002684615,0.0,9.467497473844544,8.852588426207009e-14,133.65281178355312,768.988983025356,0.07699736609870754,"[[0.008150207666312421, 0.00866180651188298, -0.0010231976911410916], [0.00866180651188298, 0.013619667350527, -0.009915721677288056], [-0.0010231976911410916, -0.009915721677288056, 0.017785047972293924]]",1.6202163052087912,0.8413149643571726,-1.0578026817032373
2026-03-17 17:38:31,GPR_Optimization_h_mean_0.85_v_mean_0.8_20260316-181637,1775,3.799965592595458,21.12906878074587,0.0,0.9999998181588698,0.0015011623055064638,0.0,9.467497473844544,1.8063511307404474e-12,133.65281178355312,90.3778645716007,0.07699736609870754,"[[0.00815038575187277, 0.008662124742824412, -0.001023477981903286], [0.008662124742824412, 0.013620095099762294, -0.00991594071387577], [-0.001023477981903286, -0.00991594071387577, 0.01778492546394497]]",1.6202153980409972,0.8413141529993198,-1.057802490083355
2026-03-17 17:38:31,GPR_Optimization_h_mean_0.85_v_mean_0.8_20260316-181637,1390,3.799963349834809,21.12900826776315,0.0,0.9999985514358589,0.0015000141172487797,0.0,9.467497473844544,1.547747781969761e-15,7316.62182272276,767.6254868609537,4.70650645211314,"[[0.008149127597021171, 0.00865857214289928, -0.0010188890917562105], [0.00865857214289928, 0.013611938384180006, -0.009906732482561447], [-0.0010188890917562105, -0.009906732482561447, 0.017775686781610497]]",1.6202501369718747,0.8413294783721825,-1.0578413171993843
2026-03-17 17:38:31,GPR_Optimization_h_mean_0.85_v_mean_0.8_20260316-181637,1313,3.799962445298778,21.12900274494623,0.0,0.9999983820637675,0.001500500778570649,0.0,9.467497473844544,1.8063511307404474e-12,7316.62182272276,767.6254868609537,4.999951570095337,"[[0.008150317552323615, 0.008661390347891226, -0.0010221455911352093], [0.008661390347891226, 0.013616322067741844, -0.009909863439701214], [-0.0010221455911352093, -0.009909863439701214, 0.017775435697132018]]",1.6202479034115285,0.8413331729884167,-1.0578294608462238
2026-03-17 17:38:31,GPR_Optimization_h_mean_0.85_v_mean_0.8_20260316-181637,1102,3.799962445298778,21.12900274494623,0.0,0.9999983820637675,0.001500500778570649,0.0,9.467497473844544,1.8063511307404474e-12,7316.62182272276,767.6254868609537,4.999951570095337,"[[0.008150317552323615, 0.008661390347891226, -0.0010221455911352093], [0.008661390347891226, 0.013616322067741844, -0.009909863439701214], [-0.0010221455911352093, -0.009909863439701214, 0.017775435697132018]]",1.6202479034115285,0.8413331729884167,-1.0578294608462238
2026-03-17 17:38:31,GPR_Optimization_h_mean_0.85_v_mean_0.8_20260316-181637,1228,3.799962445298778,21.12900274494623,0.0,0.9999983820637675,0.001500500778570649,0.0,9.467497473844544,1.8063511307404474e-12,7316.62182272276,767.6254868609537,4.999951570095337,"[[0.008150317552323615, 0.008661390347891226, -0.0010221455911352093], [0.008661390347891226, 0.013616322067741844, -0.009909863439701214], [-0.0010221455911352093, -0.009909863439701214, 0.017775435697132018]]",1.6202479034115285,0.8413331729884167,-1.0578294608462238
2026-03-17 17:38:31,GPR_Optimization_h_mean_0.85_v_mean_0.8_20260316-181637,1200,3.7999624449580893,21.129002744982905,0.0,0.9999983820667032,0.0015005011251418194,0.0,9.467497473844544,1.829093273379153e-11,7316.62182272276,767.6254868609537,4.999951570095337,"[[0.008150317526773523, 0.008661390309233036, -0.0010221455649190385], [0.008661390309233036, 0.013616322025720008, -0.009909863432973913], [-0.0010221455649190385, -0.009909863432973913, 0.017775435736109752]]",1.620247903447502,0.841333172933609,-1.0578294610277863
2026-03-17 17:38:31,GPR_Optimization_h_mean_0.85_v_mean_0.8_20260316-181637,1752,3.799962433076569,21.129077150849465,0.0,0.9999999811499843,0.0015047613603961954,0.0,9.467497473844544,2.732619839976647e-10,150.3197561406558,767.6254868609537,0.07699736609870754,"[[0.008150382007923998, 0.008661486083645515, -0.0010222081514430477], [0.008661486083645515, 0.01362016624084255, -0.009917360314394077], [-0.0010222081514430477, -0.009917360314394077, 0.01779030432590204]]",1.62020757008621,0.8413025449259114,-1.0578100503205972
2026-03-17 17:38:31,GPR_Optimization_h_mean_0.85_v_mean_0.8_20260316-181637,1900,3.799961805193618,21.129002939561943,0.0,0.9999983899259076,0.001501158404895944,0.0,9.467497473844544,3.1243375761261174e-08,7316.62182272276,768.988983025356,4.999951570095337,"[[0.008150270112830664, 0.008661317429771892, -0.0010220946338824447], [0.008661317429771892, 0.013616242386940779, -0.00990984991433777], [-0.0010220946338824447, -0.00990984991433777, 0.017775510560910642]]",1.620247977453289,0.8413330728534283,-1.0578298091997214
2026-03-17 17:38:31,GPR_Optimization_h_mean_0.85_v_mean_0.8_20260316-181637,1066,3.7999614732319005,21.12907079098656,0.0,0.9999998312227378,0.0015053302145170801,0.0,9.399379091062421,2.1761407024829037e-11,707.9167134739788,876.3993867690117,0.5434704512497368,"[[0.008153308644586268, 0.008667371330834171, -0.0010281253724958124], [0.008667371330834171, 0.013626566189529876, -0.009918389717391424], [-0.0010281253724958124, -0.009918389717391424, 0.017780528689791218]]",1.6202506424944771,0.841351623191154,-1.0577980386066466
2026-03-17 17:38:34,GPR_Optimization_h_mean_0.85_v_mean_1.1_20260316-191441,1348,3.799991730526879,21.129077458303243,0.0,0.9999999890729329,0.0015277194076169863,0.0,9.976905796757991,8.365003252587577e-11,103.72640571098903,846.0399212188792,0.040540645602337624,"[[0.008131221967073086, 0.00862540754317098, -0.000988371152195798], [0.00862540754317098, 0.013546233440281047, -0.009841651794220113], [-0.000988371152195798, -0.009841651794220113, 0.01770656128404863]]",1.770546289235564,0.8415404993057067,-1.3580115798597148
2026-03-17 17:38:34,GPR_Optimization_h_mean_0.85_v_mean_1.1_20260316-191441,1950,3.7999906420879674,21.129074505050617,0.0,0.9999999585616074,0.0015278589694242672,0.0,9.976905796757991,5.356912558711991e-15,110.56066427927408,143.77104151946105,0.035377055520414626,"[[0.008130841051455362, 0.0086242362706312, -0.0009867904383517006], [0.0086242362706312, 0.01354637405840504, -0.009844275575547632], [-0.0009867904383517006, -0.009844275575547632, 0.017714970274391867]]",1.7705569289381018,0.841534251815698,-1.358045354244808
2026-03-17 17:38:34,GPR_Optimization_h_mean_0.85_v_mean_1.1_20260316-191441,1525,3.799989202701531,21.129076473456493,0.0,0.999999981195728,0.0015280883950380166,0.0,9.976905796757991,2.504799001956341e-13,166.91788635360513,445.3587198444895,0.051987831357679475,"[[0.008130829857570653, 0.008624289367484638, -0.0009869190198279654], [0.008624289367484638, 0.01354685487281338, -0.009845131010657477], [-0.0009869190198279654, -0.009845131010657477, 0.01771642398165901]]",1.770561286792678,0.8415350569462398,-1.358052459692877
2026-03-17 17:38:34,GPR_Optimization_h_mean_0.85_v_mean_1.1_20260316-191441,1483,3.7999890317137455,21.129077303313323,0.0,0.9999999901044035,0.001528120114799323,0.0,9.976905796757991,3.734412304852254e-11,166.91788635360513,846.0399212188792,0.051987831357679475,"[[0.008130815789272777, 0.008624439793846668, -0.0009872480091477611], [0.008624439793846668, 0.013546656772845578, -0.009844433957997821], [-0.0009872480091477611, -0.009844433957997821, 0.017714371897700136]]",1.7705630564371995,0.8415351166581452,-1.3580558795581088
2026-03-17 17:38:34,GPR_Optimization_h_mean_0.85_v_mean_1.1_20260316-191441,1360,3.7999890112153203,21.129077429025433,0.0,0.9999999914534518,0.0015281241176770815,0.0,9.976905796757991,4.20539917432773e-11,166.91788635360513,979.5480645406116,0.051987831357679475,"[[0.008130813677182776, 0.008624435603409066, -0.0009872438524525953], [0.008624435603409066, 0.013546651098579176, -0.009844430990340184], [-0.0009872438524525953, -0.009844430990340184, 0.01771437427577518]]",1.7705630695691634,0.8415351258492912,-1.3580558874397446
2026-03-17 17:38:34,GPR_Optimization_h_mean_0.85_v_mean_1.1_20260316-191441,1971,3.7999888673858964,21.129071466577432,0.0,0.9999999274678261,0.0015280998954051727,0.0,9.976905796757991,6.3443275976699426e-12,166.91788635360513,115.44255472433345,0.051987831357679475,"[[0.00813091240269949, 0.008624270231116104, -0.0009867156568332122], [0.008624270231116104, 0.01354663206108024, -0.009844723659928301], [-0.0009867156568332122, -0.009844723659928301, 0.01771601600619017]]",1.770564517715745,0.8415346549069764,-1.3580597256175373
2026-03-17 17:38:34,GPR_Optimization_h_mean_0.85_v_mean_1.1_20260316-191441,1983,3.799988764066297,21.12907730336151,0.0,0.9999999901082582,0.0015281598380017377,0.0,9.976905796757991,8.234475724922834e-11,166.91788635360513,846.0399212188792,0.051987831357679475,"[[0.008130815106268395, 0.00862443821503751, -0.000987246217538237], [0.00862443821503751, 0.013546656699517162, -0.009844436968959326], [-0.000987246217538237, -0.009844436968959326, 0.017714381502842175]]",1.7705630725863475,0.8415351089212041,-1.3580559273302866
2026-03-17 17:38:34,GPR_Optimization_h_mean_0.85_v_mean_1.1_20260316-191441,1703,3.799987938348125,21.12896491452451,0.0,0.999998540169888,0.0015272999355631627,0.0,9.976905796757991,3.734412304852254e-11,13077.85388632754,644.6606064113413,4.686511365291943,"[[0.008132094449379096, 0.008625706788683839, -0.0009872246786094905], [0.008625706788683839, 0.013547001198179053, -0.009842588818990423], [-0.0009872246786094905, -0.009842588818990423, 0.017710728280761884]]",1.7705336049255416,0.8415311723863864,-1.3580048650783096
2026-03-17 17:38:34,GPR_Optimization_h_mean_0.85_v_mean_1.1_20260316-191441,1786,3.7999854434820293,21.12907744404412,0.0,0.9999999888333138,0.0015286523053672663,0.0,9.790189813450704,8.365003252587577e-11,103.72640571098903,846.0399212188792,0.040540645602337624,"[[0.008135055657786073, 0.008629800348103742, -0.0009894893806353527], [0.008629800348103742, 0.013551024445077086, -0.00984244819394668], [-0.0009894893806353527, -0.00984244819394668, 0.017705917626622665]]",1.7705360367064775,0.8415322386065982,-1.3580075961997582
2026-03-17 17:38:34,GPR_Optimization_h_mean_0.85_v_mean_1.1_20260316-191441,1545,3.7999842761832805,21.129077320691366,0.0,0.9999999912543189,0.0015288264965420426,0.0,9.976905796757991,5.957757391774239e-14,179.4647775927037,846.0399212188792,0.051987831357679475,"[[0.008131104515794888, 0.008624452441856134, -0.0009866958521225066], [0.008624452441856134, 0.013547118993576853, -0.009845333103441404], [-0.0009866958521225066, -0.009845333103441404, 0.01771727450263779]]",1.7705669186747246,0.8415310089663546,-1.3580718194167396
2026-03-17 17:38:37,GPR_Optimization_h_mean_0.85_v_mean_1.4_20260316-201246,1414,3.7999621766781817,21.12907447337635,0.0,0.9999999972256609,0.001537424571965063,0.0,9.874487762374613,1.0218460922131482e-14,163.06763534228577,11.092393742464134,0.001975073916466094,"[[0.008096708757564262, 0.008548729270690742, -0.0009040410262529643], [0.008548729270690742, 0.013397157849289952, -0.009696857157198405], [-0.0009040410262529643, -0.009696857157198405, 0.017585632261890898]]",1.9211998014357337,0.8418734649704444,-1.6586526729305784
2026-03-17 17:38:37,GPR_Optimization_h_mean_0.85_v_mean_1.4_20260316-201246,503,3.7999621635134333,21.129078160311643,0.0,0.9999999999517231,0.0015374377924835822,0.0,9.874487762374613,3.9715435380938565e-15,154.6341093674957,570.8833740201053,0.0017639439840123495,"[[0.008096794408429172, 0.008548642070903735, -0.0009036953249491271], [0.008548642070903735, 0.013396777473814181, -0.009696270805820901], [-0.0009036953249491271, -0.009696270805820901, 0.017585150961743533]]",1.921202737398213,0.8418744248858518,-1.6586566250247228
2026-03-17 17:38:37,GPR_Optimization_h_mean_0.85_v_mean_1.4_20260316-201246,417,3.7999620777120966,21.12907452071149,0.0,0.9999999972598674,0.0015374427241014435,0.0,9.874487762374613,8.854444865489148e-13,6996.796068210873,518.6572032971675,0.0915149480225936,"[[0.008096900585356642, 0.008548993547192893, -0.0009041859236724967], [0.008548993547192893, 0.013398027656496489, -0.00969806821860722], [-0.0009041859236724967, -0.00969806821860722, 0.017587764589869458]]",1.921196617460415,0.8418719815066615,-1.6586492719075074
2026-03-17 17:38:37,GPR_Optimization_h_mean_0.85_v_mean_1.4_20260316-201246,1559,3.799961994484019,21.129071571848296,0.0,0.9999999949740198,0.0015374491718001524,0.0,9.874487762374613,1.0218460922131482e-14,460.0808634383729,16.47881752606085,0.005179627989835985,"[[0.008097549187688916, 0.008549763161141194, -0.000904427946904579], [0.008549763161141194, 0.013398430962670264, -0.009697335603058133], [-0.000904427946904579, -0.009697335603058133, 0.017585815312307084]]",1.921194797472935,0.8418700067554802,-1.6586495814349103
2026-03-17 17:38:37,GPR_Optimization_h_mean_0.85_v_mean_1.4_20260316-201246,1686,3.799961994446679,21.129071571848332,0.0,0.9999999949740186,0.0015374491785961296,0.0,9.874487762374613,1.1226774435398471e-13,460.0808634383729,16.47881752606085,0.005179627989835985,"[[0.008097549180080163, 0.008549763099754863, -0.0009044278393494091], [0.008549763099754863, 0.013398430855778241, -0.00969733551204672], [-0.0009044278393494091, -0.00969733551204672, 0.017585815345394624]]",1.9211947977947195,0.8418700070334805,-1.6586495815224784
2026-03-17 17:38:37,GPR_Optimization_h_mean_0.85_v_mean_1.4_20260316-201246,1484,3.799961944998684,21.12907785317452,0.0,0.9999999997186532,0.0015374766616613373,0.0,9.874487762374613,2.9736079728464516e-14,460.0808634383729,294.38911114614217,0.005179627989835985,"[[0.008097735830328736, 0.008549917823581233, -0.0009043639865049943], [0.008549917823581233, 0.013398434482266991, -0.009697033317371519], [-0.0009043639865049943, -0.009697033317371519, 0.01758533866173305]]",1.9211969561279625,0.8418701445298247,-1.658653623196276
2026-03-17 17:38:37,GPR_Optimization_h_mean_0.85_v_mean_1.4_20260316-201246,1760,3.7999619449684703,21.12907785317453,0.0,0.9999999997186532,0.0015374766671607146,0.0,9.874487762374613,1.1226774435398471e-13,460.0808634383729,294.38911114614217,0.005179627989835985,"[[0.00809773582488485, 0.008549917775726642, -0.000904363901683548], [0.008549917775726642, 0.01339843439869597, -0.009697033245938685], [-0.000904363901683548, -0.009697033245938685, 0.017585338688510258]]",1.921196956382656,0.8418701447490831,-1.658653623267146
2026-03-17 17:38:37,GPR_Optimization_h_mean_0.85_v_mean_1.4_20260316-201246,1562,3.7999619029005998,21.129075592733653,0.0,0.9999999980181336,0.0015374776757832449,0.0,9.755841251963554,7.38961218558533e-13,460.0808634383729,42.219685591885195,0.005179627989835985,"[[0.008098636784691419, 0.008551186232867321, -0.0009050988963518132], [0.008551186232867321, 0.013400901990272603, -0.009699431514810569], [-0.0009050988963518132, -0.009699431514810569, 0.0175886652369175]]",1.9211897679173948,0.8418690903124906,-1.658641355209808
2026-03-17 17:38:37,GPR_Optimization_h_mean_0.85_v_mean_1.4_20260316-201246,1369,3.7999618986228842,21.12893964623626,0.0,0.9999998956733392,0.0015370785765023674,0.0,9.763172268419114,1.0218460922131482e-14,99469.33168782265,172.3611262535795,1.1154221296772973,"[[0.008090894303676897, 0.008542107315040702, -0.000902426022727616], [0.008542107315040702, 0.013392331617131176, -0.009700448604180937], [-0.000902426022727616, -0.009700448604180937, 0.017596045162906637]]",1.9211771802791933,0.8418843660059291,-1.6585856285465277
2026-03-17 17:38:37,GPR_Optimization_h_mean_0.85_v_mean_1.4_20260316-201246,1287,3.799961886057749,21.129074287116,0.0,0.9999999970353611,0.0015374769011325803,0.0,9.755841251963554,2.6522052013086566e-15,460.0808634383729,28.22352415373866,0.005179627989835985,"[[0.008098626787934889, 0.008551186094309387, -0.000905118612748985], [0.008551186094309387, 0.013400906277902363, -0.009699440367185955], [-0.000905118612748985, -0.009699440367185955, 0.017588643508873954]]",1.9211897244841922,0.8418690511685608,-1.6586413466312624
2026-03-17 17:38:40,GPR_Optimization_h_mean_0.9_v_mean_0.2_20260316-211106,1934,3.7999998312181975,21.129077344802706,0.0,0.9999999782310828,0.0014354923884315888,0.0,2.9081591385670107,7.234894194951724e-15,106.54758364421048,954.392842913087,0.30249172152116427,"[[0.008196657530838024, 0.008658963771768455, -0.000924612481860849], [0.008658963771768455, 0.013500134966474253, -0.009682342389411581], [-0.000924612481860849, -0.009682342389411581, 0.01751545981510147]]",1.3704643348926135,0.891025338760261,-0.45887799226470544
2026-03-17 17:38:40,GPR_Optimization_h_mean_0.9_v_mean_0.2_20260316-211106,1821,3.7999998312176158,21.129077344802706,0.0,0.999999978231083,0.0014354923890124883,0.0,2.9081591385670107,7.85192205027509e-15,106.54758364421048,954.392842913087,0.30249172152116427,"[[0.008196657530833233, 0.00865896377175558, -0.0009246124818447015], [0.00865896377175558, 0.013500134966454868, -0.009682342389398566], [-0.0009246124818447015, -0.009682342389398566, 0.017515459815107735]]",1.3704643348924654,0.8910253387600817,-0.45887799226476683
2026-03-17 17:38:40,GPR_Optimization_h_mean_0.9_v_mean_0.2_20260316-211106,1917,3.7999998312176158,21.129077344802706,0.0,0.999999978231083,0.0014354923890124883,0.0,2.9081591385670107,7.85192205027509e-15,106.54758364421048,954.392842913087,0.30249172152116427,"[[0.008196657530833233, 0.00865896377175558, -0.0009246124818447015], [0.00865896377175558, 0.013500134966454868, -0.009682342389398566], [-0.0009246124818447015, -0.009682342389398566, 0.017515459815107735]]",1.3704643348924654,0.8910253387600817,-0.45887799226476683
2026-03-17 17:38:40,GPR_Optimization_h_mean_0.9_v_mean_0.2_20260316-211106,1928,3.7999998312176158,21.129077344802706,0.0,0.999999978231083,0.0014354923890124883,0.0,2.9081591385670107,7.85192205027509e-15,106.54758364421048,954.392842913087,0.30249172152116427,"[[0.008196657530833233, 0.00865896377175558, -0.0009246124818447015], [0.00865896377175558, 0.013500134966454868, -0.009682342389398566], [-0.0009246124818447015, -0.009682342389398566, 0.017515459815107735]]",1.3704643348924654,0.8910253387600817,-0.45887799226476683
2026-03-17 17:38:40,GPR_Optimization_h_mean_0.9_v_mean_0.2_20260316-211106,1955,3.7999995581634214,21.12907728342786,0.0,0.9999999765567275,0.0014357608371903723,0.0,2.7502085927385322,2.054001227479421e-15,110.99197175524883,954.392842913087,0.30249172152116427,"[[0.008196299680445863, 0.008658682488843664, -0.0009247656167956205], [0.008658682488843664, 0.013499665770699503, -0.009681966563711659], [-0.0009247656167956205, -0.009681966563711659, 0.017514401893832066]]",1.3704686578275072,0.8910297298690655,-0.45887785591688324
2026-03-17 17:38:40,GPR_Optimization_h_mean_0.9_v_mean_0.2_20260316-211106,1819,3.7999995581032873,21.129077283427943,0.0,0.999999976556731,0.0014357608972464372,0.0,2.7502085927385322,6.700301668365194e-14,110.99197175524883,954.392842913087,0.30249172152116427,"[[0.008196299679946593, 0.008658682487509341, -0.0009247656151254833], [0.008658682487509341, 0.01349966576870537, -0.009681966562392062], [-0.0009247656151254833, -0.009681966562392062, 0.017514401894533158]]",1.3704686578121854,0.8910297298504184,-0.4588778559235341
2026-03-17 17:38:40,GPR_Optimization_h_mean_0.9_v_mean_0.2_20260316-211106,1704,3.7999995581032873,21.129077283427943,0.0,0.999999976556731,0.0014357608972464372,0.0,2.7502085927385322,6.700301668365194e-14,110.99197175524883,954.392842913087,0.30249172152116427,"[[0.008196299679946593, 0.008658682487509341, -0.0009247656151254833], [0.008658682487509341, 0.01349966576870537, -0.009681966562392062], [-0.0009247656151254833, -0.009681966562392062, 0.017514401894533158]]",1.3704686578121854,0.8910297298504184,-0.4588778559235341
2026-03-17 17:38:40,GPR_Optimization_h_mean_0.9_v_mean_0.2_20260316-211106,1585,3.7999995573439675,21.12907727129243,0.0,0.9999999762547944,0.0014357608804117475,0.0,2.7502085927385322,6.700301668365194e-14,110.99197175524883,942.2556193823519,0.30249172152116427,"[[0.008196299711484776, 0.008658682528672058, -0.00092476563437459], [0.008658682528672058, 0.013499665749431306, -0.009681966441518499], [-0.00092476563437459, -0.009681966441518499, 0.017514401614287824]]",1.3704686572804674,0.8910297294645916,-0.4588778556317516
2026-03-17 17:38:40,GPR_Optimization_h_mean_0.9_v_mean_0.2_20260316-211106,1413,3.7999995551327346,21.129077235953076,0.0,0.9999999753755053,0.0014357608313726785,0.0,2.7502085927385322,6.700301668365194e-14,110.99197175524883,908.6068975951841,0.30249172152116427,"[[0.008196299803163847, 0.008658682648305029, -0.0009247656902823548], [0.008658682648305029, 0.013499665692989308, -0.009681966089368554], [-0.0009247656902823548, -0.009681966089368554, 0.017514400798172413]]",1.3704686557328964,0.8910297283418106,-0.4588778547821719
2026-03-17 17:38:40,GPR_Optimization_h_mean_0.9_v_mean_0.2_20260316-211106,1509,3.799999272617443,21.129074216400955,0.0,0.9999999002709232,0.0014358501361929892,0.0,2.7502085927385322,9.547931039643926e-11,110.99197175524883,224.1977741839551,0.30249172152116427,"[[0.008196334338225572, 0.008658575495850708, -0.0009244823152502371], [0.008658575495850708, 0.01349928329742813, -0.009681415603154896], [-0.0009244823152502371, -0.009681415603154896, 0.01751386657580931]]",1.3704718000651157,0.8910310493575249,-0.4588815014151815
2026-03-17 17:38:43,GPR_Optimization_h_mean_0.9_v_mean_0.5_20260316-220932,1897,3.79995494967611,21.129076712101725,0.0,0.9999999614371191,0.0014486145899952492,0.0,5.384520533652714,5.780557559939741e-14,102.99652136868504,539.576315537753,0.17791398920107512,"[[0.008158864845514925, 0.008634353136475429, -0.0009509765819210099], [0.008634353136475429, 0.013506255465225754, -0.009743804657500662], [-0.0009509765819210099, -0.009743804657500662, 0.01758565615115931]]",1.5205722009716027,0.8913260900510407,-0.7584922218411235
2026-03-17 17:38:43,GPR_Optimization_h_mean_0.9_v_mean_0.5_20260316-220932,1148,3.799954883894989,21.129076068466485,0.0,0.9999999450382193,0.0014486136024363654,0.0,5.384520533652714,2.7163082270307387e-15,102.99652136868504,378.5679972233407,0.17791398920107512,"[[0.008158866649383398, 0.008634356811772449, -0.000950980324778107], [0.008634356811772449, 0.013506258278135036, -0.009743802932725218], [-0.000950980324778107, -0.009743802932725218, 0.01758564521589422]]",1.5205721710968765,0.8913260678313383,-0.7584922065310763
2026-03-17 17:38:43,GPR_Optimization_h_mean_0.9_v_mean_0.5_20260316-220932,1550,3.7999539844600365,21.129077426693048,0.0,0.9999999798075779,0.0014487932617916598,0.0,6.152057886475936,1.81644693758123e-11,102.99652136868504,955.8429400890711,0.19035209880978385,"[[0.008159375183901, 0.008634328594911256, -0.0009499068220205274], [0.008634328594911256, 0.013505431955930054, -0.00974220672203759], [-0.0009499068220205274, -0.00974220672203759, 0.01758459980003414]]",1.520569876953406,0.8913178141475697,-0.7585041256116728
2026-03-17 17:38:43,GPR_Optimization_h_mean_0.9_v_mean_0.5_20260316-220932,1937,3.7999539844600365,21.129077426693048,0.0,0.9999999798075779,0.0014487932617916598,0.0,6.152057886475936,1.81644693758123e-11,102.99652136868504,955.8429400890711,0.19035209880978385,"[[0.008159375183901, 0.008634328594911256, -0.0009499068220205274], [0.008634328594911256, 0.013505431955930054, -0.00974220672203759], [-0.0009499068220205274, -0.00974220672203759, 0.01758459980003414]]",1.520569876953406,0.8913178141475697,-0.7585041256116728
2026-03-17 17:38:43,GPR_Optimization_h_mean_0.9_v_mean_0.5_20260316-220932,1773,3.7999539844600365,21.129077426693048,0.0,0.9999999798075779,0.0014487932617916598,0.0,6.152057886475936,1.81644693758123e-11,102.99652136868504,955.8429400890711,0.19035209880978385,"[[0.008159375183901, 0.008634328594911256, -0.0009499068220205274], [0.008634328594911256, 0.013505431955930054, -0.00974220672203759], [-0.0009499068220205274, -0.00974220672203759, 0.01758459980003414]]",1.520569876953406,0.8913178141475697,-0.7585041256116728
2026-03-17 17:38:43,GPR_Optimization_h_mean_0.9_v_mean_0.5_20260316-220932,620,3.799950230001105,21.129075859746216,0.0,0.9999999399278319,0.0014494053012796167,0.0,5.567988064703798,2.7713668804172256e-12,300.8334575722223,881.7733516966667,0.47209066382221404,"[[0.008159274863567411, 0.008633871043737395, -0.0009491923603399805], [0.008633871043737395, 0.013504511974211784, -0.009741281860948761], [-0.0009491923603399805, -0.009741281860948761, 0.017584179001217535]]",1.5205596914134936,0.8913152121017722,-0.7584889586234425
2026-03-17 17:38:43,GPR_Optimization_h_mean_0.9_v_mean_0.5_20260316-220932,835,3.7999501286595123,21.129075678297376,0.0,0.9999999353236751,0.0014494191873462238,0.0,5.567988064703798,3.228584899784742e-11,300.8334575722223,818.9354905502474,0.47209066382221404,"[[0.008159275094792574, 0.008633871456406313, -0.0009491927232274731], [0.008633871456406313, 0.013504511890584846, -0.009741280868357084], [-0.0009491927232274731, -0.009741280868357084, 0.017584176290259188]]",1.5205596816132134,0.8913152030038863,-0.7584889572186541
2026-03-17 17:38:43,GPR_Optimization_h_mean_0.9_v_mean_0.5_20260316-220932,1204,3.7999491328683384,21.129054377399168,0.0,0.9999993897020373,0.0014491828955162187,0.0,5.017683328764928,1.6673641173588729e-10,2850.677238601401,913.9390118033238,4.38643689471686,"[[0.008158229106964439, 0.00863331608686469, -0.0009501739598004732], [0.00863331608686469, 0.013505698456723194, -0.009744764739717023], [-0.0009501739598004732, -0.009744764739717023, 0.017589181559833092]]",1.5205579330096701,0.8913201684056987,-0.7584755292079425
2026-03-17 17:38:43,GPR_Optimization_h_mean_0.9_v_mean_0.5_20260316-220932,931,3.7999491328683384,21.129054377399168,0.0,0.9999993897020373,0.0014491828955162187,0.0,5.017683328764928,1.6673641173588729e-10,2850.677238601401,913.9390118033238,4.38643689471686,"[[0.008158229106964439, 0.00863331608686469, -0.0009501739598004732], [0.00863331608686469, 0.013505698456723194, -0.009744764739717023], [-0.0009501739598004732, -0.009744764739717023, 0.017589181559833092]]",1.5205579330096701,0.8913201684056987,-0.7584755292079425
2026-03-17 17:38:43,GPR_Optimization_h_mean_0.9_v_mean_0.5_20260316-220932,407,3.7999489236556285,21.129048725029115,0.0,0.9999992472501773,0.0014491121441942466,0.0,5.162599626019084,2.7713668804172256e-12,470.18375033702915,116.17439056471021,0.7151609674508836,"[[0.008159289358467221, 0.00863419059090954, -0.0009498024648846289], [0.00863419059090954, 0.013506060893480188, -0.009743740605141323], [-0.0009498024648846289, -0.009743740605141323, 0.01758787628051338]]",1.5205610466606685,0.8913189468272695,-0.7584841996667977
2026-03-17 17:38:46,GPR_Optimization_h_mean_0.9_v_mean_0.8_20260316-230758,984,3.7999047573504265,21.129077068131263,0.0,0.9999999707997727,0.0014622458278202375,0.0,9.863091892930774,1.064084063157228e-15,157.5702397093425,967.3711246949274,0.21056546944706775,"[[0.00813443712722215, 0.008611932625463533, -0.0009549909964827661], [0.008611932625463533, 0.013484171809908702, -0.009744478368890355], [-0.0009549909964827661, -0.009744478368890355, 0.017578974744815175]]",1.6708465167575641,0.8915925690730524,-1.0585078953690237
2026-03-17 17:38:46,GPR_Optimization_h_mean_0.9_v_mean_0.8_20260316-230758,1975,3.7999047573223526,21.129077068131277,0.0,0.9999999707997733,0.0014622458332870679,0.0,9.863091892930774,6.883441611979982e-15,157.5702397093425,967.3711246949274,0.21056546944706775,"[[0.008134437127163371, 0.008611932625314128, -0.0009549909963015136], [0.008611932625314128, 0.013484171809720936, -0.009744478368813607], [-0.0009549909963015136, -0.009744478368813607, 0.017578974745024196]]",1.6708465167566982,0.8915925690715595,-1.0585078953702771
2026-03-17 17:38:46,GPR_Optimization_h_mean_0.9_v_mean_0.8_20260316-230758,1724,3.7999047573223526,21.129077068131277,0.0,0.9999999707997733,0.0014622458332870679,0.0,9.863091892930774,6.883441611979982e-15,157.5702397093425,967.3711246949274,0.21056546944706775,"[[0.008134437127163371, 0.008611932625314128, -0.0009549909963015136], [0.008611932625314128, 0.013484171809720936, -0.009744478368813607], [-0.0009549909963015136, -0.009744478368813607, 0.017578974745024196]]",1.6708465167566982,0.8915925690715595,-1.0585078953702771
2026-03-17 17:38:46,GPR_Optimization_h_mean_0.9_v_mean_0.8_20260316-230758,1384,3.799904726965668,21.12907674663129,0.0,0.9999999626893477,0.0014622455658357346,0.0,9.863091892930774,6.883441611979982e-15,157.5702397093425,757.075994040838,0.21056546944706775,"[[0.008134437411430764, 0.008611933520619303, -0.0009549922183770898], [0.008611933520619303, 0.013484172189357444, -0.009744477337476276], [-0.0009549922183770898, -0.009744477337476276, 0.01757897023819837]]",1.6708465062127988,0.8915925621818036,-1.0585078880619903
2026-03-17 17:38:46,GPR_Optimization_h_mean_0.9_v_mean_0.8_20260316-230758,876,3.7999046903109583,21.129076358018963,0.0,0.9999999528859035,0.0014622452349967404,0.0,9.863091892930774,1.064084063157228e-15,157.5702397093425,599.5325447163519,0.21056546944706775,"[[0.008134437750139183, 0.008611934598665646, -0.0009549936970529129], [0.008611934598665646, 0.013484172642907806, -0.009744476088484338], [-0.0009549936970529129, -0.009744476088484338, 0.017578964782862846]]",1.670846493491502,0.891592553866998,-1.0585078792490077
2026-03-17 17:38:46,GPR_Optimization_h_mean_0.9_v_mean_0.8_20260316-230758,1362,3.7999046903109583,21.129076358018963,0.0,0.9999999528859035,0.0014622452349967404,0.0,9.863091892930774,1.064084063157228e-15,157.5702397093425,599.5325447163519,0.21056546944706775,"[[0.008134437750139183, 0.008611934598665646, -0.0009549936970529129], [0.008611934598665646, 0.013484172642907806, -0.009744476088484338], [-0.0009549936970529129, -0.009744476088484338, 0.017578964782862846]]",1.670846493491502,0.891592553866998,-1.0585078792490077
2026-03-17 17:38:46,GPR_Optimization_h_mean_0.9_v_mean_0.8_20260316-230758,1366,3.7999046902828884,21.129076358018963,0.0,0.9999999528859047,0.0014622452404631067,0.0,9.863091892930774,6.883441611979982e-15,157.5702397093425,599.5325447163519,0.21056546944706775,"[[0.008134437750080105, 0.008611934598515883, -0.0009549936968715341], [0.008611934598515883, 0.013484172642719543, -0.009744476088407318], [-0.0009549936968715341, -0.009744476088407318, 0.017578964783071575]]",1.6708464934906369,0.8915925538655061,-1.0585078792502616
2026-03-17 17:38:46,GPR_Optimization_h_mean_0.9_v_mean_0.8_20260316-230758,1160,3.7999046902828884,21.129076358018963,0.0,0.9999999528859047,0.0014622452404631067,0.0,9.863091892930774,6.883441611979982e-15,157.5702397093425,599.5325447163519,0.21056546944706775,"[[0.008134437750080105, 0.008611934598515883, -0.0009549936968715341], [0.008611934598515883, 0.013484172642719543, -0.009744476088407318], [-0.0009549936968715341, -0.009744476088407318, 0.017578964783071575]]",1.6708464934906369,0.8915925538655061,-1.0585078792502616
2026-03-17 17:38:46,GPR_Optimization_h_mean_0.9_v_mean_0.8_20260316-230758,990,3.7999046902828884,21.129076358018963,0.0,0.9999999528859047,0.0014622452404631067,0.0,9.863091892930774,6.883441611979982e-15,157.5702397093425,599.5325447163519,0.21056546944706775,"[[0.008134437750080105, 0.008611934598515883, -0.0009549936968715341], [0.008611934598515883, 0.013484172642719543, -0.009744476088407318], [-0.0009549936968715341, -0.009744476088407318, 0.017578964783071575]]",1.6708464934906369,0.8915925538655061,-1.0585078792502616
2026-03-17 17:38:46,GPR_Optimization_h_mean_0.9_v_mean_0.8_20260316-230758,1230,3.7999046901004796,21.129076358019066,0.0,0.9999999528859131,0.0014622452759858863,0.0,9.863091892930774,4.46968276455298e-14,157.5702397093425,599.5325447163519,0.21056546944706775,"[[0.008134437749696459, 0.008611934597542876, -0.0009549936956928396], [0.008611934597542876, 0.013484172641496586, -0.009744476087907416], [-0.0009549936956928396, -0.009744476087907416, 0.017578964784429132]]",1.6708464934850136,0.8915925538558093,-1.0585078792584088
2026-03-17 17:38:49,GPR_Optimization_h_mean_0.9_v_mean_1.1_20260317-000608,1535,3.799999652561769,21.129075895664013,0.0,0.9999999451869392,0.0014834013055000637,0.0,9.868362117711463,1.6975040685995337e-14,225.01298450295423,743.1478053240904,0.19594551051882292,"[[0.008105958989166405, 0.008559301022240725, -0.000906684066148647], [0.008559301022240725, 0.01338880273012343, -0.009659003415765432], [-0.000906684066148647, -0.009659003415765432, 0.01750463869923357]]",1.8212416990193552,0.8918976744568274,-1.3586880491250557
2026-03-17 17:38:49,GPR_Optimization_h_mean_0.9_v_mean_1.1_20260317-000608,1693,3.7999996525315702,21.129075895664116,0.0,0.9999999451869485,0.0014834013356740377,0.0,9.868362117711463,6.06692238610201e-14,225.01298450295423,743.1478053240904,0.19594551051882292,"[[0.008105958988799976, 0.008559301021308289, -0.0009066840650166062], [0.008559301021308289, 0.013388802729162026, -0.009659003415707459], [-0.0009066840650166062, -0.009659003415707459, 0.017504638701381713]]",1.8212416990172267,0.891897674448713,-1.358688049137028
2026-03-17 17:38:49,GPR_Optimization_h_mean_0.9_v_mean_1.1_20260317-000608,1407,3.7999996525315702,21.129075895664116,0.0,0.9999999451869485,0.0014834013356740377,0.0,9.868362117711463,6.06692238610201e-14,225.01298450295423,743.1478053240904,0.19594551051882292,"[[0.008105958988799976, 0.008559301021308289, -0.0009066840650166062], [0.008559301021308289, 0.013388802729162026, -0.009659003415707459], [-0.0009066840650166062, -0.009659003415707459, 0.017504638701381713]]",1.8212416990172267,0.891897674448713,-1.358688049137028
2026-03-17 17:38:49,GPR_Optimization_h_mean_0.9_v_mean_1.1_20260317-000608,1814,3.7999996525315702,21.129075895664116,0.0,0.9999999451869485,0.0014834013356740377,0.0,9.868362117711463,6.06692238610201e-14,225.01298450295423,743.1478053240904,0.19594551051882292,"[[0.008105958988799976, 0.008559301021308289, -0.0009066840650166062], [0.008559301021308289, 0.013388802729162026, -0.009659003415707459], [-0.0009066840650166062, -0.009659003415707459, 0.017504638701381713]]",1.8212416990172267,0.891897674448713,-1.358688049137028
2026-03-17 17:38:49,GPR_Optimization_h_mean_0.9_v_mean_1.1_20260317-000608,1868,3.7999996399027656,21.129075895708986,0.0,0.9999999451904698,0.0014834139534156958,0.0,9.868362117711463,1.833181277977358e-11,225.01298450295423,743.1478053240904,0.19594551051882292,"[[0.008105958835597778, 0.008559300631429219, -0.0009066835916628873], [0.008559300631429219, 0.01338880232717811, -0.009659003391497799], [-0.0009066835916628873, -0.009659003391497799, 0.017504639599669813]]",1.8212416981270234,0.8918976710553603,-1.3586880541433264
2026-03-17 17:38:49,GPR_Optimization_h_mean_0.9_v_mean_1.1_20260317-000608,1916,3.7999992452781406,21.12907593676947,0.0,0.9999999484982162,0.0014838151805455142,0.0,9.910478403684092,3.0928528126292036e-15,251.3431343311239,735.8283496579726,0.19594551051882292,"[[0.008105192111691355, 0.008557293176092556, -0.0009042021288023881], [0.008557293176092556, 0.01338566902473904, -0.00965675169729295], [-0.0009042021288023881, -0.00965675169729295, 0.01750509913698115]]",1.8212352860037861,0.8918875723826182,-1.358695427242336
2026-03-17 17:38:49,GPR_Optimization_h_mean_0.9_v_mean_1.1_20260317-000608,1043,3.7999991252916,21.12907680584054,0.0,0.9999999668499421,0.0014839839592898977,0.0,9.740151593251278,1.9023619902388084e-13,112.61891303479425,603.9332301088014,0.09582440680298683,"[[0.008104165305299959, 0.008556212199776056, -0.0009040937889521999], [0.008556212199776056, 0.01338366999618956, -0.00965491559282698], [-0.0009040937889521999, -0.00965491559282698, 0.01750164360774956]]",1.821252089552953,0.8919033651310062,-1.358697448843893
2026-03-17 17:38:49,GPR_Optimization_h_mean_0.9_v_mean_1.1_20260317-000608,1544,3.799998718244706,21.12907090675879,0.0,0.999999832737055,0.001484038940967503,0.0,9.740151593251278,3.0928528126292036e-15,251.3431343311239,244.85641693354813,0.202505140731731,"[[0.008105695927612701, 0.008557635567497763, -0.0009038792797701296], [0.008557635567497763, 0.013384870977705203, -0.009654470820414877], [-0.0009038792797701296, -0.009654470820414877, 0.017501183081289493]]",1.8212424542558274,0.8918920750820346,-1.3587007583475859
2026-03-17 17:38:49,GPR_Optimization_h_mean_0.9_v_mean_1.1_20260317-000608,1811,3.7999986603111213,21.129075885094828,0.0,0.9999999472655781,0.0014843960857131413,0.0,9.740151593251278,3.0928528126292036e-15,251.3431343311239,735.8283496579726,0.19594551051882292,"[[0.008105209908233183, 0.008557521061344298, -0.0009046223062222244], [0.008557521061344298, 0.013385880675479711, -0.009656719228270827], [-0.0009046223062222244, -0.009656719228270827, 0.017504193844097213]]",1.8212359841139547,0.8918889742066303,-1.358694019814649
2026-03-17 17:38:49,GPR_Optimization_h_mean_0.9_v_mean_1.1_20260317-000608,1382,3.7999985968092567,21.129070897344445,0.0,0.9999998341374707,0.0014841628595105303,0.0,9.762009925307911,6.06692238610201e-14,840.3669632376785,793.5631662234209,0.6621528977186038,"[[0.008105267459655214, 0.008557736817958664, -0.0009049387166069185], [0.008557736817958664, 0.013386196793580699, -0.009656919951244096], [-0.0009049387166069185, -0.009656919951244096, 0.017503962469274357]]",1.8212371510897674,0.8918900560134433,-1.358694190152649
2026-03-17 17:38:52,GPR_Optimization_h_mean_0.9_v_mean_1.4_20260317-010428,1798,3.799999942035847,21.129077378227603,0.0,0.9999999849063542,0.001513585418873076,0.0,9.970448733609555,2.816337601237174e-14,119.99359976307483,945.6285948630324,0.06108139921561186,"[[0.008050311607567896, 0.008463629016241266, -0.0008266348173467397], [0.008463629016241266, 0.013223878773464877, -0.009520499514447184], [-0.0008266348173467397, -0.009520499514447184, 0.017387729394200874]]",1.9717648587550707,0.8921815191318082,-1.6591666792465247
2026-03-17 17:38:52,GPR_Optimization_h_mean_0.9_v_mean_1.4_20260317-010428,1828,3.799999941903676,21.129077378227652,0.0,0.9999999849063566,0.0015135854413138917,0.0,9.970448733609555,4.600277525505996e-14,119.99359976307483,945.6285948630324,0.06108139921561186,"[[0.00805031160749619, 0.008463629015828603, -0.0008266348166648193], [0.008463629015828603, 0.013223878773527684, -0.00952049951539816], [-0.0008266348166648193, -0.00952049951539816, 0.017387729397466686]]",1.9717648587571375,0.8921815191253417,-1.6591666792635913
2026-03-17 17:38:52,GPR_Optimization_h_mean_0.9_v_mean_1.4_20260317-010428,1635,3.799999920727877,21.12907709594558,0.0,0.9999999798784934,0.0015135857469336647,0.0,9.970448733609555,1.096745430150764e-15,119.99359976307483,709.3362737358087,0.06108139921561186,"[[0.008050315924217746, 0.008463638056410112, -0.0008266442643847518], [0.008463638056410112, 0.01322389183930627, -0.00952050756579229], [-0.0008266442643847518, -0.00952050756579229, 0.017387726602815085]]",1.9717648310545828,0.8921814945278254,-1.6591666730535146
2026-03-17 17:38:52,GPR_Optimization_h_mean_0.9_v_mean_1.4_20260317-010428,1856,3.799999911403692,21.12907709594859,0.0,0.9999999798787297,0.0015135873300891564,0.0,9.970448733609555,1.2596580099964583e-12,119.99359976307483,709.3362737358087,0.06108139921561186,"[[0.008050315919123531, 0.008463638027254413, -0.0008266442162617465], [0.008463638027254413, 0.013223891843695, -0.009520507632881205], [-0.0008266442162617465, -0.009520507632881205, 0.01738772683323892]]",1.9717648312004263,0.8921814940716616,-1.6591666742575297
2026-03-17 17:38:52,GPR_Optimization_h_mean_0.9_v_mean_1.4_20260317-010428,1839,3.799999870976446,21.129077378243913,0.0,0.9999999849076812,0.0015135974838057426,0.0,9.970448733609555,9.61903642790052e-12,119.99359976307483,945.6285948630324,0.06108139921561186,"[[0.008050311569005365, 0.008463628794458156, -0.0008266344509055859], [0.008463628794458156, 0.013223878807390711, -0.009520500025865096], [-0.0008266344509055859, -0.009520500025865096, 0.017387731149919025]]",1.9717648598657354,0.8921815156548336,-1.6591666884218026
2026-03-17 17:38:52,GPR_Optimization_h_mean_0.9_v_mean_1.4_20260317-010428,1472,3.799999460991373,21.12907709608212,0.0,0.9999999798894436,0.001513663805314121,0.0,9.970448733609555,6.203831908765172e-11,119.99359976307483,709.3362737358087,0.06108139921561186,"[[0.008050315673228654, 0.00846363661958654, -0.0008266418927157661], [0.00846363661958654, 0.013223892056132027, -0.009520510873090965], [-0.0008266418927157661, -0.009520510873090965, 0.01738773796075038]]",1.971764838242382,0.8921814720415073,-1.65916673240175
2026-03-17 17:38:52,GPR_Optimization_h_mean_0.9_v_mean_1.4_20260317-010428,1591,3.799999460991373,21.12907709608212,0.0,0.9999999798894436,0.001513663805314121,0.0,9.970448733609555,6.203831908765172e-11,119.99359976307483,709.3362737358087,0.06108139921561186,"[[0.008050315673228654, 0.00846363661958654, -0.0008266418927157661], [0.00846363661958654, 0.013223892056132027, -0.009520510873090965], [-0.0008266418927157661, -0.009520510873090965, 0.01738773796075038]]",1.971764838242382,0.8921814720415073,-1.65916673240175
2026-03-17 17:38:52,GPR_Optimization_h_mean_0.9_v_mean_1.4_20260317-010428,1206,3.7999992289919655,21.129077300928927,0.0,0.999999983096225,0.0015137053537959168,0.0,9.970448733609555,1.5819584557199918e-15,125.6377467834363,945.6285948630324,0.06603956748615394,"[[0.00805101311923752, 0.008464020672184536, -0.000826015105894022], [0.008464020672184536, 0.013224743557693716, -0.009521445771018365], [-0.000826015105894022, -0.009521445771018365, 0.017390861330248693]]",1.971762892952074,0.8921778430177664,-1.659170099868615
2026-03-17 17:38:52,GPR_Optimization_h_mean_0.9_v_mean_1.4_20260317-010428,1837,3.7999990765553338,21.12907673935894,0.0,0.999999974418093,0.0015137253692163873,0.0,9.970448733609555,9.61903642790052e-12,221.7047145657477,945.6285948630324,0.10839508947377455,"[[0.008050519094448816, 0.008463323200675775, -0.0008256082124539142], [0.008463323200675775, 0.013222975238054846, -0.009519304074758176], [-0.0008256082124539142, -0.009519304074758176, 0.017387391724608545]]",1.9717607565754611,0.8921754817186911,-1.6591705497135405
2026-03-17 17:38:52,GPR_Optimization_h_mean_0.9_v_mean_1.4_20260317-010428,1883,3.7999986244167205,21.12907737468201,0.0,0.9999999848374836,0.0015138090752823419,0.0,9.944884440721168,4.600277525505996e-14,119.99359976307483,945.6285948630324,0.06108139921561186,"[[0.008050306372737216, 0.008463682736171589, -0.00082675272686876], [0.008463682736171589, 0.013223964562724332, -0.009520563653105432], [-0.00082675272686876, -0.009520563653105432, 0.01738762185247336]]",1.9717646744497879,0.8921815904088721,-1.6591661680818317
2026-03-17 17:38:55,GPR_Optimization_h_mean_0.95_v_mean_0.2_20260317-020250,902,3.7999998514355218,21.12907683107186,0.0,0.9999999667719136,0.0014394264627672325,0.0,2.2655230502792523,9.328221993062784e-14,145.3532001256544,717.0087831805292,0.5374832820296188,"[[0.008164152915556378, 0.00858144184288282, -0.0008345778546528743], [0.00858144184288282, 0.013333406349657807, -0.009503929013549977], [-0.0008345778546528743, -0.009503929013549977, 0.017338702317794184]]",1.4210012184746155,0.9413421333909454,-0.4593181701673409
2026-03-17 17:38:55,GPR_Optimization_h_mean_0.95_v_mean_0.2_20260317-020250,1802,3.7999865443922,21.129072519464227,0.0,0.9999998625716611,0.00144097147223178,0.0,2.078840685888043,1.7371010346052126e-13,750.5043315377634,996.5327257515588,2.5204712026319354,"[[0.00816413429516644, 0.008581169717676725, -0.0008340708450205614], [0.008581169717676725, 0.013332315081711434, -0.009502290728069409], [-0.0008340708450205614, -0.009502290728069409, 0.017336439766097694]]",1.4209965742090984,0.9413397353902665,-0.45931367763766423
2026-03-17 17:38:55,GPR_Optimization_h_mean_0.95_v_mean_0.2_20260317-020250,1962,3.7999865309408363,21.12907239102232,0.0,0.9999998594783155,0.001440971430599022,0.0,2.078840685888043,3.903306517138765e-13,750.5043315377634,974.5791135209375,2.5204712026319354,"[[0.00816413430751154, 0.00858116956088377, -0.0008340705067444708], [0.00858116956088377, 0.013332313991260085, -0.009502288860752607], [-0.0008340705067444708, -0.009502288860752607, 0.01733643670801628]]",1.4209965708450447,0.9413397332346595,-0.45931367522077043
2026-03-17 17:38:55,GPR_Optimization_h_mean_0.95_v_mean_0.2_20260317-020250,1685,3.7999864881760055,21.12907197295379,0.0,0.9999998494096028,0.0014409711725342548,0.0,2.078840685888043,7.541999132714325e-14,750.5043315377634,909.3674570984311,2.5204712026319354,"[[0.0081641343275285, 0.008581169022368756, -0.0008340693896805171], [0.008581169022368756, 0.013332310405607126, -0.009502282766476744], [-0.0008340693896805171, -0.009502282766476744, 0.017336426753592468]]",1.4209965600269188,0.9413397263519937,-0.45931366734985024
2026-03-17 17:38:55,GPR_Optimization_h_mean_0.95_v_mean_0.2_20260317-020250,1842,3.799986487910369,21.129071972954108,0.0,0.9999998494096229,0.0014409712045003332,0.0,2.078840685888043,3.4284374862822054e-13,750.5043315377634,909.3674570984311,2.5204712026319354,"[[0.008164134327307207, 0.008581169021722955, -0.0008340693888315117], [0.008581169021722955, 0.013332310404598912, -0.009502282765751914], [-0.0008340693888315117, -0.009502282765751914, 0.01733642675384081]]",1.4209965600183454,0.9413397263419665,-0.45931366735275814
2026-03-17 17:38:55,GPR_Optimization_h_mean_0.95_v_mean_0.2_20260317-020250,1532,3.799986451171908,21.12907161400517,0.0,0.9999998407647901,0.0014409709854832217,0.0,2.078840685888043,1.45236840041109e-15,750.5043315377634,859.9576496363139,2.5204712026319354,"[[0.008164134319323644, 0.00858116852552485, -0.0008340684124024156], [0.00858116852552485, 0.01333230727814049, -0.009502277505231289], [-0.0008340684124024156, -0.009502277505231289, 0.017336418185657777]]",1.4209965508462,0.9413397205635923,-0.45931366056521516
2026-03-17 17:38:55,GPR_Optimization_h_mean_0.95_v_mean_0.2_20260317-020250,1569,3.799986451171908,21.12907161400517,0.0,0.9999998407647901,0.0014409709854832217,0.0,2.078840685888043,1.45236840041109e-15,750.5043315377634,859.9576496363139,2.5204712026319354,"[[0.008164134319323644, 0.00858116852552485, -0.0008340684124024156], [0.00858116852552485, 0.01333230727814049, -0.009502277505231289], [-0.0008340684124024156, -0.009502277505231289, 0.017336418185657777]]",1.4209965508462,0.9413397205635923,-0.45931366056521516
2026-03-17 17:38:55,GPR_Optimization_h_mean_0.95_v_mean_0.2_20260317-020250,1422,3.799986451171908,21.12907161400517,0.0,0.9999998407647901,0.0014409709854832217,0.0,2.078840685888043,1.45236840041109e-15,750.5043315377634,859.9576496363139,2.5204712026319354,"[[0.008164134319323644, 0.00858116852552485, -0.0008340684124024156], [0.00858116852552485, 0.01333230727814049, -0.009502277505231289], [-0.0008340684124024156, -0.009502277505231289, 0.017336418185657777]]",1.4209965508462,0.9413397205635923,-0.45931366056521516
2026-03-17 17:38:55,GPR_Optimization_h_mean_0.95_v_mean_0.2_20260317-020250,1690,3.799986451171908,21.12907161400517,0.0,0.9999998407647901,0.0014409709854832217,0.0,2.078840685888043,1.45236840041109e-15,750.5043315377634,859.9576496363139,2.5204712026319354,"[[0.008164134319323644, 0.00858116852552485, -0.0008340684124024156], [0.00858116852552485, 0.01333230727814049, -0.009502277505231289], [-0.0008340684124024156, -0.009502277505231289, 0.017336418185657777]]",1.4209965508462,0.9413397205635923,-0.45931366056521516
2026-03-17 17:38:55,GPR_Optimization_h_mean_0.95_v_mean_0.2_20260317-020250,1881,3.799986450906087,21.129071614005476,0.0,0.9999998407648119,0.001440971017472171,0.0,2.078840685888043,2.6909528456186364e-13,750.5043315377634,859.9576496363139,2.5204712026319354,"[[0.00816413431910104, 0.008581168524877052, -0.0008340684115520102], [0.008581168524877052, 0.013332307277129526, -0.009502277504504946], [-0.0008340684115520102, -0.009502277504504946, 0.017336418185905873]]",1.4209965508376237,0.9413397205535612,-0.459313660568125
2026-03-17 17:38:58,GPR_Optimization_h_mean_0.95_v_mean_0.5_20260317-030108,1729,3.7999985930565163,21.129076680212073,0.0,0.9999999621504386,0.0014411160055414248,0.0,4.213288968112177,1.4188272347834696e-15,157.6309846986104,783.1186603268756,0.43836526578937257,"[[0.008139466855264019, 0.00859337312046107, -0.000907812530394088], [0.00859337312046107, 0.01341069428409566, -0.009634642327269193], [-0.000907812530394088, -0.009634642327269193, 0.01745365959375022]]",1.570995388764962,0.9415501652180089,-0.7588904470939062
2026-03-17 17:38:58,GPR_Optimization_h_mean_0.95_v_mean_0.5_20260317-030108,1652,3.79999851545207,21.129076978948643,0.0,0.9999999694759206,0.001441212363608404,0.0,4.213288968112177,1.4886587302263938e-10,157.6309846986104,970.6697740725469,0.43836526578937257,"[[0.008139465988837986, 0.008593371028504887, -0.0009078100793338144], [0.008593371028504887, 0.013410692770711267, -0.00963464348441276], [-0.0009078100793338144, -0.00963464348441276, 0.01745366681015789]]",1.5709953724589105,0.9415501409302465,-0.7588904630573279
2026-03-17 17:38:58,GPR_Optimization_h_mean_0.95_v_mean_0.5_20260317-030108,1868,3.79999851545207,21.129076978948643,0.0,0.9999999694759206,0.001441212363608404,0.0,4.213288968112177,1.4886587302263938e-10,157.6309846986104,970.6697740725469,0.43836526578937257,"[[0.008139465988837986, 0.008593371028504887, -0.0009078100793338144], [0.008593371028504887, 0.013410692770711267, -0.00963464348441276], [-0.0009078100793338144, -0.00963464348441276, 0.01745366681015789]]",1.5709953724589105,0.9415501409302465,-0.7588904630573279
2026-03-17 17:38:58,GPR_Optimization_h_mean_0.95_v_mean_0.5_20260317-030108,1633,3.7999985117994104,21.129076931266628,0.0,0.9999999682529614,0.001441212892577113,0.0,4.129972221011635,3.742003292540942e-15,157.6309846986104,970.6697740725469,0.43836526578937257,"[[0.00813924622091771, 0.00859320969448585, -0.0009079269471362554], [0.00859320969448585, 0.01341022081219989, -0.009634022235428065], [-0.0009079269471362554, -0.009634022235428065, 0.017452190576583624]]",1.5709945173467537,0.9415515882223098,-0.7588858582488874
2026-03-17 17:38:58,GPR_Optimization_h_mean_0.95_v_mean_0.5_20260317-030108,1335,3.7999985117994104,21.129076931266628,0.0,0.9999999682529614,0.001441212892577113,0.0,4.129972221011635,3.742003292540942e-15,157.6309846986104,970.6697740725469,0.43836526578937257,"[[0.00813924622091771, 0.00859320969448585, -0.0009079269471362554], [0.00859320969448585, 0.01341022081219989, -0.009634022235428065], [-0.0009079269471362554, -0.009634022235428065, 0.017452190576583624]]",1.5709945173467537,0.9415515882223098,-0.7588858582488874
2026-03-17 17:38:58,GPR_Optimization_h_mean_0.95_v_mean_0.5_20260317-030108,1098,3.7999985092662683,21.129076931271346,0.0,0.9999999682533155,0.0014412154228455906,0.0,4.129972221011635,3.95270131601148e-12,157.6309846986104,970.6697740725469,0.43836526578937257,"[[0.008139246203645239, 0.008593209643574275, -0.0009079268798580767], [0.008593209643574275, 0.01341022073514348, -0.009634022183138392], [-0.0009079268798580767, -0.009634022183138392, 0.017452190606560645]]",1.5709945166952468,0.9415515874309163,-0.7588858585286614
2026-03-17 17:38:58,GPR_Optimization_h_mean_0.95_v_mean_0.5_20260317-030108,1223,3.799998502011385,21.129076813367384,0.0,0.9999999653615073,0.001441215220352266,0.0,4.129972221011635,3.95270131601148e-12,157.6309846986104,889.6226516108095,0.43836526578937257,"[[0.008139246314865109, 0.008593209767044304, -0.0009079269043584036], [0.008593209767044304, 0.013410220272892313, -0.009634021011696015], [-0.0009079269043584036, -0.009634021011696015, 0.017452188214675268]]",1.5709945132200065,0.941551585045712,-0.7588858563485894
2026-03-17 17:38:58,GPR_Optimization_h_mean_0.95_v_mean_0.5_20260317-030108,976,3.7999984458897984,21.129075902780215,0.0,0.9999999430278235,0.0014412137477745827,0.0,4.129972221011635,4.101591138722345e-12,157.6309846986104,540.8317721718951,0.43836526578937257,"[[0.008139247082376847, 0.00859321058776919, -0.0009079270107846757], [0.00859321058776919, 0.013410216525772012, -0.009634011876005648], [-0.0009079270107846757, -0.009634011876005648, 0.01745216973044194]]",1.5709944867976755,0.9415515670094644,-0.7588858395764224
2026-03-17 17:38:58,GPR_Optimization_h_mean_0.95_v_mean_0.5_20260317-030108,1143,3.7999984390563055,21.129075902802285,0.0,0.9999999430295182,0.0014412205751262693,0.0,4.129972221011635,1.4756786067863806e-11,157.6309846986104,540.8317721718951,0.43836526578937257,"[[0.00813924703515429, 0.008593210449556847, -0.0009079268288051084], [0.008593210449556847, 0.013410216316832084, -0.00963401173455046], [-0.0009079268288051084, -0.00963401173455046, 0.01745216981149071]]",1.5709944850420094,0.9415515648761704,-0.7588858403316775
2026-03-17 17:38:58,GPR_Optimization_h_mean_0.95_v_mean_0.5_20260317-030108,1060,3.799998417364574,21.129075396597948,0.0,0.9999999306122964,0.0014412102599738205,0.0,4.129972221011635,7.493457319809123e-15,157.6309846986104,444.04353274407066,0.43836526578937257,"[[0.008139247455552312, 0.008593210996819733, -0.0009079270825348431], [0.008593210996819733, 0.013410214392752152, -0.009634006791864859], [-0.0009079270825348431, -0.009634006791864859, 0.017452159418660015]]",1.5709944731271337,0.9415515581447313,-0.7588858299648045
2026-03-17 17:39:01,GPR_Optimization_h_mean_0.95_v_mean_0.8_20260317-035923,1295,3.7999917813653874,21.129075625867333,0.0,0.9999999356832138,0.0014494534426585,0.0,7.584178695816055,7.607127244114616e-15,360.16409270820355,974.4977737437707,0.928162572478435,"[[0.008124142966316495, 0.008567643668071112, -0.0008870014035092563], [0.008567643668071112, 0.013368547709975415, -0.009601808083808571], [-0.0008870014035092563, -0.009601808083808571, 0.017429613360598638]]",1.7212895922475058,0.9417692327079863,-1.059040719079039
2026-03-17 17:39:01,GPR_Optimization_h_mean_0.95_v_mean_0.8_20260317-035923,1980,3.7999917813545494,21.12907562586737,0.0,0.9999999356832155,0.001449453453485096,0.0,7.584178695816055,4.387726385661504e-14,360.16409270820355,974.4977737437707,0.928162572478435,"[[0.008124142966239943, 0.008567643667849349, -0.0008870014032187919], [0.008567643667849349, 0.013368547709645693, -0.009601808083592685], [-0.0008870014032187919, -0.009601808083592685, 0.017429613360747793]]",1.7212895922448572,0.941769232704699,-1.0590407190803168
2026-03-17 17:39:01,GPR_Optimization_h_mean_0.95_v_mean_0.8_20260317-035923,1679,3.7999917813144384,21.12907562586754,0.0,0.9999999356832286,0.001449453493567215,0.0,7.584178695816055,1.7814871673714726e-13,360.16409270820355,974.4977737437707,0.928162572478435,"[[0.008124142965956765, 0.008567643667028637, -0.0008870014021437487], [0.008567643667028637, 0.013368547708425644, -0.009601808082793985], [-0.0008870014021437487, -0.009601808082793985, 0.017429613361300493]]",1.7212895922350526,0.9417692326925285,-1.059040719085049
2026-03-17 17:39:01,GPR_Optimization_h_mean_0.95_v_mean_0.8_20260317-035923,1553,3.7999917813144384,21.12907562586754,0.0,0.9999999356832286,0.001449453493567215,0.0,7.584178695816055,1.7814871673714726e-13,360.16409270820355,974.4977737437707,0.928162572478435,"[[0.008124142965956765, 0.008567643667028637, -0.0008870014021437487], [0.008567643667028637, 0.013368547708425644, -0.009601808082793985], [-0.0008870014021437487, -0.009601808082793985, 0.017429613361300493]]",1.7212895922350526,0.9417692326925285,-1.059040719085049
2026-03-17 17:39:01,GPR_Optimization_h_mean_0.95_v_mean_0.8_20260317-035923,1882,3.799991781247839,21.12907562586782,0.0,0.9999999356832481,0.0014494535601129329,0.0,7.584178695816055,4.010747860874017e-13,360.16409270820355,974.4977737437707,0.928162572478435,"[[0.008124142965486528, 0.008567643665665994, -0.000887001400358929], [0.008567643665665994, 0.013368547706399897, -0.009601808081467827], [-0.000887001400358929, -0.009601808081467827, 0.017429613362217797]]",1.7212895922187745,0.941769232672322,-1.0590407190929048
2026-03-17 17:39:01,GPR_Optimization_h_mean_0.95_v_mean_0.8_20260317-035923,1691,3.79999176834456,21.12907541782657,0.0,0.9999999305364009,0.0014494532163324722,0.0,7.584178695816055,1.7814871673714726e-13,360.16409270820355,902.2744382909402,0.928162572478435,"[[0.00812414300400092, 0.008567643646538626, -0.0008870012850754097], [0.008567643646538626, 0.013368546752363656, -0.00960180621165002], [-0.0008870012850754097, -0.00960180621165002, 0.01742960985314923]]",1.7212895876175185,0.9417692299653235,-1.0590407153043901
2026-03-17 17:39:01,GPR_Optimization_h_mean_0.95_v_mean_0.8_20260317-035923,1602,3.79999176834456,21.12907541782657,0.0,0.9999999305364009,0.0014494532163324722,0.0,7.584178695816055,1.7814871673714726e-13,360.16409270820355,902.2744382909402,0.928162572478435,"[[0.00812414300400092, 0.008567643646538626, -0.0008870012850754097], [0.008567643646538626, 0.013368546752363656, -0.00960180621165002], [-0.0008870012850754097, -0.00960180621165002, 0.01742960985314923]]",1.7212895876175185,0.9417692299653235,-1.0590407153043901
2026-03-17 17:39:01,GPR_Optimization_h_mean_0.95_v_mean_0.8_20260317-035923,1861,3.79999176834456,21.12907541782657,0.0,0.9999999305364009,0.0014494532163324722,0.0,7.584178695816055,1.7814871673714726e-13,360.16409270820355,902.2744382909402,0.928162572478435,"[[0.00812414300400092, 0.008567643646538626, -0.0008870012850754097], [0.008567643646538626, 0.013368546752363656, -0.00960180621165002], [-0.0008870012850754097, -0.00960180621165002, 0.01742960985314923]]",1.7212895876175185,0.9417692299653235,-1.0590407153043901
2026-03-17 17:39:01,GPR_Optimization_h_mean_0.95_v_mean_0.8_20260317-035923,1438,3.79999176834456,21.12907541782657,0.0,0.9999999305364009,0.0014494532163324722,0.0,7.584178695816055,1.7814871673714726e-13,360.16409270820355,902.2744382909402,0.928162572478435,"[[0.00812414300400092, 0.008567643646538626, -0.0008870012850754097], [0.008567643646538626, 0.013368546752363656, -0.00960180621165002], [-0.0008870012850754097, -0.00960180621165002, 0.01742960985314923]]",1.7212895876175185,0.9417692299653235,-1.0590407153043901
2026-03-17 17:39:01,GPR_Optimization_h_mean_0.95_v_mean_0.8_20260317-035923,1319,3.79999176834456,21.12907541782657,0.0,0.9999999305364009,0.0014494532163324722,0.0,7.584178695816055,1.7814871673714726e-13,360.16409270820355,902.2744382909402,0.928162572478435,"[[0.00812414300400092, 0.008567643646538626, -0.0008870012850754097], [0.008567643646538626, 0.013368546752363656, -0.00960180621165002], [-0.0008870012850754097, -0.00960180621165002, 0.01742960985314923]]",1.7212895876175185,0.9417692299653235,-1.0590407153043901
2026-03-17 17:39:03,GPR_Optimization_h_mean_0.95_v_mean_1.1_20260317-045742,1825,3.7999338390815387,21.12907463245576,0.0,0.9999999080746299,0.0014569129132808879,0.0,8.760565401607007,2.04276456690817e-15,468.40251015433245,933.8966924858959,0.7563029493807083,"[[0.008059529161291313, 0.008468097365754799, -0.0008171364089269859], [0.008468097365754799, 0.013210943842802976, -0.009485692954096321], [-0.0008171364089269859, -0.009485692954096321, 0.01733711309033869]]",1.8719155066934243,0.9421817409604446,-1.3594675314659594
2026-03-17 17:39:03,GPR_Optimization_h_mean_0.95_v_mean_1.1_20260317-045742,1565,3.7999329369153076,21.129074633257108,0.0,0.9999999081364231,0.0014570493080667713,0.0,8.760565401607007,4.667396997887124e-10,468.40251015433245,933.8966924858959,0.7563029493807083,"[[0.008059527926019612, 0.008468094028070949, -0.000817132204102696], [0.008468094028070949, 0.013210939383553916, -0.009485690710965958], [-0.000817132204102696, -0.009485690710965958, 0.017337117013726533]]",1.8719154809803191,0.9421817022093713,-1.3594675575418955
2026-03-17 17:39:03,GPR_Optimization_h_mean_0.95_v_mean_1.1_20260317-045742,1135,3.799931780915389,21.129074855747444,0.0,0.9999999138091352,0.0014572277428191414,0.0,9.272185648333835,1.6013116240451768e-14,428.82899795692106,900.7881066573269,0.7563029493807083,"[[0.00806165688458983, 0.008470049829030551, -0.0008167858888814247], [0.008470049829030551, 0.013212515372076045, -0.009484931086090996], [-0.0008167858888814247, -0.009484931086090996, 0.017336290394419137]]",1.8719189194618484,0.9421785965760844,-1.3594806457715276
2026-03-17 17:39:03,GPR_Optimization_h_mean_0.95_v_mean_1.1_20260317-045742,1456,3.7999317807167263,21.129074855747618,0.0,0.9999999138091495,0.0014572277728546663,0.0,9.272185648333835,1.1373134095536134e-13,428.82899795692106,900.7881066573269,0.7563029493807083,"[[0.00806165688432949, 0.008470049828320697, -0.00081678588798241], [0.008470049828320697, 0.013212515371106731, -0.009484931085572053], [-0.00081678588798241, -0.009484931085572053, 0.01733629039517929]]",1.8719189194558212,0.942178596567443,-1.3594806457767568
2026-03-17 17:39:03,GPR_Optimization_h_mean_0.95_v_mean_1.1_20260317-045742,1021,3.799931334249117,21.129070490698115,0.0,0.999999802165856,0.001457222249253454,0.0,9.272185648333835,1.6013116240451768e-14,428.82899795692106,392.33388406396307,0.7563029493807083,"[[0.008061666211307694, 0.008470070511754245, -0.0008168086008931034], [0.008470070511754245, 0.013212531844397364, -0.009484922665286248], [-0.0008168086008931034, -0.009484922665286248, 0.017336228128786286]]",1.8719187738806435,0.942178487684132,-1.3594805723930234
2026-03-17 17:39:03,GPR_Optimization_h_mean_0.95_v_mean_1.1_20260317-045742,1073,3.7999313340505045,21.129070490698457,0.0,0.9999998021658842,0.0014572222792893859,0.0,9.272185648333835,1.1373134095536134e-13,428.82899795692106,392.33388406396307,0.7563029493807083,"[[0.008061666211036295, 0.008470070511029708, -0.0008168085999868105], [0.008470070511029708, 0.013212531843410081, -0.009484922664760758], [-0.0008168085999868105, -0.009484922664760758, 0.017336228129547895]]",1.871918773874651,0.9421784876755205,-1.359480572398261
2026-03-17 17:39:03,GPR_Optimization_h_mean_0.95_v_mean_1.1_20260317-045742,1466,3.7999313340505045,21.129070490698457,0.0,0.9999998021658842,0.0014572222792893859,0.0,9.272185648333835,1.1373134095536134e-13,428.82899795692106,392.33388406396307,0.7563029493807083,"[[0.008061666211036295, 0.008470070511029708, -0.0008168085999868105], [0.008470070511029708, 0.013212531843410081, -0.009484922664760758], [-0.0008168085999868105, -0.009484922664760758, 0.017336228129547895]]",1.871918773874651,0.9421784876755205,-1.359480572398261
2026-03-17 17:39:03,GPR_Optimization_h_mean_0.95_v_mean_1.1_20260317-045742,1307,3.7999313336249667,21.12907049069924,0.0,0.9999998021659477,0.0014572223436450746,0.0,9.272185648333835,3.231003905496055e-13,428.82899795692106,392.33388406396307,0.7563029493807083,"[[0.008061666210454685, 0.00847007050947744, -0.0008168085980454817], [0.00847007050947744, 0.013212531841295129, -0.009484922663635384], [-0.0008168085980454817, -0.009484922663635384, 0.01733622813117981]]",1.8719187738618124,0.9421784876570704,-1.3594805724094834
2026-03-17 17:39:03,GPR_Optimization_h_mean_0.95_v_mean_1.1_20260317-045742,981,3.7999313016489946,21.129070490760277,0.0,0.9999998021706694,0.001457227179466481,0.0,9.272185648333835,1.6055313436786386e-11,428.82899795692106,392.33388406396307,0.7563029493807083,"[[0.008061666166754008, 0.008470070392821527, -0.0008168084521350359], [0.008470070392821527, 0.01321253168234906, -0.00948492257905505], [-0.0008168084521350359, -0.00948492257905505, 0.017336228253840034]]",1.8719187728970461,0.9421784862706611,-1.3594805732527697
2026-03-17 17:39:03,GPR_Optimization_h_mean_0.95_v_mean_1.1_20260317-045742,1505,3.7999312932184806,21.129070490776087,0.0,0.9999998021719013,0.001457228454430313,0.0,9.272185648333835,2.0203156604970886e-11,428.82899795692106,392.33388406396307,0.7563029493807083,"[[0.008061666155232697, 0.008470070362066583, -0.000816808413667781], [0.008470070362066583, 0.013212531640444466, -0.009484922556755754], [-0.000816808413667781, -0.009484922556755754, 0.017336228286175936]]",1.8719187726426847,0.9421784859051339,-1.3594805734751012
2026-03-17 17:39:06,GPR_Optimization_h_mean_0.95_v_mean_1.4_20260317-055556,1652,3.7998447308821133,21.12906916625208,0.0,0.9999997781090114,0.0014692396117613625,0.0,9.91427722566424,1.263968850078894e-11,1287.217241792742,942.7228531138164,1.3546478267711302,"[[0.008017990130290259, 0.008389712913100903, -0.0007434455656212939], [0.008389712913100903, 0.01306735786592463, -0.009355289905647478], [-0.0007434455656212939, -0.009355289905647478, 0.017223688680052376]]",2.022452328131705,0.9424896931537355,-1.659925269955939
2026-03-17 17:39:06,GPR_Optimization_h_mean_0.95_v_mean_1.4_20260317-055556,1819,3.7998447032109324,21.129068876537097,0.0,0.9999997710130294,0.0014692397021613588,0.0,9.91427722566424,1.263968850078894e-11,1287.217241792742,913.498679788307,1.3546478267711302,"[[0.008017991829044918, 0.008389716681157242, -0.0007434497042246659], [0.008389716681157242, 0.013067362646841175, -0.009355291931367834], [-0.0007434497042246659, -0.009355291931367834, 0.017223684454286365]]",2.0224523144847506,0.9424896815464876,-1.6599252658765256
2026-03-17 17:39:06,GPR_Optimization_h_mean_0.95_v_mean_1.4_20260317-055556,1692,3.799844149192601,21.129064008369223,0.0,0.9999996517956073,0.0014692553255218027,0.0,9.91427722566424,1.2780457232926707e-10,1287.217241792742,600.5737553932345,1.3546478267711302,"[[0.008018020937159255, 0.00838978125559649, -0.0007435206368744915], [0.00838978125559649, 0.013067445068617208, -0.00935532762604144], [-0.0007435206368744915, -0.00935532762604144, 0.017223613978333892]]",2.022452079796688,0.9424894785282691,-1.6599252025368372
2026-03-17 17:39:06,GPR_Optimization_h_mean_0.95_v_mean_1.4_20260317-055556,1413,3.7998436465822207,21.12905780852966,0.0,0.9999994999234919,0.001469243076669406,0.0,9.91427722566424,1.263968850078894e-11,1287.217241792742,418.1106920747817,1.3546478267711302,"[[0.008018060630363866, 0.008389869311399652, -0.0007436173620715635], [0.008389869311399652, 0.013067558451642322, -0.009355378280485334], [-0.0007436173620715635, -0.009355378280485334, 0.017223521836827547]]",2.0224517739671586,0.9424892164604657,-1.659925115013385
2026-03-17 17:39:06,GPR_Optimization_h_mean_0.95_v_mean_1.4_20260317-055556,1499,3.7998421137182534,21.12904101539712,0.0,0.9999990886183429,0.0014692370709953114,0.0,9.91427722566424,1.263968850078894e-11,1287.217241792742,229.26194283256442,1.3546478267711302,"[[0.00801909902577607, 0.008391434216809587, -0.000744670382067044], [0.008391434216809587, 0.013070078958146623, -0.009357289482674114], [-0.000744670382067044, -0.009357289482674114, 0.017225238201214115]]",2.0224433232658563,0.9424840184209293,-1.6599186096898544
2026-03-17 17:39:06,GPR_Optimization_h_mean_0.95_v_mean_1.4_20260317-055556,1822,3.7998421137182534,21.12904101539712,0.0,0.9999990886183429,0.0014692370709953114,0.0,9.91427722566424,1.263968850078894e-11,1287.217241792742,229.26194283256442,1.3546478267711302,"[[0.00801909902577607, 0.008391434216809587, -0.000744670382067044], [0.008391434216809587, 0.013070078958146623, -0.009357289482674114], [-0.000744670382067044, -0.009357289482674114, 0.017225238201214115]]",2.0224433232658563,0.9424840184209293,-1.6599186096898544
2026-03-17 17:39:06,GPR_Optimization_h_mean_0.95_v_mean_1.4_20260317-055556,1869,3.7998403004208177,21.129029136962323,0.0,0.999998798178179,0.0014693484655222127,0.0,9.91427722566424,8.757723235276014e-10,1287.217241792742,173.67163251704935,1.3546478267711302,"[[0.00801921582349457, 0.00839302163907764, -0.0007476116311661296], [0.00839302163907764, 0.0130733930433831, -0.00936074280861091], [-0.0007476116311661296, -0.00936074280861091, 0.017226262354889558]]",2.022429556623764,0.942472912936952,-1.6599132873736238
2026-03-17 17:39:06,GPR_Optimization_h_mean_0.95_v_mean_1.4_20260317-055556,1744,3.799839533523755,21.129013711149867,0.0,0.9999984198847336,0.0014692412239283557,0.0,9.91427722566424,1.263968850078894e-11,1287.217241792742,132.08832984251862,1.3546478267711302,"[[0.008019395995722782, 0.008392801139950844, -0.0007468102884561129], [0.008392801139950844, 0.01307167628265247, -0.009357750285403267], [-0.0007468102884561129, -0.009357750285403267, 0.0172218799938943]]",2.022441158239739,0.9424766565199513,-1.6599290034395755
2026-03-17 17:39:06,GPR_Optimization_h_mean_0.95_v_mean_1.4_20260317-055556,1835,3.7998394150396804,21.1290137133003,0.0,0.9999984200526564,0.0014692600679562825,0.0,9.91427722566424,1.6630136945374594e-10,1287.217241792742,132.08832984251862,1.3546478267711302,"[[0.008019395596549884, 0.008392800427255582, -0.0007468096614113911], [0.008392800427255582, 0.013071675520076613, -0.009357750185642071], [-0.0007468096614113911, -0.009357750185642071, 0.017221881048461358]]",2.022441156119783,0.9424766515171995,-1.6599290092051673
2026-03-17 17:39:06,GPR_Optimization_h_mean_0.95_v_mean_1.4_20260317-055556,1213,3.7998387369346736,21.129064175274774,0.0,0.9999996596451255,0.0014701163575779152,0.0,9.91427722566424,1.2792102710572664e-13,2187.5970057609525,983.2916692645593,2.2050104149804213,"[[0.00801802048936255, 0.008389256522584087, -0.0007424720664430825], [0.008389256522584087, 0.013065335745364006, -0.009352158445559842], [-0.0007424720664430825, -0.009352158445559842, 0.017219372758233504]]",2.0224507003769343,0.9424849651759993,-1.659931470401871
2026-03-17 17:39:09,GPR_Optimization_h_mean_1.0_v_mean_0.2_20260317-065428,1973,3.799999647390627,21.12907463284726,0.0,0.9999999211189607,0.0014466727762787793,0.0,2.0276784460582147,2.1134076034588103e-12,335.52956252683407,675.9650159000114,2.331076803005304,"[[0.008144001449498344, 0.008543644579474262, -0.0007992862599518278], [0.008543644579474262, 0.013250122225535288, -0.009412955292122027], [-0.0007992862599518278, -0.009412955292122027, 0.017227338064340424]]",1.4713873471702879,0.9915663919501321,-0.45964191044031144
2026-03-17 17:39:09,GPR_Optimization_h_mean_1.0_v_mean_0.2_20260317-065428,1373,3.799999647390627,21.12907463284726,0.0,0.9999999211189607,0.0014466727762787793,0.0,2.0276784460582147,2.1134076034588103e-12,335.52956252683407,675.9650159000114,2.331076803005304,"[[0.008144001449498344, 0.008543644579474262, -0.0007992862599518278], [0.008543644579474262, 0.013250122225535288, -0.009412955292122027], [-0.0007992862599518278, -0.009412955292122027, 0.017227338064340424]]",1.4713873471702879,0.9915663919501321,-0.45964191044031144
2026-03-17 17:39:09,GPR_Optimization_h_mean_1.0_v_mean_0.2_20260317-065428,1267,3.799999647390627,21.12907463284726,0.0,0.9999999211189607,0.0014466727762787793,0.0,2.0276784460582147,2.1134076034588103e-12,335.52956252683407,675.9650159000114,2.331076803005304,"[[0.008144001449498344, 0.008543644579474262, -0.0007992862599518278], [0.008543644579474262, 0.013250122225535288, -0.009412955292122027], [-0.0007992862599518278, -0.009412955292122027, 0.017227338064340424]]",1.4713873471702879,0.9915663919501321,-0.45964191044031144
2026-03-17 17:39:09,GPR_Optimization_h_mean_1.0_v_mean_0.2_20260317-065428,995,3.799997001168624,21.12904960422262,0.0,0.9999993715171899,0.0014466951186694168,0.0,2.0276784460582147,2.1134076034588103e-12,335.52956252683407,84.2400485575606,2.331076803005304,"[[0.008143491923366757, 0.008543030892388037, -0.0007990779380425595], [0.008543030892388037, 0.013250148090109413, -0.009414234395442742], [-0.0007990779380425595, -0.009414234395442742, 0.017230312914800355]]",1.4713762059132804,0.9915621996605462,-0.4596280125054685
2026-03-17 17:39:09,GPR_Optimization_h_mean_1.0_v_mean_0.2_20260317-065428,1261,3.7999970000499994,21.12904960422709,0.0,0.9999993715175824,0.001446695250731415,0.0,2.0276784460582147,3.0145053772874654e-12,335.52956252683407,84.2400485575606,2.331076803005304,"[[0.008143491922481306, 0.008543030889819728, -0.000799077934676848], [0.008543030889819728, 0.013250148085902616, -0.009414234392165757], [-0.000799077934676848, -0.009414234392165757, 0.017230312914977817]]",1.4713762058735187,0.9915621996177504,-0.45962801251153607
2026-03-17 17:39:09,GPR_Optimization_h_mean_1.0_v_mean_0.2_20260317-065428,1462,3.799990132462746,21.12907673549932,0.0,0.999999967908129,0.0014478192149873738,0.0,2.086900976075939,5.561704745489202e-13,101.88801372021598,541.4872087086472,0.8483815274024427,"[[0.008144123027759765, 0.008543392893728942, -0.0007985397319383672], [0.008543392893728942, 0.013249955277414547, -0.009413124767371212], [-0.0007985397319383672, -0.009413124767371212, 0.017229170070865676]]",1.4713989982333464,0.9915761071404035,-0.45964578218588575
2026-03-17 17:39:09,GPR_Optimization_h_mean_1.0_v_mean_0.2_20260317-065428,1796,3.7999900095180577,21.12907744312318,0.0,0.9999999831945275,0.0014478417980707372,0.0,2.147520610465551,2.1134076034588103e-12,101.88801372021598,950.5722148579044,0.8483815274024427,"[[0.008143730451697959, 0.008542653426962712, -0.0007978459505294984], [0.008542653426962712, 0.013248832795832905, -0.009412358737740415], [-0.0007978459505294984, -0.009412358737740415, 0.01722902557442182]]",1.4713898841323698,0.9915668820617922,-0.4596460041411553
2026-03-17 17:39:09,GPR_Optimization_h_mean_1.0_v_mean_0.2_20260317-065428,1647,3.7999884728160245,21.12907737014588,0.0,0.999999981216697,0.0014480219859709762,0.0,2.086900976075939,6.748087651780723e-14,125.42232895193527,950.5722148579044,0.8483815274024427,"[[0.008144546895244818, 0.008544022432333489, -0.0007989510741773446], [0.008544022432333489, 0.013250184766035983, -0.009412324667404976], [-0.0007989510741773446, -0.009412324667404976, 0.017226747186455282]]",1.4713791306499795,0.9915650772950273,-0.4596281067099047
2026-03-17 17:39:09,GPR_Optimization_h_mean_1.0_v_mean_0.2_20260317-065428,1387,3.799988377230591,21.129076724142582,0.0,0.9999999670329375,0.0014480257803806706,0.0,2.086900976075939,6.748087651780723e-14,125.42232895193527,541.4872087086472,0.8483815274024427,"[[0.008144544016290882, 0.008544016409221712, -0.0007989447858616646], [0.008544016409221712, 0.013250171442024223, -0.009412310065605025], [-0.0007989447858616646, -0.009412310065605025, 0.01722673055948671]]",1.4713791227299737,0.9915650768638297,-0.45962809173228797
2026-03-17 17:39:09,GPR_Optimization_h_mean_1.0_v_mean_0.2_20260317-065428,1268,3.7999881174186183,21.129074969966833,0.0,0.9999999285178135,0.0014480361140226366,0.0,2.086900976075939,6.748087651780723e-14,125.42232895193527,249.59165305183976,0.8483815274024427,"[[0.008144535950675469, 0.00854399972553136, -0.0007989275497117609], [0.00854399972553136, 0.013250134866903341, -0.009412270282743952], [-0.0007989275497117609, -0.009412270282743952, 0.017226685466064366]]",1.4713791020415368,0.9915650765344272,-0.4596280510142191
2026-03-17 17:39:12,GPR_Optimization_h_mean_1.0_v_mean_0.5_20260317-075227,1960,3.799997689561027,21.12907744630925,0.0,0.9999999806069075,0.0014382156466168287,0.0,2.9626057573996043,7.714553348581018e-15,106.90755043346576,980.6161577532849,0.2818408167762237,"[[0.008129684509595956, 0.008551200871589507, -0.0008430327239871017], [0.008551200871589507, 0.013299425459839627, -0.009496449176500252], [-0.0008430327239871017, -0.009496449176500252, 0.0173068329050263]]",1.6214012548237946,0.9917186881112576,-0.7593651334250742
2026-03-17 17:39:12,GPR_Optimization_h_mean_1.0_v_mean_0.5_20260317-075227,1438,3.7999974285555873,21.129077371492944,0.0,0.9999999793771123,0.00143824856494415,0.0,3.103263444175041,1.3168256450549723e-15,106.90755043346576,980.6161577532849,0.3552527616150878,"[[0.00813293437116181, 0.008555488789591673, -0.0008451088368597559], [0.008555488789591673, 0.013305068522768542, -0.009499159466353718], [-0.0008451088368597559, -0.009499159466353718, 0.01730810125898794]]",1.6214057080777042,0.9917173195142202,-0.7593767771269686
2026-03-17 17:39:12,GPR_Optimization_h_mean_1.0_v_mean_0.5_20260317-075227,1968,3.7999940431150354,21.129077369661605,0.0,0.9999999794862068,0.0014386858715480888,0.0,3.2290987601077794,1.3168256450549723e-15,115.25792593570918,980.6161577532849,0.39772556772140794,"[[0.008133602925077846, 0.008555965275780475, -0.0008447247014052537], [0.008555965275780475, 0.01330574026703507, -0.009499549982509186], [-0.0008447247014052537, -0.009499549982509186, 0.01730965056220784]]",1.6213889585305983,0.9917038749986974,-0.7593701670638019
2026-03-17 17:39:12,GPR_Optimization_h_mean_1.0_v_mean_0.5_20260317-075227,1849,3.799994042298148,21.12907736966168,0.0,0.9999999794862185,0.0014386859770628066,0.0,3.2290987601077794,1.3944429601683482e-13,115.25792593570918,980.6161577532849,0.39772556772140794,"[[0.008133602924447458, 0.00855596527381456, -0.0008447246987341911], [0.00855596527381456, 0.013305740263935538, -0.009499549980241943], [-0.0008447246987341911, -0.009499549980241943, 0.017309650563015505]]",1.621388958502077,0.991703874965417,-0.7593701670733198
2026-03-17 17:39:12,GPR_Optimization_h_mean_1.0_v_mean_0.5_20260317-075227,1881,3.7999940293099024,21.129077247393212,0.0,0.9999999765560018,0.0014386859455408085,0.0,3.2290987601077794,1.3168256450549723e-15,115.25792593570918,858.0371211740306,0.39772556772140794,"[[0.008133602838785267, 0.008555965052448282, -0.0008447244273260016], [0.008555965052448282, 0.013305739259257557, -0.009499548413618573], [-0.0008447244273260016, -0.009499548413618573, 0.017309647972585118]]",1.6213889562146424,0.9917038735383265,-0.7593701653526325
2026-03-17 17:39:12,GPR_Optimization_h_mean_1.0_v_mean_0.5_20260317-075227,1241,3.7999937805447375,21.12907504458117,0.0,0.999999923764958,0.0014386872850022758,0.0,3.2290987601077794,1.3168256450549723e-15,115.25792593570918,263.78536390744006,0.39772556772140794,"[[0.008133600786068283, 0.008555960316593447, -0.0008447190610503532], [0.008555960316593447, 0.01330572017531419, -0.009499519717441472], [-0.0008447190610503532, -0.009499519717441472, 0.017309601312782245]]",1.6213889167387643,0.991703849420761,-0.7593701346360064
2026-03-17 17:39:12,GPR_Optimization_h_mean_1.0_v_mean_0.5_20260317-075227,1336,3.7999933833518864,21.129077274455963,0.0,0.9999999771304553,0.0014387697225306168,0.0,3.0932991028404255,7.017634104647677e-13,115.25792593570918,992.8160948740011,0.39772556772140794,"[[0.008132799785156316, 0.008555327477507174, -0.0008450553847017084], [0.008555327477507174, 0.013304632234346058, -0.009498609513677756], [-0.0008450553847017084, -0.009498609513677756, 0.01730710825795209]]",1.6214065476175812,0.9917192807197033,-0.7593745337957553
2026-03-17 17:39:12,GPR_Optimization_h_mean_1.0_v_mean_0.5_20260317-075227,1669,3.7999933833518864,21.129077274455963,0.0,0.9999999771304553,0.0014387697225306168,0.0,3.0932991028404255,7.017634104647677e-13,115.25792593570918,992.8160948740011,0.39772556772140794,"[[0.008132799785156316, 0.008555327477507174, -0.0008450553847017084], [0.008555327477507174, 0.013304632234346058, -0.009498609513677756], [-0.0008450553847017084, -0.009498609513677756, 0.01730710825795209]]",1.6214065476175812,0.9917192807197033,-0.7593745337957553
2026-03-17 17:39:12,GPR_Optimization_h_mean_1.0_v_mean_0.5_20260317-075227,1700,3.799993332257748,21.129077274464173,0.0,0.9999999771311132,0.001438776322172255,0.0,3.0932991028404255,9.5111112948514e-12,115.25792593570918,992.8160948740011,0.39772556772140794,"[[0.00813279974534191, 0.008555327353550555, -0.0008450552164172955], [0.008555327353550555, 0.013304632039339197, -0.009498609371577267], [-0.0008450552164172955, -0.009498609371577267, 0.01730710831031998]]",1.621406545793658,0.9917192785925104,-0.7593745344022951
2026-03-17 17:39:12,GPR_Optimization_h_mean_1.0_v_mean_0.5_20260317-075227,1842,3.7999930774077937,21.129077249485753,0.0,0.9999999761082607,0.0014388086991389052,0.0,2.9626654319326655,6.2126753046356794e-15,115.25792593570918,980.6161577532849,0.3552527616150878,"[[0.008132369363904846, 0.008555453181648418, -0.0008461676354871562], [0.008555453181648418, 0.013305474081596604, -0.009500041799896372], [-0.0008461676354871562, -0.009500041799896372, 0.017307748328818432]]",1.6214046339910766,0.9917218083216827,-0.7593656513387876
2026-03-17 17:39:15,GPR_Optimization_h_mean_1.0_v_mean_0.8_20260317-085032,1915,3.799994340463186,21.12907518520799,0.0,0.9999999225305194,0.001442749366712757,0.0,4.376905245185695,2.1235925681967952e-10,401.56926168690995,954.941894367802,0.8031694258031992,"[[0.008081388918119953, 0.008478754671200114, -0.0007947315061603497], [0.008478754671200114, 0.013193446293606326, -0.009429383244812411], [-0.0007947315061603497, -0.009429383244812411, 0.01726930347730414]]",1.7719193308883803,0.9921200271429632,-1.0595986074908337
2026-03-17 17:39:15,GPR_Optimization_h_mean_1.0_v_mean_0.8_20260317-085032,1970,3.799993293864171,21.129075516884292,0.0,0.9999999339515963,0.0014428986632679557,0.0,4.975299560446457,5.83762519879211e-13,342.6709724313467,929.5983515332498,1.0139901256523787,"[[0.008081793187760982, 0.0084777087813602, -0.0007918311871984362], [0.0084777087813602, 0.013189954020429854, -0.009424490478139319], [-0.0007918311871984362, -0.009424490478139319, 0.01726531858188176]]",1.7719425544434824,0.9921199399781059,-1.0596452289307523
2026-03-17 17:39:15,GPR_Optimization_h_mean_1.0_v_mean_0.8_20260317-085032,1355,3.7999903557636996,21.129076365513644,0.0,0.9999999550393668,0.0014433124514461487,0.0,5.068893067092702,3.9125042958962426e-11,232.50811694371328,929.5983515332498,0.7343593370588579,"[[0.008082004325312895, 0.008477845734794815, -0.0007916828189638514], [0.008477845734794815, 0.013190202570145084, -0.009424713670700536], [-0.0007916828189638514, -0.009424713670700536, 0.01726606170347336]]",1.7719447988024408,0.9921204515800465,-1.0596486944447894
2026-03-17 17:39:15,GPR_Optimization_h_mean_1.0_v_mean_0.8_20260317-085032,1779,3.7999883824752305,21.129030137706092,0.0,0.9999988278011861,0.0014429370954998173,0.0,4.975299560446457,2.1235925681967952e-10,342.6709724313467,52.08549601778224,1.0139901256523787,"[[0.008082245420599014, 0.008479620054756064, -0.0007947492683141222], [0.008479620054756064, 0.01319443277655505, -0.009429625443597973], [-0.0007947492683141222, -0.009429625443597973, 0.017269752350567703]]",1.7719218263751384,0.9921084685844548,-1.0596267155813675
2026-03-17 17:39:15,GPR_Optimization_h_mean_1.0_v_mean_0.8_20260317-085032,1900,3.7999883824752305,21.129030137706092,0.0,0.9999988278011861,0.0014429370954998173,0.0,4.975299560446457,2.1235925681967952e-10,342.6709724313467,52.08549601778224,1.0139901256523787,"[[0.008082245420599014, 0.008479620054756064, -0.0007947492683141222], [0.008479620054756064, 0.01319443277655505, -0.009429625443597973], [-0.0007947492683141222, -0.009429625443597973, 0.017269752350567703]]",1.7719218263751384,0.9921084685844548,-1.0596267155813675
2026-03-17 17:39:15,GPR_Optimization_h_mean_1.0_v_mean_0.8_20260317-085032,1750,3.7999868429701413,21.129075277221453,0.0,0.999999925624272,0.001443776265618491,0.0,4.376905245185695,2.536232122293546e-12,342.6709724313467,982.0401415706018,0.8031694258031992,"[[0.00808148544564094, 0.008479901526765319, -0.0007968321622487623], [0.008479901526765319, 0.013196187977715136, -0.009432572901899595], [-0.0007968321622487623, -0.009432572901899595, 0.017271481479301666]]",1.7719438719645175,0.9921333812034466,-1.0596209815221418
2026-03-17 17:39:15,GPR_Optimization_h_mean_1.0_v_mean_0.8_20260317-085032,1223,3.799986835783318,21.12907519357418,0.0,0.9999999235142151,0.0014437760481141812,0.0,4.376905245185695,2.536232122293546e-12,342.6709724313467,954.941894367802,0.8031694258031992,"[[0.008081485802680753, 0.008479902368246157, -0.0007968331311308015], [0.008479902368246157, 0.013196188938539848, -0.00943257314058739], [-0.0007968331311308015, -0.00943257314058739, 0.01727148001891317]]",1.7719438673836543,0.9921333772099364,-1.0596209803474355
2026-03-17 17:39:15,GPR_Optimization_h_mean_1.0_v_mean_0.8_20260317-085032,1590,3.799986587857559,21.129075111071295,0.0,0.9999999214403097,0.0014438087694284283,0.0,4.376905245185695,1.0488656867105199e-10,342.6709724313467,929.5983515332498,0.8031694258031992,"[[0.008081485926369173, 0.008479902538061277, -0.0007968332233842273], [0.008479902538061277, 0.013196188928785423, -0.009432572781448281], [-0.0007968332233842273, -0.009432572781448281, 0.017271479116128117]]",1.771943854685013,0.9921333628565414,-1.0596209836569437
2026-03-17 17:39:15,GPR_Optimization_h_mean_1.0_v_mean_0.8_20260317-085032,1895,3.7999865074493115,21.129075111117743,0.0,0.9999999214439175,0.0014438197663748451,0.0,4.376905245185695,1.3905952961014182e-10,342.6709724313467,929.5983515332498,0.8031694258031992,"[[0.008081485850091547, 0.008479902317406153, -0.0007968329346292402], [0.008479902317406153, 0.013196188608852709, -0.0094325725828931], [-0.0007968329346292402, -0.0094325725828931, 0.017271479296527732]]",1.7719438519553128,0.9921333593807498,-1.059620985149126
2026-03-17 17:39:15,GPR_Optimization_h_mean_1.0_v_mean_0.8_20260317-085032,930,3.799986342073667,21.1290751938527,0.0,0.999999923535765,0.0014438435694782534,0.0,4.376905245185695,2.1235925681967952e-10,342.6709724313467,954.941894367802,0.8031694258031992,"[[0.008081485334779731, 0.008479901013994174, -0.0007968313584288776], [0.008479901013994174, 0.013196186974837388, -0.009432571921686434], [-0.0007968313584288776, -0.009432571921686434, 0.01727148112651512]]",1.7719438506217575,0.9921333558671941,-1.0596209895091264
2026-03-17 17:39:17,GPR_Optimization_h_mean_1.0_v_mean_1.1_20260317-094758,1848,3.799994979612655,21.12907733328727,0.0,0.9999999780007915,0.001449736924505129,0.0,7.195854362580523,7.896763335828335e-14,117.6337146603874,904.7398078523814,0.32495697553697694,"[[0.008031936061872788, 0.008407198163027726, -0.000750524202309873], [0.008407198163027726, 0.01308291868828879, -0.009351441050522113], [-0.000750524202309873, -0.009351441050522113, 0.01720183369642446]]",1.9223889348119365,0.9923802318193897,-1.3600174059850934
2026-03-17 17:39:17,GPR_Optimization_h_mean_1.0_v_mean_1.1_20260317-094758,1592,3.799994979612655,21.12907733328727,0.0,0.9999999780007915,0.001449736924505129,0.0,7.195854362580523,7.896763335828335e-14,117.6337146603874,904.7398078523814,0.32495697553697694,"[[0.008031936061872788, 0.008407198163027726, -0.000750524202309873], [0.008407198163027726, 0.01308291868828879, -0.009351441050522113], [-0.000750524202309873, -0.009351441050522113, 0.01720183369642446]]",1.9223889348119365,0.9923802318193897,-1.3600174059850934
2026-03-17 17:39:17,GPR_Optimization_h_mean_1.0_v_mean_1.1_20260317-094758,1668,3.799994979612655,21.12907733328727,0.0,0.9999999780007915,0.001449736924505129,0.0,7.195854362580523,7.896763335828335e-14,117.6337146603874,904.7398078523814,0.32495697553697694,"[[0.008031936061872788, 0.008407198163027726, -0.000750524202309873], [0.008407198163027726, 0.01308291868828879, -0.009351441050522113], [-0.000750524202309873, -0.009351441050522113, 0.01720183369642446]]",1.9223889348119365,0.9923802318193897,-1.3600174059850934
2026-03-17 17:39:17,GPR_Optimization_h_mean_1.0_v_mean_1.1_20260317-094758,1985,3.7999949793604735,21.129077333287626,0.0,0.9999999780008197,0.0014497371763836705,0.0,7.195854362580523,3.6715934580541977e-13,117.6337146603874,904.7398078523814,0.32495697553697694,"[[0.008031936060325328, 0.008407198158241362, -0.0007505241958320804], [0.008407198158241362, 0.013082918681025419, -0.0093514410455681], [-0.0007505241958320804, -0.0093514410455681, 0.017201833699472025]]",1.9223889347483285,0.9923802317417132,-1.3600174060132302
2026-03-17 17:39:17,GPR_Optimization_h_mean_1.0_v_mean_1.1_20260317-094758,1879,3.7999949789988556,21.12907733328816,0.0,0.9999999780008609,0.0014497375375690199,0.0,7.195854362580523,7.804199331286489e-13,117.6337146603874,904.7398078523814,0.32495697553697694,"[[0.00803193605810635, 0.008407198151377847, -0.0007505241865429949], [0.008407198151377847, 0.013082918670609948, -0.009351441038464203], [-0.0007505241865429949, -0.009351441038464203, 0.01720183370384243]]",1.922388934657115,0.9923802316303266,-1.3600174060535775
2026-03-17 17:39:17,GPR_Optimization_h_mean_1.0_v_mean_1.1_20260317-094758,1760,3.799994967299738,21.12907713536382,0.0,0.9999999731213682,0.0014497366687407792,0.0,7.195854362580523,4.363973120913446e-15,117.6337146603874,740.4811147497051,0.32495697553697694,"[[0.008031936361213668, 0.008407198596326063, -0.0007505244702247843], [0.008407198596326063, 0.013082918405861392, -0.009351439619070636], [-0.0007505244702247843, -0.009351439619070636, 0.017201830297691706]]",1.9223889294771228,0.9923802279798197,-1.3600174029946064
2026-03-17 17:39:17,GPR_Optimization_h_mean_1.0_v_mean_1.1_20260317-094758,1909,3.799994967299738,21.12907713536382,0.0,0.9999999731213682,0.0014497366687407792,0.0,7.195854362580523,4.363973120913446e-15,117.6337146603874,740.4811147497051,0.32495697553697694,"[[0.008031936361213668, 0.008407198596326063, -0.0007505244702247843], [0.008407198596326063, 0.013082918405861392, -0.009351439619070636], [-0.0007505244702247843, -0.009351439619070636, 0.017201830297691706]]",1.9223889294771228,0.9923802279798197,-1.3600174029946064
2026-03-17 17:39:17,GPR_Optimization_h_mean_1.0_v_mean_1.1_20260317-094758,1741,3.799994967234461,21.129077135363932,0.0,0.999999973121378,0.001449736733944773,0.0,7.195854362580523,7.896763335828335e-14,117.6337146603874,740.4811147497051,0.32495697553697694,"[[0.008031936360811976, 0.008407198595085527, -0.000750524468547083], [0.008407198595085527, 0.013082918403979266, -0.009351439617787505], [-0.000750524468547083, -0.009351439617787505, 0.01720183029848084]]",1.92238892946066,0.9923802279597147,-1.3600174030018912
2026-03-17 17:39:17,GPR_Optimization_h_mean_1.0_v_mean_1.1_20260317-094758,1159,3.799994967234461,21.129077135363932,0.0,0.999999973121378,0.001449736733944773,0.0,7.195854362580523,7.896763335828335e-14,117.6337146603874,740.4811147497051,0.32495697553697694,"[[0.008031936360811976, 0.008407198595085527, -0.000750524468547083], [0.008407198595085527, 0.013082918403979266, -0.009351439617787505], [-0.000750524468547083, -0.009351439617787505, 0.01720183029848084]]",1.92238892946066,0.9923802279597147,-1.3600174030018912
2026-03-17 17:39:17,GPR_Optimization_h_mean_1.0_v_mean_1.1_20260317-094758,1854,3.799994966982293,21.12907713536433,0.0,0.9999999731214111,0.0014497369858200411,0.0,7.195854362580523,3.6715934580541977e-13,117.6337146603874,740.4811147497051,0.32495697553697694,"[[0.008031936359260366, 0.008407198590293877, -0.000750524462067015], [0.008407198590293877, 0.01308291839670963, -0.009351439612831518], [-0.000750524462067015, -0.009351439612831518, 0.01720183030152901]]",1.9223889293970666,0.992380227882051,-1.3600174030300318
2026-03-17 17:39:20,GPR_Optimization_h_mean_1.0_v_mean_1.4_20260317-104542,1043,3.7999920156225135,21.12907699048154,0.0,0.9999999683661897,0.0014548316185163115,0.0,7.989135523026931,1.0806089295006392e-13,169.38529368437898,961.8348899943735,0.2854171844756545,"[[0.007985664692508068, 0.008325574645273965, -0.0006798199055317673], [0.008325574645273965, 0.012941837137467646, -0.009232524984387355], [-0.0006798199055317673, -0.009232524984387355, 0.017105410157711172]]",2.072926651075924,0.9927047388039214,-1.6604438245440047
2026-03-17 17:39:20,GPR_Optimization_h_mean_1.0_v_mean_1.4_20260317-104542,1803,3.7999919950916827,21.129077525481826,0.0,0.9999999821804281,0.0014548872933199664,0.0,8.746898586024232,1.9539063655902934e-14,102.19625467937557,954.2234966416083,0.20668408574615452,"[[0.00798411976634098, 0.00832167647651105, -0.0006751134203401276], [0.00832167647651105, 0.012936235398673186, -0.009229117844324293], [-0.0006751134203401276, -0.009229117844324293, 0.017108008847968308]]",2.0729512166361515,0.9927113476331264,-1.6604797380060508
2026-03-17 17:39:20,GPR_Optimization_h_mean_1.0_v_mean_1.4_20260317-104542,1899,3.7999919937257896,21.129077504433415,0.0,0.9999999816447261,0.0014548872889609504,0.0,8.746898586024232,2.4749578427687e-14,102.19625467937557,926.3726743246294,0.20668408574615452,"[[0.007984119853718382, 0.008321676626224937, -0.0006751135450131044], [0.008321676626224937, 0.012936235526157299, -0.009229117799864737], [-0.0006751135450131044, -0.009229117799864737, 0.017108008509703246]]",2.072951215868805,0.9927113470136656,-1.6604797377102785
2026-03-17 17:39:20,GPR_Optimization_h_mean_1.0_v_mean_1.4_20260317-104542,1496,3.7999919035147203,21.129073401140175,0.0,0.9999998764517406,0.0014547091118718867,0.0,8.123230657149874,6.1580760148058525e-12,672.9297944349884,954.2234966416083,1.159732429395732,"[[0.007986366389890247, 0.008326141789458672, -0.0006795507991368436], [0.008326141789458672, 0.012942398727168212, -0.009232513875419051], [-0.0006795507991368436, -0.009232513875419051, 0.017105926152564413]]",2.072924528371594,0.9927016056217581,-1.6604458454996724
2026-03-17 17:39:20,GPR_Optimization_h_mean_1.0_v_mean_1.4_20260317-104542,1397,3.7999918913516115,21.129073401239076,0.0,0.9999998764594095,0.001454721274098907,0.0,8.123230657149874,6.73198960782484e-11,672.9297944349884,954.2234966416083,1.159732429395732,"[[0.007986366330739412, 0.008326141562697141, -0.0006795504639154627], [0.008326141562697141, 0.01294239840941042, -0.009232513693426547], [-0.0006795504639154627, -0.009232513693426547, 0.017105926459022164]]",2.0729245258889657,0.992701602046256,-1.6604458476854194
2026-03-17 17:39:20,GPR_Optimization_h_mean_1.0_v_mean_1.4_20260317-104542,1996,3.799991814024695,21.12907418009048,0.0,0.9999998964089157,0.0014548493728848704,0.0,8.123230657149874,1.6712166418347654e-15,169.38529368437898,279.96220690842335,0.2854171844756545,"[[0.007985836094175075, 0.00832552848042727, -0.000679384772504373], [0.00832552848042727, 0.012941898410710903, -0.009232739860567295], [-0.000679384772504373, -0.009232739860567295, 0.017106710176125847]]",2.0729211431790087,0.992694857022412,-1.6604525723131942
2026-03-17 17:39:20,GPR_Optimization_h_mean_1.0_v_mean_1.4_20260317-104542,1346,3.799991814024695,21.12907418009048,0.0,0.9999998964089157,0.0014548493728848704,0.0,8.123230657149874,1.6712166418347654e-15,169.38529368437898,279.96220690842335,0.2854171844756545,"[[0.007985836094175075, 0.00832552848042727, -0.000679384772504373], [0.00832552848042727, 0.012941898410710903, -0.009232739860567295], [-0.000679384772504373, -0.009232739860567295, 0.017106710176125847]]",2.0729211431790087,0.992694857022412,-1.6604525723131942
2026-03-17 17:39:20,GPR_Optimization_h_mean_1.0_v_mean_1.4_20260317-104542,1767,3.799991813897703,21.129074180091454,0.0,0.9999998964089887,0.0014548494998523052,0.0,8.123230657149874,1.6003720044067665e-13,169.38529368437898,279.96220690842335,0.2854171844756545,"[[0.007985836093548165, 0.008325528478039641, -0.0006793847689829478], [0.008325528478039641, 0.012941898407384207, -0.009232739858689177], [-0.0006793847689829478, -0.009232739858689177, 0.017106710179412444]]",2.0729211431536303,0.9926948569854033,-1.6604525723364545
2026-03-17 17:39:20,GPR_Optimization_h_mean_1.0_v_mean_1.4_20260317-104542,1561,3.7999917808977983,21.12907336496343,0.0,0.9999998755130023,0.0014548291637038967,0.0,7.989135523026931,1.3189692172591593e-13,169.38529368437898,244.35823255363556,0.2854171844756545,"[[0.007985682331963721, 0.00832561048112771, -0.000679856298327964], [0.00832561048112771, 0.012941877537563616, -0.00923253411287182], [-0.000679856298327964, -0.00923253411287182, 0.017105355629087705]]",2.0729264885914995,0.9927046032578615,-1.6604437706672766
2026-03-17 17:39:20,GPR_Optimization_h_mean_1.0_v_mean_1.4_20260317-104542,1225,3.7999917808977983,21.12907336496343,0.0,0.9999998755130023,0.0014548291637038967,0.0,7.989135523026931,1.3189692172591593e-13,169.38529368437898,244.35823255363556,0.2854171844756545,"[[0.007985682331963721, 0.00832561048112771, -0.000679856298327964], [0.00832561048112771, 0.012941877537563616, -0.00923253411287182], [-0.000679856298327964, -0.00923253411287182, 0.017105355629087705]]",2.0729264885914995,0.9927046032578615,-1.6604437706672766
